sigma_y,repeat,target,group,n_all,n_censored,observed_quantile,coverage_at_gpr_week,method
0,0,50,1,65,0,12.8571428571,0.0615384615385,固定BMI边界；扰动实测Y；未重拟合GPR
0,0,50,2,62,1,12.7142857143,0.129032258065,固定BMI边界；扰动实测Y；未重拟合GPR
0,0,50,3,140,6,13,0.192857142857,固定BMI边界；扰动实测Y；未重拟合GPR
0,0,75,1,83,1,13.7142857143,0.578313253012,固定BMI边界；扰动实测Y；未重拟合GPR
0,0,75,2,89,2,13.4285714286,0.674157303371,固定BMI边界；扰动实测Y；未重拟合GPR
0,0,75,3,95,4,16,0.694736842105,固定BMI边界；扰动实测Y；未重拟合GPR
0,0,90,1,139,1,16.2857142857,0.877697841727,固定BMI边界；扰动实测Y；未重拟合GPR
0,0,90,2,61,2,16.2857142857,0.868852459016,固定BMI边界；扰动实测Y；未重拟合GPR
0,0,90,3,67,4,23.4285714286,0.820895522388,固定BMI边界；扰动实测Y；未重拟合GPR
0,0,95,1,76,1,20.8571428571,0.907894736842,固定BMI边界；扰动实测Y；未重拟合GPR
0,0,95,2,102,2,18.8571428571,0.921568627451,固定BMI边界；扰动实测Y；未重拟合GPR
0,0,95,3,89,4,26.4285714286,0.898876404494,固定BMI边界；扰动实测Y；未重拟合GPR
0,0,99,1,63,0,26.1428571429,0.984126984127,固定BMI边界；扰动实测Y；未重拟合GPR
0,0,99,2,134,3,inf,0.932835820896,固定BMI边界；扰动实测Y；未重拟合GPR
0,0,99,3,70,4,inf,0.928571428571,固定BMI边界；扰动实测Y；未重拟合GPR
0.002,0,50,1,65,0,12.8571428571,0.0615384615385,固定BMI边界；扰动实测Y；未重拟合GPR
0.002,0,50,2,62,1,12.7142857143,0.129032258065,固定BMI边界；扰动实测Y；未重拟合GPR
0.002,0,50,3,140,6,13,0.192857142857,固定BMI边界；扰动实测Y；未重拟合GPR
0.002,0,75,1,83,1,13.7142857143,0.578313253012,固定BMI边界；扰动实测Y；未重拟合GPR
0.002,0,75,2,89,2,13.4285714286,0.674157303371,固定BMI边界；扰动实测Y；未重拟合GPR
0.002,0,75,3,95,4,15.5714285714,0.694736842105,固定BMI边界；扰动实测Y；未重拟合GPR
0.002,0,90,1,139,1,16.4285714286,0.877697841727,固定BMI边界；扰动实测Y；未重拟合GPR
0.002,0,90,2,61,2,15.1428571429,0.868852459016,固定BMI边界；扰动实测Y；未重拟合GPR
0.002,0,90,3,67,4,22,0.820895522388,固定BMI边界；扰动实测Y；未重拟合GPR
0.002,0,95,1,76,1,21.2857142857,0.894736842105,固定BMI边界；扰动实测Y；未重拟合GPR
0.002,0,95,2,102,2,17.8571428571,0.93137254902,固定BMI边界；扰动实测Y；未重拟合GPR
0.002,0,95,3,89,4,26.4285714286,0.910112359551,固定BMI边界；扰动实测Y；未重拟合GPR
0.002,0,99,1,63,0,26.1428571429,0.968253968254,固定BMI边界；扰动实测Y；未重拟合GPR
0.002,0,99,2,134,3,inf,0.940298507463,固定BMI边界；扰动实测Y；未重拟合GPR
0.002,0,99,3,70,4,inf,0.928571428571,固定BMI边界；扰动实测Y；未重拟合GPR
0.002,1,50,1,65,0,12.8571428571,0.0615384615385,固定BMI边界；扰动实测Y；未重拟合GPR
0.002,1,50,2,62,1,12.7142857143,0.129032258065,固定BMI边界；扰动实测Y；未重拟合GPR
0.002,1,50,3,140,7,13,0.2,固定BMI边界；扰动实测Y；未重拟合GPR
0.002,1,75,1,83,1,13.7142857143,0.566265060241,固定BMI边界；扰动实测Y；未重拟合GPR
0.002,1,75,2,89,2,13.4285714286,0.674157303371,固定BMI边界；扰动实测Y；未重拟合GPR
0.002,1,75,3,95,5,15.1428571429,0.705263157895,固定BMI边界；扰动实测Y；未重拟合GPR
0.002,1,90,1,139,1,16.4285714286,0.870503597122,固定BMI边界；扰动实测Y；未重拟合GPR
0.002,1,90,2,61,2,16.2857142857,0.852459016393,固定BMI边界；扰动实测Y；未重拟合GPR
0.002,1,90,3,67,5,24,0.820895522388,固定BMI边界；扰动实测Y；未重拟合GPR
0.002,1,95,1,76,1,20.8571428571,0.907894736842,固定BMI边界；扰动实测Y；未重拟合GPR
0.002,1,95,2,102,2,19.4285714286,0.921568627451,固定BMI边界；扰动实测Y；未重拟合GPR
0.002,1,95,3,89,5,inf,0.898876404494,固定BMI边界；扰动实测Y；未重拟合GPR
0.002,1,99,1,63,0,26.1428571429,0.984126984127,固定BMI边界；扰动实测Y；未重拟合GPR
0.002,1,99,2,134,3,inf,0.932835820896,固定BMI边界；扰动实测Y；未重拟合GPR
0.002,1,99,3,70,5,inf,0.914285714286,固定BMI边界；扰动实测Y；未重拟合GPR
0.002,2,50,1,65,0,12.8571428571,0.0615384615385,固定BMI边界；扰动实测Y；未重拟合GPR
0.002,2,50,2,62,1,12.7142857143,0.129032258065,固定BMI边界；扰动实测Y；未重拟合GPR
0.002,2,50,3,140,7,13,0.192857142857,固定BMI边界；扰动实测Y；未重拟合GPR
0.002,2,75,1,83,1,13.7142857143,0.566265060241,固定BMI边界；扰动实测Y；未重拟合GPR
0.002,2,75,2,89,2,13.7142857143,0.651685393258,固定BMI边界；扰动实测Y；未重拟合GPR
0.002,2,75,3,95,5,15.1428571429,0.705263157895,固定BMI边界；扰动实测Y；未重拟合GPR
0.002,2,90,1,139,1,16.4285714286,0.870503597122,固定BMI边界；扰动实测Y；未重拟合GPR
0.002,2,90,2,61,2,18.8571428571,0.83606557377,固定BMI边界；扰动实测Y；未重拟合GPR
0.002,2,90,3,67,5,24,0.820895522388,固定BMI边界；扰动实测Y；未重拟合GPR
0.002,2,95,1,76,1,20.8571428571,0.907894736842,固定BMI边界；扰动实测Y；未重拟合GPR
0.002,2,95,2,102,2,20.5714285714,0.901960784314,固定BMI边界；扰动实测Y；未重拟合GPR
0.002,2,95,3,89,5,inf,0.887640449438,固定BMI边界；扰动实测Y；未重拟合GPR
0.002,2,99,1,63,0,26.1428571429,0.984126984127,固定BMI边界；扰动实测Y；未重拟合GPR
0.002,2,99,2,134,3,inf,0.917910447761,固定BMI边界；扰动实测Y；未重拟合GPR
0.002,2,99,3,70,5,inf,0.914285714286,固定BMI边界；扰动实测Y；未重拟合GPR
0.002,3,50,1,65,0,12.8571428571,0.0615384615385,固定BMI边界；扰动实测Y；未重拟合GPR
0.002,3,50,2,62,1,12.7142857143,0.129032258065,固定BMI边界；扰动实测Y；未重拟合GPR
0.002,3,50,3,140,6,13,0.192857142857,固定BMI边界；扰动实测Y；未重拟合GPR
0.002,3,75,1,83,1,13.7142857143,0.566265060241,固定BMI边界；扰动实测Y；未重拟合GPR
0.002,3,75,2,89,2,13.4285714286,0.674157303371,固定BMI边界；扰动实测Y；未重拟合GPR
0.002,3,75,3,95,4,16,0.694736842105,固定BMI边界；扰动实测Y；未重拟合GPR
0.002,3,90,1,139,1,16.4285714286,0.863309352518,固定BMI边界；扰动实测Y；未重拟合GPR
0.002,3,90,2,61,2,15.1428571429,0.868852459016,固定BMI边界；扰动实测Y；未重拟合GPR
0.002,3,90,3,67,4,23.4285714286,0.820895522388,固定BMI边界；扰动实测Y；未重拟合GPR
0.002,3,95,1,76,1,21.2857142857,0.894736842105,固定BMI边界；扰动实测Y；未重拟合GPR
0.002,3,95,2,102,2,17.8571428571,0.921568627451,固定BMI边界；扰动实测Y；未重拟合GPR
0.002,3,95,3,89,4,26.4285714286,0.898876404494,固定BMI边界；扰动实测Y；未重拟合GPR
0.002,3,99,1,63,0,26.1428571429,0.968253968254,固定BMI边界；扰动实测Y；未重拟合GPR
0.002,3,99,2,134,3,inf,0.940298507463,固定BMI边界；扰动实测Y；未重拟合GPR
0.002,3,99,3,70,4,inf,0.928571428571,固定BMI边界；扰动实测Y；未重拟合GPR
0.002,4,50,1,65,0,12.8571428571,0.0615384615385,固定BMI边界；扰动实测Y；未重拟合GPR
0.002,4,50,2,62,1,12.7142857143,0.129032258065,固定BMI边界；扰动实测Y；未重拟合GPR
0.002,4,50,3,140,8,13,0.2,固定BMI边界；扰动实测Y；未重拟合GPR
0.002,4,75,1,83,1,13.7142857143,0.55421686747,固定BMI边界；扰动实测Y；未重拟合GPR
0.002,4,75,2,89,2,13.4285714286,0.685393258427,固定BMI边界；扰动实测Y；未重拟合GPR
0.002,4,75,3,95,6,16,0.694736842105,固定BMI边界；扰动实测Y；未重拟合GPR
0.002,4,90,1,139,1,16.4285714286,0.863309352518,固定BMI边界；扰动实测Y；未重拟合GPR
0.002,4,90,2,61,3,15.1428571429,0.885245901639,固定BMI边界；扰动实测Y；未重拟合GPR
0.002,4,90,3,67,5,24,0.820895522388,固定BMI边界；扰动实测Y；未重拟合GPR
0.002,4,95,1,76,1,20.8571428571,0.907894736842,固定BMI边界；扰动实测Y；未重拟合GPR
0.002,4,95,2,102,2,16.5714285714,0.941176470588,固定BMI边界；扰动实测Y；未重拟合GPR
0.002,4,95,3,89,6,inf,0.887640449438,固定BMI边界；扰动实测Y；未重拟合GPR
0.002,4,99,1,63,0,26.1428571429,0.984126984127,固定BMI边界；扰动实测Y；未重拟合GPR
0.002,4,99,2,134,4,inf,0.94776119403,固定BMI边界；扰动实测Y；未重拟合GPR
0.002,4,99,3,70,5,inf,0.914285714286,固定BMI边界；扰动实测Y；未重拟合GPR
0.002,5,50,1,65,0,12.8571428571,0.0615384615385,固定BMI边界；扰动实测Y；未重拟合GPR
0.002,5,50,2,62,1,12.7142857143,0.129032258065,固定BMI边界；扰动实测Y；未重拟合GPR
0.002,5,50,3,140,5,13,0.192857142857,固定BMI边界；扰动实测Y；未重拟合GPR
0.002,5,75,1,83,1,13.7142857143,0.578313253012,固定BMI边界；扰动实测Y；未重拟合GPR
0.002,5,75,2,89,2,13.4285714286,0.674157303371,固定BMI边界；扰动实测Y；未重拟合GPR
0.002,5,75,3,95,3,13.8571428571,0.715789473684,固定BMI边界；扰动实测Y；未重拟合GPR
0.002,5,90,1,139,1,16.4285714286,0.870503597122,固定BMI边界；扰动实测Y；未重拟合GPR
0.002,5,90,2,61,2,14.8571428571,0.885245901639,固定BMI边界；扰动实测Y；未重拟合GPR
0.002,5,90,3,67,3,22,0.820895522388,固定BMI边界；扰动实测Y；未重拟合GPR
0.002,5,95,1,76,1,21.2857142857,0.907894736842,固定BMI边界；扰动实测Y；未重拟合GPR
0.002,5,95,2,102,2,17.8571428571,0.93137254902,固定BMI边界；扰动实测Y；未重拟合GPR
0.002,5,95,3,89,3,24,0.910112359551,固定BMI边界；扰动实测Y；未重拟合GPR
0.002,5,99,1,63,0,26.1428571429,0.968253968254,固定BMI边界；扰动实测Y；未重拟合GPR
0.002,5,99,2,134,3,inf,0.940298507463,固定BMI边界；扰动实测Y；未重拟合GPR
0.002,5,99,3,70,3,inf,0.942857142857,固定BMI边界；扰动实测Y；未重拟合GPR
0.002,6,50,1,65,0,12.7142857143,0.0615384615385,固定BMI边界；扰动实测Y；未重拟合GPR
0.002,6,50,2,62,1,12.7142857143,0.129032258065,固定BMI边界；扰动实测Y；未重拟合GPR
0.002,6,50,3,140,7,13.1428571429,0.192857142857,固定BMI边界；扰动实测Y；未重拟合GPR
0.002,6,75,1,83,1,13.5714285714,0.590361445783,固定BMI边界；扰动实测Y；未重拟合GPR
0.002,6,75,2,89,2,13.7142857143,0.651685393258,固定BMI边界；扰动实测Y；未重拟合GPR
0.002,6,75,3,95,5,16,0.694736842105,固定BMI边界；扰动实测Y；未重拟合GPR
0.002,6,90,1,139,1,16.4285714286,0.877697841727,固定BMI边界；扰动实测Y；未重拟合GPR
0.002,6,90,2,61,3,16.2857142857,0.852459016393,固定BMI边界；扰动实测Y；未重拟合GPR
0.002,6,90,3,67,4,23.4285714286,0.820895522388,固定BMI边界；扰动实测Y；未重拟合GPR
0.002,6,95,1,76,1,23.1428571429,0.894736842105,固定BMI边界；扰动实测Y；未重拟合GPR
0.002,6,95,2,102,2,20.5714285714,0.921568627451,固定BMI边界；扰动实测Y；未重拟合GPR
0.002,6,95,3,89,5,inf,0.887640449438,固定BMI边界；扰动实测Y；未重拟合GPR
0.002,6,99,1,63,0,26.1428571429,0.952380952381,固定BMI边界；扰动实测Y；未重拟合GPR
0.002,6,99,2,134,4,inf,0.932835820896,固定BMI边界；扰动实测Y；未重拟合GPR
0.002,6,99,3,70,4,inf,0.928571428571,固定BMI边界；扰动实测Y；未重拟合GPR
0.002,7,50,1,65,0,12.8571428571,0.0615384615385,固定BMI边界；扰动实测Y；未重拟合GPR
0.002,7,50,2,62,1,12.7142857143,0.129032258065,固定BMI边界；扰动实测Y；未重拟合GPR
0.002,7,50,3,140,5,12.8571428571,0.207142857143,固定BMI边界；扰动实测Y；未重拟合GPR
0.002,7,75,1,83,1,13.7142857143,0.578313253012,固定BMI边界；扰动实测Y；未重拟合GPR
0.002,7,75,2,89,2,13.4285714286,0.685393258427,固定BMI边界；扰动实测Y；未重拟合GPR
0.002,7,75,3,95,3,13.8571428571,0.726315789474,固定BMI边界；扰动实测Y；未重拟合GPR
0.002,7,90,1,139,1,16.4285714286,0.863309352518,固定BMI边界；扰动实测Y；未重拟合GPR
0.002,7,90,2,61,2,14,0.901639344262,固定BMI边界；扰动实测Y；未重拟合GPR
0.002,7,90,3,67,3,22,0.850746268657,固定BMI边界；扰动实测Y；未重拟合GPR
0.002,7,95,1,76,1,21.2857142857,0.907894736842,固定BMI边界；扰动实测Y；未重拟合GPR
0.002,7,95,2,102,2,18.8571428571,0.921568627451,固定BMI边界；扰动实测Y；未重拟合GPR
0.002,7,95,3,89,3,24,0.910112359551,固定BMI边界；扰动实测Y；未重拟合GPR
0.002,7,99,1,63,0,26.1428571429,0.968253968254,固定BMI边界；扰动实测Y；未重拟合GPR
0.002,7,99,2,134,3,inf,0.932835820896,固定BMI边界；扰动实测Y；未重拟合GPR
0.002,7,99,3,70,3,inf,0.942857142857,固定BMI边界；扰动实测Y；未重拟合GPR
0.002,8,50,1,65,0,12.8571428571,0.0615384615385,固定BMI边界；扰动实测Y；未重拟合GPR
0.002,8,50,2,62,1,12.7142857143,0.129032258065,固定BMI边界；扰动实测Y；未重拟合GPR
0.002,8,50,3,140,6,13,0.185714285714,固定BMI边界；扰动实测Y；未重拟合GPR
0.002,8,75,1,83,1,13.7142857143,0.578313253012,固定BMI边界；扰动实测Y；未重拟合GPR
0.002,8,75,2,89,2,13.7142857143,0.629213483146,固定BMI边界；扰动实测Y；未重拟合GPR
0.002,8,75,3,95,4,13.8571428571,0.715789473684,固定BMI边界；扰动实测Y；未重拟合GPR
0.002,8,90,1,139,1,16.4285714286,0.863309352518,固定BMI边界；扰动实测Y；未重拟合GPR
0.002,8,90,2,61,2,19.1428571429,0.819672131148,固定BMI边界；扰动实测Y；未重拟合GPR
0.002,8,90,3,67,4,22,0.820895522388,固定BMI边界；扰动实测Y；未重拟合GPR
0.002,8,95,1,76,1,21.2857142857,0.907894736842,固定BMI边界；扰动实测Y；未重拟合GPR
0.002,8,95,2,102,2,20.5714285714,0.892156862745,固定BMI边界；扰动实测Y；未重拟合GPR
0.002,8,95,3,89,4,24,0.910112359551,固定BMI边界；扰动实测Y；未重拟合GPR
0.002,8,99,1,63,0,26.1428571429,0.968253968254,固定BMI边界；扰动实测Y；未重拟合GPR
0.002,8,99,2,134,3,inf,0.917910447761,固定BMI边界；扰动实测Y；未重拟合GPR
0.002,8,99,3,70,4,inf,0.942857142857,固定BMI边界；扰动实测Y；未重拟合GPR
0.002,9,50,1,65,0,12.8571428571,0.0615384615385,固定BMI边界；扰动实测Y；未重拟合GPR
0.002,9,50,2,62,1,12.7142857143,0.129032258065,固定BMI边界；扰动实测Y；未重拟合GPR
0.002,9,50,3,140,6,13,0.192857142857,固定BMI边界；扰动实测Y；未重拟合GPR
0.002,9,75,1,83,1,13.7142857143,0.578313253012,固定BMI边界；扰动实测Y；未重拟合GPR
0.002,9,75,2,89,2,13.4285714286,0.674157303371,固定BMI边界；扰动实测Y；未重拟合GPR
0.002,9,75,3,95,4,16,0.684210526316,固定BMI边界；扰动实测Y；未重拟合GPR
0.002,9,90,1,139,1,16.2857142857,0.877697841727,固定BMI边界；扰动实测Y；未重拟合GPR
0.002,9,90,2,61,2,16.5714285714,0.852459016393,固定BMI边界；扰动实测Y；未重拟合GPR
0.002,9,90,3,67,4,23.4285714286,0.805970149254,固定BMI边界；扰动实测Y；未重拟合GPR
0.002,9,95,1,76,1,20.8571428571,0.907894736842,固定BMI边界；扰动实测Y；未重拟合GPR
0.002,9,95,2,102,2,20.5714285714,0.921568627451,固定BMI边界；扰动实测Y；未重拟合GPR
0.002,9,95,3,89,4,26.4285714286,0.887640449438,固定BMI边界；扰动实测Y；未重拟合GPR
0.002,9,99,1,63,0,26.1428571429,0.984126984127,固定BMI边界；扰动实测Y；未重拟合GPR
0.002,9,99,2,134,3,inf,0.925373134328,固定BMI边界；扰动实测Y；未重拟合GPR
0.002,9,99,3,70,4,inf,0.928571428571,固定BMI边界；扰动实测Y；未重拟合GPR
0.002,10,50,1,65,0,12.8571428571,0.0615384615385,固定BMI边界；扰动实测Y；未重拟合GPR
0.002,10,50,2,62,1,12.7142857143,0.129032258065,固定BMI边界；扰动实测Y；未重拟合GPR
0.002,10,50,3,140,6,13,0.2,固定BMI边界；扰动实测Y；未重拟合GPR
0.002,10,75,1,83,1,13.7142857143,0.566265060241,固定BMI边界；扰动实测Y；未重拟合GPR
0.002,10,75,2,89,2,13.4285714286,0.662921348315,固定BMI边界；扰动实测Y；未重拟合GPR
0.002,10,75,3,95,4,15.1428571429,0.705263157895,固定BMI边界；扰动实测Y；未重拟合GPR
0.002,10,90,1,139,1,16.4285714286,0.863309352518,固定BMI边界；扰动实测Y；未重拟合GPR
0.002,10,90,2,61,2,16.2857142857,0.868852459016,固定BMI边界；扰动实测Y；未重拟合GPR
0.002,10,90,3,67,4,23.4285714286,0.820895522388,固定BMI边界；扰动实测Y；未重拟合GPR
0.002,10,95,1,76,1,21.2857142857,0.894736842105,固定BMI边界；扰动实测Y；未重拟合GPR
0.002,10,95,2,102,2,18.8571428571,0.921568627451,固定BMI边界；扰动实测Y；未重拟合GPR
0.002,10,95,3,89,4,26.4285714286,0.887640449438,固定BMI边界；扰动实测Y；未重拟合GPR
0.002,10,99,1,63,0,26.1428571429,0.968253968254,固定BMI边界；扰动实测Y；未重拟合GPR
0.002,10,99,2,134,3,inf,0.932835820896,固定BMI边界；扰动实测Y；未重拟合GPR
0.002,10,99,3,70,4,inf,0.928571428571,固定BMI边界；扰动实测Y；未重拟合GPR
0.002,11,50,1,65,0,12.8571428571,0.0615384615385,固定BMI边界；扰动实测Y；未重拟合GPR
0.002,11,50,2,62,1,12.7142857143,0.129032258065,固定BMI边界；扰动实测Y；未重拟合GPR
0.002,11,50,3,140,7,13,0.192857142857,固定BMI边界；扰动实测Y；未重拟合GPR
0.002,11,75,1,83,1,13.7142857143,0.578313253012,固定BMI边界；扰动实测Y；未重拟合GPR
0.002,11,75,2,89,2,13.4285714286,0.674157303371,固定BMI边界；扰动实测Y；未重拟合GPR
0.002,11,75,3,95,5,16,0.684210526316,固定BMI边界；扰动实测Y；未重拟合GPR
0.002,11,90,1,139,1,16.4285714286,0.877697841727,固定BMI边界；扰动实测Y；未重拟合GPR
0.002,11,90,2,61,3,15.5714285714,0.868852459016,固定BMI边界；扰动实测Y；未重拟合GPR
0.002,11,90,3,67,4,23.4285714286,0.805970149254,固定BMI边界；扰动实测Y；未重拟合GPR
0.002,11,95,1,76,1,21.2857142857,0.894736842105,固定BMI边界；扰动实测Y；未重拟合GPR
0.002,11,95,2,102,2,16.5714285714,0.941176470588,固定BMI边界；扰动实测Y；未重拟合GPR
0.002,11,95,3,89,5,inf,0.887640449438,固定BMI边界；扰动实测Y；未重拟合GPR
0.002,11,99,1,63,0,26.1428571429,0.968253968254,固定BMI边界；扰动实测Y；未重拟合GPR
0.002,11,99,2,134,4,inf,0.94776119403,固定BMI边界；扰动实测Y；未重拟合GPR
0.002,11,99,3,70,4,inf,0.928571428571,固定BMI边界；扰动实测Y；未重拟合GPR
0.002,12,50,1,65,0,12.8571428571,0.0615384615385,固定BMI边界；扰动实测Y；未重拟合GPR
0.002,12,50,2,62,1,12.5714285714,0.129032258065,固定BMI边界；扰动实测Y；未重拟合GPR
0.002,12,50,3,140,7,13.1428571429,0.185714285714,固定BMI边界；扰动实测Y；未重拟合GPR
0.002,12,75,1,83,1,13.7142857143,0.566265060241,固定BMI边界；扰动实测Y；未重拟合GPR
0.002,12,75,2,89,2,13.4285714286,0.674157303371,固定BMI边界；扰动实测Y；未重拟合GPR
0.002,12,75,3,95,5,16,0.694736842105,固定BMI边界；扰动实测Y；未重拟合GPR
0.002,12,90,1,139,1,16.2857142857,0.877697841727,固定BMI边界；扰动实测Y；未重拟合GPR
0.002,12,90,2,61,3,16.5714285714,0.83606557377,固定BMI边界；扰动实测Y；未重拟合GPR
0.002,12,90,3,67,4,22,0.805970149254,固定BMI边界；扰动实测Y；未重拟合GPR
0.002,12,95,1,76,1,20.8571428571,0.907894736842,固定BMI边界；扰动实测Y；未重拟合GPR
0.002,12,95,2,102,2,20.1428571429,0.911764705882,固定BMI边界；扰动实测Y；未重拟合GPR
0.002,12,95,3,89,5,inf,0.898876404494,固定BMI边界；扰动实测Y；未重拟合GPR
0.002,12,99,1,63,0,26.1428571429,0.984126984127,固定BMI边界；扰动实测Y；未重拟合GPR
0.002,12,99,2,134,4,inf,0.917910447761,固定BMI边界；扰动实测Y；未重拟合GPR
0.002,12,99,3,70,4,inf,0.928571428571,固定BMI边界；扰动实测Y；未重拟合GPR
0.002,13,50,1,65,0,12.8571428571,0.0615384615385,固定BMI边界；扰动实测Y；未重拟合GPR
0.002,13,50,2,62,1,12.7142857143,0.129032258065,固定BMI边界；扰动实测Y；未重拟合GPR
0.002,13,50,3,140,7,13,0.2,固定BMI边界；扰动实测Y；未重拟合GPR
0.002,13,75,1,83,1,13.7142857143,0.578313253012,固定BMI边界；扰动实测Y；未重拟合GPR
0.002,13,75,2,89,2,13.4285714286,0.674157303371,固定BMI边界；扰动实测Y；未重拟合GPR
0.002,13,75,3,95,5,15.5714285714,0.705263157895,固定BMI边界；扰动实测Y；未重拟合GPR
0.002,13,90,1,139,1,16.2857142857,0.877697841727,固定BMI边界；扰动实测Y；未重拟合GPR
0.002,13,90,2,61,3,15.1428571429,0.868852459016,固定BMI边界；扰动实测Y；未重拟合GPR
0.002,13,90,3,67,4,23.4285714286,0.820895522388,固定BMI边界；扰动实测Y；未重拟合GPR
0.002,13,95,1,76,1,20.8571428571,0.907894736842,固定BMI边界；扰动实测Y；未重拟合GPR
0.002,13,95,2,102,2,16.4285714286,0.950980392157,固定BMI边界；扰动实测Y；未重拟合GPR
0.002,13,95,3,89,5,inf,0.887640449438,固定BMI边界；扰动实测Y；未重拟合GPR
0.002,13,99,1,63,0,26.1428571429,0.984126984127,固定BMI边界；扰动实测Y；未重拟合GPR
0.002,13,99,2,134,4,inf,0.955223880597,固定BMI边界；扰动实测Y；未重拟合GPR
0.002,13,99,3,70,4,inf,0.928571428571,固定BMI边界；扰动实测Y；未重拟合GPR
0.002,14,50,1,65,0,12.8571428571,0.0615384615385,固定BMI边界；扰动实测Y；未重拟合GPR
0.002,14,50,2,62,1,12.7142857143,0.129032258065,固定BMI边界；扰动实测Y；未重拟合GPR
0.002,14,50,3,140,6,13,0.2,固定BMI边界；扰动实测Y；未重拟合GPR
0.002,14,75,1,83,1,13.7142857143,0.578313253012,固定BMI边界；扰动实测Y；未重拟合GPR
0.002,14,75,2,89,2,13.4285714286,0.685393258427,固定BMI边界；扰动实测Y；未重拟合GPR
0.002,14,75,3,95,4,15.5714285714,0.705263157895,固定BMI边界；扰动实测Y；未重拟合GPR
0.002,14,90,1,139,1,16.4285714286,0.863309352518,固定BMI边界；扰动实测Y；未重拟合GPR
0.002,14,90,2,61,2,14.8571428571,0.885245901639,固定BMI边界；扰动实测Y；未重拟合GPR
0.002,14,90,3,67,4,23.4285714286,0.791044776119,固定BMI边界；扰动实测Y；未重拟合GPR
0.002,14,95,1,76,1,20.8571428571,0.907894736842,固定BMI边界；扰动实测Y；未重拟合GPR
0.002,14,95,2,102,2,16.5714285714,0.93137254902,固定BMI边界；扰动实测Y；未重拟合GPR
0.002,14,95,3,89,4,26.4285714286,0.898876404494,固定BMI边界；扰动实测Y；未重拟合GPR
0.002,14,99,1,63,0,26.1428571429,0.984126984127,固定BMI边界；扰动实测Y；未重拟合GPR
0.002,14,99,2,134,3,inf,0.955223880597,固定BMI边界；扰动实测Y；未重拟合GPR
0.002,14,99,3,70,4,inf,0.928571428571,固定BMI边界；扰动实测Y；未重拟合GPR
0.002,15,50,1,65,0,12.8571428571,0.0615384615385,固定BMI边界；扰动实测Y；未重拟合GPR
0.002,15,50,2,62,1,12.7142857143,0.129032258065,固定BMI边界；扰动实测Y；未重拟合GPR
0.002,15,50,3,140,8,13.1428571429,0.185714285714,固定BMI边界；扰动实测Y；未重拟合GPR
0.002,15,75,1,83,1,13.7142857143,0.578313253012,固定BMI边界；扰动实测Y；未重拟合GPR
0.002,15,75,2,89,2,13.4285714286,0.662921348315,固定BMI边界；扰动实测Y；未重拟合GPR
0.002,15,75,3,95,6,16,0.684210526316,固定BMI边界；扰动实测Y；未重拟合GPR
0.002,15,90,1,139,1,16.7142857143,0.856115107914,固定BMI边界；扰动实测Y；未重拟合GPR
0.002,15,90,2,61,3,16.2857142857,0.868852459016,固定BMI边界；扰动实测Y；未重拟合GPR
0.002,15,90,3,67,5,24,0.820895522388,固定BMI边界；扰动实测Y；未重拟合GPR
0.002,15,95,1,76,1,21.2857142857,0.894736842105,固定BMI边界；扰动实测Y；未重拟合GPR
0.002,15,95,2,102,2,19.4285714286,0.911764705882,固定BMI边界；扰动实测Y；未重拟合GPR
0.002,15,95,3,89,6,inf,0.887640449438,固定BMI边界；扰动实测Y；未重拟合GPR
0.002,15,99,1,63,0,26.1428571429,0.968253968254,固定BMI边界；扰动实测Y；未重拟合GPR
0.002,15,99,2,134,4,inf,0.925373134328,固定BMI边界；扰动实测Y；未重拟合GPR
0.002,15,99,3,70,5,inf,0.914285714286,固定BMI边界；扰动实测Y；未重拟合GPR
0.002,16,50,1,65,0,12.8571428571,0.0615384615385,固定BMI边界；扰动实测Y；未重拟合GPR
0.002,16,50,2,62,2,12.7142857143,0.129032258065,固定BMI边界；扰动实测Y；未重拟合GPR
0.002,16,50,3,140,5,13,0.192857142857,固定BMI边界；扰动实测Y；未重拟合GPR
0.002,16,75,1,83,1,13.7142857143,0.55421686747,固定BMI边界；扰动实测Y；未重拟合GPR
0.002,16,75,2,89,3,13.4285714286,0.674157303371,固定BMI边界；扰动实测Y；未重拟合GPR
0.002,16,75,3,95,3,15.5714285714,0.694736842105,固定BMI边界；扰动实测Y；未重拟合GPR
0.002,16,90,1,139,2,16.4285714286,0.856115107914,固定BMI边界；扰动实测Y；未重拟合GPR
0.002,16,90,2,61,2,14.8571428571,0.885245901639,固定BMI边界；扰动实测Y；未重拟合GPR
0.002,16,90,3,67,3,22,0.835820895522,固定BMI边界；扰动实测Y；未重拟合GPR
0.002,16,95,1,76,1,20.8571428571,0.907894736842,固定BMI边界；扰动实测Y；未重拟合GPR
0.002,16,95,2,102,3,16.5714285714,0.941176470588,固定BMI边界；扰动实测Y；未重拟合GPR
0.002,16,95,3,89,3,24,0.910112359551,固定BMI边界；扰动实测Y；未重拟合GPR
0.002,16,99,1,63,0,26.1428571429,0.984126984127,固定BMI边界；扰动实测Y；未重拟合GPR
0.002,16,99,2,134,4,inf,0.94776119403,固定BMI边界；扰动实测Y；未重拟合GPR
0.002,16,99,3,70,3,inf,0.942857142857,固定BMI边界；扰动实测Y；未重拟合GPR
0.002,17,50,1,65,0,12.8571428571,0.0615384615385,固定BMI边界；扰动实测Y；未重拟合GPR
0.002,17,50,2,62,1,12.7142857143,0.129032258065,固定BMI边界；扰动实测Y；未重拟合GPR
0.002,17,50,3,140,7,13,0.2,固定BMI边界；扰动实测Y；未重拟合GPR
0.002,17,75,1,83,1,13.7142857143,0.578313253012,固定BMI边界；扰动实测Y；未重拟合GPR
0.002,17,75,2,89,2,13.4285714286,0.685393258427,固定BMI边界；扰动实测Y；未重拟合GPR
0.002,17,75,3,95,5,15.1428571429,0.715789473684,固定BMI边界；扰动实测Y；未重拟合GPR
0.002,17,90,1,139,1,16.4285714286,0.877697841727,固定BMI边界；扰动实测Y；未重拟合GPR
0.002,17,90,2,61,2,14.8571428571,0.885245901639,固定BMI边界；扰动实测Y；未重拟合GPR
0.002,17,90,3,67,5,24,0.805970149254,固定BMI边界；扰动实测Y；未重拟合GPR
0.002,17,95,1,76,1,21.2857142857,0.894736842105,固定BMI边界；扰动实测Y；未重拟合GPR
0.002,17,95,2,102,2,16.5714285714,0.941176470588,固定BMI边界；扰动实测Y；未重拟合GPR
0.002,17,95,3,89,5,inf,0.887640449438,固定BMI边界；扰动实测Y；未重拟合GPR
0.002,17,99,1,63,0,26.1428571429,0.968253968254,固定BMI边界；扰动实测Y；未重拟合GPR
0.002,17,99,2,134,3,inf,0.940298507463,固定BMI边界；扰动实测Y；未重拟合GPR
0.002,17,99,3,70,5,inf,0.914285714286,固定BMI边界；扰动实测Y；未重拟合GPR
0.002,18,50,1,65,0,12.8571428571,0.0615384615385,固定BMI边界；扰动实测Y；未重拟合GPR
0.002,18,50,2,62,1,12.7142857143,0.129032258065,固定BMI边界；扰动实测Y；未重拟合GPR
0.002,18,50,3,140,7,13,0.192857142857,固定BMI边界；扰动实测Y；未重拟合GPR
0.002,18,75,1,83,1,13.7142857143,0.566265060241,固定BMI边界；扰动实测Y；未重拟合GPR
0.002,18,75,2,89,2,13.4285714286,0.674157303371,固定BMI边界；扰动实测Y；未重拟合GPR
0.002,18,75,3,95,5,16,0.684210526316,固定BMI边界；扰动实测Y；未重拟合GPR
0.002,18,90,1,139,1,16.4285714286,0.870503597122,固定BMI边界；扰动实测Y；未重拟合GPR
0.002,18,90,2,61,2,15.5714285714,0.868852459016,固定BMI边界；扰动实测Y；未重拟合GPR
0.002,18,90,3,67,5,24,0.805970149254,固定BMI边界；扰动实测Y；未重拟合GPR
0.002,18,95,1,76,1,21.2857142857,0.894736842105,固定BMI边界；扰动实测Y；未重拟合GPR
0.002,18,95,2,102,2,17.8571428571,0.93137254902,固定BMI边界；扰动实测Y；未重拟合GPR
0.002,18,95,3,89,5,inf,0.887640449438,固定BMI边界；扰动实测Y；未重拟合GPR
0.002,18,99,1,63,0,26.1428571429,0.968253968254,固定BMI边界；扰动实测Y；未重拟合GPR
0.002,18,99,2,134,3,inf,0.940298507463,固定BMI边界；扰动实测Y；未重拟合GPR
0.002,18,99,3,70,5,inf,0.914285714286,固定BMI边界；扰动实测Y；未重拟合GPR
0.002,19,50,1,65,0,12.8571428571,0.0615384615385,固定BMI边界；扰动实测Y；未重拟合GPR
0.002,19,50,2,62,1,12.7142857143,0.129032258065,固定BMI边界；扰动实测Y；未重拟合GPR
0.002,19,50,3,140,6,13,0.207142857143,固定BMI边界；扰动实测Y；未重拟合GPR
0.002,19,75,1,83,1,13.7142857143,0.566265060241,固定BMI边界；扰动实测Y；未重拟合GPR
0.002,19,75,2,89,2,13.4285714286,0.674157303371,固定BMI边界；扰动实测Y；未重拟合GPR
0.002,19,75,3,95,4,13.8571428571,0.715789473684,固定BMI边界；扰动实测Y；未重拟合GPR
0.002,19,90,1,139,1,16.4285714286,0.870503597122,固定BMI边界；扰动实测Y；未重拟合GPR
0.002,19,90,2,61,2,14.8571428571,0.885245901639,固定BMI边界；扰动实测Y；未重拟合GPR
0.002,19,90,3,67,4,22,0.835820895522,固定BMI边界；扰动实测Y；未重拟合GPR
0.002,19,95,1,76,1,20.8571428571,0.907894736842,固定BMI边界；扰动实测Y；未重拟合GPR
0.002,19,95,2,102,2,16.5714285714,0.941176470588,固定BMI边界；扰动实测Y；未重拟合GPR
0.002,19,95,3,89,4,26.4285714286,0.910112359551,固定BMI边界；扰动实测Y；未重拟合GPR
0.002,19,99,1,63,0,26.1428571429,0.984126984127,固定BMI边界；扰动实测Y；未重拟合GPR
0.002,19,99,2,134,3,inf,0.940298507463,固定BMI边界；扰动实测Y；未重拟合GPR
0.002,19,99,3,70,4,inf,0.928571428571,固定BMI边界；扰动实测Y；未重拟合GPR
0.002,20,50,1,65,0,12.8571428571,0.0615384615385,固定BMI边界；扰动实测Y；未重拟合GPR
0.002,20,50,2,62,1,12.7142857143,0.129032258065,固定BMI边界；扰动实测Y；未重拟合GPR
0.002,20,50,3,140,6,13,0.2,固定BMI边界；扰动实测Y；未重拟合GPR
0.002,20,75,1,83,1,13.7142857143,0.578313253012,固定BMI边界；扰动实测Y；未重拟合GPR
0.002,20,75,2,89,2,13.4285714286,0.685393258427,固定BMI边界；扰动实测Y；未重拟合GPR
0.002,20,75,3,95,4,13.8571428571,0.715789473684,固定BMI边界；扰动实测Y；未重拟合GPR
0.002,20,90,1,139,1,16.4285714286,0.877697841727,固定BMI边界；扰动实测Y；未重拟合GPR
0.002,20,90,2,61,2,15.1428571429,0.868852459016,固定BMI边界；扰动实测Y；未重拟合GPR
0.002,20,90,3,67,4,22,0.850746268657,固定BMI边界；扰动实测Y；未重拟合GPR
0.002,20,95,1,76,1,21.2857142857,0.894736842105,固定BMI边界；扰动实测Y；未重拟合GPR
0.002,20,95,2,102,2,16.5714285714,0.941176470588,固定BMI边界；扰动实测Y；未重拟合GPR
0.002,20,95,3,89,4,26.4285714286,0.910112359551,固定BMI边界；扰动实测Y；未重拟合GPR
0.002,20,99,1,63,0,26.1428571429,0.968253968254,固定BMI边界；扰动实测Y；未重拟合GPR
0.002,20,99,2,134,3,inf,0.940298507463,固定BMI边界；扰动实测Y；未重拟合GPR
0.002,20,99,3,70,4,inf,0.928571428571,固定BMI边界；扰动实测Y；未重拟合GPR
0.002,21,50,1,65,0,12.8571428571,0.0615384615385,固定BMI边界；扰动实测Y；未重拟合GPR
0.002,21,50,2,62,1,12.7142857143,0.129032258065,固定BMI边界；扰动实测Y；未重拟合GPR
0.002,21,50,3,140,7,13,0.2,固定BMI边界；扰动实测Y；未重拟合GPR
0.002,21,75,1,83,1,13.7142857143,0.578313253012,固定BMI边界；扰动实测Y；未重拟合GPR
0.002,21,75,2,89,2,13.4285714286,0.674157303371,固定BMI边界；扰动实测Y；未重拟合GPR
0.002,21,75,3,95,5,13.8571428571,0.726315789474,固定BMI边界；扰动实测Y；未重拟合GPR
0.002,21,90,1,139,1,16.4285714286,0.870503597122,固定BMI边界；扰动实测Y；未重拟合GPR
0.002,21,90,2,61,2,15.1428571429,0.885245901639,固定BMI边界；扰动实测Y；未重拟合GPR
0.002,21,90,3,67,5,24,0.820895522388,固定BMI边界；扰动实测Y；未重拟合GPR
0.002,21,95,1,76,1,21.2857142857,0.894736842105,固定BMI边界；扰动实测Y；未重拟合GPR
0.002,21,95,2,102,2,17.8571428571,0.93137254902,固定BMI边界；扰动实测Y；未重拟合GPR
0.002,21,95,3,89,5,inf,0.898876404494,固定BMI边界；扰动实测Y；未重拟合GPR
0.002,21,99,1,63,0,26.1428571429,0.968253968254,固定BMI边界；扰动实测Y；未重拟合GPR
0.002,21,99,2,134,3,inf,0.940298507463,固定BMI边界；扰动实测Y；未重拟合GPR
0.002,21,99,3,70,5,inf,0.914285714286,固定BMI边界；扰动实测Y；未重拟合GPR
0.002,22,50,1,65,0,12.8571428571,0.0615384615385,固定BMI边界；扰动实测Y；未重拟合GPR
0.002,22,50,2,62,1,12.7142857143,0.129032258065,固定BMI边界；扰动实测Y；未重拟合GPR
0.002,22,50,3,140,7,13,0.2,固定BMI边界；扰动实测Y；未重拟合GPR
0.002,22,75,1,83,1,13.7142857143,0.578313253012,固定BMI边界；扰动实测Y；未重拟合GPR
0.002,22,75,2,89,2,13.4285714286,0.685393258427,固定BMI边界；扰动实测Y；未重拟合GPR
0.002,22,75,3,95,5,13.8571428571,0.715789473684,固定BMI边界；扰动实测Y；未重拟合GPR
0.002,22,90,1,139,1,16.4285714286,0.870503597122,固定BMI边界；扰动实测Y；未重拟合GPR
0.002,22,90,2,61,2,14.8571428571,0.885245901639,固定BMI边界；扰动实测Y；未重拟合GPR
0.002,22,90,3,67,5,24,0.820895522388,固定BMI边界；扰动实测Y；未重拟合GPR
0.002,22,95,1,76,1,20.8571428571,0.907894736842,固定BMI边界；扰动实测Y；未重拟合GPR
0.002,22,95,2,102,2,17.8571428571,0.93137254902,固定BMI边界；扰动实测Y；未重拟合GPR
0.002,22,95,3,89,5,inf,0.898876404494,固定BMI边界；扰动实测Y；未重拟合GPR
0.002,22,99,1,63,0,26.1428571429,0.984126984127,固定BMI边界；扰动实测Y；未重拟合GPR
0.002,22,99,2,134,3,inf,0.940298507463,固定BMI边界；扰动实测Y；未重拟合GPR
0.002,22,99,3,70,5,inf,0.914285714286,固定BMI边界；扰动实测Y；未重拟合GPR
0.002,23,50,1,65,0,12.8571428571,0.0615384615385,固定BMI边界；扰动实测Y；未重拟合GPR
0.002,23,50,2,62,0,12.5714285714,0.145161290323,固定BMI边界；扰动实测Y；未重拟合GPR
0.002,23,50,3,140,6,13,0.192857142857,固定BMI边界；扰动实测Y；未重拟合GPR
0.002,23,75,1,83,0,13.5714285714,0.590361445783,固定BMI边界；扰动实测Y；未重拟合GPR
0.002,23,75,2,89,2,13.4285714286,0.662921348315,固定BMI边界；扰动实测Y；未重拟合GPR
0.002,23,75,3,95,4,13.8571428571,0.715789473684,固定BMI边界；扰动实测Y；未重拟合GPR
0.002,23,90,1,139,0,16.4285714286,0.877697841727,固定BMI边界；扰动实测Y；未重拟合GPR
0.002,23,90,2,61,2,16.5714285714,0.83606557377,固定BMI边界；扰动实测Y；未重拟合GPR
0.002,23,90,3,67,4,22,0.820895522388,固定BMI边界；扰动实测Y；未重拟合GPR
0.002,23,95,1,76,0,21.2857142857,0.907894736842,固定BMI边界；扰动实测Y；未重拟合GPR
0.002,23,95,2,102,2,20.1428571429,0.901960784314,固定BMI边界；扰动实测Y；未重拟合GPR
0.002,23,95,3,89,4,26.4285714286,0.910112359551,固定BMI边界；扰动实测Y；未重拟合GPR
0.002,23,99,1,63,0,26.1428571429,0.952380952381,固定BMI边界；扰动实测Y；未重拟合GPR
0.002,23,99,2,134,2,inf,0.925373134328,固定BMI边界；扰动实测Y；未重拟合GPR
0.002,23,99,3,70,4,inf,0.928571428571,固定BMI边界；扰动实测Y；未重拟合GPR
0.002,24,50,1,65,0,12.8571428571,0.0615384615385,固定BMI边界；扰动实测Y；未重拟合GPR
0.002,24,50,2,62,1,12.7142857143,0.129032258065,固定BMI边界；扰动实测Y；未重拟合GPR
0.002,24,50,3,140,6,13,0.207142857143,固定BMI边界；扰动实测Y；未重拟合GPR
0.002,24,75,1,83,1,13.7142857143,0.578313253012,固定BMI边界；扰动实测Y；未重拟合GPR
0.002,24,75,2,89,2,13.4285714286,0.674157303371,固定BMI边界；扰动实测Y；未重拟合GPR
0.002,24,75,3,95,4,13.8571428571,0.715789473684,固定BMI边界；扰动实测Y；未重拟合GPR
0.002,24,90,1,139,1,16.2857142857,0.877697841727,固定BMI边界；扰动实测Y；未重拟合GPR
0.002,24,90,2,61,2,15.1428571429,0.885245901639,固定BMI边界；扰动实测Y；未重拟合GPR
0.002,24,90,3,67,4,23.4285714286,0.820895522388,固定BMI边界；扰动实测Y；未重拟合GPR
0.002,24,95,1,76,1,20.8571428571,0.907894736842,固定BMI边界；扰动实测Y；未重拟合GPR
0.002,24,95,2,102,2,19.5714285714,0.911764705882,固定BMI边界；扰动实测Y；未重拟合GPR
0.002,24,95,3,89,4,26.4285714286,0.898876404494,固定BMI边界；扰动实测Y；未重拟合GPR
0.002,24,99,1,63,0,26.1428571429,0.984126984127,固定BMI边界；扰动实测Y；未重拟合GPR
0.002,24,99,2,134,3,inf,0.925373134328,固定BMI边界；扰动实测Y；未重拟合GPR
0.002,24,99,3,70,4,inf,0.928571428571,固定BMI边界；扰动实测Y；未重拟合GPR
0.002,25,50,1,65,0,12.8571428571,0.0615384615385,固定BMI边界；扰动实测Y；未重拟合GPR
0.002,25,50,2,62,1,12.7142857143,0.129032258065,固定BMI边界；扰动实测Y；未重拟合GPR
0.002,25,50,3,140,6,13.1428571429,0.185714285714,固定BMI边界；扰动实测Y；未重拟合GPR
0.002,25,75,1,83,1,13.7142857143,0.578313253012,固定BMI边界；扰动实测Y；未重拟合GPR
0.002,25,75,2,89,2,13.7142857143,0.629213483146,固定BMI边界；扰动实测Y；未重拟合GPR
0.002,25,75,3,95,4,16,0.694736842105,固定BMI边界；扰动实测Y；未重拟合GPR
0.002,25,90,1,139,1,16.2857142857,0.877697841727,固定BMI边界；扰动实测Y；未重拟合GPR
0.002,25,90,2,61,2,18.8571428571,0.83606557377,固定BMI边界；扰动实测Y；未重拟合GPR
0.002,25,90,3,67,4,23.4285714286,0.805970149254,固定BMI边界；扰动实测Y；未重拟合GPR
0.002,25,95,1,76,1,20.8571428571,0.907894736842,固定BMI边界；扰动实测Y；未重拟合GPR
0.002,25,95,2,102,2,19.5714285714,0.901960784314,固定BMI边界；扰动实测Y；未重拟合GPR
0.002,25,95,3,89,4,26.4285714286,0.887640449438,固定BMI边界；扰动实测Y；未重拟合GPR
0.002,25,99,1,63,0,26.1428571429,0.984126984127,固定BMI边界；扰动实测Y；未重拟合GPR
0.002,25,99,2,134,3,inf,0.917910447761,固定BMI边界；扰动实测Y；未重拟合GPR
0.002,25,99,3,70,4,inf,0.928571428571,固定BMI边界；扰动实测Y；未重拟合GPR
0.002,26,50,1,65,0,12.8571428571,0.0615384615385,固定BMI边界；扰动实测Y；未重拟合GPR
0.002,26,50,2,62,0,12.5714285714,0.145161290323,固定BMI边界；扰动实测Y；未重拟合GPR
0.002,26,50,3,140,6,13,0.192857142857,固定BMI边界；扰动实测Y；未重拟合GPR
0.002,26,75,1,83,0,13.7142857143,0.578313253012,固定BMI边界；扰动实测Y；未重拟合GPR
0.002,26,75,2,89,2,13.2857142857,0.696629213483,固定BMI边界；扰动实测Y；未重拟合GPR
0.002,26,75,3,95,4,16.1428571429,0.684210526316,固定BMI边界；扰动实测Y；未重拟合GPR
0.002,26,90,1,139,0,16.2857142857,0.884892086331,固定BMI边界；扰动实测Y；未重拟合GPR
0.002,26,90,2,61,2,15.1428571429,0.885245901639,固定BMI边界；扰动实测Y；未重拟合GPR
0.002,26,90,3,67,4,23.1428571429,0.805970149254,固定BMI边界；扰动实测Y；未重拟合GPR
0.002,26,95,1,76,0,20.2857142857,0.921052631579,固定BMI边界；扰动实测Y；未重拟合GPR
0.002,26,95,2,102,2,16.5714285714,0.941176470588,固定BMI边界；扰动实测Y；未重拟合GPR
0.002,26,95,3,89,4,26.4285714286,0.898876404494,固定BMI边界；扰动实测Y；未重拟合GPR
0.002,26,99,1,63,0,26.1428571429,0.984126984127,固定BMI边界；扰动实测Y；未重拟合GPR
0.002,26,99,2,134,2,inf,0.94776119403,固定BMI边界；扰动实测Y；未重拟合GPR
0.002,26,99,3,70,4,inf,0.928571428571,固定BMI边界；扰动实测Y；未重拟合GPR
0.002,27,50,1,65,0,12.8571428571,0.0615384615385,固定BMI边界；扰动实测Y；未重拟合GPR
0.002,27,50,2,62,0,12.7142857143,0.145161290323,固定BMI边界；扰动实测Y；未重拟合GPR
0.002,27,50,3,140,7,13,0.207142857143,固定BMI边界；扰动实测Y；未重拟合GPR
0.002,27,75,1,83,0,13.7142857143,0.578313253012,固定BMI边界；扰动实测Y；未重拟合GPR
0.002,27,75,2,89,2,13.4285714286,0.674157303371,固定BMI边界；扰动实测Y；未重拟合GPR
0.002,27,75,3,95,5,13.8571428571,0.715789473684,固定BMI边界；扰动实测Y；未重拟合GPR
0.002,27,90,1,139,0,16.2857142857,0.877697841727,固定BMI边界；扰动实测Y；未重拟合GPR
0.002,27,90,2,61,2,15.1428571429,0.868852459016,固定BMI边界；扰动实测Y；未重拟合GPR
0.002,27,90,3,67,5,24,0.820895522388,固定BMI边界；扰动实测Y；未重拟合GPR
0.002,27,95,1,76,0,20.2857142857,0.921052631579,固定BMI边界；扰动实测Y；未重拟合GPR
0.002,27,95,2,102,2,16.5714285714,0.941176470588,固定BMI边界；扰动实测Y；未重拟合GPR
0.002,27,95,3,89,5,inf,0.898876404494,固定BMI边界；扰动实测Y；未重拟合GPR
0.002,27,99,1,63,0,26.1428571429,0.984126984127,固定BMI边界；扰动实测Y；未重拟合GPR
0.002,27,99,2,134,2,inf,0.955223880597,固定BMI边界；扰动实测Y；未重拟合GPR
0.002,27,99,3,70,5,inf,0.914285714286,固定BMI边界；扰动实测Y；未重拟合GPR
0.002,28,50,1,65,0,12.8571428571,0.0615384615385,固定BMI边界；扰动实测Y；未重拟合GPR
0.002,28,50,2,62,1,12.7142857143,0.129032258065,固定BMI边界；扰动实测Y；未重拟合GPR
0.002,28,50,3,140,6,13,0.2,固定BMI边界；扰动实测Y；未重拟合GPR
0.002,28,75,1,83,1,13.7142857143,0.566265060241,固定BMI边界；扰动实测Y；未重拟合GPR
0.002,28,75,2,89,2,13.7142857143,0.651685393258,固定BMI边界；扰动实测Y；未重拟合GPR
0.002,28,75,3,95,4,13.8571428571,0.726315789474,固定BMI边界；扰动实测Y；未重拟合GPR
0.002,28,90,1,139,1,16.7142857143,0.863309352518,固定BMI边界；扰动实测Y；未重拟合GPR
0.002,28,90,2,61,2,16.2857142857,0.852459016393,固定BMI边界；扰动实测Y；未重拟合GPR
0.002,28,90,3,67,4,23.4285714286,0.820895522388,固定BMI边界；扰动实测Y；未重拟合GPR
0.002,28,95,1,76,1,21.2857142857,0.894736842105,固定BMI边界；扰动实测Y；未重拟合GPR
0.002,28,95,2,102,2,20.1428571429,0.911764705882,固定BMI边界；扰动实测Y；未重拟合GPR
0.002,28,95,3,89,4,26.4285714286,0.898876404494,固定BMI边界；扰动实测Y；未重拟合GPR
0.002,28,99,1,63,0,26.1428571429,0.968253968254,固定BMI边界；扰动实测Y；未重拟合GPR
0.002,28,99,2,134,3,inf,0.925373134328,固定BMI边界；扰动实测Y；未重拟合GPR
0.002,28,99,3,70,4,inf,0.928571428571,固定BMI边界；扰动实测Y；未重拟合GPR
0.002,29,50,1,65,0,12.8571428571,0.0615384615385,固定BMI边界；扰动实测Y；未重拟合GPR
0.002,29,50,2,62,1,12.7142857143,0.129032258065,固定BMI边界；扰动实测Y；未重拟合GPR
0.002,29,50,3,140,6,13.1428571429,0.192857142857,固定BMI边界；扰动实测Y；未重拟合GPR
0.002,29,75,1,83,1,13.7142857143,0.578313253012,固定BMI边界；扰动实测Y；未重拟合GPR
0.002,29,75,2,89,2,13.4285714286,0.662921348315,固定BMI边界；扰动实测Y；未重拟合GPR
0.002,29,75,3,95,4,16,0.694736842105,固定BMI边界；扰动实测Y；未重拟合GPR
0.002,29,90,1,139,1,16.4285714286,0.870503597122,固定BMI边界；扰动实测Y；未重拟合GPR
0.002,29,90,2,61,2,16.2857142857,0.852459016393,固定BMI边界；扰动实测Y；未重拟合GPR
0.002,29,90,3,67,4,22,0.820895522388,固定BMI边界；扰动实测Y；未重拟合GPR
0.002,29,95,1,76,1,21.2857142857,0.894736842105,固定BMI边界；扰动实测Y；未重拟合GPR
0.002,29,95,2,102,2,20.5714285714,0.921568627451,固定BMI边界；扰动实测Y；未重拟合GPR
0.002,29,95,3,89,4,26.4285714286,0.910112359551,固定BMI边界；扰动实测Y；未重拟合GPR
0.002,29,99,1,63,0,26.1428571429,0.968253968254,固定BMI边界；扰动实测Y；未重拟合GPR
0.002,29,99,2,134,3,inf,0.932835820896,固定BMI边界；扰动实测Y；未重拟合GPR
0.002,29,99,3,70,4,inf,0.928571428571,固定BMI边界；扰动实测Y；未重拟合GPR
0.002,30,50,1,65,0,12.8571428571,0.0615384615385,固定BMI边界；扰动实测Y；未重拟合GPR
0.002,30,50,2,62,2,12.7142857143,0.129032258065,固定BMI边界；扰动实测Y；未重拟合GPR
0.002,30,50,3,140,7,13,0.192857142857,固定BMI边界；扰动实测Y；未重拟合GPR
0.002,30,75,1,83,1,13.7142857143,0.566265060241,固定BMI边界；扰动实测Y；未重拟合GPR
0.002,30,75,2,89,3,13.7142857143,0.651685393258,固定BMI边界；扰动实测Y；未重拟合GPR
0.002,30,75,3,95,5,16,0.705263157895,固定BMI边界；扰动实测Y；未重拟合GPR
0.002,30,90,1,139,2,16.4285714286,0.870503597122,固定BMI边界；扰动实测Y；未重拟合GPR
0.002,30,90,2,61,2,15.1428571429,0.868852459016,固定BMI边界；扰动实测Y；未重拟合GPR
0.002,30,90,3,67,5,24,0.820895522388,固定BMI边界；扰动实测Y；未重拟合GPR
0.002,30,95,1,76,1,20.8571428571,0.907894736842,固定BMI边界；扰动实测Y；未重拟合GPR
0.002,30,95,2,102,3,19.5714285714,0.93137254902,固定BMI边界；扰动实测Y；未重拟合GPR
0.002,30,95,3,89,5,inf,0.898876404494,固定BMI边界；扰动实测Y；未重拟合GPR
0.002,30,99,1,63,0,26.1428571429,0.984126984127,固定BMI边界；扰动实测Y；未重拟合GPR
0.002,30,99,2,134,4,inf,0.932835820896,固定BMI边界；扰动实测Y；未重拟合GPR
0.002,30,99,3,70,5,inf,0.914285714286,固定BMI边界；扰动实测Y；未重拟合GPR
0.002,31,50,1,65,0,12.7142857143,0.0615384615385,固定BMI边界；扰动实测Y；未重拟合GPR
0.002,31,50,2,62,1,12.5714285714,0.129032258065,固定BMI边界；扰动实测Y；未重拟合GPR
0.002,31,50,3,140,5,13,0.192857142857,固定BMI边界；扰动实测Y；未重拟合GPR
0.002,31,75,1,83,1,13.7142857143,0.590361445783,固定BMI边界；扰动实测Y；未重拟合GPR
0.002,31,75,2,89,2,13.4285714286,0.685393258427,固定BMI边界；扰动实测Y；未重拟合GPR
0.002,31,75,3,95,3,16,0.694736842105,固定BMI边界；扰动实测Y；未重拟合GPR
0.002,31,90,1,139,1,16.4285714286,0.877697841727,固定BMI边界；扰动实测Y；未重拟合GPR
0.002,31,90,2,61,2,16.2857142857,0.852459016393,固定BMI边界；扰动实测Y；未重拟合GPR
0.002,31,90,3,67,3,22,0.835820895522,固定BMI边界；扰动实测Y；未重拟合GPR
0.002,31,95,1,76,1,23.1428571429,0.894736842105,固定BMI边界；扰动实测Y；未重拟合GPR
0.002,31,95,2,102,2,20.5714285714,0.921568627451,固定BMI边界；扰动实测Y；未重拟合GPR
0.002,31,95,3,89,3,24,0.910112359551,固定BMI边界；扰动实测Y；未重拟合GPR
0.002,31,99,1,63,0,26.1428571429,0.952380952381,固定BMI边界；扰动实测Y；未重拟合GPR
0.002,31,99,2,134,3,inf,0.925373134328,固定BMI边界；扰动实测Y；未重拟合GPR
0.002,31,99,3,70,3,inf,0.942857142857,固定BMI边界；扰动实测Y；未重拟合GPR
0.002,32,50,1,65,0,12.8571428571,0.0615384615385,固定BMI边界；扰动实测Y；未重拟合GPR
0.002,32,50,2,62,1,12.7142857143,0.129032258065,固定BMI边界；扰动实测Y；未重拟合GPR
0.002,32,50,3,140,8,13,0.2,固定BMI边界；扰动实测Y；未重拟合GPR
0.002,32,75,1,83,1,13.7142857143,0.578313253012,固定BMI边界；扰动实测Y；未重拟合GPR
0.002,32,75,2,89,2,13.4285714286,0.662921348315,固定BMI边界；扰动实测Y；未重拟合GPR
0.002,32,75,3,95,6,13.8571428571,0.715789473684,固定BMI边界；扰动实测Y；未重拟合GPR
0.002,32,90,1,139,1,16.2857142857,0.877697841727,固定BMI边界；扰动实测Y；未重拟合GPR
0.002,32,90,2,61,3,16.5714285714,0.852459016393,固定BMI边界；扰动实测Y；未重拟合GPR
0.002,32,90,3,67,5,24,0.835820895522,固定BMI边界；扰动实测Y；未重拟合GPR
0.002,32,95,1,76,1,20.8571428571,0.907894736842,固定BMI边界；扰动实测Y；未重拟合GPR
0.002,32,95,2,102,2,19.5714285714,0.911764705882,固定BMI边界；扰动实测Y；未重拟合GPR
0.002,32,95,3,89,6,inf,0.887640449438,固定BMI边界；扰动实测Y；未重拟合GPR
0.002,32,99,1,63,0,26.1428571429,0.984126984127,固定BMI边界；扰动实测Y；未重拟合GPR
0.002,32,99,2,134,4,inf,0.925373134328,固定BMI边界；扰动实测Y；未重拟合GPR
0.002,32,99,3,70,5,inf,0.914285714286,固定BMI边界；扰动实测Y；未重拟合GPR
0.002,33,50,1,65,0,12.8571428571,0.0615384615385,固定BMI边界；扰动实测Y；未重拟合GPR
0.002,33,50,2,62,1,12.7142857143,0.129032258065,固定BMI边界；扰动实测Y；未重拟合GPR
0.002,33,50,3,140,7,13,0.185714285714,固定BMI边界；扰动实测Y；未重拟合GPR
0.002,33,75,1,83,1,13.7142857143,0.578313253012,固定BMI边界；扰动实测Y；未重拟合GPR
0.002,33,75,2,89,2,13.4285714286,0.662921348315,固定BMI边界；扰动实测Y；未重拟合GPR
0.002,33,75,3,95,5,16,0.684210526316,固定BMI边界；扰动实测Y；未重拟合GPR
0.002,33,90,1,139,1,16.2857142857,0.877697841727,固定BMI边界；扰动实测Y；未重拟合GPR
0.002,33,90,2,61,3,15.5714285714,0.852459016393,固定BMI边界；扰动实测Y；未重拟合GPR
0.002,33,90,3,67,4,23.4285714286,0.805970149254,固定BMI边界；扰动实测Y；未重拟合GPR
0.002,33,95,1,76,1,20.8571428571,0.907894736842,固定BMI边界；扰动实测Y；未重拟合GPR
0.002,33,95,2,102,2,19.4285714286,0.921568627451,固定BMI边界；扰动实测Y；未重拟合GPR
0.002,33,95,3,89,5,inf,0.887640449438,固定BMI边界；扰动实测Y；未重拟合GPR
0.002,33,99,1,63,0,26.1428571429,0.984126984127,固定BMI边界；扰动实测Y；未重拟合GPR
0.002,33,99,2,134,4,inf,0.932835820896,固定BMI边界；扰动实测Y；未重拟合GPR
0.002,33,99,3,70,4,inf,0.928571428571,固定BMI边界；扰动实测Y；未重拟合GPR
0.002,34,50,1,65,0,12.8571428571,0.0615384615385,固定BMI边界；扰动实测Y；未重拟合GPR
0.002,34,50,2,62,2,12.7142857143,0.129032258065,固定BMI边界；扰动实测Y；未重拟合GPR
0.002,34,50,3,140,6,13,0.185714285714,固定BMI边界；扰动实测Y；未重拟合GPR
0.002,34,75,1,83,1,13.7142857143,0.578313253012,固定BMI边界；扰动实测Y；未重拟合GPR
0.002,34,75,2,89,3,13.7142857143,0.640449438202,固定BMI边界；扰动实测Y；未重拟合GPR
0.002,34,75,3,95,4,15.5714285714,0.694736842105,固定BMI边界；扰动实测Y；未重拟合GPR
0.002,34,90,1,139,2,16.4285714286,0.856115107914,固定BMI边界；扰动实测Y；未重拟合GPR
0.002,34,90,2,61,2,18.8571428571,0.83606557377,固定BMI边界；扰动实测Y；未重拟合GPR
0.002,34,90,3,67,4,23.4285714286,0.805970149254,固定BMI边界；扰动实测Y；未重拟合GPR
0.002,34,95,1,76,1,20.8571428571,0.907894736842,固定BMI边界；扰动实测Y；未重拟合GPR
0.002,34,95,2,102,3,21.4285714286,0.882352941176,固定BMI边界；扰动实测Y；未重拟合GPR
0.002,34,95,3,89,4,26.4285714286,0.898876404494,固定BMI边界；扰动实测Y；未重拟合GPR
0.002,34,99,1,63,0,26.1428571429,0.984126984127,固定BMI边界；扰动实测Y；未重拟合GPR
0.002,34,99,2,134,4,inf,0.910447761194,固定BMI边界；扰动实测Y；未重拟合GPR
0.002,34,99,3,70,4,inf,0.928571428571,固定BMI边界；扰动实测Y；未重拟合GPR
0.002,35,50,1,65,0,12.7142857143,0.0615384615385,固定BMI边界；扰动实测Y；未重拟合GPR
0.002,35,50,2,62,1,12.5714285714,0.129032258065,固定BMI边界；扰动实测Y；未重拟合GPR
0.002,35,50,3,140,5,13,0.192857142857,固定BMI边界；扰动实测Y；未重拟合GPR
0.002,35,75,1,83,1,13.5714285714,0.590361445783,固定BMI边界；扰动实测Y；未重拟合GPR
0.002,35,75,2,89,2,13.4285714286,0.685393258427,固定BMI边界；扰动实测Y；未重拟合GPR
0.002,35,75,3,95,3,15.1428571429,0.705263157895,固定BMI边界；扰动实测Y；未重拟合GPR
0.002,35,90,1,139,1,16.2857142857,0.884892086331,固定BMI边界；扰动实测Y；未重拟合GPR
0.002,35,90,2,61,2,16.2857142857,0.852459016393,固定BMI边界；扰动实测Y；未重拟合GPR
0.002,35,90,3,67,3,23.4285714286,0.805970149254,固定BMI边界；扰动实测Y；未重拟合GPR
0.002,35,95,1,76,1,20.8571428571,0.907894736842,固定BMI边界；扰动实测Y；未重拟合GPR
0.002,35,95,2,102,2,16.5714285714,0.941176470588,固定BMI边界；扰动实测Y；未重拟合GPR
0.002,35,95,3,89,3,24,0.898876404494,固定BMI边界；扰动实测Y；未重拟合GPR
0.002,35,99,1,63,0,26.1428571429,0.984126984127,固定BMI边界；扰动实测Y；未重拟合GPR
0.002,35,99,2,134,3,inf,0.940298507463,固定BMI边界；扰动实测Y；未重拟合GPR
0.002,35,99,3,70,3,inf,0.942857142857,固定BMI边界；扰动实测Y；未重拟合GPR
0.002,36,50,1,65,0,12.8571428571,0.0615384615385,固定BMI边界；扰动实测Y；未重拟合GPR
0.002,36,50,2,62,1,12.7142857143,0.129032258065,固定BMI边界；扰动实测Y；未重拟合GPR
0.002,36,50,3,140,7,13,0.2,固定BMI边界；扰动实测Y；未重拟合GPR
0.002,36,75,1,83,1,13.7142857143,0.578313253012,固定BMI边界；扰动实测Y；未重拟合GPR
0.002,36,75,2,89,2,13.4285714286,0.685393258427,固定BMI边界；扰动实测Y；未重拟合GPR
0.002,36,75,3,95,5,15.1428571429,0.705263157895,固定BMI边界；扰动实测Y；未重拟合GPR
0.002,36,90,1,139,1,16.2857142857,0.877697841727,固定BMI边界；扰动实测Y；未重拟合GPR
0.002,36,90,2,61,3,16.2857142857,0.868852459016,固定BMI边界；扰动实测Y；未重拟合GPR
0.002,36,90,3,67,4,22,0.820895522388,固定BMI边界；扰动实测Y；未重拟合GPR
0.002,36,95,1,76,1,20.8571428571,0.907894736842,固定BMI边界；扰动实测Y；未重拟合GPR
0.002,36,95,2,102,2,20.1428571429,0.911764705882,固定BMI边界；扰动实测Y；未重拟合GPR
0.002,36,95,3,89,5,inf,0.887640449438,固定BMI边界；扰动实测Y；未重拟合GPR
0.002,36,99,1,63,0,26.1428571429,0.984126984127,固定BMI边界；扰动实测Y；未重拟合GPR
0.002,36,99,2,134,4,inf,0.925373134328,固定BMI边界；扰动实测Y；未重拟合GPR
0.002,36,99,3,70,4,inf,0.928571428571,固定BMI边界；扰动实测Y；未重拟合GPR
0.002,37,50,1,65,0,12.8571428571,0.0615384615385,固定BMI边界；扰动实测Y；未重拟合GPR
0.002,37,50,2,62,2,12.7142857143,0.129032258065,固定BMI边界；扰动实测Y；未重拟合GPR
0.002,37,50,3,140,7,13,0.185714285714,固定BMI边界；扰动实测Y；未重拟合GPR
0.002,37,75,1,83,1,13.7142857143,0.578313253012,固定BMI边界；扰动实测Y；未重拟合GPR
0.002,37,75,2,89,3,13.7142857143,0.640449438202,固定BMI边界；扰动实测Y；未重拟合GPR
0.002,37,75,3,95,5,13.8571428571,0.715789473684,固定BMI边界；扰动实测Y；未重拟合GPR
0.002,37,90,1,139,2,16.5714285714,0.863309352518,固定BMI边界；扰动实测Y；未重拟合GPR
0.002,37,90,2,61,2,16.2857142857,0.852459016393,固定BMI边界；扰动实测Y；未重拟合GPR
0.002,37,90,3,67,5,24,0.805970149254,固定BMI边界；扰动实测Y；未重拟合GPR
0.002,37,95,1,76,1,21.2857142857,0.894736842105,固定BMI边界；扰动实测Y；未重拟合GPR
0.002,37,95,2,102,3,19.5714285714,0.901960784314,固定BMI边界；扰动实测Y；未重拟合GPR
0.002,37,95,3,89,5,inf,0.898876404494,固定BMI边界；扰动实测Y；未重拟合GPR
0.002,37,99,1,63,0,26.1428571429,0.968253968254,固定BMI边界；扰动实测Y；未重拟合GPR
0.002,37,99,2,134,4,inf,0.925373134328,固定BMI边界；扰动实测Y；未重拟合GPR
0.002,37,99,3,70,5,inf,0.914285714286,固定BMI边界；扰动实测Y；未重拟合GPR
0.002,38,50,1,65,0,12.8571428571,0.0615384615385,固定BMI边界；扰动实测Y；未重拟合GPR
0.002,38,50,2,62,2,12.7142857143,0.129032258065,固定BMI边界；扰动实测Y；未重拟合GPR
0.002,38,50,3,140,7,13,0.192857142857,固定BMI边界；扰动实测Y；未重拟合GPR
0.002,38,75,1,83,1,13.7142857143,0.566265060241,固定BMI边界；扰动实测Y；未重拟合GPR
0.002,38,75,2,89,3,13.7142857143,0.662921348315,固定BMI边界；扰动实测Y；未重拟合GPR
0.002,38,75,3,95,5,15.5714285714,0.694736842105,固定BMI边界；扰动实测Y；未重拟合GPR
0.002,38,90,1,139,2,16.4285714286,0.856115107914,固定BMI边界；扰动实测Y；未重拟合GPR
0.002,38,90,2,61,2,15.1428571429,0.868852459016,固定BMI边界；扰动实测Y；未重拟合GPR
0.002,38,90,3,67,5,24,0.820895522388,固定BMI边界；扰动实测Y；未重拟合GPR
0.002,38,95,1,76,1,20.8571428571,0.907894736842,固定BMI边界；扰动实测Y；未重拟合GPR
0.002,38,95,2,102,3,16.5714285714,0.941176470588,固定BMI边界；扰动实测Y；未重拟合GPR
0.002,38,95,3,89,5,inf,0.898876404494,固定BMI边界；扰动实测Y；未重拟合GPR
0.002,38,99,1,63,0,26.1428571429,0.984126984127,固定BMI边界；扰动实测Y；未重拟合GPR
0.002,38,99,2,134,4,inf,0.94776119403,固定BMI边界；扰动实测Y；未重拟合GPR
0.002,38,99,3,70,5,inf,0.914285714286,固定BMI边界；扰动实测Y；未重拟合GPR
0.002,39,50,1,65,0,12.7142857143,0.0615384615385,固定BMI边界；扰动实测Y；未重拟合GPR
0.002,39,50,2,62,1,12.7142857143,0.129032258065,固定BMI边界；扰动实测Y；未重拟合GPR
0.002,39,50,3,140,6,13,0.2,固定BMI边界；扰动实测Y；未重拟合GPR
0.002,39,75,1,83,1,13.7142857143,0.590361445783,固定BMI边界；扰动实测Y；未重拟合GPR
0.002,39,75,2,89,2,13.4285714286,0.674157303371,固定BMI边界；扰动实测Y；未重拟合GPR
0.002,39,75,3,95,4,15.5714285714,0.705263157895,固定BMI边界；扰动实测Y；未重拟合GPR
0.002,39,90,1,139,1,16.2857142857,0.877697841727,固定BMI边界；扰动实测Y；未重拟合GPR
0.002,39,90,2,61,2,16.5714285714,0.852459016393,固定BMI边界；扰动实测Y；未重拟合GPR
0.002,39,90,3,67,4,22,0.820895522388,固定BMI边界；扰动实测Y；未重拟合GPR
0.002,39,95,1,76,1,20.8571428571,0.907894736842,固定BMI边界；扰动实测Y；未重拟合GPR
0.002,39,95,2,102,2,20.5714285714,0.921568627451,固定BMI边界；扰动实测Y；未重拟合GPR
0.002,39,95,3,89,4,26.4285714286,0.910112359551,固定BMI边界；扰动实测Y；未重拟合GPR
0.002,39,99,1,63,0,26.1428571429,0.984126984127,固定BMI边界；扰动实测Y；未重拟合GPR
0.002,39,99,2,134,3,inf,0.925373134328,固定BMI边界；扰动实测Y；未重拟合GPR
0.002,39,99,3,70,4,inf,0.928571428571,固定BMI边界；扰动实测Y；未重拟合GPR
0.002,40,50,1,65,0,12.7142857143,0.0615384615385,固定BMI边界；扰动实测Y；未重拟合GPR
0.002,40,50,2,62,1,12.7142857143,0.129032258065,固定BMI边界；扰动实测Y；未重拟合GPR
0.002,40,50,3,140,6,13,0.2,固定BMI边界；扰动实测Y；未重拟合GPR
0.002,40,75,1,83,1,13.5714285714,0.590361445783,固定BMI边界；扰动实测Y；未重拟合GPR
0.002,40,75,2,89,2,13.4285714286,0.674157303371,固定BMI边界；扰动实测Y；未重拟合GPR
0.002,40,75,3,95,4,15.5714285714,0.705263157895,固定BMI边界；扰动实测Y；未重拟合GPR
0.002,40,90,1,139,1,16.1428571429,0.892086330935,固定BMI边界；扰动实测Y；未重拟合GPR
0.002,40,90,2,61,2,15.1428571429,0.868852459016,固定BMI边界；扰动实测Y；未重拟合GPR
0.002,40,90,3,67,4,23.4285714286,0.835820895522,固定BMI边界；扰动实测Y；未重拟合GPR
0.002,40,95,1,76,1,20.2857142857,0.921052631579,固定BMI边界；扰动实测Y；未重拟合GPR
0.002,40,95,2,102,2,16.5714285714,0.941176470588,固定BMI边界；扰动实测Y；未重拟合GPR
0.002,40,95,3,89,4,26.4285714286,0.898876404494,固定BMI边界；扰动实测Y；未重拟合GPR
0.002,40,99,1,63,0,21.2857142857,1,固定BMI边界；扰动实测Y；未重拟合GPR
0.002,40,99,2,134,3,inf,0.940298507463,固定BMI边界；扰动实测Y；未重拟合GPR
0.002,40,99,3,70,4,inf,0.928571428571,固定BMI边界；扰动实测Y；未重拟合GPR
0.002,41,50,1,65,0,12.8571428571,0.0615384615385,固定BMI边界；扰动实测Y；未重拟合GPR
0.002,41,50,2,62,1,12.7142857143,0.129032258065,固定BMI边界；扰动实测Y；未重拟合GPR
0.002,41,50,3,140,6,13,0.185714285714,固定BMI边界；扰动实测Y；未重拟合GPR
0.002,41,75,1,83,1,13.7142857143,0.566265060241,固定BMI边界；扰动实测Y；未重拟合GPR
0.002,41,75,2,89,2,13.4285714286,0.651685393258,固定BMI边界；扰动实测Y；未重拟合GPR
0.002,41,75,3,95,4,15.5714285714,0.705263157895,固定BMI边界；扰动实测Y；未重拟合GPR
0.002,41,90,1,139,1,16.4285714286,0.863309352518,固定BMI边界；扰动实测Y；未重拟合GPR
0.002,41,90,2,61,2,16.5714285714,0.852459016393,固定BMI边界；扰动实测Y；未重拟合GPR
0.002,41,90,3,67,4,22,0.805970149254,固定BMI边界；扰动实测Y；未重拟合GPR
0.002,41,95,1,76,1,20.8571428571,0.907894736842,固定BMI边界；扰动实测Y；未重拟合GPR
0.002,41,95,2,102,2,19.4285714286,0.911764705882,固定BMI边界；扰动实测Y；未重拟合GPR
0.002,41,95,3,89,4,26.4285714286,0.910112359551,固定BMI边界；扰动实测Y；未重拟合GPR
0.002,41,99,1,63,0,26.1428571429,0.984126984127,固定BMI边界；扰动实测Y；未重拟合GPR
0.002,41,99,2,134,3,inf,0.925373134328,固定BMI边界；扰动实测Y；未重拟合GPR
0.002,41,99,3,70,4,inf,0.928571428571,固定BMI边界；扰动实测Y；未重拟合GPR
0.002,42,50,1,65,0,12.8571428571,0.0615384615385,固定BMI边界；扰动实测Y；未重拟合GPR
0.002,42,50,2,62,2,12.5714285714,0.129032258065,固定BMI边界；扰动实测Y；未重拟合GPR
0.002,42,50,3,140,7,13,0.192857142857,固定BMI边界；扰动实测Y；未重拟合GPR
0.002,42,75,1,83,1,13.7142857143,0.566265060241,固定BMI边界；扰动实测Y；未重拟合GPR
0.002,42,75,2,89,3,13.4285714286,0.662921348315,固定BMI边界；扰动实测Y；未重拟合GPR
0.002,42,75,3,95,5,13.8571428571,0.715789473684,固定BMI边界；扰动实测Y；未重拟合GPR
0.002,42,90,1,139,2,16.4285714286,0.863309352518,固定BMI边界；扰动实测Y；未重拟合GPR
0.002,42,90,2,61,3,15.5714285714,0.852459016393,固定BMI边界；扰动实测Y；未重拟合GPR
0.002,42,90,3,67,4,23.4285714286,0.835820895522,固定BMI边界；扰动实测Y；未重拟合GPR
0.002,42,95,1,76,1,20.8571428571,0.907894736842,固定BMI边界；扰动实测Y；未重拟合GPR
0.002,42,95,2,102,3,16.5714285714,0.93137254902,固定BMI边界；扰动实测Y；未重拟合GPR
0.002,42,95,3,89,5,inf,0.887640449438,固定BMI边界；扰动实测Y；未重拟合GPR
0.002,42,99,1,63,0,26.1428571429,0.984126984127,固定BMI边界；扰动实测Y；未重拟合GPR
0.002,42,99,2,134,5,inf,0.940298507463,固定BMI边界；扰动实测Y；未重拟合GPR
0.002,42,99,3,70,4,inf,0.928571428571,固定BMI边界；扰动实测Y；未重拟合GPR
0.002,43,50,1,65,0,12.8571428571,0.0615384615385,固定BMI边界；扰动实测Y；未重拟合GPR
0.002,43,50,2,62,1,12.7142857143,0.129032258065,固定BMI边界；扰动实测Y；未重拟合GPR
0.002,43,50,3,140,6,13,0.2,固定BMI边界；扰动实测Y；未重拟合GPR
0.002,43,75,1,83,1,13.7142857143,0.566265060241,固定BMI边界；扰动实测Y；未重拟合GPR
0.002,43,75,2,89,2,13.4285714286,0.674157303371,固定BMI边界；扰动实测Y；未重拟合GPR
0.002,43,75,3,95,4,16,0.694736842105,固定BMI边界；扰动实测Y；未重拟合GPR
0.002,43,90,1,139,1,16.4285714286,0.863309352518,固定BMI边界；扰动实测Y；未重拟合GPR
0.002,43,90,2,61,2,15.1428571429,0.868852459016,固定BMI边界；扰动实测Y；未重拟合GPR
0.002,43,90,3,67,4,23.4285714286,0.820895522388,固定BMI边界；扰动实测Y；未重拟合GPR
0.002,43,95,1,76,1,20.8571428571,0.907894736842,固定BMI边界；扰动实测Y；未重拟合GPR
0.002,43,95,2,102,2,17.8571428571,0.921568627451,固定BMI边界；扰动实测Y；未重拟合GPR
0.002,43,95,3,89,4,26.4285714286,0.887640449438,固定BMI边界；扰动实测Y；未重拟合GPR
0.002,43,99,1,63,0,26.1428571429,0.984126984127,固定BMI边界；扰动实测Y；未重拟合GPR
0.002,43,99,2,134,3,inf,0.940298507463,固定BMI边界；扰动实测Y；未重拟合GPR
0.002,43,99,3,70,4,inf,0.928571428571,固定BMI边界；扰动实测Y；未重拟合GPR
0.002,44,50,1,65,0,12.8571428571,0.0615384615385,固定BMI边界；扰动实测Y；未重拟合GPR
0.002,44,50,2,62,1,12.7142857143,0.129032258065,固定BMI边界；扰动实测Y；未重拟合GPR
0.002,44,50,3,140,7,13,0.185714285714,固定BMI边界；扰动实测Y；未重拟合GPR
0.002,44,75,1,83,1,13.7142857143,0.55421686747,固定BMI边界；扰动实测Y；未重拟合GPR
0.002,44,75,2,89,2,13.4285714286,0.662921348315,固定BMI边界；扰动实测Y；未重拟合GPR
0.002,44,75,3,95,5,16,0.694736842105,固定BMI边界；扰动实测Y；未重拟合GPR
0.002,44,90,1,139,1,16.4285714286,0.870503597122,固定BMI边界；扰动实测Y；未重拟合GPR
0.002,44,90,2,61,2,16.2857142857,0.852459016393,固定BMI边界；扰动实测Y；未重拟合GPR
0.002,44,90,3,67,5,24,0.805970149254,固定BMI边界；扰动实测Y；未重拟合GPR
0.002,44,95,1,76,1,21.2857142857,0.894736842105,固定BMI边界；扰动实测Y；未重拟合GPR
0.002,44,95,2,102,2,19.4285714286,0.93137254902,固定BMI边界；扰动实测Y；未重拟合GPR
0.002,44,95,3,89,5,inf,0.898876404494,固定BMI边界；扰动实测Y；未重拟合GPR
0.002,44,99,1,63,0,26.1428571429,0.968253968254,固定BMI边界；扰动实测Y；未重拟合GPR
0.002,44,99,2,134,3,inf,0.932835820896,固定BMI边界；扰动实测Y；未重拟合GPR
0.002,44,99,3,70,5,inf,0.914285714286,固定BMI边界；扰动实测Y；未重拟合GPR
0.002,45,50,1,65,0,12.8571428571,0.0615384615385,固定BMI边界；扰动实测Y；未重拟合GPR
0.002,45,50,2,62,1,12.7142857143,0.129032258065,固定BMI边界；扰动实测Y；未重拟合GPR
0.002,45,50,3,140,6,13,0.192857142857,固定BMI边界；扰动实测Y；未重拟合GPR
0.002,45,75,1,83,1,13.7142857143,0.578313253012,固定BMI边界；扰动实测Y；未重拟合GPR
0.002,45,75,2,89,2,13.4285714286,0.674157303371,固定BMI边界；扰动实测Y；未重拟合GPR
0.002,45,75,3,95,4,16,0.694736842105,固定BMI边界；扰动实测Y；未重拟合GPR
0.002,45,90,1,139,1,16.2857142857,0.877697841727,固定BMI边界；扰动实测Y；未重拟合GPR
0.002,45,90,2,61,2,15.1428571429,0.885245901639,固定BMI边界；扰动实测Y；未重拟合GPR
0.002,45,90,3,67,4,23.4285714286,0.820895522388,固定BMI边界；扰动实测Y；未重拟合GPR
0.002,45,95,1,76,1,20.8571428571,0.907894736842,固定BMI边界；扰动实测Y；未重拟合GPR
0.002,45,95,2,102,2,18.8571428571,0.921568627451,固定BMI边界；扰动实测Y；未重拟合GPR
0.002,45,95,3,89,4,26.4285714286,0.898876404494,固定BMI边界；扰动实测Y；未重拟合GPR
0.002,45,99,1,63,0,26.1428571429,0.984126984127,固定BMI边界；扰动实测Y；未重拟合GPR
0.002,45,99,2,134,3,inf,0.932835820896,固定BMI边界；扰动实测Y；未重拟合GPR
0.002,45,99,3,70,4,inf,0.928571428571,固定BMI边界；扰动实测Y；未重拟合GPR
0.002,46,50,1,65,0,12.8571428571,0.0615384615385,固定BMI边界；扰动实测Y；未重拟合GPR
0.002,46,50,2,62,1,12.7142857143,0.129032258065,固定BMI边界；扰动实测Y；未重拟合GPR
0.002,46,50,3,140,6,13,0.192857142857,固定BMI边界；扰动实测Y；未重拟合GPR
0.002,46,75,1,83,1,13.7142857143,0.566265060241,固定BMI边界；扰动实测Y；未重拟合GPR
0.002,46,75,2,89,2,13.4285714286,0.674157303371,固定BMI边界；扰动实测Y；未重拟合GPR
0.002,46,75,3,95,4,16,0.705263157895,固定BMI边界；扰动实测Y；未重拟合GPR
0.002,46,90,1,139,1,16.4285714286,0.863309352518,固定BMI边界；扰动实测Y；未重拟合GPR
0.002,46,90,2,61,2,16.5714285714,0.852459016393,固定BMI边界；扰动实测Y；未重拟合GPR
0.002,46,90,3,67,4,23.4285714286,0.820895522388,固定BMI边界；扰动实测Y；未重拟合GPR
0.002,46,95,1,76,1,20.8571428571,0.907894736842,固定BMI边界；扰动实测Y；未重拟合GPR
0.002,46,95,2,102,2,20.5714285714,0.901960784314,固定BMI边界；扰动实测Y；未重拟合GPR
0.002,46,95,3,89,4,26.4285714286,0.898876404494,固定BMI边界；扰动实测Y；未重拟合GPR
0.002,46,99,1,63,0,26.1428571429,0.984126984127,固定BMI边界；扰动实测Y；未重拟合GPR
0.002,46,99,2,134,3,inf,0.917910447761,固定BMI边界；扰动实测Y；未重拟合GPR
0.002,46,99,3,70,4,inf,0.928571428571,固定BMI边界；扰动实测Y；未重拟合GPR
0.002,47,50,1,65,0,12.8571428571,0.0615384615385,固定BMI边界；扰动实测Y；未重拟合GPR
0.002,47,50,2,62,1,12.7142857143,0.129032258065,固定BMI边界；扰动实测Y；未重拟合GPR
0.002,47,50,3,140,6,13,0.192857142857,固定BMI边界；扰动实测Y；未重拟合GPR
0.002,47,75,1,83,1,13.7142857143,0.566265060241,固定BMI边界；扰动实测Y；未重拟合GPR
0.002,47,75,2,89,2,13.4285714286,0.674157303371,固定BMI边界；扰动实测Y；未重拟合GPR
0.002,47,75,3,95,4,15.5714285714,0.705263157895,固定BMI边界；扰动实测Y；未重拟合GPR
0.002,47,90,1,139,1,16.4285714286,0.863309352518,固定BMI边界；扰动实测Y；未重拟合GPR
0.002,47,90,2,61,2,15.1428571429,0.868852459016,固定BMI边界；扰动实测Y；未重拟合GPR
0.002,47,90,3,67,4,22,0.820895522388,固定BMI边界；扰动实测Y；未重拟合GPR
0.002,47,95,1,76,1,20.8571428571,0.907894736842,固定BMI边界；扰动实测Y；未重拟合GPR
0.002,47,95,2,102,2,16.5714285714,0.93137254902,固定BMI边界；扰动实测Y；未重拟合GPR
0.002,47,95,3,89,4,26.4285714286,0.910112359551,固定BMI边界；扰动实测Y；未重拟合GPR
0.002,47,99,1,63,0,26.1428571429,0.984126984127,固定BMI边界；扰动实测Y；未重拟合GPR
0.002,47,99,2,134,3,inf,0.94776119403,固定BMI边界；扰动实测Y；未重拟合GPR
0.002,47,99,3,70,4,inf,0.928571428571,固定BMI边界；扰动实测Y；未重拟合GPR
0.002,48,50,1,65,0,12.8571428571,0.0615384615385,固定BMI边界；扰动实测Y；未重拟合GPR
0.002,48,50,2,62,1,12.7142857143,0.129032258065,固定BMI边界；扰动实测Y；未重拟合GPR
0.002,48,50,3,140,6,13,0.2,固定BMI边界；扰动实测Y；未重拟合GPR
0.002,48,75,1,83,1,13.7142857143,0.578313253012,固定BMI边界；扰动实测Y；未重拟合GPR
0.002,48,75,2,89,2,13.2857142857,0.685393258427,固定BMI边界；扰动实测Y；未重拟合GPR
0.002,48,75,3,95,4,16,0.694736842105,固定BMI边界；扰动实测Y；未重拟合GPR
0.002,48,90,1,139,1,16.4285714286,0.870503597122,固定BMI边界；扰动实测Y；未重拟合GPR
0.002,48,90,2,61,3,15.1428571429,0.885245901639,固定BMI边界；扰动实测Y；未重拟合GPR
0.002,48,90,3,67,3,22,0.820895522388,固定BMI边界；扰动实测Y；未重拟合GPR
0.002,48,95,1,76,1,21.2857142857,0.894736842105,固定BMI边界；扰动实测Y；未重拟合GPR
0.002,48,95,2,102,2,17.8571428571,0.93137254902,固定BMI边界；扰动实测Y；未重拟合GPR
0.002,48,95,3,89,4,26.4285714286,0.887640449438,固定BMI边界；扰动实测Y；未重拟合GPR
0.002,48,99,1,63,0,26.1428571429,0.968253968254,固定BMI边界；扰动实测Y；未重拟合GPR
0.002,48,99,2,134,4,inf,0.940298507463,固定BMI边界；扰动实测Y；未重拟合GPR
0.002,48,99,3,70,3,inf,0.942857142857,固定BMI边界；扰动实测Y；未重拟合GPR
0.002,49,50,1,65,0,12.8571428571,0.0615384615385,固定BMI边界；扰动实测Y；未重拟合GPR
0.002,49,50,2,62,1,12.7142857143,0.129032258065,固定BMI边界；扰动实测Y；未重拟合GPR
0.002,49,50,3,140,7,13,0.192857142857,固定BMI边界；扰动实测Y；未重拟合GPR
0.002,49,75,1,83,1,13.7142857143,0.566265060241,固定BMI边界；扰动实测Y；未重拟合GPR
0.002,49,75,2,89,2,13.4285714286,0.685393258427,固定BMI边界；扰动实测Y；未重拟合GPR
0.002,49,75,3,95,5,15.5714285714,0.694736842105,固定BMI边界；扰动实测Y；未重拟合GPR
0.002,49,90,1,139,1,16.2857142857,0.884892086331,固定BMI边界；扰动实测Y；未重拟合GPR
0.002,49,90,2,61,3,16.2857142857,0.868852459016,固定BMI边界；扰动实测Y；未重拟合GPR
0.002,49,90,3,67,4,23.4285714286,0.805970149254,固定BMI边界；扰动实测Y；未重拟合GPR
0.002,49,95,1,76,1,20.8571428571,0.907894736842,固定BMI边界；扰动实测Y；未重拟合GPR
0.002,49,95,2,102,2,20.1428571429,0.921568627451,固定BMI边界；扰动实测Y；未重拟合GPR
0.002,49,95,3,89,5,inf,0.887640449438,固定BMI边界；扰动实测Y；未重拟合GPR
0.002,49,99,1,63,0,23.1428571429,0.984126984127,固定BMI边界；扰动实测Y；未重拟合GPR
0.002,49,99,2,134,4,inf,0.925373134328,固定BMI边界；扰动实测Y；未重拟合GPR
0.002,49,99,3,70,4,inf,0.928571428571,固定BMI边界；扰动实测Y；未重拟合GPR
0.002,50,50,1,65,0,12.8571428571,0.0615384615385,固定BMI边界；扰动实测Y；未重拟合GPR
0.002,50,50,2,62,1,12.7142857143,0.129032258065,固定BMI边界；扰动实测Y；未重拟合GPR
0.002,50,50,3,140,7,13,0.185714285714,固定BMI边界；扰动实测Y；未重拟合GPR
0.002,50,75,1,83,1,13.7142857143,0.578313253012,固定BMI边界；扰动实测Y；未重拟合GPR
0.002,50,75,2,89,2,13.7142857143,0.662921348315,固定BMI边界；扰动实测Y；未重拟合GPR
0.002,50,75,3,95,5,15.5714285714,0.705263157895,固定BMI边界；扰动实测Y；未重拟合GPR
0.002,50,90,1,139,1,16.4285714286,0.863309352518,固定BMI边界；扰动实测Y；未重拟合GPR
0.002,50,90,2,61,3,15.1428571429,0.868852459016,固定BMI边界；扰动实测Y；未重拟合GPR
0.002,50,90,3,67,4,22,0.805970149254,固定BMI边界；扰动实测Y；未重拟合GPR
0.002,50,95,1,76,1,21.2857142857,0.894736842105,固定BMI边界；扰动实测Y；未重拟合GPR
0.002,50,95,2,102,2,16.5714285714,0.93137254902,固定BMI边界；扰动实测Y；未重拟合GPR
0.002,50,95,3,89,5,inf,0.898876404494,固定BMI边界；扰动实测Y；未重拟合GPR
0.002,50,99,1,63,0,26.1428571429,0.968253968254,固定BMI边界；扰动实测Y；未重拟合GPR
0.002,50,99,2,134,4,inf,0.94776119403,固定BMI边界；扰动实测Y；未重拟合GPR
0.002,50,99,3,70,4,inf,0.928571428571,固定BMI边界；扰动实测Y；未重拟合GPR
0.002,51,50,1,65,0,12.7142857143,0.0615384615385,固定BMI边界；扰动实测Y；未重拟合GPR
0.002,51,50,2,62,1,12.7142857143,0.129032258065,固定BMI边界；扰动实测Y；未重拟合GPR
0.002,51,50,3,140,7,13,0.192857142857,固定BMI边界；扰动实测Y；未重拟合GPR
0.002,51,75,1,83,1,13.5714285714,0.590361445783,固定BMI边界；扰动实测Y；未重拟合GPR
0.002,51,75,2,89,2,13.7142857143,0.662921348315,固定BMI边界；扰动实测Y；未重拟合GPR
0.002,51,75,3,95,5,16,0.694736842105,固定BMI边界；扰动实测Y；未重拟合GPR
0.002,51,90,1,139,1,16.4285714286,0.870503597122,固定BMI边界；扰动实测Y；未重拟合GPR
0.002,51,90,2,61,2,16.2857142857,0.852459016393,固定BMI边界；扰动实测Y；未重拟合GPR
0.002,51,90,3,67,5,24,0.805970149254,固定BMI边界；扰动实测Y；未重拟合GPR
0.002,51,95,1,76,1,20.8571428571,0.907894736842,固定BMI边界；扰动实测Y；未重拟合GPR
0.002,51,95,2,102,2,18.8571428571,0.911764705882,固定BMI边界；扰动实测Y；未重拟合GPR
0.002,51,95,3,89,5,inf,0.898876404494,固定BMI边界；扰动实测Y；未重拟合GPR
0.002,51,99,1,63,0,26.1428571429,0.984126984127,固定BMI边界；扰动实测Y；未重拟合GPR
0.002,51,99,2,134,3,inf,0.932835820896,固定BMI边界；扰动实测Y；未重拟合GPR
0.002,51,99,3,70,5,inf,0.914285714286,固定BMI边界；扰动实测Y；未重拟合GPR
0.002,52,50,1,65,0,12.8571428571,0.0615384615385,固定BMI边界；扰动实测Y；未重拟合GPR
0.002,52,50,2,62,1,12.7142857143,0.129032258065,固定BMI边界；扰动实测Y；未重拟合GPR
0.002,52,50,3,140,5,13,0.2,固定BMI边界；扰动实测Y；未重拟合GPR
0.002,52,75,1,83,1,13.7142857143,0.578313253012,固定BMI边界；扰动实测Y；未重拟合GPR
0.002,52,75,2,89,2,13.4285714286,0.685393258427,固定BMI边界；扰动实测Y；未重拟合GPR
0.002,52,75,3,95,3,16,0.705263157895,固定BMI边界；扰动实测Y；未重拟合GPR
0.002,52,90,1,139,1,16.2857142857,0.884892086331,固定BMI边界；扰动实测Y；未重拟合GPR
0.002,52,90,2,61,2,16.2857142857,0.868852459016,固定BMI边界；扰动实测Y；未重拟合GPR
0.002,52,90,3,67,3,22,0.835820895522,固定BMI边界；扰动实测Y；未重拟合GPR
0.002,52,95,1,76,1,20.8571428571,0.907894736842,固定BMI边界；扰动实测Y；未重拟合GPR
0.002,52,95,2,102,2,18.8571428571,0.93137254902,固定BMI边界；扰动实测Y；未重拟合GPR
0.002,52,95,3,89,3,24,0.910112359551,固定BMI边界；扰动实测Y；未重拟合GPR
0.002,52,99,1,63,0,26.1428571429,0.984126984127,固定BMI边界；扰动实测Y；未重拟合GPR
0.002,52,99,2,134,3,inf,0.932835820896,固定BMI边界；扰动实测Y；未重拟合GPR
0.002,52,99,3,70,3,inf,0.942857142857,固定BMI边界；扰动实测Y；未重拟合GPR
0.002,53,50,1,65,0,12.7142857143,0.0615384615385,固定BMI边界；扰动实测Y；未重拟合GPR
0.002,53,50,2,62,1,12.7142857143,0.129032258065,固定BMI边界；扰动实测Y；未重拟合GPR
0.002,53,50,3,140,6,13,0.192857142857,固定BMI边界；扰动实测Y；未重拟合GPR
0.002,53,75,1,83,1,13.7142857143,0.590361445783,固定BMI边界；扰动实测Y；未重拟合GPR
0.002,53,75,2,89,2,13.4285714286,0.674157303371,固定BMI边界；扰动实测Y；未重拟合GPR
0.002,53,75,3,95,4,16,0.694736842105,固定BMI边界；扰动实测Y；未重拟合GPR
0.002,53,90,1,139,1,16.7142857143,0.863309352518,固定BMI边界；扰动实测Y；未重拟合GPR
0.002,53,90,2,61,2,16.2857142857,0.868852459016,固定BMI边界；扰动实测Y；未重拟合GPR
0.002,53,90,3,67,4,22,0.805970149254,固定BMI边界；扰动实测Y；未重拟合GPR
0.002,53,95,1,76,1,21.2857142857,0.907894736842,固定BMI边界；扰动实测Y；未重拟合GPR
0.002,53,95,2,102,2,20.1428571429,0.901960784314,固定BMI边界；扰动实测Y；未重拟合GPR
0.002,53,95,3,89,4,26.4285714286,0.910112359551,固定BMI边界；扰动实测Y；未重拟合GPR
0.002,53,99,1,63,0,26.1428571429,0.968253968254,固定BMI边界；扰动实测Y；未重拟合GPR
0.002,53,99,2,134,3,inf,0.917910447761,固定BMI边界；扰动实测Y；未重拟合GPR
0.002,53,99,3,70,4,inf,0.928571428571,固定BMI边界；扰动实测Y；未重拟合GPR
0.002,54,50,1,65,0,12.8571428571,0.0615384615385,固定BMI边界；扰动实测Y；未重拟合GPR
0.002,54,50,2,62,1,12.7142857143,0.129032258065,固定BMI边界；扰动实测Y；未重拟合GPR
0.002,54,50,3,140,6,13,0.192857142857,固定BMI边界；扰动实测Y；未重拟合GPR
0.002,54,75,1,83,1,13.7142857143,0.578313253012,固定BMI边界；扰动实测Y；未重拟合GPR
0.002,54,75,2,89,2,13.4285714286,0.662921348315,固定BMI边界；扰动实测Y；未重拟合GPR
0.002,54,75,3,95,4,16,0.694736842105,固定BMI边界；扰动实测Y；未重拟合GPR
0.002,54,90,1,139,1,16.4285714286,0.870503597122,固定BMI边界；扰动实测Y；未重拟合GPR
0.002,54,90,2,61,2,16.2857142857,0.868852459016,固定BMI边界；扰动实测Y；未重拟合GPR
0.002,54,90,3,67,4,22,0.850746268657,固定BMI边界；扰动实测Y；未重拟合GPR
0.002,54,95,1,76,1,20.8571428571,0.907894736842,固定BMI边界；扰动实测Y；未重拟合GPR
0.002,54,95,2,102,2,20.1428571429,0.911764705882,固定BMI边界；扰动实测Y；未重拟合GPR
0.002,54,95,3,89,4,26.4285714286,0.910112359551,固定BMI边界；扰动实测Y；未重拟合GPR
0.002,54,99,1,63,0,26.1428571429,0.984126984127,固定BMI边界；扰动实测Y；未重拟合GPR
0.002,54,99,2,134,3,inf,0.925373134328,固定BMI边界；扰动实测Y；未重拟合GPR
0.002,54,99,3,70,4,inf,0.928571428571,固定BMI边界；扰动实测Y；未重拟合GPR
0.002,55,50,1,65,0,12.8571428571,0.0615384615385,固定BMI边界；扰动实测Y；未重拟合GPR
0.002,55,50,2,62,2,12.7142857143,0.129032258065,固定BMI边界；扰动实测Y；未重拟合GPR
0.002,55,50,3,140,7,13,0.192857142857,固定BMI边界；扰动实测Y；未重拟合GPR
0.002,55,75,1,83,1,13.7142857143,0.578313253012,固定BMI边界；扰动实测Y；未重拟合GPR
0.002,55,75,2,89,3,13.4285714286,0.674157303371,固定BMI边界；扰动实测Y；未重拟合GPR
0.002,55,75,3,95,5,16,0.694736842105,固定BMI边界；扰动实测Y；未重拟合GPR
0.002,55,90,1,139,2,16.4285714286,0.863309352518,固定BMI边界；扰动实测Y；未重拟合GPR
0.002,55,90,2,61,2,14.8571428571,0.885245901639,固定BMI边界；扰动实测Y；未重拟合GPR
0.002,55,90,3,67,5,24,0.820895522388,固定BMI边界；扰动实测Y；未重拟合GPR
0.002,55,95,1,76,1,23.1428571429,0.894736842105,固定BMI边界；扰动实测Y；未重拟合GPR
0.002,55,95,2,102,3,17.8571428571,0.93137254902,固定BMI边界；扰动实测Y；未重拟合GPR
0.002,55,95,3,89,5,inf,0.898876404494,固定BMI边界；扰动实测Y；未重拟合GPR
0.002,55,99,1,63,0,26.1428571429,0.952380952381,固定BMI边界；扰动实测Y；未重拟合GPR
0.002,55,99,2,134,4,inf,0.940298507463,固定BMI边界；扰动实测Y；未重拟合GPR
0.002,55,99,3,70,5,inf,0.914285714286,固定BMI边界；扰动实测Y；未重拟合GPR
0.002,56,50,1,65,0,12.8571428571,0.0615384615385,固定BMI边界；扰动实测Y；未重拟合GPR
0.002,56,50,2,62,1,12.7142857143,0.129032258065,固定BMI边界；扰动实测Y；未重拟合GPR
0.002,56,50,3,140,7,13,0.185714285714,固定BMI边界；扰动实测Y；未重拟合GPR
0.002,56,75,1,83,1,13.7142857143,0.566265060241,固定BMI边界；扰动实测Y；未重拟合GPR
0.002,56,75,2,89,2,13.7142857143,0.651685393258,固定BMI边界；扰动实测Y；未重拟合GPR
0.002,56,75,3,95,5,13.8571428571,0.715789473684,固定BMI边界；扰动实测Y；未重拟合GPR
0.002,56,90,1,139,1,16.4285714286,0.863309352518,固定BMI边界；扰动实测Y；未重拟合GPR
0.002,56,90,2,61,3,18.8571428571,0.83606557377,固定BMI边界；扰动实测Y；未重拟合GPR
0.002,56,90,3,67,4,23.4285714286,0.820895522388,固定BMI边界；扰动实测Y；未重拟合GPR
0.002,56,95,1,76,1,20.8571428571,0.907894736842,固定BMI边界；扰动实测Y；未重拟合GPR
0.002,56,95,2,102,2,20.5714285714,0.892156862745,固定BMI边界；扰动实测Y；未重拟合GPR
0.002,56,95,3,89,5,inf,0.887640449438,固定BMI边界；扰动实测Y；未重拟合GPR
0.002,56,99,1,63,0,26.1428571429,0.984126984127,固定BMI边界；扰动实测Y；未重拟合GPR
0.002,56,99,2,134,4,inf,0.910447761194,固定BMI边界；扰动实测Y；未重拟合GPR
0.002,56,99,3,70,4,inf,0.928571428571,固定BMI边界；扰动实测Y；未重拟合GPR
0.002,57,50,1,65,0,12.8571428571,0.0615384615385,固定BMI边界；扰动实测Y；未重拟合GPR
0.002,57,50,2,62,0,12.5714285714,0.145161290323,固定BMI边界；扰动实测Y；未重拟合GPR
0.002,57,50,3,140,6,13,0.192857142857,固定BMI边界；扰动实测Y；未重拟合GPR
0.002,57,75,1,83,0,13.5714285714,0.590361445783,固定BMI边界；扰动实测Y；未重拟合GPR
0.002,57,75,2,89,2,13.4285714286,0.674157303371,固定BMI边界；扰动实测Y；未重拟合GPR
0.002,57,75,3,95,4,16,0.694736842105,固定BMI边界；扰动实测Y；未重拟合GPR
0.002,57,90,1,139,0,16.1428571429,0.892086330935,固定BMI边界；扰动实测Y；未重拟合GPR
0.002,57,90,2,61,2,16.5714285714,0.852459016393,固定BMI边界；扰动实测Y；未重拟合GPR
0.002,57,90,3,67,4,23.4285714286,0.820895522388,固定BMI边界；扰动实测Y；未重拟合GPR
0.002,57,95,1,76,0,20.8571428571,0.907894736842,固定BMI边界；扰动实测Y；未重拟合GPR
0.002,57,95,2,102,2,18.8571428571,0.921568627451,固定BMI边界；扰动实测Y；未重拟合GPR
0.002,57,95,3,89,4,26.4285714286,0.898876404494,固定BMI边界；扰动实测Y；未重拟合GPR
0.002,57,99,1,63,0,26.1428571429,0.968253968254,固定BMI边界；扰动实测Y；未重拟合GPR
0.002,57,99,2,134,2,inf,0.940298507463,固定BMI边界；扰动实测Y；未重拟合GPR
0.002,57,99,3,70,4,inf,0.928571428571,固定BMI边界；扰动实测Y；未重拟合GPR
0.002,58,50,1,65,0,12.8571428571,0.0615384615385,固定BMI边界；扰动实测Y；未重拟合GPR
0.002,58,50,2,62,1,12.7142857143,0.129032258065,固定BMI边界；扰动实测Y；未重拟合GPR
0.002,58,50,3,140,8,13,0.192857142857,固定BMI边界；扰动实测Y；未重拟合GPR
0.002,58,75,1,83,1,13.8571428571,0.55421686747,固定BMI边界；扰动实测Y；未重拟合GPR
0.002,58,75,2,89,2,13.7142857143,0.651685393258,固定BMI边界；扰动实测Y；未重拟合GPR
0.002,58,75,3,95,6,15.5714285714,0.694736842105,固定BMI边界；扰动实测Y；未重拟合GPR
0.002,58,90,1,139,1,16.4285714286,0.856115107914,固定BMI边界；扰动实测Y；未重拟合GPR
0.002,58,90,2,61,3,16.5714285714,0.852459016393,固定BMI边界；扰动实测Y；未重拟合GPR
0.002,58,90,3,67,5,24,0.835820895522,固定BMI边界；扰动实测Y；未重拟合GPR
0.002,58,95,1,76,1,21.2857142857,0.894736842105,固定BMI边界；扰动实测Y；未重拟合GPR
0.002,58,95,2,102,2,18.8571428571,0.921568627451,固定BMI边界；扰动实测Y；未重拟合GPR
0.002,58,95,3,89,6,inf,0.887640449438,固定BMI边界；扰动实测Y；未重拟合GPR
0.002,58,99,1,63,0,26.1428571429,0.968253968254,固定BMI边界；扰动实测Y；未重拟合GPR
0.002,58,99,2,134,4,inf,0.932835820896,固定BMI边界；扰动实测Y；未重拟合GPR
0.002,58,99,3,70,5,inf,0.914285714286,固定BMI边界；扰动实测Y；未重拟合GPR
0.002,59,50,1,65,0,12.8571428571,0.0615384615385,固定BMI边界；扰动实测Y；未重拟合GPR
0.002,59,50,2,62,2,12.7142857143,0.129032258065,固定BMI边界；扰动实测Y；未重拟合GPR
0.002,59,50,3,140,7,13,0.192857142857,固定BMI边界；扰动实测Y；未重拟合GPR
0.002,59,75,1,83,1,13.7142857143,0.578313253012,固定BMI边界；扰动实测Y；未重拟合GPR
0.002,59,75,2,89,3,13.4285714286,0.685393258427,固定BMI边界；扰动实测Y；未重拟合GPR
0.002,59,75,3,95,5,15.5714285714,0.705263157895,固定BMI边界；扰动实测Y；未重拟合GPR
0.002,59,90,1,139,2,16.2857142857,0.877697841727,固定BMI边界；扰动实测Y；未重拟合GPR
0.002,59,90,2,61,2,15.1428571429,0.885245901639,固定BMI边界；扰动实测Y；未重拟合GPR
0.002,59,90,3,67,5,24,0.820895522388,固定BMI边界；扰动实测Y；未重拟合GPR
0.002,59,95,1,76,1,20.8571428571,0.907894736842,固定BMI边界；扰动实测Y；未重拟合GPR
0.002,59,95,2,102,3,20.1428571429,0.921568627451,固定BMI边界；扰动实测Y；未重拟合GPR
0.002,59,95,3,89,5,inf,0.898876404494,固定BMI边界；扰动实测Y；未重拟合GPR
0.002,59,99,1,63,0,26.1428571429,0.984126984127,固定BMI边界；扰动实测Y；未重拟合GPR
0.002,59,99,2,134,4,inf,0.925373134328,固定BMI边界；扰动实测Y；未重拟合GPR
0.002,59,99,3,70,5,inf,0.914285714286,固定BMI边界；扰动实测Y；未重拟合GPR
0.002,60,50,1,65,0,12.8571428571,0.0615384615385,固定BMI边界；扰动实测Y；未重拟合GPR
0.002,60,50,2,62,1,12.7142857143,0.129032258065,固定BMI边界；扰动实测Y；未重拟合GPR
0.002,60,50,3,140,5,13,0.192857142857,固定BMI边界；扰动实测Y；未重拟合GPR
0.002,60,75,1,83,1,13.7142857143,0.566265060241,固定BMI边界；扰动实测Y；未重拟合GPR
0.002,60,75,2,89,2,13.7142857143,0.640449438202,固定BMI边界；扰动实测Y；未重拟合GPR
0.002,60,75,3,95,3,13.8571428571,0.715789473684,固定BMI边界；扰动实测Y；未重拟合GPR
0.002,60,90,1,139,1,16.4285714286,0.870503597122,固定BMI边界；扰动实测Y；未重拟合GPR
0.002,60,90,2,61,2,18.8571428571,0.83606557377,固定BMI边界；扰动实测Y；未重拟合GPR
0.002,60,90,3,67,3,22,0.835820895522,固定BMI边界；扰动实测Y；未重拟合GPR
0.002,60,95,1,76,1,20.8571428571,0.907894736842,固定BMI边界；扰动实测Y；未重拟合GPR
0.002,60,95,2,102,2,19.4285714286,0.911764705882,固定BMI边界；扰动实测Y；未重拟合GPR
0.002,60,95,3,89,3,24,0.910112359551,固定BMI边界；扰动实测Y；未重拟合GPR
0.002,60,99,1,63,0,26.1428571429,0.984126984127,固定BMI边界；扰动实测Y；未重拟合GPR
0.002,60,99,2,134,3,inf,0.925373134328,固定BMI边界；扰动实测Y；未重拟合GPR
0.002,60,99,3,70,3,inf,0.942857142857,固定BMI边界；扰动实测Y；未重拟合GPR
0.002,61,50,1,65,0,12.8571428571,0.0615384615385,固定BMI边界；扰动实测Y；未重拟合GPR
0.002,61,50,2,62,1,12.7142857143,0.129032258065,固定BMI边界；扰动实测Y；未重拟合GPR
0.002,61,50,3,140,7,13,0.192857142857,固定BMI边界；扰动实测Y；未重拟合GPR
0.002,61,75,1,83,1,13.7142857143,0.578313253012,固定BMI边界；扰动实测Y；未重拟合GPR
0.002,61,75,2,89,2,13.7142857143,0.640449438202,固定BMI边界；扰动实测Y；未重拟合GPR
0.002,61,75,3,95,5,13.8571428571,0.715789473684,固定BMI边界；扰动实测Y；未重拟合GPR
0.002,61,90,1,139,1,16.5714285714,0.863309352518,固定BMI边界；扰动实测Y；未重拟合GPR
0.002,61,90,2,61,2,18.8571428571,0.852459016393,固定BMI边界；扰动实测Y；未重拟合GPR
0.002,61,90,3,67,5,24,0.820895522388,固定BMI边界；扰动实测Y；未重拟合GPR
0.002,61,95,1,76,1,20.8571428571,0.907894736842,固定BMI边界；扰动实测Y；未重拟合GPR
0.002,61,95,2,102,2,20.1428571429,0.872549019608,固定BMI边界；扰动实测Y；未重拟合GPR
0.002,61,95,3,89,5,inf,0.898876404494,固定BMI边界；扰动实测Y；未重拟合GPR
0.002,61,99,1,63,0,26.1428571429,0.984126984127,固定BMI边界；扰动实测Y；未重拟合GPR
0.002,61,99,2,134,3,inf,0.902985074627,固定BMI边界；扰动实测Y；未重拟合GPR
0.002,61,99,3,70,5,inf,0.914285714286,固定BMI边界；扰动实测Y；未重拟合GPR
0.002,62,50,1,65,0,12.8571428571,0.0615384615385,固定BMI边界；扰动实测Y；未重拟合GPR
0.002,62,50,2,62,2,12.7142857143,0.129032258065,固定BMI边界；扰动实测Y；未重拟合GPR
0.002,62,50,3,140,6,13,0.185714285714,固定BMI边界；扰动实测Y；未重拟合GPR
0.002,62,75,1,83,1,13.7142857143,0.578313253012,固定BMI边界；扰动实测Y；未重拟合GPR
0.002,62,75,2,89,3,13.7142857143,0.640449438202,固定BMI边界；扰动实测Y；未重拟合GPR
0.002,62,75,3,95,4,16,0.694736842105,固定BMI边界；扰动实测Y；未重拟合GPR
0.002,62,90,1,139,2,16.5714285714,0.848920863309,固定BMI边界；扰动实测Y；未重拟合GPR
0.002,62,90,2,61,2,16.2857142857,0.852459016393,固定BMI边界；扰动实测Y；未重拟合GPR
0.002,62,90,3,67,4,23.4285714286,0.805970149254,固定BMI边界；扰动实测Y；未重拟合GPR
0.002,62,95,1,76,1,20.8571428571,0.907894736842,固定BMI边界；扰动实测Y；未重拟合GPR
0.002,62,95,2,102,3,20.1428571429,0.892156862745,固定BMI边界；扰动实测Y；未重拟合GPR
0.002,62,95,3,89,4,26.4285714286,0.898876404494,固定BMI边界；扰动实测Y；未重拟合GPR
0.002,62,99,1,63,0,26.1428571429,0.984126984127,固定BMI边界；扰动实测Y；未重拟合GPR
0.002,62,99,2,134,4,inf,0.917910447761,固定BMI边界；扰动实测Y；未重拟合GPR
0.002,62,99,3,70,4,inf,0.928571428571,固定BMI边界；扰动实测Y；未重拟合GPR
0.002,63,50,1,65,0,12.7142857143,0.0615384615385,固定BMI边界；扰动实测Y；未重拟合GPR
0.002,63,50,2,62,1,12.5714285714,0.129032258065,固定BMI边界；扰动实测Y；未重拟合GPR
0.002,63,50,3,140,6,13,0.2,固定BMI边界；扰动实测Y；未重拟合GPR
0.002,63,75,1,83,1,13.5714285714,0.590361445783,固定BMI边界；扰动实测Y；未重拟合GPR
0.002,63,75,2,89,2,13.2857142857,0.696629213483,固定BMI边界；扰动实测Y；未重拟合GPR
0.002,63,75,3,95,4,15.5714285714,0.705263157895,固定BMI边界；扰动实测Y；未重拟合GPR
0.002,63,90,1,139,1,16.2857142857,0.884892086331,固定BMI边界；扰动实测Y；未重拟合GPR
0.002,63,90,2,61,2,14.8571428571,0.885245901639,固定BMI边界；扰动实测Y；未重拟合GPR
0.002,63,90,3,67,4,23.4285714286,0.805970149254,固定BMI边界；扰动实测Y；未重拟合GPR
0.002,63,95,1,76,1,20.8571428571,0.907894736842,固定BMI边界；扰动实测Y；未重拟合GPR
0.002,63,95,2,102,2,16.5714285714,0.941176470588,固定BMI边界；扰动实测Y；未重拟合GPR
0.002,63,95,3,89,4,26.4285714286,0.898876404494,固定BMI边界；扰动实测Y；未重拟合GPR
0.002,63,99,1,63,0,26.1428571429,0.984126984127,固定BMI边界；扰动实测Y；未重拟合GPR
0.002,63,99,2,134,3,inf,0.940298507463,固定BMI边界；扰动实测Y；未重拟合GPR
0.002,63,99,3,70,4,inf,0.928571428571,固定BMI边界；扰动实测Y；未重拟合GPR
0.002,64,50,1,65,0,12.8571428571,0.0615384615385,固定BMI边界；扰动实测Y；未重拟合GPR
0.002,64,50,2,62,1,12.7142857143,0.129032258065,固定BMI边界；扰动实测Y；未重拟合GPR
0.002,64,50,3,140,7,13,0.192857142857,固定BMI边界；扰动实测Y；未重拟合GPR
0.002,64,75,1,83,1,13.7142857143,0.566265060241,固定BMI边界；扰动实测Y；未重拟合GPR
0.002,64,75,2,89,2,13.7142857143,0.640449438202,固定BMI边界；扰动实测Y；未重拟合GPR
0.002,64,75,3,95,5,15.5714285714,0.715789473684,固定BMI边界；扰动实测Y；未重拟合GPR
0.002,64,90,1,139,1,16.4285714286,0.863309352518,固定BMI边界；扰动实测Y；未重拟合GPR
0.002,64,90,2,61,3,16.5714285714,0.852459016393,固定BMI边界；扰动实测Y；未重拟合GPR
0.002,64,90,3,67,4,23.4285714286,0.805970149254,固定BMI边界；扰动实测Y；未重拟合GPR
0.002,64,95,1,76,1,20.8571428571,0.907894736842,固定BMI边界；扰动实测Y；未重拟合GPR
0.002,64,95,2,102,2,20.1428571429,0.892156862745,固定BMI边界；扰动实测Y；未重拟合GPR
0.002,64,95,3,89,5,inf,0.887640449438,固定BMI边界；扰动实测Y；未重拟合GPR
0.002,64,99,1,63,0,26.1428571429,0.984126984127,固定BMI边界；扰动实测Y；未重拟合GPR
0.002,64,99,2,134,4,inf,0.917910447761,固定BMI边界；扰动实测Y；未重拟合GPR
0.002,64,99,3,70,4,inf,0.928571428571,固定BMI边界；扰动实测Y；未重拟合GPR
0.002,65,50,1,65,0,12.8571428571,0.0615384615385,固定BMI边界；扰动实测Y；未重拟合GPR
0.002,65,50,2,62,1,12.5714285714,0.129032258065,固定BMI边界；扰动实测Y；未重拟合GPR
0.002,65,50,3,140,8,13,0.2,固定BMI边界；扰动实测Y；未重拟合GPR
0.002,65,75,1,83,1,13.7142857143,0.578313253012,固定BMI边界；扰动实测Y；未重拟合GPR
0.002,65,75,2,89,2,13.4285714286,0.696629213483,固定BMI边界；扰动实测Y；未重拟合GPR
0.002,65,75,3,95,6,15.5714285714,0.705263157895,固定BMI边界；扰动实测Y；未重拟合GPR
0.002,65,90,1,139,1,16.4285714286,0.877697841727,固定BMI边界；扰动实测Y；未重拟合GPR
0.002,65,90,2,61,3,15.1428571429,0.868852459016,固定BMI边界；扰动实测Y；未重拟合GPR
0.002,65,90,3,67,5,24,0.805970149254,固定BMI边界；扰动实测Y；未重拟合GPR
0.002,65,95,1,76,1,21.2857142857,0.894736842105,固定BMI边界；扰动实测Y；未重拟合GPR
0.002,65,95,2,102,2,16.5714285714,0.941176470588,固定BMI边界；扰动实测Y；未重拟合GPR
0.002,65,95,3,89,6,inf,0.887640449438,固定BMI边界；扰动实测Y；未重拟合GPR
0.002,65,99,1,63,0,26.1428571429,0.968253968254,固定BMI边界；扰动实测Y；未重拟合GPR
0.002,65,99,2,134,4,inf,0.94776119403,固定BMI边界；扰动实测Y；未重拟合GPR
0.002,65,99,3,70,5,inf,0.914285714286,固定BMI边界；扰动实测Y；未重拟合GPR
0.002,66,50,1,65,0,12.8571428571,0.0615384615385,固定BMI边界；扰动实测Y；未重拟合GPR
0.002,66,50,2,62,1,12.7142857143,0.129032258065,固定BMI边界；扰动实测Y；未重拟合GPR
0.002,66,50,3,140,7,13,0.192857142857,固定BMI边界；扰动实测Y；未重拟合GPR
0.002,66,75,1,83,1,13.7142857143,0.578313253012,固定BMI边界；扰动实测Y；未重拟合GPR
0.002,66,75,2,89,2,13.4285714286,0.685393258427,固定BMI边界；扰动实测Y；未重拟合GPR
0.002,66,75,3,95,5,15.5714285714,0.694736842105,固定BMI边界；扰动实测Y；未重拟合GPR
0.002,66,90,1,139,1,16.2857142857,0.884892086331,固定BMI边界；扰动实测Y；未重拟合GPR
0.002,66,90,2,61,2,15.5714285714,0.852459016393,固定BMI边界；扰动实测Y；未重拟合GPR
0.002,66,90,3,67,5,24,0.820895522388,固定BMI边界；扰动实测Y；未重拟合GPR
0.002,66,95,1,76,1,21.2857142857,0.894736842105,固定BMI边界；扰动实测Y；未重拟合GPR
0.002,66,95,2,102,2,16.5714285714,0.941176470588,固定BMI边界；扰动实测Y；未重拟合GPR
0.002,66,95,3,89,5,inf,0.898876404494,固定BMI边界；扰动实测Y；未重拟合GPR
0.002,66,99,1,63,0,26.1428571429,0.968253968254,固定BMI边界；扰动实测Y；未重拟合GPR
0.002,66,99,2,134,3,inf,0.940298507463,固定BMI边界；扰动实测Y；未重拟合GPR
0.002,66,99,3,70,5,inf,0.914285714286,固定BMI边界；扰动实测Y；未重拟合GPR
0.002,67,50,1,65,0,12.8571428571,0.0615384615385,固定BMI边界；扰动实测Y；未重拟合GPR
0.002,67,50,2,62,1,12.7142857143,0.129032258065,固定BMI边界；扰动实测Y；未重拟合GPR
0.002,67,50,3,140,7,13.1428571429,0.185714285714,固定BMI边界；扰动实测Y；未重拟合GPR
0.002,67,75,1,83,1,13.7142857143,0.578313253012,固定BMI边界；扰动实测Y；未重拟合GPR
0.002,67,75,2,89,2,13.7142857143,0.651685393258,固定BMI边界；扰动实测Y；未重拟合GPR
0.002,67,75,3,95,5,16,0.694736842105,固定BMI边界；扰动实测Y；未重拟合GPR
0.002,67,90,1,139,1,16.4285714286,0.863309352518,固定BMI边界；扰动实测Y；未重拟合GPR
0.002,67,90,2,61,3,16.2857142857,0.852459016393,固定BMI边界；扰动实测Y；未重拟合GPR
0.002,67,90,3,67,4,23.4285714286,0.820895522388,固定BMI边界；扰动实测Y；未重拟合GPR
0.002,67,95,1,76,1,20.8571428571,0.907894736842,固定BMI边界；扰动实测Y；未重拟合GPR
0.002,67,95,2,102,2,19.4285714286,0.911764705882,固定BMI边界；扰动实测Y；未重拟合GPR
0.002,67,95,3,89,5,inf,0.887640449438,固定BMI边界；扰动实测Y；未重拟合GPR
0.002,67,99,1,63,0,26.1428571429,0.984126984127,固定BMI边界；扰动实测Y；未重拟合GPR
0.002,67,99,2,134,4,inf,0.932835820896,固定BMI边界；扰动实测Y；未重拟合GPR
0.002,67,99,3,70,4,inf,0.928571428571,固定BMI边界；扰动实测Y；未重拟合GPR
0.002,68,50,1,65,0,12.8571428571,0.0615384615385,固定BMI边界；扰动实测Y；未重拟合GPR
0.002,68,50,2,62,1,12.7142857143,0.129032258065,固定BMI边界；扰动实测Y；未重拟合GPR
0.002,68,50,3,140,5,13,0.2,固定BMI边界；扰动实测Y；未重拟合GPR
0.002,68,75,1,83,1,13.7142857143,0.566265060241,固定BMI边界；扰动实测Y；未重拟合GPR
0.002,68,75,2,89,2,13.4285714286,0.674157303371,固定BMI边界；扰动实测Y；未重拟合GPR
0.002,68,75,3,95,3,16,0.705263157895,固定BMI边界；扰动实测Y；未重拟合GPR
0.002,68,90,1,139,1,16.4285714286,0.863309352518,固定BMI边界；扰动实测Y；未重拟合GPR
0.002,68,90,2,61,2,15.5714285714,0.868852459016,固定BMI边界；扰动实测Y；未重拟合GPR
0.002,68,90,3,67,3,22,0.820895522388,固定BMI边界；扰动实测Y；未重拟合GPR
0.002,68,95,1,76,1,23.1428571429,0.894736842105,固定BMI边界；扰动实测Y；未重拟合GPR
0.002,68,95,2,102,2,17.8571428571,0.93137254902,固定BMI边界；扰动实测Y；未重拟合GPR
0.002,68,95,3,89,3,24,0.898876404494,固定BMI边界；扰动实测Y；未重拟合GPR
0.002,68,99,1,63,0,26.1428571429,0.952380952381,固定BMI边界；扰动实测Y；未重拟合GPR
0.002,68,99,2,134,3,inf,0.940298507463,固定BMI边界；扰动实测Y；未重拟合GPR
0.002,68,99,3,70,3,inf,0.942857142857,固定BMI边界；扰动实测Y；未重拟合GPR
0.002,69,50,1,65,0,12.8571428571,0.0615384615385,固定BMI边界；扰动实测Y；未重拟合GPR
0.002,69,50,2,62,1,12.7142857143,0.129032258065,固定BMI边界；扰动实测Y；未重拟合GPR
0.002,69,50,3,140,7,13,0.207142857143,固定BMI边界；扰动实测Y；未重拟合GPR
0.002,69,75,1,83,1,13.7142857143,0.578313253012,固定BMI边界；扰动实测Y；未重拟合GPR
0.002,69,75,2,89,2,13.4285714286,0.662921348315,固定BMI边界；扰动实测Y；未重拟合GPR
0.002,69,75,3,95,5,13.8571428571,0.726315789474,固定BMI边界；扰动实测Y；未重拟合GPR
0.002,69,90,1,139,1,16.4285714286,0.870503597122,固定BMI边界；扰动实测Y；未重拟合GPR
0.002,69,90,2,61,2,14.8571428571,0.885245901639,固定BMI边界；扰动实测Y；未重拟合GPR
0.002,69,90,3,67,5,24,0.820895522388,固定BMI边界；扰动实测Y；未重拟合GPR
0.002,69,95,1,76,1,21.2857142857,0.907894736842,固定BMI边界；扰动实测Y；未重拟合GPR
0.002,69,95,2,102,2,17.8571428571,0.93137254902,固定BMI边界；扰动实测Y；未重拟合GPR
0.002,69,95,3,89,5,inf,0.898876404494,固定BMI边界；扰动实测Y；未重拟合GPR
0.002,69,99,1,63,0,26.1428571429,0.968253968254,固定BMI边界；扰动实测Y；未重拟合GPR
0.002,69,99,2,134,3,inf,0.940298507463,固定BMI边界；扰动实测Y；未重拟合GPR
0.002,69,99,3,70,5,inf,0.914285714286,固定BMI边界；扰动实测Y；未重拟合GPR
0.002,70,50,1,65,0,12.8571428571,0.0615384615385,固定BMI边界；扰动实测Y；未重拟合GPR
0.002,70,50,2,62,1,12.7142857143,0.129032258065,固定BMI边界；扰动实测Y；未重拟合GPR
0.002,70,50,3,140,7,13,0.185714285714,固定BMI边界；扰动实测Y；未重拟合GPR
0.002,70,75,1,83,1,13.7142857143,0.55421686747,固定BMI边界；扰动实测Y；未重拟合GPR
0.002,70,75,2,89,2,13.4285714286,0.685393258427,固定BMI边界；扰动实测Y；未重拟合GPR
0.002,70,75,3,95,5,16,0.694736842105,固定BMI边界；扰动实测Y；未重拟合GPR
0.002,70,90,1,139,1,16.4285714286,0.870503597122,固定BMI边界；扰动实测Y；未重拟合GPR
0.002,70,90,2,61,2,16.2857142857,0.868852459016,固定BMI边界；扰动实测Y；未重拟合GPR
0.002,70,90,3,67,5,24,0.805970149254,固定BMI边界；扰动实测Y；未重拟合GPR
0.002,70,95,1,76,1,20.8571428571,0.907894736842,固定BMI边界；扰动实测Y；未重拟合GPR
0.002,70,95,2,102,2,19.4285714286,0.921568627451,固定BMI边界；扰动实测Y；未重拟合GPR
0.002,70,95,3,89,5,inf,0.898876404494,固定BMI边界；扰动实测Y；未重拟合GPR
0.002,70,99,1,63,0,26.1428571429,0.984126984127,固定BMI边界；扰动实测Y；未重拟合GPR
0.002,70,99,2,134,3,inf,0.925373134328,固定BMI边界；扰动实测Y；未重拟合GPR
0.002,70,99,3,70,5,inf,0.914285714286,固定BMI边界；扰动实测Y；未重拟合GPR
0.002,71,50,1,65,0,12.8571428571,0.0615384615385,固定BMI边界；扰动实测Y；未重拟合GPR
0.002,71,50,2,62,1,12.7142857143,0.129032258065,固定BMI边界；扰动实测Y；未重拟合GPR
0.002,71,50,3,140,7,13,0.2,固定BMI边界；扰动实测Y；未重拟合GPR
0.002,71,75,1,83,1,13.7142857143,0.578313253012,固定BMI边界；扰动实测Y；未重拟合GPR
0.002,71,75,2,89,2,13.4285714286,0.674157303371,固定BMI边界；扰动实测Y；未重拟合GPR
0.002,71,75,3,95,5,13.8571428571,0.715789473684,固定BMI边界；扰动实测Y；未重拟合GPR
0.002,71,90,1,139,1,16.2857142857,0.884892086331,固定BMI边界；扰动实测Y；未重拟合GPR
0.002,71,90,2,61,2,15.1428571429,0.868852459016,固定BMI边界；扰动实测Y；未重拟合GPR
0.002,71,90,3,67,5,24,0.820895522388,固定BMI边界；扰动实测Y；未重拟合GPR
0.002,71,95,1,76,1,23.1428571429,0.894736842105,固定BMI边界；扰动实测Y；未重拟合GPR
0.002,71,95,2,102,2,20.1428571429,0.93137254902,固定BMI边界；扰动实测Y；未重拟合GPR
0.002,71,95,3,89,5,inf,0.898876404494,固定BMI边界；扰动实测Y；未重拟合GPR
0.002,71,99,1,63,0,26.1428571429,0.952380952381,固定BMI边界；扰动实测Y；未重拟合GPR
0.002,71,99,2,134,3,inf,0.932835820896,固定BMI边界；扰动实测Y；未重拟合GPR
0.002,71,99,3,70,5,inf,0.914285714286,固定BMI边界；扰动实测Y；未重拟合GPR
0.002,72,50,1,65,0,12.8571428571,0.0615384615385,固定BMI边界；扰动实测Y；未重拟合GPR
0.002,72,50,2,62,1,12.7142857143,0.129032258065,固定BMI边界；扰动实测Y；未重拟合GPR
0.002,72,50,3,140,7,13,0.192857142857,固定BMI边界；扰动实测Y；未重拟合GPR
0.002,72,75,1,83,1,13.7142857143,0.566265060241,固定BMI边界；扰动实测Y；未重拟合GPR
0.002,72,75,2,89,2,13.4285714286,0.662921348315,固定BMI边界；扰动实测Y；未重拟合GPR
0.002,72,75,3,95,5,16,0.684210526316,固定BMI边界；扰动实测Y；未重拟合GPR
0.002,72,90,1,139,1,16.2857142857,0.877697841727,固定BMI边界；扰动实测Y；未重拟合GPR
0.002,72,90,2,61,3,15.5714285714,0.852459016393,固定BMI边界；扰动实测Y；未重拟合GPR
0.002,72,90,3,67,4,23.4285714286,0.805970149254,固定BMI边界；扰动实测Y；未重拟合GPR
0.002,72,95,1,76,1,20.8571428571,0.907894736842,固定BMI边界；扰动实测Y；未重拟合GPR
0.002,72,95,2,102,2,17.8571428571,0.93137254902,固定BMI边界；扰动实测Y；未重拟合GPR
0.002,72,95,3,89,5,inf,0.876404494382,固定BMI边界；扰动实测Y；未重拟合GPR
0.002,72,99,1,63,0,26.1428571429,0.984126984127,固定BMI边界；扰动实测Y；未重拟合GPR
0.002,72,99,2,134,4,inf,0.940298507463,固定BMI边界；扰动实测Y；未重拟合GPR
0.002,72,99,3,70,4,inf,0.928571428571,固定BMI边界；扰动实测Y；未重拟合GPR
0.002,73,50,1,65,0,12.8571428571,0.0615384615385,固定BMI边界；扰动实测Y；未重拟合GPR
0.002,73,50,2,62,1,12.7142857143,0.129032258065,固定BMI边界；扰动实测Y；未重拟合GPR
0.002,73,50,3,140,7,13.1428571429,0.192857142857,固定BMI边界；扰动实测Y；未重拟合GPR
0.002,73,75,1,83,1,13.7142857143,0.566265060241,固定BMI边界；扰动实测Y；未重拟合GPR
0.002,73,75,2,89,2,13.4285714286,0.662921348315,固定BMI边界；扰动实测Y；未重拟合GPR
0.002,73,75,3,95,5,16,0.705263157895,固定BMI边界；扰动实测Y；未重拟合GPR
0.002,73,90,1,139,1,16.4285714286,0.877697841727,固定BMI边界；扰动实测Y；未重拟合GPR
0.002,73,90,2,61,3,16.5714285714,0.83606557377,固定BMI边界；扰动实测Y；未重拟合GPR
0.002,73,90,3,67,4,23.4285714286,0.805970149254,固定BMI边界；扰动实测Y；未重拟合GPR
0.002,73,95,1,76,1,21.2857142857,0.894736842105,固定BMI边界；扰动实测Y；未重拟合GPR
0.002,73,95,2,102,2,19.4285714286,0.93137254902,固定BMI边界；扰动实测Y；未重拟合GPR
0.002,73,95,3,89,5,inf,0.887640449438,固定BMI边界；扰动实测Y；未重拟合GPR
0.002,73,99,1,63,0,26.1428571429,0.968253968254,固定BMI边界；扰动实测Y；未重拟合GPR
0.002,73,99,2,134,4,inf,0.932835820896,固定BMI边界；扰动实测Y；未重拟合GPR
0.002,73,99,3,70,4,inf,0.928571428571,固定BMI边界；扰动实测Y；未重拟合GPR
0.002,74,50,1,65,0,12.8571428571,0.0615384615385,固定BMI边界；扰动实测Y；未重拟合GPR
0.002,74,50,2,62,1,12.7142857143,0.129032258065,固定BMI边界；扰动实测Y；未重拟合GPR
0.002,74,50,3,140,7,13,0.192857142857,固定BMI边界；扰动实测Y；未重拟合GPR
0.002,74,75,1,83,1,13.7142857143,0.578313253012,固定BMI边界；扰动实测Y；未重拟合GPR
0.002,74,75,2,89,2,13.4285714286,0.685393258427,固定BMI边界；扰动实测Y；未重拟合GPR
0.002,74,75,3,95,5,15.5714285714,0.694736842105,固定BMI边界；扰动实测Y；未重拟合GPR
0.002,74,90,1,139,1,16.2857142857,0.877697841727,固定BMI边界；扰动实测Y；未重拟合GPR
0.002,74,90,2,61,2,15.1428571429,0.868852459016,固定BMI边界；扰动实测Y；未重拟合GPR
0.002,74,90,3,67,5,24,0.805970149254,固定BMI边界；扰动实测Y；未重拟合GPR
0.002,74,95,1,76,1,20.8571428571,0.907894736842,固定BMI边界；扰动实测Y；未重拟合GPR
0.002,74,95,2,102,2,16.5714285714,0.941176470588,固定BMI边界；扰动实测Y；未重拟合GPR
0.002,74,95,3,89,5,inf,0.898876404494,固定BMI边界；扰动实测Y；未重拟合GPR
0.002,74,99,1,63,0,26.1428571429,0.984126984127,固定BMI边界；扰动实测Y；未重拟合GPR
0.002,74,99,2,134,3,inf,0.940298507463,固定BMI边界；扰动实测Y；未重拟合GPR
0.002,74,99,3,70,5,inf,0.914285714286,固定BMI边界；扰动实测Y；未重拟合GPR
0.002,75,50,1,65,0,12.8571428571,0.0615384615385,固定BMI边界；扰动实测Y；未重拟合GPR
0.002,75,50,2,62,1,12.7142857143,0.129032258065,固定BMI边界；扰动实测Y；未重拟合GPR
0.002,75,50,3,140,8,13.1428571429,0.185714285714,固定BMI边界；扰动实测Y；未重拟合GPR
0.002,75,75,1,83,1,13.7142857143,0.578313253012,固定BMI边界；扰动实测Y；未重拟合GPR
0.002,75,75,2,89,2,13.7142857143,0.651685393258,固定BMI边界；扰动实测Y；未重拟合GPR
0.002,75,75,3,95,6,15.5714285714,0.694736842105,固定BMI边界；扰动实测Y；未重拟合GPR
0.002,75,90,1,139,1,16.4285714286,0.877697841727,固定BMI边界；扰动实测Y；未重拟合GPR
0.002,75,90,2,61,3,18.8571428571,0.83606557377,固定BMI边界；扰动实测Y；未重拟合GPR
0.002,75,90,3,67,5,24,0.805970149254,固定BMI边界；扰动实测Y；未重拟合GPR
0.002,75,95,1,76,1,21.2857142857,0.894736842105,固定BMI边界；扰动实测Y；未重拟合GPR
0.002,75,95,2,102,2,20.5714285714,0.901960784314,固定BMI边界；扰动实测Y；未重拟合GPR
0.002,75,95,3,89,6,inf,0.887640449438,固定BMI边界；扰动实测Y；未重拟合GPR
0.002,75,99,1,63,0,26.1428571429,0.968253968254,固定BMI边界；扰动实测Y；未重拟合GPR
0.002,75,99,2,134,4,inf,0.917910447761,固定BMI边界；扰动实测Y；未重拟合GPR
0.002,75,99,3,70,5,inf,0.914285714286,固定BMI边界；扰动实测Y；未重拟合GPR
0.002,76,50,1,65,0,12.8571428571,0.0615384615385,固定BMI边界；扰动实测Y；未重拟合GPR
0.002,76,50,2,62,1,12.7142857143,0.129032258065,固定BMI边界；扰动实测Y；未重拟合GPR
0.002,76,50,3,140,7,13,0.192857142857,固定BMI边界；扰动实测Y；未重拟合GPR
0.002,76,75,1,83,1,13.7142857143,0.578313253012,固定BMI边界；扰动实测Y；未重拟合GPR
0.002,76,75,2,89,2,13.4285714286,0.662921348315,固定BMI边界；扰动实测Y；未重拟合GPR
0.002,76,75,3,95,5,15.5714285714,0.694736842105,固定BMI边界；扰动实测Y；未重拟合GPR
0.002,76,90,1,139,1,16.2857142857,0.877697841727,固定BMI边界；扰动实测Y；未重拟合GPR
0.002,76,90,2,61,2,16.2857142857,0.868852459016,固定BMI边界；扰动实测Y；未重拟合GPR
0.002,76,90,3,67,5,24,0.805970149254,固定BMI边界；扰动实测Y；未重拟合GPR
0.002,76,95,1,76,1,20.8571428571,0.907894736842,固定BMI边界；扰动实测Y；未重拟合GPR
0.002,76,95,2,102,2,19.5714285714,0.921568627451,固定BMI边界；扰动实测Y；未重拟合GPR
0.002,76,95,3,89,5,inf,0.898876404494,固定BMI边界；扰动实测Y；未重拟合GPR
0.002,76,99,1,63,0,26.1428571429,0.984126984127,固定BMI边界；扰动实测Y；未重拟合GPR
0.002,76,99,2,134,3,inf,0.925373134328,固定BMI边界；扰动实测Y；未重拟合GPR
0.002,76,99,3,70,5,inf,0.914285714286,固定BMI边界；扰动实测Y；未重拟合GPR
0.002,77,50,1,65,0,12.8571428571,0.0615384615385,固定BMI边界；扰动实测Y；未重拟合GPR
0.002,77,50,2,62,0,12.7142857143,0.145161290323,固定BMI边界；扰动实测Y；未重拟合GPR
0.002,77,50,3,140,6,13.1428571429,0.192857142857,固定BMI边界；扰动实测Y；未重拟合GPR
0.002,77,75,1,83,0,13.7142857143,0.578313253012,固定BMI边界；扰动实测Y；未重拟合GPR
0.002,77,75,2,89,2,13.4285714286,0.651685393258,固定BMI边界；扰动实测Y；未重拟合GPR
0.002,77,75,3,95,4,16,0.694736842105,固定BMI边界；扰动实测Y；未重拟合GPR
0.002,77,90,1,139,0,16.2857142857,0.884892086331,固定BMI边界；扰动实测Y；未重拟合GPR
0.002,77,90,2,61,2,16.5714285714,0.852459016393,固定BMI边界；扰动实测Y；未重拟合GPR
0.002,77,90,3,67,4,23.4285714286,0.805970149254,固定BMI边界；扰动实测Y；未重拟合GPR
0.002,77,95,1,76,0,20.8571428571,0.907894736842,固定BMI边界；扰动实测Y；未重拟合GPR
0.002,77,95,2,102,2,20.1428571429,0.911764705882,固定BMI边界；扰动实测Y；未重拟合GPR
0.002,77,95,3,89,4,26.4285714286,0.898876404494,固定BMI边界；扰动实测Y；未重拟合GPR
0.002,77,99,1,63,0,26.1428571429,0.968253968254,固定BMI边界；扰动实测Y；未重拟合GPR
0.002,77,99,2,134,2,inf,0.925373134328,固定BMI边界；扰动实测Y；未重拟合GPR
0.002,77,99,3,70,4,inf,0.928571428571,固定BMI边界；扰动实测Y；未重拟合GPR
0.002,78,50,1,65,0,12.8571428571,0.0615384615385,固定BMI边界；扰动实测Y；未重拟合GPR
0.002,78,50,2,62,1,12.7142857143,0.129032258065,固定BMI边界；扰动实测Y；未重拟合GPR
0.002,78,50,3,140,6,13,0.2,固定BMI边界；扰动实测Y；未重拟合GPR
0.002,78,75,1,83,1,13.7142857143,0.578313253012,固定BMI边界；扰动实测Y；未重拟合GPR
0.002,78,75,2,89,2,13.4285714286,0.685393258427,固定BMI边界；扰动实测Y；未重拟合GPR
0.002,78,75,3,95,4,15.5714285714,0.705263157895,固定BMI边界；扰动实测Y；未重拟合GPR
0.002,78,90,1,139,1,16.2857142857,0.877697841727,固定BMI边界；扰动实测Y；未重拟合GPR
0.002,78,90,2,61,2,15.1428571429,0.868852459016,固定BMI边界；扰动实测Y；未重拟合GPR
0.002,78,90,3,67,4,23.4285714286,0.820895522388,固定BMI边界；扰动实测Y；未重拟合GPR
0.002,78,95,1,76,1,20.8571428571,0.907894736842,固定BMI边界；扰动实测Y；未重拟合GPR
0.002,78,95,2,102,2,19.4285714286,0.93137254902,固定BMI边界；扰动实测Y；未重拟合GPR
0.002,78,95,3,89,4,26.4285714286,0.898876404494,固定BMI边界；扰动实测Y；未重拟合GPR
0.002,78,99,1,63,0,26.1428571429,0.984126984127,固定BMI边界；扰动实测Y；未重拟合GPR
0.002,78,99,2,134,3,inf,0.932835820896,固定BMI边界；扰动实测Y；未重拟合GPR
0.002,78,99,3,70,4,inf,0.928571428571,固定BMI边界；扰动实测Y；未重拟合GPR
0.002,79,50,1,65,0,12.8571428571,0.0615384615385,固定BMI边界；扰动实测Y；未重拟合GPR
0.002,79,50,2,62,1,12.7142857143,0.129032258065,固定BMI边界；扰动实测Y；未重拟合GPR
0.002,79,50,3,140,7,13,0.192857142857,固定BMI边界；扰动实测Y；未重拟合GPR
0.002,79,75,1,83,1,13.7142857143,0.578313253012,固定BMI边界；扰动实测Y；未重拟合GPR
0.002,79,75,2,89,2,13.4285714286,0.685393258427,固定BMI边界；扰动实测Y；未重拟合GPR
0.002,79,75,3,95,5,16,0.694736842105,固定BMI边界；扰动实测Y；未重拟合GPR
0.002,79,90,1,139,1,16.4285714286,0.870503597122,固定BMI边界；扰动实测Y；未重拟合GPR
0.002,79,90,2,61,3,15.1428571429,0.885245901639,固定BMI边界；扰动实测Y；未重拟合GPR
0.002,79,90,3,67,4,23.4285714286,0.820895522388,固定BMI边界；扰动实测Y；未重拟合GPR
0.002,79,95,1,76,1,21.2857142857,0.907894736842,固定BMI边界；扰动实测Y；未重拟合GPR
0.002,79,95,2,102,2,18.8571428571,0.921568627451,固定BMI边界；扰动实测Y；未重拟合GPR
0.002,79,95,3,89,5,inf,0.887640449438,固定BMI边界；扰动实测Y；未重拟合GPR
0.002,79,99,1,63,0,26.1428571429,0.968253968254,固定BMI边界；扰动实测Y；未重拟合GPR
0.002,79,99,2,134,4,inf,0.932835820896,固定BMI边界；扰动实测Y；未重拟合GPR
0.002,79,99,3,70,4,inf,0.928571428571,固定BMI边界；扰动实测Y；未重拟合GPR
0.002,80,50,1,65,0,12.8571428571,0.0615384615385,固定BMI边界；扰动实测Y；未重拟合GPR
0.002,80,50,2,62,1,12.7142857143,0.129032258065,固定BMI边界；扰动实测Y；未重拟合GPR
0.002,80,50,3,140,7,13,0.192857142857,固定BMI边界；扰动实测Y；未重拟合GPR
0.002,80,75,1,83,1,13.7142857143,0.578313253012,固定BMI边界；扰动实测Y；未重拟合GPR
0.002,80,75,2,89,2,13.7142857143,0.651685393258,固定BMI边界；扰动实测Y；未重拟合GPR
0.002,80,75,3,95,5,15.5714285714,0.715789473684,固定BMI边界；扰动实测Y；未重拟合GPR
0.002,80,90,1,139,1,16.4285714286,0.870503597122,固定BMI边界；扰动实测Y；未重拟合GPR
0.002,80,90,2,61,3,18.8571428571,0.83606557377,固定BMI边界；扰动实测Y；未重拟合GPR
0.002,80,90,3,67,4,22,0.850746268657,固定BMI边界；扰动实测Y；未重拟合GPR
0.002,80,95,1,76,1,20.8571428571,0.907894736842,固定BMI边界；扰动实测Y；未重拟合GPR
0.002,80,95,2,102,2,20.5714285714,0.882352941176,固定BMI边界；扰动实测Y；未重拟合GPR
0.002,80,95,3,89,5,inf,0.898876404494,固定BMI边界；扰动实测Y；未重拟合GPR
0.002,80,99,1,63,0,26.1428571429,0.984126984127,固定BMI边界；扰动实测Y；未重拟合GPR
0.002,80,99,2,134,4,inf,0.910447761194,固定BMI边界；扰动实测Y；未重拟合GPR
0.002,80,99,3,70,4,inf,0.928571428571,固定BMI边界；扰动实测Y；未重拟合GPR
0.002,81,50,1,65,0,12.8571428571,0.0615384615385,固定BMI边界；扰动实测Y；未重拟合GPR
0.002,81,50,2,62,1,12.7142857143,0.129032258065,固定BMI边界；扰动实测Y；未重拟合GPR
0.002,81,50,3,140,6,13,0.2,固定BMI边界；扰动实测Y；未重拟合GPR
0.002,81,75,1,83,1,13.7142857143,0.578313253012,固定BMI边界；扰动实测Y；未重拟合GPR
0.002,81,75,2,89,2,13.4285714286,0.674157303371,固定BMI边界；扰动实测Y；未重拟合GPR
0.002,81,75,3,95,4,13.8571428571,0.715789473684,固定BMI边界；扰动实测Y；未重拟合GPR
0.002,81,90,1,139,1,16.2857142857,0.877697841727,固定BMI边界；扰动实测Y；未重拟合GPR
0.002,81,90,2,61,2,15.5714285714,0.868852459016,固定BMI边界；扰动实测Y；未重拟合GPR
0.002,81,90,3,67,4,22,0.835820895522,固定BMI边界；扰动实测Y；未重拟合GPR
0.002,81,95,1,76,1,20.8571428571,0.907894736842,固定BMI边界；扰动实测Y；未重拟合GPR
0.002,81,95,2,102,2,18.8571428571,0.93137254902,固定BMI边界；扰动实测Y；未重拟合GPR
0.002,81,95,3,89,4,26.4285714286,0.910112359551,固定BMI边界；扰动实测Y；未重拟合GPR
0.002,81,99,1,63,0,26.1428571429,0.984126984127,固定BMI边界；扰动实测Y；未重拟合GPR
0.002,81,99,2,134,3,inf,0.932835820896,固定BMI边界；扰动实测Y；未重拟合GPR
0.002,81,99,3,70,4,inf,0.928571428571,固定BMI边界；扰动实测Y；未重拟合GPR
0.002,82,50,1,65,0,12.8571428571,0.0615384615385,固定BMI边界；扰动实测Y；未重拟合GPR
0.002,82,50,2,62,1,12.5714285714,0.129032258065,固定BMI边界；扰动实测Y；未重拟合GPR
0.002,82,50,3,140,7,13,0.192857142857,固定BMI边界；扰动实测Y；未重拟合GPR
0.002,82,75,1,83,1,13.7142857143,0.578313253012,固定BMI边界；扰动实测Y；未重拟合GPR
0.002,82,75,2,89,2,13.4285714286,0.696629213483,固定BMI边界；扰动实测Y；未重拟合GPR
0.002,82,75,3,95,5,16,0.694736842105,固定BMI边界；扰动实测Y；未重拟合GPR
0.002,82,90,1,139,1,16.2857142857,0.877697841727,固定BMI边界；扰动实测Y；未重拟合GPR
0.002,82,90,2,61,3,15.1428571429,0.868852459016,固定BMI边界；扰动实测Y；未重拟合GPR
0.002,82,90,3,67,4,23.4285714286,0.791044776119,固定BMI边界；扰动实测Y；未重拟合GPR
0.002,82,95,1,76,1,20.8571428571,0.907894736842,固定BMI边界；扰动实测Y；未重拟合GPR
0.002,82,95,2,102,2,16.5714285714,0.93137254902,固定BMI边界；扰动实测Y；未重拟合GPR
0.002,82,95,3,89,5,inf,0.887640449438,固定BMI边界；扰动实测Y；未重拟合GPR
0.002,82,99,1,63,0,26.1428571429,0.984126984127,固定BMI边界；扰动实测Y；未重拟合GPR
0.002,82,99,2,134,4,inf,0.940298507463,固定BMI边界；扰动实测Y；未重拟合GPR
0.002,82,99,3,70,4,inf,0.928571428571,固定BMI边界；扰动实测Y；未重拟合GPR
0.002,83,50,1,65,0,12.8571428571,0.0615384615385,固定BMI边界；扰动实测Y；未重拟合GPR
0.002,83,50,2,62,1,12.7142857143,0.129032258065,固定BMI边界；扰动实测Y；未重拟合GPR
0.002,83,50,3,140,7,13,0.2,固定BMI边界；扰动实测Y；未重拟合GPR
0.002,83,75,1,83,1,13.7142857143,0.578313253012,固定BMI边界；扰动实测Y；未重拟合GPR
0.002,83,75,2,89,2,13.4285714286,0.651685393258,固定BMI边界；扰动实测Y；未重拟合GPR
0.002,83,75,3,95,5,13.8571428571,0.715789473684,固定BMI边界；扰动实测Y；未重拟合GPR
0.002,83,90,1,139,1,16.4285714286,0.863309352518,固定BMI边界；扰动实测Y；未重拟合GPR
0.002,83,90,2,61,2,16.5714285714,0.852459016393,固定BMI边界；扰动实测Y；未重拟合GPR
0.002,83,90,3,67,5,24,0.820895522388,固定BMI边界；扰动实测Y；未重拟合GPR
0.002,83,95,1,76,1,23.1428571429,0.894736842105,固定BMI边界；扰动实测Y；未重拟合GPR
0.002,83,95,2,102,2,19.4285714286,0.911764705882,固定BMI边界；扰动实测Y；未重拟合GPR
0.002,83,95,3,89,5,inf,0.898876404494,固定BMI边界；扰动实测Y；未重拟合GPR
0.002,83,99,1,63,0,26.1428571429,0.952380952381,固定BMI边界；扰动实测Y；未重拟合GPR
0.002,83,99,2,134,3,inf,0.925373134328,固定BMI边界；扰动实测Y；未重拟合GPR
0.002,83,99,3,70,5,inf,0.914285714286,固定BMI边界；扰动实测Y；未重拟合GPR
0.002,84,50,1,65,0,12.7142857143,0.0615384615385,固定BMI边界；扰动实测Y；未重拟合GPR
0.002,84,50,2,62,1,12.7142857143,0.129032258065,固定BMI边界；扰动实测Y；未重拟合GPR
0.002,84,50,3,140,7,13,0.192857142857,固定BMI边界；扰动实测Y；未重拟合GPR
0.002,84,75,1,83,1,13.5714285714,0.590361445783,固定BMI边界；扰动实测Y；未重拟合GPR
0.002,84,75,2,89,2,13.4285714286,0.674157303371,固定BMI边界；扰动实测Y；未重拟合GPR
0.002,84,75,3,95,5,15.5714285714,0.694736842105,固定BMI边界；扰动实测Y；未重拟合GPR
0.002,84,90,1,139,1,16.5714285714,0.870503597122,固定BMI边界；扰动实测Y；未重拟合GPR
0.002,84,90,2,61,2,14.8571428571,0.885245901639,固定BMI边界；扰动实测Y；未重拟合GPR
0.002,84,90,3,67,5,24,0.820895522388,固定BMI边界；扰动实测Y；未重拟合GPR
0.002,84,95,1,76,1,21.2857142857,0.894736842105,固定BMI边界；扰动实测Y；未重拟合GPR
0.002,84,95,2,102,2,17.8571428571,0.921568627451,固定BMI边界；扰动实测Y；未重拟合GPR
0.002,84,95,3,89,5,inf,0.898876404494,固定BMI边界；扰动实测Y；未重拟合GPR
0.002,84,99,1,63,0,26.1428571429,0.968253968254,固定BMI边界；扰动实测Y；未重拟合GPR
0.002,84,99,2,134,3,inf,0.940298507463,固定BMI边界；扰动实测Y；未重拟合GPR
0.002,84,99,3,70,5,inf,0.914285714286,固定BMI边界；扰动实测Y；未重拟合GPR
0.002,85,50,1,65,0,12.8571428571,0.0615384615385,固定BMI边界；扰动实测Y；未重拟合GPR
0.002,85,50,2,62,1,12.7142857143,0.129032258065,固定BMI边界；扰动实测Y；未重拟合GPR
0.002,85,50,3,140,6,13,0.2,固定BMI边界；扰动实测Y；未重拟合GPR
0.002,85,75,1,83,1,13.7142857143,0.578313253012,固定BMI边界；扰动实测Y；未重拟合GPR
0.002,85,75,2,89,2,13.2857142857,0.685393258427,固定BMI边界；扰动实测Y；未重拟合GPR
0.002,85,75,3,95,4,15.5714285714,0.705263157895,固定BMI边界；扰动实测Y；未重拟合GPR
0.002,85,90,1,139,1,16.4285714286,0.877697841727,固定BMI边界；扰动实测Y；未重拟合GPR
0.002,85,90,2,61,2,14.8571428571,0.885245901639,固定BMI边界；扰动实测Y；未重拟合GPR
0.002,85,90,3,67,4,23.4285714286,0.820895522388,固定BMI边界；扰动实测Y；未重拟合GPR
0.002,85,95,1,76,1,21.2857142857,0.894736842105,固定BMI边界；扰动实测Y；未重拟合GPR
0.002,85,95,2,102,2,16.4285714286,0.950980392157,固定BMI边界；扰动实测Y；未重拟合GPR
0.002,85,95,3,89,4,26.4285714286,0.898876404494,固定BMI边界；扰动实测Y；未重拟合GPR
0.002,85,99,1,63,0,26.1428571429,0.968253968254,固定BMI边界；扰动实测Y；未重拟合GPR
0.002,85,99,2,134,3,inf,0.94776119403,固定BMI边界；扰动实测Y；未重拟合GPR
0.002,85,99,3,70,4,inf,0.928571428571,固定BMI边界；扰动实测Y；未重拟合GPR
0.002,86,50,1,65,0,12.8571428571,0.0615384615385,固定BMI边界；扰动实测Y；未重拟合GPR
0.002,86,50,2,62,1,12.5714285714,0.129032258065,固定BMI边界；扰动实测Y；未重拟合GPR
0.002,86,50,3,140,5,13,0.2,固定BMI边界；扰动实测Y；未重拟合GPR
0.002,86,75,1,83,1,13.7142857143,0.566265060241,固定BMI边界；扰动实测Y；未重拟合GPR
0.002,86,75,2,89,2,13.4285714286,0.685393258427,固定BMI边界；扰动实测Y；未重拟合GPR
0.002,86,75,3,95,3,13.8571428571,0.715789473684,固定BMI边界；扰动实测Y；未重拟合GPR
0.002,86,90,1,139,1,16.2857142857,0.877697841727,固定BMI边界；扰动实测Y；未重拟合GPR
0.002,86,90,2,61,2,16.5714285714,0.852459016393,固定BMI边界；扰动实测Y；未重拟合GPR
0.002,86,90,3,67,3,22,0.850746268657,固定BMI边界；扰动实测Y；未重拟合GPR
0.002,86,95,1,76,1,20.8571428571,0.907894736842,固定BMI边界；扰动实测Y；未重拟合GPR
0.002,86,95,2,102,2,20.1428571429,0.911764705882,固定BMI边界；扰动实测Y；未重拟合GPR
0.002,86,95,3,89,3,24,0.910112359551,固定BMI边界；扰动实测Y；未重拟合GPR
0.002,86,99,1,63,0,26.1428571429,0.984126984127,固定BMI边界；扰动实测Y；未重拟合GPR
0.002,86,99,2,134,3,inf,0.917910447761,固定BMI边界；扰动实测Y；未重拟合GPR
0.002,86,99,3,70,3,inf,0.942857142857,固定BMI边界；扰动实测Y；未重拟合GPR
0.002,87,50,1,65,0,12.8571428571,0.0615384615385,固定BMI边界；扰动实测Y；未重拟合GPR
0.002,87,50,2,62,2,12.7142857143,0.129032258065,固定BMI边界；扰动实测Y；未重拟合GPR
0.002,87,50,3,140,6,13,0.192857142857,固定BMI边界；扰动实测Y；未重拟合GPR
0.002,87,75,1,83,1,13.7142857143,0.566265060241,固定BMI边界；扰动实测Y；未重拟合GPR
0.002,87,75,2,89,3,13.4285714286,0.662921348315,固定BMI边界；扰动实测Y；未重拟合GPR
0.002,87,75,3,95,4,16,0.694736842105,固定BMI边界；扰动实测Y；未重拟合GPR
0.002,87,90,1,139,2,16.7142857143,0.856115107914,固定BMI边界；扰动实测Y；未重拟合GPR
0.002,87,90,2,61,2,16.2857142857,0.868852459016,固定BMI边界；扰动实测Y；未重拟合GPR
0.002,87,90,3,67,4,22,0.820895522388,固定BMI边界；扰动实测Y；未重拟合GPR
0.002,87,95,1,76,1,21.2857142857,0.907894736842,固定BMI边界；扰动实测Y；未重拟合GPR
0.002,87,95,2,102,3,20.5714285714,0.901960784314,固定BMI边界；扰动实测Y；未重拟合GPR
0.002,87,95,3,89,4,26.4285714286,0.910112359551,固定BMI边界；扰动实测Y；未重拟合GPR
0.002,87,99,1,63,0,26.1428571429,0.968253968254,固定BMI边界；扰动实测Y；未重拟合GPR
0.002,87,99,2,134,4,inf,0.917910447761,固定BMI边界；扰动实测Y；未重拟合GPR
0.002,87,99,3,70,4,inf,0.928571428571,固定BMI边界；扰动实测Y；未重拟合GPR
0.002,88,50,1,65,0,12.8571428571,0.0615384615385,固定BMI边界；扰动实测Y；未重拟合GPR
0.002,88,50,2,62,1,12.7142857143,0.129032258065,固定BMI边界；扰动实测Y；未重拟合GPR
0.002,88,50,3,140,6,13,0.192857142857,固定BMI边界；扰动实测Y；未重拟合GPR
0.002,88,75,1,83,1,13.7142857143,0.566265060241,固定BMI边界；扰动实测Y；未重拟合GPR
0.002,88,75,2,89,2,13.4285714286,0.662921348315,固定BMI边界；扰动实测Y；未重拟合GPR
0.002,88,75,3,95,4,16,0.684210526316,固定BMI边界；扰动实测Y；未重拟合GPR
0.002,88,90,1,139,1,16.2857142857,0.877697841727,固定BMI边界；扰动实测Y；未重拟合GPR
0.002,88,90,2,61,3,16.5714285714,0.852459016393,固定BMI边界；扰动实测Y；未重拟合GPR
0.002,88,90,3,67,3,22,0.835820895522,固定BMI边界；扰动实测Y；未重拟合GPR
0.002,88,95,1,76,1,20.8571428571,0.907894736842,固定BMI边界；扰动实测Y；未重拟合GPR
0.002,88,95,2,102,2,19.5714285714,0.921568627451,固定BMI边界；扰动实测Y；未重拟合GPR
0.002,88,95,3,89,4,26.4285714286,0.898876404494,固定BMI边界；扰动实测Y；未重拟合GPR
0.002,88,99,1,63,0,26.1428571429,0.984126984127,固定BMI边界；扰动实测Y；未重拟合GPR
0.002,88,99,2,134,4,inf,0.925373134328,固定BMI边界；扰动实测Y；未重拟合GPR
0.002,88,99,3,70,3,inf,0.942857142857,固定BMI边界；扰动实测Y；未重拟合GPR
0.002,89,50,1,65,0,12.8571428571,0.0615384615385,固定BMI边界；扰动实测Y；未重拟合GPR
0.002,89,50,2,62,1,12.7142857143,0.129032258065,固定BMI边界；扰动实测Y；未重拟合GPR
0.002,89,50,3,140,7,13,0.185714285714,固定BMI边界；扰动实测Y；未重拟合GPR
0.002,89,75,1,83,1,13.7142857143,0.578313253012,固定BMI边界；扰动实测Y；未重拟合GPR
0.002,89,75,2,89,2,13.4285714286,0.662921348315,固定BMI边界；扰动实测Y；未重拟合GPR
0.002,89,75,3,95,5,15.5714285714,0.705263157895,固定BMI边界；扰动实测Y；未重拟合GPR
0.002,89,90,1,139,1,16.4285714286,0.870503597122,固定BMI边界；扰动实测Y；未重拟合GPR
0.002,89,90,2,61,3,15.1428571429,0.868852459016,固定BMI边界；扰动实测Y；未重拟合GPR
0.002,89,90,3,67,4,23.4285714286,0.820895522388,固定BMI边界；扰动实测Y；未重拟合GPR
0.002,89,95,1,76,1,20.8571428571,0.907894736842,固定BMI边界；扰动实测Y；未重拟合GPR
0.002,89,95,2,102,2,19.4285714286,0.911764705882,固定BMI边界；扰动实测Y；未重拟合GPR
0.002,89,95,3,89,5,inf,0.887640449438,固定BMI边界；扰动实测Y；未重拟合GPR
0.002,89,99,1,63,0,26.1428571429,0.984126984127,固定BMI边界；扰动实测Y；未重拟合GPR
0.002,89,99,2,134,4,inf,0.925373134328,固定BMI边界；扰动实测Y；未重拟合GPR
0.002,89,99,3,70,4,inf,0.928571428571,固定BMI边界；扰动实测Y；未重拟合GPR
0.002,90,50,1,65,0,12.7142857143,0.0615384615385,固定BMI边界；扰动实测Y；未重拟合GPR
0.002,90,50,2,62,1,12.7142857143,0.129032258065,固定BMI边界；扰动实测Y；未重拟合GPR
0.002,90,50,3,140,5,13,0.185714285714,固定BMI边界；扰动实测Y；未重拟合GPR
0.002,90,75,1,83,1,13.5714285714,0.590361445783,固定BMI边界；扰动实测Y；未重拟合GPR
0.002,90,75,2,89,2,13.4285714286,0.685393258427,固定BMI边界；扰动实测Y；未重拟合GPR
0.002,90,75,3,95,3,16,0.694736842105,固定BMI边界；扰动实测Y；未重拟合GPR
0.002,90,90,1,139,1,16.1428571429,0.892086330935,固定BMI边界；扰动实测Y；未重拟合GPR
0.002,90,90,2,61,2,16.2857142857,0.852459016393,固定BMI边界；扰动实测Y；未重拟合GPR
0.002,90,90,3,67,3,22,0.835820895522,固定BMI边界；扰动实测Y；未重拟合GPR
0.002,90,95,1,76,1,20.8571428571,0.907894736842,固定BMI边界；扰动实测Y；未重拟合GPR
0.002,90,95,2,102,2,16.5714285714,0.941176470588,固定BMI边界；扰动实测Y；未重拟合GPR
0.002,90,95,3,89,3,24,0.910112359551,固定BMI边界；扰动实测Y；未重拟合GPR
0.002,90,99,1,63,0,26.1428571429,0.984126984127,固定BMI边界；扰动实测Y；未重拟合GPR
0.002,90,99,2,134,3,inf,0.940298507463,固定BMI边界；扰动实测Y；未重拟合GPR
0.002,90,99,3,70,3,inf,0.942857142857,固定BMI边界；扰动实测Y；未重拟合GPR
0.002,91,50,1,65,0,12.8571428571,0.0615384615385,固定BMI边界；扰动实测Y；未重拟合GPR
0.002,91,50,2,62,2,12.7142857143,0.129032258065,固定BMI边界；扰动实测Y；未重拟合GPR
0.002,91,50,3,140,7,13,0.207142857143,固定BMI边界；扰动实测Y；未重拟合GPR
0.002,91,75,1,83,1,13.7142857143,0.566265060241,固定BMI边界；扰动实测Y；未重拟合GPR
0.002,91,75,2,89,3,13.7142857143,0.640449438202,固定BMI边界；扰动实测Y；未重拟合GPR
0.002,91,75,3,95,5,15.1428571429,0.705263157895,固定BMI边界；扰动实测Y；未重拟合GPR
0.002,91,90,1,139,2,16.7142857143,0.848920863309,固定BMI边界；扰动实测Y；未重拟合GPR
0.002,91,90,2,61,3,16.2857142857,0.852459016393,固定BMI边界；扰动实测Y；未重拟合GPR
0.002,91,90,3,67,4,23.4285714286,0.805970149254,固定BMI边界；扰动实测Y；未重拟合GPR
0.002,91,95,1,76,1,21.2857142857,0.894736842105,固定BMI边界；扰动实测Y；未重拟合GPR
0.002,91,95,2,102,3,20.5714285714,0.901960784314,固定BMI边界；扰动实测Y；未重拟合GPR
0.002,91,95,3,89,5,inf,0.887640449438,固定BMI边界；扰动实测Y；未重拟合GPR
0.002,91,99,1,63,0,26.1428571429,0.968253968254,固定BMI边界；扰动实测Y；未重拟合GPR
0.002,91,99,2,134,5,inf,0.925373134328,固定BMI边界；扰动实测Y；未重拟合GPR
0.002,91,99,3,70,4,inf,0.928571428571,固定BMI边界；扰动实测Y；未重拟合GPR
0.002,92,50,1,65,0,12.8571428571,0.0615384615385,固定BMI边界；扰动实测Y；未重拟合GPR
0.002,92,50,2,62,1,12.7142857143,0.129032258065,固定BMI边界；扰动实测Y；未重拟合GPR
0.002,92,50,3,140,6,13,0.207142857143,固定BMI边界；扰动实测Y；未重拟合GPR
0.002,92,75,1,83,1,13.7142857143,0.566265060241,固定BMI边界；扰动实测Y；未重拟合GPR
0.002,92,75,2,89,2,13.7142857143,0.651685393258,固定BMI边界；扰动实测Y；未重拟合GPR
0.002,92,75,3,95,4,13.8571428571,0.726315789474,固定BMI边界；扰动实测Y；未重拟合GPR
0.002,92,90,1,139,1,16.7142857143,0.856115107914,固定BMI边界；扰动实测Y；未重拟合GPR
0.002,92,90,2,61,2,16.2857142857,0.852459016393,固定BMI边界；扰动实测Y；未重拟合GPR
0.002,92,90,3,67,4,22,0.850746268657,固定BMI边界；扰动实测Y；未重拟合GPR
0.002,92,95,1,76,1,21.2857142857,0.894736842105,固定BMI边界；扰动实测Y；未重拟合GPR
0.002,92,95,2,102,2,19.5714285714,0.911764705882,固定BMI边界；扰动实测Y；未重拟合GPR
0.002,92,95,3,89,4,24,0.910112359551,固定BMI边界；扰动实测Y；未重拟合GPR
0.002,92,99,1,63,0,26.1428571429,0.968253968254,固定BMI边界；扰动实测Y；未重拟合GPR
0.002,92,99,2,134,3,inf,0.925373134328,固定BMI边界；扰动实测Y；未重拟合GPR
0.002,92,99,3,70,4,inf,0.942857142857,固定BMI边界；扰动实测Y；未重拟合GPR
0.002,93,50,1,65,0,12.8571428571,0.0615384615385,固定BMI边界；扰动实测Y；未重拟合GPR
0.002,93,50,2,62,1,12.7142857143,0.129032258065,固定BMI边界；扰动实测Y；未重拟合GPR
0.002,93,50,3,140,7,13.1428571429,0.185714285714,固定BMI边界；扰动实测Y；未重拟合GPR
0.002,93,75,1,83,1,13.7142857143,0.578313253012,固定BMI边界；扰动实测Y；未重拟合GPR
0.002,93,75,2,89,2,13.7142857143,0.640449438202,固定BMI边界；扰动实测Y；未重拟合GPR
0.002,93,75,3,95,5,16,0.684210526316,固定BMI边界；扰动实测Y；未重拟合GPR
0.002,93,90,1,139,1,16.4285714286,0.870503597122,固定BMI边界；扰动实测Y；未重拟合GPR
0.002,93,90,2,61,2,16.5714285714,0.852459016393,固定BMI边界；扰动实测Y；未重拟合GPR
0.002,93,90,3,67,5,24,0.820895522388,固定BMI边界；扰动实测Y；未重拟合GPR
0.002,93,95,1,76,1,20.8571428571,0.907894736842,固定BMI边界；扰动实测Y；未重拟合GPR
0.002,93,95,2,102,2,20.5714285714,0.901960784314,固定BMI边界；扰动实测Y；未重拟合GPR
0.002,93,95,3,89,5,inf,0.898876404494,固定BMI边界；扰动实测Y；未重拟合GPR
0.002,93,99,1,63,0,26.1428571429,0.984126984127,固定BMI边界；扰动实测Y；未重拟合GPR
0.002,93,99,2,134,3,inf,0.917910447761,固定BMI边界；扰动实测Y；未重拟合GPR
0.002,93,99,3,70,5,inf,0.914285714286,固定BMI边界；扰动实测Y；未重拟合GPR
0.002,94,50,1,65,0,12.8571428571,0.0615384615385,固定BMI边界；扰动实测Y；未重拟合GPR
0.002,94,50,2,62,2,12.7142857143,0.129032258065,固定BMI边界；扰动实测Y；未重拟合GPR
0.002,94,50,3,140,6,13,0.192857142857,固定BMI边界；扰动实测Y；未重拟合GPR
0.002,94,75,1,83,1,13.7142857143,0.566265060241,固定BMI边界；扰动实测Y；未重拟合GPR
0.002,94,75,2,89,3,13.7142857143,0.651685393258,固定BMI边界；扰动实测Y；未重拟合GPR
0.002,94,75,3,95,4,15.5714285714,0.694736842105,固定BMI边界；扰动实测Y；未重拟合GPR
0.002,94,90,1,139,2,16.4285714286,0.863309352518,固定BMI边界；扰动实测Y；未重拟合GPR
0.002,94,90,2,61,2,16.2857142857,0.852459016393,固定BMI边界；扰动实测Y；未重拟合GPR
0.002,94,90,3,67,4,23.4285714286,0.805970149254,固定BMI边界；扰动实测Y；未重拟合GPR
0.002,94,95,1,76,1,20.8571428571,0.907894736842,固定BMI边界；扰动实测Y；未重拟合GPR
0.002,94,95,2,102,3,21.4285714286,0.911764705882,固定BMI边界；扰动实测Y；未重拟合GPR
0.002,94,95,3,89,4,26.4285714286,0.898876404494,固定BMI边界；扰动实测Y；未重拟合GPR
0.002,94,99,1,63,0,26.1428571429,0.984126984127,固定BMI边界；扰动实测Y；未重拟合GPR
0.002,94,99,2,134,4,inf,0.925373134328,固定BMI边界；扰动实测Y；未重拟合GPR
0.002,94,99,3,70,4,inf,0.928571428571,固定BMI边界；扰动实测Y；未重拟合GPR
0.002,95,50,1,65,0,12.8571428571,0.0615384615385,固定BMI边界；扰动实测Y；未重拟合GPR
0.002,95,50,2,62,0,12.5714285714,0.145161290323,固定BMI边界；扰动实测Y；未重拟合GPR
0.002,95,50,3,140,5,13,0.192857142857,固定BMI边界；扰动实测Y；未重拟合GPR
0.002,95,75,1,83,0,13.7142857143,0.578313253012,固定BMI边界；扰动实测Y；未重拟合GPR
0.002,95,75,2,89,2,13.2857142857,0.696629213483,固定BMI边界；扰动实测Y；未重拟合GPR
0.002,95,75,3,95,3,15.1428571429,0.705263157895,固定BMI边界；扰动实测Y；未重拟合GPR
0.002,95,90,1,139,0,16.4285714286,0.877697841727,固定BMI边界；扰动实测Y；未重拟合GPR
0.002,95,90,2,61,2,15.1428571429,0.885245901639,固定BMI边界；扰动实测Y；未重拟合GPR
0.002,95,90,3,67,3,20.8571428571,0.820895522388,固定BMI边界；扰动实测Y；未重拟合GPR
0.002,95,95,1,76,0,20.8571428571,0.907894736842,固定BMI边界；扰动实测Y；未重拟合GPR
0.002,95,95,2,102,2,17.8571428571,0.93137254902,固定BMI边界；扰动实测Y；未重拟合GPR
0.002,95,95,3,89,3,24,0.921348314607,固定BMI边界；扰动实测Y；未重拟合GPR
0.002,95,99,1,63,0,26.1428571429,0.968253968254,固定BMI边界；扰动实测Y；未重拟合GPR
0.002,95,99,2,134,2,inf,0.94776119403,固定BMI边界；扰动实测Y；未重拟合GPR
0.002,95,99,3,70,3,inf,0.942857142857,固定BMI边界；扰动实测Y；未重拟合GPR
0.002,96,50,1,65,0,12.8571428571,0.0615384615385,固定BMI边界；扰动实测Y；未重拟合GPR
0.002,96,50,2,62,1,12.7142857143,0.129032258065,固定BMI边界；扰动实测Y；未重拟合GPR
0.002,96,50,3,140,6,13,0.2,固定BMI边界；扰动实测Y；未重拟合GPR
0.002,96,75,1,83,1,13.7142857143,0.566265060241,固定BMI边界；扰动实测Y；未重拟合GPR
0.002,96,75,2,89,2,13.4285714286,0.685393258427,固定BMI边界；扰动实测Y；未重拟合GPR
0.002,96,75,3,95,4,15.1428571429,0.705263157895,固定BMI边界；扰动实测Y；未重拟合GPR
0.002,96,90,1,139,1,16.4285714286,0.877697841727,固定BMI边界；扰动实测Y；未重拟合GPR
0.002,96,90,2,61,2,14.8571428571,0.885245901639,固定BMI边界；扰动实测Y；未重拟合GPR
0.002,96,90,3,67,4,22,0.835820895522,固定BMI边界；扰动实测Y；未重拟合GPR
0.002,96,95,1,76,1,21.2857142857,0.894736842105,固定BMI边界；扰动实测Y；未重拟合GPR
0.002,96,95,2,102,2,16.5714285714,0.941176470588,固定BMI边界；扰动实测Y；未重拟合GPR
0.002,96,95,3,89,4,26.4285714286,0.910112359551,固定BMI边界；扰动实测Y；未重拟合GPR
0.002,96,99,1,63,0,26.1428571429,0.968253968254,固定BMI边界；扰动实测Y；未重拟合GPR
0.002,96,99,2,134,3,inf,0.940298507463,固定BMI边界；扰动实测Y；未重拟合GPR
0.002,96,99,3,70,4,inf,0.928571428571,固定BMI边界；扰动实测Y；未重拟合GPR
0.002,97,50,1,65,0,12.8571428571,0.0615384615385,固定BMI边界；扰动实测Y；未重拟合GPR
0.002,97,50,2,62,1,12.7142857143,0.129032258065,固定BMI边界；扰动实测Y；未重拟合GPR
0.002,97,50,3,140,7,13,0.2,固定BMI边界；扰动实测Y；未重拟合GPR
0.002,97,75,1,83,1,13.7142857143,0.578313253012,固定BMI边界；扰动实测Y；未重拟合GPR
0.002,97,75,2,89,2,13.4285714286,0.674157303371,固定BMI边界；扰动实测Y；未重拟合GPR
0.002,97,75,3,95,5,16,0.694736842105,固定BMI边界；扰动实测Y；未重拟合GPR
0.002,97,90,1,139,1,16.4285714286,0.877697841727,固定BMI边界；扰动实测Y；未重拟合GPR
0.002,97,90,2,61,3,15.5714285714,0.852459016393,固定BMI边界；扰动实测Y；未重拟合GPR
0.002,97,90,3,67,4,22,0.835820895522,固定BMI边界；扰动实测Y；未重拟合GPR
0.002,97,95,1,76,1,21.2857142857,0.894736842105,固定BMI边界；扰动实测Y；未重拟合GPR
0.002,97,95,2,102,2,20.1428571429,0.921568627451,固定BMI边界；扰动实测Y；未重拟合GPR
0.002,97,95,3,89,5,inf,0.898876404494,固定BMI边界；扰动实测Y；未重拟合GPR
0.002,97,99,1,63,0,26.1428571429,0.968253968254,固定BMI边界；扰动实测Y；未重拟合GPR
0.002,97,99,2,134,4,inf,0.925373134328,固定BMI边界；扰动实测Y；未重拟合GPR
0.002,97,99,3,70,4,inf,0.928571428571,固定BMI边界；扰动实测Y；未重拟合GPR
0.002,98,50,1,65,0,12.8571428571,0.0615384615385,固定BMI边界；扰动实测Y；未重拟合GPR
0.002,98,50,2,62,1,12.7142857143,0.129032258065,固定BMI边界；扰动实测Y；未重拟合GPR
0.002,98,50,3,140,7,13,0.192857142857,固定BMI边界；扰动实测Y；未重拟合GPR
0.002,98,75,1,83,1,13.7142857143,0.578313253012,固定BMI边界；扰动实测Y；未重拟合GPR
0.002,98,75,2,89,2,13.4285714286,0.685393258427,固定BMI边界；扰动实测Y；未重拟合GPR
0.002,98,75,3,95,5,16,0.684210526316,固定BMI边界；扰动实测Y；未重拟合GPR
0.002,98,90,1,139,1,16.4285714286,0.877697841727,固定BMI边界；扰动实测Y；未重拟合GPR
0.002,98,90,2,61,2,15.1428571429,0.868852459016,固定BMI边界；扰动实测Y；未重拟合GPR
0.002,98,90,3,67,5,24,0.805970149254,固定BMI边界；扰动实测Y；未重拟合GPR
0.002,98,95,1,76,1,23.1428571429,0.894736842105,固定BMI边界；扰动实测Y；未重拟合GPR
0.002,98,95,2,102,2,16.5714285714,0.93137254902,固定BMI边界；扰动实测Y；未重拟合GPR
0.002,98,95,3,89,5,inf,0.887640449438,固定BMI边界；扰动实测Y；未重拟合GPR
0.002,98,99,1,63,0,26.1428571429,0.952380952381,固定BMI边界；扰动实测Y；未重拟合GPR
0.002,98,99,2,134,3,inf,0.940298507463,固定BMI边界；扰动实测Y；未重拟合GPR
0.002,98,99,3,70,5,inf,0.914285714286,固定BMI边界；扰动实测Y；未重拟合GPR
0.002,99,50,1,65,0,12.8571428571,0.0615384615385,固定BMI边界；扰动实测Y；未重拟合GPR
0.002,99,50,2,62,1,12.7142857143,0.129032258065,固定BMI边界；扰动实测Y；未重拟合GPR
0.002,99,50,3,140,6,13,0.192857142857,固定BMI边界；扰动实测Y；未重拟合GPR
0.002,99,75,1,83,1,13.7142857143,0.578313253012,固定BMI边界；扰动实测Y；未重拟合GPR
0.002,99,75,2,89,2,13.4285714286,0.685393258427,固定BMI边界；扰动实测Y；未重拟合GPR
0.002,99,75,3,95,4,15.1428571429,0.705263157895,固定BMI边界；扰动实测Y；未重拟合GPR
0.002,99,90,1,139,1,16.2857142857,0.884892086331,固定BMI边界；扰动实测Y；未重拟合GPR
0.002,99,90,2,61,2,15.1428571429,0.868852459016,固定BMI边界；扰动实测Y；未重拟合GPR
0.002,99,90,3,67,4,22,0.820895522388,固定BMI边界；扰动实测Y；未重拟合GPR
0.002,99,95,1,76,1,20.8571428571,0.907894736842,固定BMI边界；扰动实测Y；未重拟合GPR
0.002,99,95,2,102,2,16.5714285714,0.941176470588,固定BMI边界；扰动实测Y；未重拟合GPR
0.002,99,95,3,89,4,26.4285714286,0.910112359551,固定BMI边界；扰动实测Y；未重拟合GPR
0.002,99,99,1,63,0,26.1428571429,0.984126984127,固定BMI边界；扰动实测Y；未重拟合GPR
0.002,99,99,2,134,3,inf,0.940298507463,固定BMI边界；扰动实测Y；未重拟合GPR
0.002,99,99,3,70,4,inf,0.928571428571,固定BMI边界；扰动实测Y；未重拟合GPR
0.005,0,50,1,65,0,12.8571428571,0.0615384615385,固定BMI边界；扰动实测Y；未重拟合GPR
0.005,0,50,2,62,1,12.7142857143,0.145161290323,固定BMI边界；扰动实测Y；未重拟合GPR
0.005,0,50,3,140,4,13,0.192857142857,固定BMI边界；扰动实测Y；未重拟合GPR
0.005,0,75,1,83,0,13.7142857143,0.578313253012,固定BMI边界；扰动实测Y；未重拟合GPR
0.005,0,75,2,89,3,13.5714285714,0.651685393258,固定BMI边界；扰动实测Y；未重拟合GPR
0.005,0,75,3,95,2,13.8571428571,0.726315789474,固定BMI边界；扰动实测Y；未重拟合GPR
0.005,0,90,1,139,1,16.7142857143,0.863309352518,固定BMI边界；扰动实测Y；未重拟合GPR
0.005,0,90,2,61,2,16.5714285714,0.83606557377,固定BMI边界；扰动实测Y；未重拟合GPR
0.005,0,90,3,67,2,20.8571428571,0.850746268657,固定BMI边界；扰动实测Y；未重拟合GPR
0.005,0,95,1,76,0,21.2857142857,0.881578947368,固定BMI边界；扰动实测Y；未重拟合GPR
0.005,0,95,2,102,3,19.5714285714,0.892156862745,固定BMI边界；扰动实测Y；未重拟合GPR
0.005,0,95,3,89,2,23.4285714286,0.921348314607,固定BMI边界；扰动实测Y；未重拟合GPR
0.005,0,99,1,63,0,26.1428571429,0.952380952381,固定BMI边界；扰动实测Y；未重拟合GPR
0.005,0,99,2,134,3,inf,0.940298507463,固定BMI边界；扰动实测Y；未重拟合GPR
0.005,0,99,3,70,2,inf,0.957142857143,固定BMI边界；扰动实测Y；未重拟合GPR
0.005,1,50,1,65,0,12.8571428571,0.0615384615385,固定BMI边界；扰动实测Y；未重拟合GPR
0.005,1,50,2,62,1,12.5714285714,0.129032258065,固定BMI边界；扰动实测Y；未重拟合GPR
0.005,1,50,3,140,6,13.1428571429,0.192857142857,固定BMI边界；扰动实测Y；未重拟合GPR
0.005,1,75,1,83,1,13.5714285714,0.578313253012,固定BMI边界；扰动实测Y；未重拟合GPR
0.005,1,75,2,89,2,13.2857142857,0.696629213483,固定BMI边界；扰动实测Y；未重拟合GPR
0.005,1,75,3,95,4,16.1428571429,0.673684210526,固定BMI边界；扰动实测Y；未重拟合GPR
0.005,1,90,1,139,1,16.2857142857,0.884892086331,固定BMI边界；扰动实测Y；未重拟合GPR
0.005,1,90,2,61,2,16.2857142857,0.868852459016,固定BMI边界；扰动实测Y；未重拟合GPR
0.005,1,90,3,67,4,23.1428571429,0.791044776119,固定BMI边界；扰动实测Y；未重拟合GPR
0.005,1,95,1,76,1,20.2857142857,0.921052631579,固定BMI边界；扰动实测Y；未重拟合GPR
0.005,1,95,2,102,2,16.5714285714,0.93137254902,固定BMI边界；扰动实测Y；未重拟合GPR
0.005,1,95,3,89,4,26.4285714286,0.887640449438,固定BMI边界；扰动实测Y；未重拟合GPR
0.005,1,99,1,63,0,24.5714285714,0.984126984127,固定BMI边界；扰动实测Y；未重拟合GPR
0.005,1,99,2,134,3,inf,0.940298507463,固定BMI边界；扰动实测Y；未重拟合GPR
0.005,1,99,3,70,4,inf,0.928571428571,固定BMI边界；扰动实测Y；未重拟合GPR
0.005,2,50,1,65,0,12.8571428571,0.0461538461538,固定BMI边界；扰动实测Y；未重拟合GPR
0.005,2,50,2,62,1,12.7142857143,0.129032258065,固定BMI边界；扰动实测Y；未重拟合GPR
0.005,2,50,3,140,7,13,0.185714285714,固定BMI边界；扰动实测Y；未重拟合GPR
0.005,2,75,1,83,1,13.7142857143,0.578313253012,固定BMI边界；扰动实测Y；未重拟合GPR
0.005,2,75,2,89,2,13.4285714286,0.651685393258,固定BMI边界；扰动实测Y；未重拟合GPR
0.005,2,75,3,95,5,16,0.705263157895,固定BMI边界；扰动实测Y；未重拟合GPR
0.005,2,90,1,139,1,16.7142857143,0.877697841727,固定BMI边界；扰动实测Y；未重拟合GPR
0.005,2,90,2,61,3,16.2857142857,0.852459016393,固定BMI边界；扰动实测Y；未重拟合GPR
0.005,2,90,3,67,4,22,0.835820895522,固定BMI边界；扰动实测Y；未重拟合GPR
0.005,2,95,1,76,1,21.2857142857,0.894736842105,固定BMI边界；扰动实测Y；未重拟合GPR
0.005,2,95,2,102,2,20.1428571429,0.901960784314,固定BMI边界；扰动实测Y；未重拟合GPR
0.005,2,95,3,89,5,inf,0.898876404494,固定BMI边界；扰动实测Y；未重拟合GPR
0.005,2,99,1,63,0,26.1428571429,0.968253968254,固定BMI边界；扰动实测Y；未重拟合GPR
0.005,2,99,2,134,4,inf,0.917910447761,固定BMI边界；扰动实测Y；未重拟合GPR
0.005,2,99,3,70,4,inf,0.942857142857,固定BMI边界；扰动实测Y；未重拟合GPR
0.005,3,50,1,65,0,12.8571428571,0.0615384615385,固定BMI边界；扰动实测Y；未重拟合GPR
0.005,3,50,2,62,2,12.7142857143,0.129032258065,固定BMI边界；扰动实测Y；未重拟合GPR
0.005,3,50,3,140,4,13.1428571429,0.185714285714,固定BMI边界；扰动实测Y；未重拟合GPR
0.005,3,75,1,83,1,13.7142857143,0.566265060241,固定BMI边界；扰动实测Y；未重拟合GPR
0.005,3,75,2,89,3,13.7142857143,0.640449438202,固定BMI边界；扰动实测Y；未重拟合GPR
0.005,3,75,3,95,2,16,0.694736842105,固定BMI边界；扰动实测Y；未重拟合GPR
0.005,3,90,1,139,2,16.2857142857,0.870503597122,固定BMI边界；扰动实测Y；未重拟合GPR
0.005,3,90,2,61,2,17,0.819672131148,固定BMI边界；扰动实测Y；未重拟合GPR
0.005,3,90,3,67,2,20.8571428571,0.850746268657,固定BMI边界；扰动实测Y；未重拟合GPR
0.005,3,95,1,76,1,20.8571428571,0.921052631579,固定BMI边界；扰动实测Y；未重拟合GPR
0.005,3,95,2,102,3,20.1428571429,0.901960784314,固定BMI边界；扰动实测Y；未重拟合GPR
0.005,3,95,3,89,2,23.4285714286,0.910112359551,固定BMI边界；扰动实测Y；未重拟合GPR
0.005,3,99,1,63,0,26.1428571429,0.984126984127,固定BMI边界；扰动实测Y；未重拟合GPR
0.005,3,99,2,134,4,inf,0.917910447761,固定BMI边界；扰动实测Y；未重拟合GPR
0.005,3,99,3,70,2,inf,0.957142857143,固定BMI边界；扰动实测Y；未重拟合GPR
0.005,4,50,1,65,0,13,0.0461538461538,固定BMI边界；扰动实测Y；未重拟合GPR
0.005,4,50,2,62,0,12.5714285714,0.145161290323,固定BMI边界；扰动实测Y；未重拟合GPR
0.005,4,50,3,140,5,13,0.185714285714,固定BMI边界；扰动实测Y；未重拟合GPR
0.005,4,75,1,83,0,13.8571428571,0.55421686747,固定BMI边界；扰动实测Y；未重拟合GPR
0.005,4,75,2,89,2,13.4285714286,0.674157303371,固定BMI边界；扰动实测Y；未重拟合GPR
0.005,4,75,3,95,3,13.8571428571,0.715789473684,固定BMI边界；扰动实测Y；未重拟合GPR
0.005,4,90,1,139,0,16.7142857143,0.870503597122,固定BMI边界；扰动实测Y；未重拟合GPR
0.005,4,90,2,61,2,16,0.852459016393,固定BMI边界；扰动实测Y；未重拟合GPR
0.005,4,90,3,67,3,22,0.835820895522,固定BMI边界；扰动实测Y；未重拟合GPR
0.005,4,95,1,76,0,21.2857142857,0.881578947368,固定BMI边界；扰动实测Y；未重拟合GPR
0.005,4,95,2,102,2,19.4285714286,0.93137254902,固定BMI边界；扰动实测Y；未重拟合GPR
0.005,4,95,3,89,3,24,0.910112359551,固定BMI边界；扰动实测Y；未重拟合GPR
0.005,4,99,1,63,0,26.1428571429,0.952380952381,固定BMI边界；扰动实测Y；未重拟合GPR
0.005,4,99,2,134,2,inf,0.94776119403,固定BMI边界；扰动实测Y；未重拟合GPR
0.005,4,99,3,70,3,inf,0.942857142857,固定BMI边界；扰动实测Y；未重拟合GPR
0.005,5,50,1,65,0,12.8571428571,0.0615384615385,固定BMI边界；扰动实测Y；未重拟合GPR
0.005,5,50,2,62,1,12.7142857143,0.129032258065,固定BMI边界；扰动实测Y；未重拟合GPR
0.005,5,50,3,140,4,13,0.192857142857,固定BMI边界；扰动实测Y；未重拟合GPR
0.005,5,75,1,83,1,13.7142857143,0.566265060241,固定BMI边界；扰动实测Y；未重拟合GPR
0.005,5,75,2,89,2,13.2857142857,0.696629213483,固定BMI边界；扰动实测Y；未重拟合GPR
0.005,5,75,3,95,2,15.5714285714,0.705263157895,固定BMI边界；扰动实测Y；未重拟合GPR
0.005,5,90,1,139,1,16.2857142857,0.877697841727,固定BMI边界；扰动实测Y；未重拟合GPR
0.005,5,90,2,61,2,15.1428571429,0.885245901639,固定BMI边界；扰动实测Y；未重拟合GPR
0.005,5,90,3,67,2,20.8571428571,0.820895522388,固定BMI边界；扰动实测Y；未重拟合GPR
0.005,5,95,1,76,1,20.2857142857,0.921052631579,固定BMI边界；扰动实测Y；未重拟合GPR
0.005,5,95,2,102,2,18.8571428571,0.93137254902,固定BMI边界；扰动实测Y；未重拟合GPR
0.005,5,95,3,89,2,22,0.921348314607,固定BMI边界；扰动实测Y；未重拟合GPR
0.005,5,99,1,63,0,24.5714285714,0.984126984127,固定BMI边界；扰动实测Y；未重拟合GPR
0.005,5,99,2,134,3,inf,0.932835820896,固定BMI边界；扰动实测Y；未重拟合GPR
0.005,5,99,3,70,2,inf,0.957142857143,固定BMI边界；扰动实测Y；未重拟合GPR
0.005,6,50,1,65,0,12.8571428571,0.0307692307692,固定BMI边界；扰动实测Y；未重拟合GPR
0.005,6,50,2,62,1,12.5714285714,0.145161290323,固定BMI边界；扰动实测Y；未重拟合GPR
0.005,6,50,3,140,6,13,0.192857142857,固定BMI边界；扰动实测Y；未重拟合GPR
0.005,6,75,1,83,0,13.7142857143,0.566265060241,固定BMI边界；扰动实测Y；未重拟合GPR
0.005,6,75,2,89,2,13.2857142857,0.696629213483,固定BMI边界；扰动实测Y；未重拟合GPR
0.005,6,75,3,95,5,13.8571428571,0.726315789474,固定BMI边界；扰动实测Y；未重拟合GPR
0.005,6,90,1,139,1,16.2857142857,0.884892086331,固定BMI边界；扰动实测Y；未重拟合GPR
0.005,6,90,2,61,2,14,0.901639344262,固定BMI边界；扰动实测Y；未重拟合GPR
0.005,6,90,3,67,4,22,0.835820895522,固定BMI边界；扰动实测Y；未重拟合GPR
0.005,6,95,1,76,0,20.1428571429,0.934210526316,固定BMI边界；扰动实测Y；未重拟合GPR
0.005,6,95,2,102,2,18.8571428571,0.921568627451,固定BMI边界；扰动实测Y；未重拟合GPR
0.005,6,95,3,89,5,inf,0.898876404494,固定BMI边界；扰动实测Y；未重拟合GPR
0.005,6,99,1,63,0,24.5714285714,0.984126984127,固定BMI边界；扰动实测Y；未重拟合GPR
0.005,6,99,2,134,3,inf,0.940298507463,固定BMI边界；扰动实测Y；未重拟合GPR
0.005,6,99,3,70,4,inf,0.928571428571,固定BMI边界；扰动实测Y；未重拟合GPR
0.005,7,50,1,65,0,12.7142857143,0.0615384615385,固定BMI边界；扰动实测Y；未重拟合GPR
0.005,7,50,2,62,1,12.5714285714,0.129032258065,固定BMI边界；扰动实测Y；未重拟合GPR
0.005,7,50,3,140,8,13,0.192857142857,固定BMI边界；扰动实测Y；未重拟合GPR
0.005,7,75,1,83,1,13.7142857143,0.590361445783,固定BMI边界；扰动实测Y；未重拟合GPR
0.005,7,75,2,89,2,13.4285714286,0.685393258427,固定BMI边界；扰动实测Y；未重拟合GPR
0.005,7,75,3,95,6,13.8571428571,0.726315789474,固定BMI边界；扰动实测Y；未重拟合GPR
0.005,7,90,1,139,1,16.4285714286,0.884892086331,固定BMI边界；扰动实测Y；未重拟合GPR
0.005,7,90,2,61,2,15.1428571429,0.868852459016,固定BMI边界；扰动实测Y；未重拟合GPR
0.005,7,90,3,67,6,24,0.805970149254,固定BMI边界；扰动实测Y；未重拟合GPR
0.005,7,95,1,76,1,23.1428571429,0.894736842105,固定BMI边界；扰动实测Y；未重拟合GPR
0.005,7,95,2,102,2,16.4285714286,0.950980392157,固定BMI边界；扰动实测Y；未重拟合GPR
0.005,7,95,3,89,6,inf,0.887640449438,固定BMI边界；扰动实测Y；未重拟合GPR
0.005,7,99,1,63,0,26.1428571429,0.952380952381,固定BMI边界；扰动实测Y；未重拟合GPR
0.005,7,99,2,134,3,inf,0.94776119403,固定BMI边界；扰动实测Y；未重拟合GPR
0.005,7,99,3,70,6,inf,0.914285714286,固定BMI边界；扰动实测Y；未重拟合GPR
0.005,8,50,1,65,0,12.7142857143,0.0615384615385,固定BMI边界；扰动实测Y；未重拟合GPR
0.005,8,50,2,62,1,12.7142857143,0.129032258065,固定BMI边界；扰动实测Y；未重拟合GPR
0.005,8,50,3,140,6,13,0.2,固定BMI边界；扰动实测Y；未重拟合GPR
0.005,8,75,1,83,1,13.5714285714,0.590361445783,固定BMI边界；扰动实测Y；未重拟合GPR
0.005,8,75,2,89,2,13.4285714286,0.662921348315,固定BMI边界；扰动实测Y；未重拟合GPR
0.005,8,75,3,95,4,15.5714285714,0.715789473684,固定BMI边界；扰动实测Y；未重拟合GPR
0.005,8,90,1,139,1,16.2857142857,0.877697841727,固定BMI边界；扰动实测Y；未重拟合GPR
0.005,8,90,2,61,2,16.2857142857,0.852459016393,固定BMI边界；扰动实测Y；未重拟合GPR
0.005,8,90,3,67,4,22,0.805970149254,固定BMI边界；扰动实测Y；未重拟合GPR
0.005,8,95,1,76,1,23.1428571429,0.907894736842,固定BMI边界；扰动实测Y；未重拟合GPR
0.005,8,95,2,102,2,17,0.93137254902,固定BMI边界；扰动实测Y；未重拟合GPR
0.005,8,95,3,89,4,26.4285714286,0.910112359551,固定BMI边界；扰动实测Y；未重拟合GPR
0.005,8,99,1,63,0,26.1428571429,0.952380952381,固定BMI边界；扰动实测Y；未重拟合GPR
0.005,8,99,2,134,3,inf,0.955223880597,固定BMI边界；扰动实测Y；未重拟合GPR
0.005,8,99,3,70,4,inf,0.928571428571,固定BMI边界；扰动实测Y；未重拟合GPR
0.005,9,50,1,65,0,12.8571428571,0.0461538461538,固定BMI边界；扰动实测Y；未重拟合GPR
0.005,9,50,2,62,1,12.7142857143,0.129032258065,固定BMI边界；扰动实测Y；未重拟合GPR
0.005,9,50,3,140,7,13,0.2,固定BMI边界；扰动实测Y；未重拟合GPR
0.005,9,75,1,83,1,13.5714285714,0.578313253012,固定BMI边界；扰动实测Y；未重拟合GPR
0.005,9,75,2,89,2,13.4285714286,0.662921348315,固定BMI边界；扰动实测Y；未重拟合GPR
0.005,9,75,3,95,5,15.8571428571,0.694736842105,固定BMI边界；扰动实测Y；未重拟合GPR
0.005,9,90,1,139,1,16.1428571429,0.892086330935,固定BMI边界；扰动实测Y；未重拟合GPR
0.005,9,90,2,61,2,16.5714285714,0.852459016393,固定BMI边界；扰动实测Y；未重拟合GPR
0.005,9,90,3,67,5,24,0.820895522388,固定BMI边界；扰动实测Y；未重拟合GPR
0.005,9,95,1,76,1,20.8571428571,0.907894736842,固定BMI边界；扰动实测Y；未重拟合GPR
0.005,9,95,2,102,2,19.5714285714,0.921568627451,固定BMI边界；扰动实测Y；未重拟合GPR
0.005,9,95,3,89,5,inf,0.887640449438,固定BMI边界；扰动实测Y；未重拟合GPR
0.005,9,99,1,63,0,23.1428571429,0.984126984127,固定BMI边界；扰动实测Y；未重拟合GPR
0.005,9,99,2,134,3,inf,0.925373134328,固定BMI边界；扰动实测Y；未重拟合GPR
0.005,9,99,3,70,5,inf,0.914285714286,固定BMI边界；扰动实测Y；未重拟合GPR
0.005,10,50,1,65,0,12.7142857143,0.0615384615385,固定BMI边界；扰动实测Y；未重拟合GPR
0.005,10,50,2,62,1,12.5714285714,0.161290322581,固定BMI边界；扰动实测Y；未重拟合GPR
0.005,10,50,3,140,7,13,0.2,固定BMI边界；扰动实测Y；未重拟合GPR
0.005,10,75,1,83,0,13.5714285714,0.602409638554,固定BMI边界；扰动实测Y；未重拟合GPR
0.005,10,75,2,89,3,13.4285714286,0.685393258427,固定BMI边界；扰动实测Y；未重拟合GPR
0.005,10,75,3,95,5,13.8571428571,0.715789473684,固定BMI边界；扰动实测Y；未重拟合GPR
0.005,10,90,1,139,1,16.2857142857,0.892086330935,固定BMI边界；扰动实测Y；未重拟合GPR
0.005,10,90,2,61,3,15.1428571429,0.868852459016,固定BMI边界；扰动实测Y；未重拟合GPR
0.005,10,90,3,67,4,22,0.865671641791,固定BMI边界；扰动实测Y；未重拟合GPR
0.005,10,95,1,76,0,20.8571428571,0.921052631579,固定BMI边界；扰动实测Y；未重拟合GPR
0.005,10,95,2,102,3,21,0.911764705882,固定BMI边界；扰动实测Y；未重拟合GPR
0.005,10,95,3,89,5,inf,0.898876404494,固定BMI边界；扰动实测Y；未重拟合GPR
0.005,10,99,1,63,0,26.1428571429,0.968253968254,固定BMI边界；扰动实测Y；未重拟合GPR
0.005,10,99,2,134,4,inf,0.932835820896,固定BMI边界；扰动实测Y；未重拟合GPR
0.005,10,99,3,70,4,inf,0.928571428571,固定BMI边界；扰动实测Y；未重拟合GPR
0.005,11,50,1,65,0,12.8571428571,0.0615384615385,固定BMI边界；扰动实测Y；未重拟合GPR
0.005,11,50,2,62,0,12.5714285714,0.145161290323,固定BMI边界；扰动实测Y；未重拟合GPR
0.005,11,50,3,140,5,13,0.185714285714,固定BMI边界；扰动实测Y；未重拟合GPR
0.005,11,75,1,83,0,13.5714285714,0.590361445783,固定BMI边界；扰动实测Y；未重拟合GPR
0.005,11,75,2,89,2,13.4285714286,0.674157303371,固定BMI边界；扰动实测Y；未重拟合GPR
0.005,11,75,3,95,3,13.8571428571,0.726315789474,固定BMI边界；扰动实测Y；未重拟合GPR
0.005,11,90,1,139,0,16.1428571429,0.89928057554,固定BMI边界；扰动实测Y；未重拟合GPR
0.005,11,90,2,61,2,16,0.852459016393,固定BMI边界；扰动实测Y；未重拟合GPR
0.005,11,90,3,67,3,20.5714285714,0.850746268657,固定BMI边界；扰动实测Y；未重拟合GPR
0.005,11,95,1,76,0,20.2857142857,0.921052631579,固定BMI边界；扰动实测Y；未重拟合GPR
0.005,11,95,2,102,2,19.4285714286,0.921568627451,固定BMI边界；扰动实测Y；未重拟合GPR
0.005,11,95,3,89,3,22,0.932584269663,固定BMI边界；扰动实测Y；未重拟合GPR
0.005,11,99,1,63,0,26.1428571429,0.968253968254,固定BMI边界；扰动实测Y；未重拟合GPR
0.005,11,99,2,134,2,inf,0.940298507463,固定BMI边界；扰动实测Y；未重拟合GPR
0.005,11,99,3,70,3,inf,0.957142857143,固定BMI边界；扰动实测Y；未重拟合GPR
0.005,12,50,1,65,0,12.8571428571,0.0615384615385,固定BMI边界；扰动实测Y；未重拟合GPR
0.005,12,50,2,62,2,12.7142857143,0.129032258065,固定BMI边界；扰动实测Y；未重拟合GPR
0.005,12,50,3,140,6,13,0.192857142857,固定BMI边界；扰动实测Y；未重拟合GPR
0.005,12,75,1,83,1,13.7142857143,0.566265060241,固定BMI边界；扰动实测Y；未重拟合GPR
0.005,12,75,2,89,3,13.4285714286,0.662921348315,固定BMI边界；扰动实测Y；未重拟合GPR
0.005,12,75,3,95,4,15.5714285714,0.684210526316,固定BMI边界；扰动实测Y；未重拟合GPR
0.005,12,90,1,139,2,16.4285714286,0.870503597122,固定BMI边界；扰动实测Y；未重拟合GPR
0.005,12,90,2,61,3,15.1428571429,0.868852459016,固定BMI边界；扰动实测Y；未重拟合GPR
0.005,12,90,3,67,3,23.1428571429,0.820895522388,固定BMI边界；扰动实测Y；未重拟合GPR
0.005,12,95,1,76,1,23.1428571429,0.894736842105,固定BMI边界；扰动实测Y；未重拟合GPR
0.005,12,95,2,102,3,20.1428571429,0.921568627451,固定BMI边界；扰动实测Y；未重拟合GPR
0.005,12,95,3,89,4,26.4285714286,0.887640449438,固定BMI边界；扰动实测Y；未重拟合GPR
0.005,12,99,1,63,0,26.1428571429,0.952380952381,固定BMI边界；扰动实测Y；未重拟合GPR
0.005,12,99,2,134,5,inf,0.932835820896,固定BMI边界；扰动实测Y；未重拟合GPR
0.005,12,99,3,70,3,inf,0.942857142857,固定BMI边界；扰动实测Y；未重拟合GPR
0.005,13,50,1,65,0,12.8571428571,0.0615384615385,固定BMI边界；扰动实测Y；未重拟合GPR
0.005,13,50,2,62,1,12.7142857143,0.129032258065,固定BMI边界；扰动实测Y；未重拟合GPR
0.005,13,50,3,140,6,13,0.185714285714,固定BMI边界；扰动实测Y；未重拟合GPR
0.005,13,75,1,83,1,13.7142857143,0.566265060241,固定BMI边界；扰动实测Y；未重拟合GPR
0.005,13,75,2,89,2,13.4285714286,0.674157303371,固定BMI边界；扰动实测Y；未重拟合GPR
0.005,13,75,3,95,4,16.1428571429,0.684210526316,固定BMI边界；扰动实测Y；未重拟合GPR
0.005,13,90,1,139,1,16.4285714286,0.877697841727,固定BMI边界；扰动实测Y；未重拟合GPR
0.005,13,90,2,61,3,16.5714285714,0.819672131148,固定BMI边界；扰动实测Y；未重拟合GPR
0.005,13,90,3,67,3,22,0.805970149254,固定BMI边界；扰动实测Y；未重拟合GPR
0.005,13,95,1,76,1,20.8571428571,0.907894736842,固定BMI边界；扰动实测Y；未重拟合GPR
0.005,13,95,2,102,2,20.1428571429,0.921568627451,固定BMI边界；扰动实测Y；未重拟合GPR
0.005,13,95,3,89,4,24,0.887640449438,固定BMI边界；扰动实测Y；未重拟合GPR
0.005,13,99,1,63,0,26.1428571429,0.984126984127,固定BMI边界；扰动实测Y；未重拟合GPR
0.005,13,99,2,134,4,inf,0.925373134328,固定BMI边界；扰动实测Y；未重拟合GPR
0.005,13,99,3,70,3,inf,0.957142857143,固定BMI边界；扰动实测Y；未重拟合GPR
0.005,14,50,1,65,0,12.8571428571,0.0615384615385,固定BMI边界；扰动实测Y；未重拟合GPR
0.005,14,50,2,62,2,12.5714285714,0.129032258065,固定BMI边界；扰动实测Y；未重拟合GPR
0.005,14,50,3,140,5,13.1428571429,0.185714285714,固定BMI边界；扰动实测Y；未重拟合GPR
0.005,14,75,1,83,1,13.7142857143,0.566265060241,固定BMI边界；扰动实测Y；未重拟合GPR
0.005,14,75,2,89,3,13.4285714286,0.662921348315,固定BMI边界；扰动实测Y；未重拟合GPR
0.005,14,75,3,95,3,16,0.684210526316,固定BMI边界；扰动实测Y；未重拟合GPR
0.005,14,90,1,139,2,16.4285714286,0.870503597122,固定BMI边界；扰动实测Y；未重拟合GPR
0.005,14,90,2,61,2,16.5714285714,0.852459016393,固定BMI边界；扰动实测Y；未重拟合GPR
0.005,14,90,3,67,3,20.8571428571,0.850746268657,固定BMI边界；扰动实测Y；未重拟合GPR
0.005,14,95,1,76,1,21.2857142857,0.894736842105,固定BMI边界；扰动实测Y；未重拟合GPR
0.005,14,95,2,102,3,20.1428571429,0.911764705882,固定BMI边界；扰动实测Y；未重拟合GPR
0.005,14,95,3,89,3,23.4285714286,0.921348314607,固定BMI边界；扰动实测Y；未重拟合GPR
0.005,14,99,1,63,0,26.1428571429,0.968253968254,固定BMI边界；扰动实测Y；未重拟合GPR
0.005,14,99,2,134,4,inf,0.917910447761,固定BMI边界；扰动实测Y；未重拟合GPR
0.005,14,99,3,70,3,inf,0.942857142857,固定BMI边界；扰动实测Y；未重拟合GPR
0.005,15,50,1,65,0,12.7142857143,0.0615384615385,固定BMI边界；扰动实测Y；未重拟合GPR
0.005,15,50,2,62,2,12.7142857143,0.129032258065,固定BMI边界；扰动实测Y；未重拟合GPR
0.005,15,50,3,140,7,13,0.192857142857,固定BMI边界；扰动实测Y；未重拟合GPR
0.005,15,75,1,83,1,13.7142857143,0.578313253012,固定BMI边界；扰动实测Y；未重拟合GPR
0.005,15,75,2,89,3,13.4285714286,0.662921348315,固定BMI边界；扰动实测Y；未重拟合GPR
0.005,15,75,3,95,5,16,0.694736842105,固定BMI边界；扰动实测Y；未重拟合GPR
0.005,15,90,1,139,2,16.4285714286,0.877697841727,固定BMI边界；扰动实测Y；未重拟合GPR
0.005,15,90,2,61,3,16.5714285714,0.83606557377,固定BMI边界；扰动实测Y；未重拟合GPR
0.005,15,90,3,67,4,20.8571428571,0.835820895522,固定BMI边界；扰动实测Y；未重拟合GPR
0.005,15,95,1,76,1,21.2857142857,0.894736842105,固定BMI边界；扰动实测Y；未重拟合GPR
0.005,15,95,2,102,3,20.5714285714,0.911764705882,固定BMI边界；扰动实测Y；未重拟合GPR
0.005,15,95,3,89,5,inf,0.910112359551,固定BMI边界；扰动实测Y；未重拟合GPR
0.005,15,99,1,63,0,26.1428571429,0.968253968254,固定BMI边界；扰动实测Y；未重拟合GPR
0.005,15,99,2,134,5,inf,0.917910447761,固定BMI边界；扰动实测Y；未重拟合GPR
0.005,15,99,3,70,4,inf,0.942857142857,固定BMI边界；扰动实测Y；未重拟合GPR
0.005,16,50,1,65,0,12.8571428571,0.0615384615385,固定BMI边界；扰动实测Y；未重拟合GPR
0.005,16,50,2,62,1,12.7142857143,0.129032258065,固定BMI边界；扰动实测Y；未重拟合GPR
0.005,16,50,3,140,6,13,0.207142857143,固定BMI边界；扰动实测Y；未重拟合GPR
0.005,16,75,1,83,1,13.7142857143,0.566265060241,固定BMI边界；扰动实测Y；未重拟合GPR
0.005,16,75,2,89,2,13.4285714286,0.674157303371,固定BMI边界；扰动实测Y；未重拟合GPR
0.005,16,75,3,95,4,13.8571428571,0.715789473684,固定BMI边界；扰动实测Y；未重拟合GPR
0.005,16,90,1,139,1,16.2857142857,0.870503597122,固定BMI边界；扰动实测Y；未重拟合GPR
0.005,16,90,2,61,2,16,0.83606557377,固定BMI边界；扰动实测Y；未重拟合GPR
0.005,16,90,3,67,4,22,0.835820895522,固定BMI边界；扰动实测Y；未重拟合GPR
0.005,16,95,1,76,1,20.2857142857,0.921052631579,固定BMI边界；扰动实测Y；未重拟合GPR
0.005,16,95,2,102,2,20.1428571429,0.921568627451,固定BMI边界；扰动实测Y；未重拟合GPR
0.005,16,95,3,89,4,26.4285714286,0.910112359551,固定BMI边界；扰动实测Y；未重拟合GPR
0.005,16,99,1,63,0,21.2857142857,1,固定BMI边界；扰动实测Y；未重拟合GPR
0.005,16,99,2,134,3,inf,0.940298507463,固定BMI边界；扰动实测Y；未重拟合GPR
0.005,16,99,3,70,4,inf,0.928571428571,固定BMI边界；扰动实测Y；未重拟合GPR
0.005,17,50,1,65,0,12.7142857143,0.0615384615385,固定BMI边界；扰动实测Y；未重拟合GPR
0.005,17,50,2,62,1,12.7142857143,0.129032258065,固定BMI边界；扰动实测Y；未重拟合GPR
0.005,17,50,3,140,3,13,0.192857142857,固定BMI边界；扰动实测Y；未重拟合GPR
0.005,17,75,1,83,1,13.7142857143,0.578313253012,固定BMI边界；扰动实测Y；未重拟合GPR
0.005,17,75,2,89,1,13.7142857143,0.640449438202,固定BMI边界；扰动实测Y；未重拟合GPR
0.005,17,75,3,95,2,13.8571428571,0.736842105263,固定BMI边界；扰动实测Y；未重拟合GPR
0.005,17,90,1,139,1,16.7142857143,0.856115107914,固定BMI边界；扰动实测Y；未重拟合GPR
0.005,17,90,2,61,1,16.5714285714,0.852459016393,固定BMI边界；扰动实测Y；未重拟合GPR
0.005,17,90,3,67,2,20.8571428571,0.820895522388,固定BMI边界；扰动实测Y；未重拟合GPR
0.005,17,95,1,76,1,21.2857142857,0.894736842105,固定BMI边界；扰动实测Y；未重拟合GPR
0.005,17,95,2,102,1,20,0.892156862745,固定BMI边界；扰动实测Y；未重拟合GPR
0.005,17,95,3,89,2,23.4285714286,0.910112359551,固定BMI边界；扰动实测Y；未重拟合GPR
0.005,17,99,1,63,0,26.1428571429,0.968253968254,固定BMI边界；扰动实测Y；未重拟合GPR
0.005,17,99,2,134,2,inf,0.917910447761,固定BMI边界；扰动实测Y；未重拟合GPR
0.005,17,99,3,70,2,inf,0.957142857143,固定BMI边界；扰动实测Y；未重拟合GPR
0.005,18,50,1,65,0,13,0.0461538461538,固定BMI边界；扰动实测Y；未重拟合GPR
0.005,18,50,2,62,0,12.7142857143,0.145161290323,固定BMI边界；扰动实测Y；未重拟合GPR
0.005,18,50,3,140,5,13,0.2,固定BMI边界；扰动实测Y；未重拟合GPR
0.005,18,75,1,83,0,13.8571428571,0.55421686747,固定BMI边界；扰动实测Y；未重拟合GPR
0.005,18,75,2,89,2,13.4285714286,0.651685393258,固定BMI边界；扰动实测Y；未重拟合GPR
0.005,18,75,3,95,3,13.8571428571,0.747368421053,固定BMI边界；扰动实测Y；未重拟合GPR
0.005,18,90,1,139,0,16.4285714286,0.863309352518,固定BMI边界；扰动实测Y；未重拟合GPR
0.005,18,90,2,61,2,16.2857142857,0.868852459016,固定BMI边界；扰动实测Y；未重拟合GPR
0.005,18,90,3,67,3,20.8571428571,0.835820895522,固定BMI边界；扰动实测Y；未重拟合GPR
0.005,18,95,1,76,0,20.8571428571,0.921052631579,固定BMI边界；扰动实测Y；未重拟合GPR
0.005,18,95,2,102,2,17.8571428571,0.93137254902,固定BMI边界；扰动实测Y；未重拟合GPR
0.005,18,95,3,89,3,24,0.921348314607,固定BMI边界；扰动实测Y；未重拟合GPR
0.005,18,99,1,63,0,26.1428571429,0.968253968254,固定BMI边界；扰动实测Y；未重拟合GPR
0.005,18,99,2,134,2,inf,0.955223880597,固定BMI边界；扰动实测Y；未重拟合GPR
0.005,18,99,3,70,3,inf,0.942857142857,固定BMI边界；扰动实测Y；未重拟合GPR
0.005,19,50,1,65,0,12.7142857143,0.0615384615385,固定BMI边界；扰动实测Y；未重拟合GPR
0.005,19,50,2,62,0,12.7142857143,0.145161290323,固定BMI边界；扰动实测Y；未重拟合GPR
0.005,19,50,3,140,6,13,0.192857142857,固定BMI边界；扰动实测Y；未重拟合GPR
0.005,19,75,1,83,0,13.7142857143,0.590361445783,固定BMI边界；扰动实测Y；未重拟合GPR
0.005,19,75,2,89,2,13.4285714286,0.651685393258,固定BMI边界；扰动实测Y；未重拟合GPR
0.005,19,75,3,95,4,13.8571428571,0.736842105263,固定BMI边界；扰动实测Y；未重拟合GPR
0.005,19,90,1,139,0,16.4285714286,0.870503597122,固定BMI边界；扰动实测Y；未重拟合GPR
0.005,19,90,2,61,2,15.1428571429,0.868852459016,固定BMI边界；扰动实测Y；未重拟合GPR
0.005,19,90,3,67,4,20.8571428571,0.835820895522,固定BMI边界；扰动实测Y；未重拟合GPR
0.005,19,95,1,76,0,20.2857142857,0.921052631579,固定BMI边界；扰动实测Y；未重拟合GPR
0.005,19,95,2,102,2,17.8571428571,0.93137254902,固定BMI边界；扰动实测Y；未重拟合GPR
0.005,19,95,3,89,4,24,0.921348314607,固定BMI边界；扰动实测Y；未重拟合GPR
0.005,19,99,1,63,0,26.1428571429,0.968253968254,固定BMI边界；扰动实测Y；未重拟合GPR
0.005,19,99,2,134,2,inf,0.94776119403,固定BMI边界；扰动实测Y；未重拟合GPR
0.005,19,99,3,70,4,inf,0.942857142857,固定BMI边界；扰动实测Y；未重拟合GPR
0.005,20,50,1,65,0,12.8571428571,0.0615384615385,固定BMI边界；扰动实测Y；未重拟合GPR
0.005,20,50,2,62,1,12.7142857143,0.129032258065,固定BMI边界；扰动实测Y；未重拟合GPR
0.005,20,50,3,140,5,13,0.185714285714,固定BMI边界；扰动实测Y；未重拟合GPR
0.005,20,75,1,83,1,13.7142857143,0.566265060241,固定BMI边界；扰动实测Y；未重拟合GPR
0.005,20,75,2,89,1,13.7142857143,0.651685393258,固定BMI边界；扰动实测Y；未重拟合GPR
0.005,20,75,3,95,4,15.1428571429,0.705263157895,固定BMI边界；扰动实测Y；未重拟合GPR
0.005,20,90,1,139,1,16.4285714286,0.877697841727,固定BMI边界；扰动实测Y；未重拟合GPR
0.005,20,90,2,61,2,18.8571428571,0.852459016393,固定BMI边界；扰动实测Y；未重拟合GPR
0.005,20,90,3,67,3,23.1428571429,0.805970149254,固定BMI边界；扰动实测Y；未重拟合GPR
0.005,20,95,1,76,1,20.8571428571,0.921052631579,固定BMI边界；扰动实测Y；未重拟合GPR
0.005,20,95,2,102,1,20.7142857143,0.872549019608,固定BMI边界；扰动实测Y；未重拟合GPR
0.005,20,95,3,89,4,24,0.876404494382,固定BMI边界；扰动实测Y；未重拟合GPR
0.005,20,99,1,63,0,26.1428571429,0.984126984127,固定BMI边界；扰动实测Y；未重拟合GPR
0.005,20,99,2,134,3,inf,0.902985074627,固定BMI边界；扰动实测Y；未重拟合GPR
0.005,20,99,3,70,3,inf,0.957142857143,固定BMI边界；扰动实测Y；未重拟合GPR
0.005,21,50,1,65,0,12.8571428571,0.0461538461538,固定BMI边界；扰动实测Y；未重拟合GPR
0.005,21,50,2,62,2,12.7142857143,0.129032258065,固定BMI边界；扰动实测Y；未重拟合GPR
0.005,21,50,3,140,5,13,0.2,固定BMI边界；扰动实测Y；未重拟合GPR
0.005,21,75,1,83,1,13.7142857143,0.566265060241,固定BMI边界；扰动实测Y；未重拟合GPR
0.005,21,75,2,89,3,13.7142857143,0.651685393258,固定BMI边界；扰动实测Y；未重拟合GPR
0.005,21,75,3,95,3,13.8571428571,0.726315789474,固定BMI边界；扰动实测Y；未重拟合GPR
0.005,21,90,1,139,2,16.4285714286,0.863309352518,固定BMI边界；扰动实测Y；未重拟合GPR
0.005,21,90,2,61,2,16.5714285714,0.868852459016,固定BMI边界；扰动实测Y；未重拟合GPR
0.005,21,90,3,67,3,22,0.835820895522,固定BMI边界；扰动实测Y；未重拟合GPR
0.005,21,95,1,76,1,21.2857142857,0.907894736842,固定BMI边界；扰动实测Y；未重拟合GPR
0.005,21,95,2,102,3,20.5714285714,0.882352941176,固定BMI边界；扰动实测Y；未重拟合GPR
0.005,21,95,3,89,3,24,0.898876404494,固定BMI边界；扰动实测Y；未重拟合GPR
0.005,21,99,1,63,0,26.1428571429,0.968253968254,固定BMI边界；扰动实测Y；未重拟合GPR
0.005,21,99,2,134,4,inf,0.917910447761,固定BMI边界；扰动实测Y；未重拟合GPR
0.005,21,99,3,70,3,inf,0.942857142857,固定BMI边界；扰动实测Y；未重拟合GPR
0.005,22,50,1,65,0,12.8571428571,0.0615384615385,固定BMI边界；扰动实测Y；未重拟合GPR
0.005,22,50,2,62,2,12.7142857143,0.129032258065,固定BMI边界；扰动实测Y；未重拟合GPR
0.005,22,50,3,140,8,13,0.207142857143,固定BMI边界；扰动实测Y；未重拟合GPR
0.005,22,75,1,83,1,13.7142857143,0.566265060241,固定BMI边界；扰动实测Y；未重拟合GPR
0.005,22,75,2,89,3,13.4285714286,0.662921348315,固定BMI边界；扰动实测Y；未重拟合GPR
0.005,22,75,3,95,6,13.8571428571,0.726315789474,固定BMI边界；扰动实测Y；未重拟合GPR
0.005,22,90,1,139,2,16.4285714286,0.856115107914,固定BMI边界；扰动实测Y；未重拟合GPR
0.005,22,90,2,61,3,16.2857142857,0.868852459016,固定BMI边界；扰动实测Y；未重拟合GPR
0.005,22,90,3,67,5,23.4285714286,0.805970149254,固定BMI边界；扰动实测Y；未重拟合GPR
0.005,22,95,1,76,1,20.8571428571,0.907894736842,固定BMI边界；扰动实测Y；未重拟合GPR
0.005,22,95,2,102,3,20.1428571429,0.911764705882,固定BMI边界；扰动实测Y；未重拟合GPR
0.005,22,95,3,89,6,inf,0.887640449438,固定BMI边界；扰动实测Y；未重拟合GPR
0.005,22,99,1,63,0,26.1428571429,0.984126984127,固定BMI边界；扰动实测Y；未重拟合GPR
0.005,22,99,2,134,5,inf,0.925373134328,固定BMI边界；扰动实测Y；未重拟合GPR
0.005,22,99,3,70,5,inf,0.928571428571,固定BMI边界；扰动实测Y；未重拟合GPR
0.005,23,50,1,65,0,12.8571428571,0.0615384615385,固定BMI边界；扰动实测Y；未重拟合GPR
0.005,23,50,2,62,0,12.7142857143,0.145161290323,固定BMI边界；扰动实测Y；未重拟合GPR
0.005,23,50,3,140,7,13,0.192857142857,固定BMI边界；扰动实测Y；未重拟合GPR
0.005,23,75,1,83,0,13.7142857143,0.566265060241,固定BMI边界；扰动实测Y；未重拟合GPR
0.005,23,75,2,89,2,13.7142857143,0.640449438202,固定BMI边界；扰动实测Y；未重拟合GPR
0.005,23,75,3,95,5,13.8571428571,0.726315789474,固定BMI边界；扰动实测Y；未重拟合GPR
0.005,23,90,1,139,0,16.4285714286,0.877697841727,固定BMI边界；扰动实测Y；未重拟合GPR
0.005,23,90,2,61,2,16.5714285714,0.819672131148,固定BMI边界；扰动实测Y；未重拟合GPR
0.005,23,90,3,67,5,22,0.850746268657,固定BMI边界；扰动实测Y；未重拟合GPR
0.005,23,95,1,76,0,20.8571428571,0.907894736842,固定BMI边界；扰动实测Y；未重拟合GPR
0.005,23,95,2,102,2,20.1428571429,0.911764705882,固定BMI边界；扰动实测Y；未重拟合GPR
0.005,23,95,3,89,5,inf,0.910112359551,固定BMI边界；扰动实测Y；未重拟合GPR
0.005,23,99,1,63,0,26.1428571429,0.968253968254,固定BMI边界；扰动实测Y；未重拟合GPR
0.005,23,99,2,134,2,inf,0.932835820896,固定BMI边界；扰动实测Y；未重拟合GPR
0.005,23,99,3,70,5,inf,0.928571428571,固定BMI边界；扰动实测Y；未重拟合GPR
0.005,24,50,1,65,0,12.8571428571,0.0615384615385,固定BMI边界；扰动实测Y；未重拟合GPR
0.005,24,50,2,62,1,12.7142857143,0.129032258065,固定BMI边界；扰动实测Y；未重拟合GPR
0.005,24,50,3,140,7,13,0.192857142857,固定BMI边界；扰动实测Y；未重拟合GPR
0.005,24,75,1,83,1,13.5714285714,0.578313253012,固定BMI边界；扰动实测Y；未重拟合GPR
0.005,24,75,2,89,2,13.4285714286,0.651685393258,固定BMI边界；扰动实测Y；未重拟合GPR
0.005,24,75,3,95,5,13.8571428571,0.726315789474,固定BMI边界；扰动实测Y；未重拟合GPR
0.005,24,90,1,139,1,16.2857142857,0.884892086331,固定BMI边界；扰动实测Y；未重拟合GPR
0.005,24,90,2,61,2,19.1428571429,0.83606557377,固定BMI边界；扰动实测Y；未重拟合GPR
0.005,24,90,3,67,5,22,0.805970149254,固定BMI边界；扰动实测Y；未重拟合GPR
0.005,24,95,1,76,1,20.2857142857,0.921052631579,固定BMI边界；扰动实测Y；未重拟合GPR
0.005,24,95,2,102,2,20.5714285714,0.892156862745,固定BMI边界；扰动实测Y；未重拟合GPR
0.005,24,95,3,89,5,inf,0.921348314607,固定BMI边界；扰动实测Y；未重拟合GPR
0.005,24,99,1,63,0,21.2857142857,1,固定BMI边界；扰动实测Y；未重拟合GPR
0.005,24,99,2,134,3,inf,0.910447761194,固定BMI边界；扰动实测Y；未重拟合GPR
0.005,24,99,3,70,5,inf,0.914285714286,固定BMI边界；扰动实测Y；未重拟合GPR
0.005,25,50,1,65,0,12.8571428571,0.0615384615385,固定BMI边界；扰动实测Y；未重拟合GPR
0.005,25,50,2,62,1,12.7142857143,0.129032258065,固定BMI边界；扰动实测Y；未重拟合GPR
0.005,25,50,3,140,6,13,0.207142857143,固定BMI边界；扰动实测Y；未重拟合GPR
0.005,25,75,1,83,1,13.7142857143,0.578313253012,固定BMI边界；扰动实测Y；未重拟合GPR
0.005,25,75,2,89,2,13.4285714286,0.685393258427,固定BMI边界；扰动实测Y；未重拟合GPR
0.005,25,75,3,95,4,13.8571428571,0.715789473684,固定BMI边界；扰动实测Y；未重拟合GPR
0.005,25,90,1,139,1,16.4285714286,0.870503597122,固定BMI边界；扰动实测Y；未重拟合GPR
0.005,25,90,2,61,2,16.2857142857,0.852459016393,固定BMI边界；扰动实测Y；未重拟合GPR
0.005,25,90,3,67,4,22,0.820895522388,固定BMI边界；扰动实测Y；未重拟合GPR
0.005,25,95,1,76,1,20.8571428571,0.921052631579,固定BMI边界；扰动实测Y；未重拟合GPR
0.005,25,95,2,102,2,20.1428571429,0.911764705882,固定BMI边界；扰动实测Y；未重拟合GPR
0.005,25,95,3,89,4,24,0.898876404494,固定BMI边界；扰动实测Y；未重拟合GPR
0.005,25,99,1,63,0,26.1428571429,0.984126984127,固定BMI边界；扰动实测Y；未重拟合GPR
0.005,25,99,2,134,3,inf,0.925373134328,固定BMI边界；扰动实测Y；未重拟合GPR
0.005,25,99,3,70,4,inf,0.942857142857,固定BMI边界；扰动实测Y；未重拟合GPR
0.005,26,50,1,65,0,12.8571428571,0.0615384615385,固定BMI边界；扰动实测Y；未重拟合GPR
0.005,26,50,2,62,0,12.7142857143,0.145161290323,固定BMI边界；扰动实测Y；未重拟合GPR
0.005,26,50,3,140,5,13,0.178571428571,固定BMI边界；扰动实测Y；未重拟合GPR
0.005,26,75,1,83,0,13.7142857143,0.578313253012,固定BMI边界；扰动实测Y；未重拟合GPR
0.005,26,75,2,89,2,13.4285714286,0.662921348315,固定BMI边界；扰动实测Y；未重拟合GPR
0.005,26,75,3,95,3,13.8571428571,0.736842105263,固定BMI边界；扰动实测Y；未重拟合GPR
0.005,26,90,1,139,0,16.4285714286,0.870503597122,固定BMI边界；扰动实测Y；未重拟合GPR
0.005,26,90,2,61,2,16.2857142857,0.852459016393,固定BMI边界；扰动实测Y；未重拟合GPR
0.005,26,90,3,67,3,23.4285714286,0.835820895522,固定BMI边界；扰动实测Y；未重拟合GPR
0.005,26,95,1,76,0,20.8571428571,0.907894736842,固定BMI边界；扰动实测Y；未重拟合GPR
0.005,26,95,2,102,2,19.5714285714,0.901960784314,固定BMI边界；扰动实测Y；未重拟合GPR
0.005,26,95,3,89,3,24,0.910112359551,固定BMI边界；扰动实测Y；未重拟合GPR
0.005,26,99,1,63,0,26.1428571429,0.968253968254,固定BMI边界；扰动实测Y；未重拟合GPR
0.005,26,99,2,134,2,inf,0.932835820896,固定BMI边界；扰动实测Y；未重拟合GPR
0.005,26,99,3,70,3,inf,0.942857142857,固定BMI边界；扰动实测Y；未重拟合GPR
0.005,27,50,1,65,0,13,0.0461538461538,固定BMI边界；扰动实测Y；未重拟合GPR
0.005,27,50,2,62,2,12.7142857143,0.129032258065,固定BMI边界；扰动实测Y；未重拟合GPR
0.005,27,50,3,140,7,13,0.192857142857,固定BMI边界；扰动实测Y；未重拟合GPR
0.005,27,75,1,83,1,13.8571428571,0.530120481928,固定BMI边界；扰动实测Y；未重拟合GPR
0.005,27,75,2,89,3,13.4285714286,0.662921348315,固定BMI边界；扰动实测Y；未重拟合GPR
0.005,27,75,3,95,5,13.8571428571,0.715789473684,固定BMI边界；扰动实测Y；未重拟合GPR
0.005,27,90,1,139,2,17.8571428571,0.848920863309,固定BMI边界；扰动实测Y；未重拟合GPR
0.005,27,90,2,61,3,15.1428571429,0.868852459016,固定BMI边界；扰动实测Y；未重拟合GPR
0.005,27,90,3,67,4,23.4285714286,0.820895522388,固定BMI边界；扰动实测Y；未重拟合GPR
0.005,27,95,1,76,1,20.8571428571,0.907894736842,固定BMI边界；扰动实测Y；未重拟合GPR
0.005,27,95,2,102,3,21,0.892156862745,固定BMI边界；扰动实测Y；未重拟合GPR
0.005,27,95,3,89,5,inf,0.887640449438,固定BMI边界；扰动实测Y；未重拟合GPR
0.005,27,99,1,63,0,23.1428571429,0.984126984127,固定BMI边界；扰动实测Y；未重拟合GPR
0.005,27,99,2,134,5,inf,0.910447761194,固定BMI边界；扰动实测Y；未重拟合GPR
0.005,27,99,3,70,4,inf,0.928571428571,固定BMI边界；扰动实测Y；未重拟合GPR
0.005,28,50,1,65,0,12.8571428571,0.0615384615385,固定BMI边界；扰动实测Y；未重拟合GPR
0.005,28,50,2,62,2,12.5714285714,0.129032258065,固定BMI边界；扰动实测Y；未重拟合GPR
0.005,28,50,3,140,6,13,0.192857142857,固定BMI边界；扰动实测Y；未重拟合GPR
0.005,28,75,1,83,1,13.7142857143,0.578313253012,固定BMI边界；扰动实测Y；未重拟合GPR
0.005,28,75,2,89,3,13.4285714286,0.662921348315,固定BMI边界；扰动实测Y；未重拟合GPR
0.005,28,75,3,95,4,15.7142857143,0.684210526316,固定BMI边界；扰动实测Y；未重拟合GPR
0.005,28,90,1,139,2,16.4285714286,0.863309352518,固定BMI边界；扰动实测Y；未重拟合GPR
0.005,28,90,2,61,2,17,0.852459016393,固定BMI边界；扰动实测Y；未重拟合GPR
0.005,28,90,3,67,4,23.7142857143,0.805970149254,固定BMI边界；扰动实测Y；未重拟合GPR
0.005,28,95,1,76,1,20.8571428571,0.894736842105,固定BMI边界；扰动实测Y；未重拟合GPR
0.005,28,95,2,102,3,21.4285714286,0.901960784314,固定BMI边界；扰动实测Y；未重拟合GPR
0.005,28,95,3,89,4,26.4285714286,0.887640449438,固定BMI边界；扰动实测Y；未重拟合GPR
0.005,28,99,1,63,0,26.1428571429,0.984126984127,固定BMI边界；扰动实测Y；未重拟合GPR
0.005,28,99,2,134,4,inf,0.910447761194,固定BMI边界；扰动实测Y；未重拟合GPR
0.005,28,99,3,70,4,inf,0.928571428571,固定BMI边界；扰动实测Y；未重拟合GPR
0.005,29,50,1,65,0,12.8571428571,0.0615384615385,固定BMI边界；扰动实测Y；未重拟合GPR
0.005,29,50,2,62,1,12.7142857143,0.129032258065,固定BMI边界；扰动实测Y；未重拟合GPR
0.005,29,50,3,140,7,13,0.192857142857,固定BMI边界；扰动实测Y；未重拟合GPR
0.005,29,75,1,83,1,13.7142857143,0.566265060241,固定BMI边界；扰动实测Y；未重拟合GPR
0.005,29,75,2,89,2,13.7142857143,0.662921348315,固定BMI边界；扰动实测Y；未重拟合GPR
0.005,29,75,3,95,5,15.2857142857,0.705263157895,固定BMI边界；扰动实测Y；未重拟合GPR
0.005,29,90,1,139,1,16.4285714286,0.856115107914,固定BMI边界；扰动实测Y；未重拟合GPR
0.005,29,90,2,61,3,18.8571428571,0.852459016393,固定BMI边界；扰动实测Y；未重拟合GPR
0.005,29,90,3,67,4,22,0.820895522388,固定BMI边界；扰动实测Y；未重拟合GPR
0.005,29,95,1,76,1,24,0.881578947368,固定BMI边界；扰动实测Y；未重拟合GPR
0.005,29,95,2,102,2,19.5714285714,0.901960784314,固定BMI边界；扰动实测Y；未重拟合GPR
0.005,29,95,3,89,5,inf,0.898876404494,固定BMI边界；扰动实测Y；未重拟合GPR
0.005,29,99,1,63,0,26.1428571429,0.936507936508,固定BMI边界；扰动实测Y；未重拟合GPR
0.005,29,99,2,134,4,inf,0.925373134328,固定BMI边界；扰动实测Y；未重拟合GPR
0.005,29,99,3,70,4,inf,0.942857142857,固定BMI边界；扰动实测Y；未重拟合GPR
0.005,30,50,1,65,0,12.8571428571,0.0615384615385,固定BMI边界；扰动实测Y；未重拟合GPR
0.005,30,50,2,62,1,12.7142857143,0.129032258065,固定BMI边界；扰动实测Y；未重拟合GPR
0.005,30,50,3,140,6,13,0.207142857143,固定BMI边界；扰动实测Y；未重拟合GPR
0.005,30,75,1,83,1,13.7142857143,0.566265060241,固定BMI边界；扰动实测Y；未重拟合GPR
0.005,30,75,2,89,2,13.4285714286,0.674157303371,固定BMI边界；扰动实测Y；未重拟合GPR
0.005,30,75,3,95,4,13.8571428571,0.715789473684,固定BMI边界；扰动实测Y；未重拟合GPR
0.005,30,90,1,139,1,16.2857142857,0.870503597122,固定BMI边界；扰动实测Y；未重拟合GPR
0.005,30,90,2,61,2,16.2857142857,0.868852459016,固定BMI边界；扰动实测Y；未重拟合GPR
0.005,30,90,3,67,4,22,0.805970149254,固定BMI边界；扰动实测Y；未重拟合GPR
0.005,30,95,1,76,1,20.2857142857,0.921052631579,固定BMI边界；扰动实测Y；未重拟合GPR
0.005,30,95,2,102,2,18.8571428571,0.93137254902,固定BMI边界；扰动实测Y；未重拟合GPR
0.005,30,95,3,89,4,26.4285714286,0.898876404494,固定BMI边界；扰动实测Y；未重拟合GPR
0.005,30,99,1,63,0,24.5714285714,0.984126984127,固定BMI边界；扰动实测Y；未重拟合GPR
0.005,30,99,2,134,3,inf,0.932835820896,固定BMI边界；扰动实测Y；未重拟合GPR
0.005,30,99,3,70,4,inf,0.928571428571,固定BMI边界；扰动实测Y；未重拟合GPR
0.005,31,50,1,65,0,12.8571428571,0.0615384615385,固定BMI边界；扰动实测Y；未重拟合GPR
0.005,31,50,2,62,1,12.7142857143,0.129032258065,固定BMI边界；扰动实测Y；未重拟合GPR
0.005,31,50,3,140,4,13,0.192857142857,固定BMI边界；扰动实测Y；未重拟合GPR
0.005,31,75,1,83,1,13.7142857143,0.578313253012,固定BMI边界；扰动实测Y；未重拟合GPR
0.005,31,75,2,89,2,13.7142857143,0.651685393258,固定BMI边界；扰动实测Y；未重拟合GPR
0.005,31,75,3,95,2,15.7142857143,0.705263157895,固定BMI边界；扰动实测Y；未重拟合GPR
0.005,31,90,1,139,1,16.7142857143,0.856115107914,固定BMI边界；扰动实测Y；未重拟合GPR
0.005,31,90,2,61,2,16,0.868852459016,固定BMI边界；扰动实测Y；未重拟合GPR
0.005,31,90,3,67,2,22,0.791044776119,固定BMI边界；扰动实测Y；未重拟合GPR
0.005,31,95,1,76,1,20.8571428571,0.907894736842,固定BMI边界；扰动实测Y；未重拟合GPR
0.005,31,95,2,102,2,20.1428571429,0.901960784314,固定BMI边界；扰动实测Y；未重拟合GPR
0.005,31,95,3,89,2,24,0.887640449438,固定BMI边界；扰动实测Y；未重拟合GPR
0.005,31,99,1,63,0,26.1428571429,0.984126984127,固定BMI边界；扰动实测Y；未重拟合GPR
0.005,31,99,2,134,3,inf,0.925373134328,固定BMI边界；扰动实测Y；未重拟合GPR
0.005,31,99,3,70,2,inf,0.957142857143,固定BMI边界；扰动实测Y；未重拟合GPR
0.005,32,50,1,65,0,12.8571428571,0.0615384615385,固定BMI边界；扰动实测Y；未重拟合GPR
0.005,32,50,2,62,2,12.7142857143,0.145161290323,固定BMI边界；扰动实测Y；未重拟合GPR
0.005,32,50,3,140,7,13,0.2,固定BMI边界；扰动实测Y；未重拟合GPR
0.005,32,75,1,83,1,13.7142857143,0.578313253012,固定BMI边界；扰动实测Y；未重拟合GPR
0.005,32,75,2,89,3,13.4285714286,0.651685393258,固定BMI边界；扰动实测Y；未重拟合GPR
0.005,32,75,3,95,5,15.5714285714,0.705263157895,固定BMI边界；扰动实测Y；未重拟合GPR
0.005,32,90,1,139,2,16.2857142857,0.884892086331,固定BMI边界；扰动实测Y；未重拟合GPR
0.005,32,90,2,61,2,16.4285714286,0.83606557377,固定BMI边界；扰动实测Y；未重拟合GPR
0.005,32,90,3,67,5,23.1428571429,0.791044776119,固定BMI边界；扰动实测Y；未重拟合GPR
0.005,32,95,1,76,1,21.2857142857,0.894736842105,固定BMI边界；扰动实测Y；未重拟合GPR
0.005,32,95,2,102,3,16.5714285714,0.941176470588,固定BMI边界；扰动实测Y；未重拟合GPR
0.005,32,95,3,89,5,inf,0.898876404494,固定BMI边界；扰动实测Y；未重拟合GPR
0.005,32,99,1,63,0,26.1428571429,0.968253968254,固定BMI边界；扰动实测Y；未重拟合GPR
0.005,32,99,2,134,4,inf,0.940298507463,固定BMI边界；扰动实测Y；未重拟合GPR
0.005,32,99,3,70,5,inf,0.928571428571,固定BMI边界；扰动实测Y；未重拟合GPR
0.005,33,50,1,65,0,12.7142857143,0.0615384615385,固定BMI边界；扰动实测Y；未重拟合GPR
0.005,33,50,2,62,2,12.5714285714,0.129032258065,固定BMI边界；扰动实测Y；未重拟合GPR
0.005,33,50,3,140,7,13.1428571429,0.192857142857,固定BMI边界；扰动实测Y；未重拟合GPR
0.005,33,75,1,83,1,13.5714285714,0.590361445783,固定BMI边界；扰动实测Y；未重拟合GPR
0.005,33,75,2,89,3,13.4285714286,0.662921348315,固定BMI边界；扰动实测Y；未重拟合GPR
0.005,33,75,3,95,5,13.8571428571,0.715789473684,固定BMI边界；扰动实测Y；未重拟合GPR
0.005,33,90,1,139,2,16.4285714286,0.884892086331,固定BMI边界；扰动实测Y；未重拟合GPR
0.005,33,90,2,61,3,16.5714285714,0.83606557377,固定BMI边界；扰动实测Y；未重拟合GPR
0.005,33,90,3,67,4,22,0.820895522388,固定BMI边界；扰动实测Y；未重拟合GPR
0.005,33,95,1,76,1,20.8571428571,0.907894736842,固定BMI边界；扰动实测Y；未重拟合GPR
0.005,33,95,2,102,3,19.4285714286,0.901960784314,固定BMI边界；扰动实测Y；未重拟合GPR
0.005,33,95,3,89,5,inf,0.898876404494,固定BMI边界；扰动实测Y；未重拟合GPR
0.005,33,99,1,63,0,23.1428571429,0.984126984127,固定BMI边界；扰动实测Y；未重拟合GPR
0.005,33,99,2,134,5,inf,0.925373134328,固定BMI边界；扰动实测Y；未重拟合GPR
0.005,33,99,3,70,4,inf,0.928571428571,固定BMI边界；扰动实测Y；未重拟合GPR
0.005,34,50,1,65,0,12.8571428571,0.0615384615385,固定BMI边界；扰动实测Y；未重拟合GPR
0.005,34,50,2,62,1,12.7142857143,0.129032258065,固定BMI边界；扰动实测Y；未重拟合GPR
0.005,34,50,3,140,4,13,0.185714285714,固定BMI边界；扰动实测Y；未重拟合GPR
0.005,34,75,1,83,1,13.8571428571,0.55421686747,固定BMI边界；扰动实测Y；未重拟合GPR
0.005,34,75,2,89,2,13.4285714286,0.662921348315,固定BMI边界；扰动实测Y；未重拟合GPR
0.005,34,75,3,95,2,13.8571428571,0.726315789474,固定BMI边界；扰动实测Y；未重拟合GPR
0.005,34,90,1,139,1,16.4285714286,0.856115107914,固定BMI边界；扰动实测Y；未重拟合GPR
0.005,34,90,2,61,2,15.1428571429,0.868852459016,固定BMI边界；扰动实测Y；未重拟合GPR
0.005,34,90,3,67,2,22,0.805970149254,固定BMI边界；扰动实测Y；未重拟合GPR
0.005,34,95,1,76,1,21.2857142857,0.894736842105,固定BMI边界；扰动实测Y；未重拟合GPR
0.005,34,95,2,102,2,19.4285714286,0.921568627451,固定BMI边界；扰动实测Y；未重拟合GPR
0.005,34,95,3,89,2,23.7142857143,0.898876404494,固定BMI边界；扰动实测Y；未重拟合GPR
0.005,34,99,1,63,0,26.1428571429,0.968253968254,固定BMI边界；扰动实测Y；未重拟合GPR
0.005,34,99,2,134,3,inf,0.940298507463,固定BMI边界；扰动实测Y；未重拟合GPR
0.005,34,99,3,70,2,inf,0.957142857143,固定BMI边界；扰动实测Y；未重拟合GPR
0.005,35,50,1,65,0,12.8571428571,0.0615384615385,固定BMI边界；扰动实测Y；未重拟合GPR
0.005,35,50,2,62,1,12.7142857143,0.129032258065,固定BMI边界；扰动实测Y；未重拟合GPR
0.005,35,50,3,140,6,13,0.2,固定BMI边界；扰动实测Y；未重拟合GPR
0.005,35,75,1,83,1,13.8571428571,0.566265060241,固定BMI边界；扰动实测Y；未重拟合GPR
0.005,35,75,2,89,2,13.4285714286,0.696629213483,固定BMI边界；扰动实测Y；未重拟合GPR
0.005,35,75,3,95,4,15.5714285714,0.694736842105,固定BMI边界；扰动实测Y；未重拟合GPR
0.005,35,90,1,139,1,16.4285714286,0.856115107914,固定BMI边界；扰动实测Y；未重拟合GPR
0.005,35,90,2,61,2,14.8571428571,0.868852459016,固定BMI边界；扰动实测Y；未重拟合GPR
0.005,35,90,3,67,4,23,0.805970149254,固定BMI边界；扰动实测Y；未重拟合GPR
0.005,35,95,1,76,1,20.8571428571,0.907894736842,固定BMI边界；扰动实测Y；未重拟合GPR
0.005,35,95,2,102,2,16.5714285714,0.93137254902,固定BMI边界；扰动实测Y；未重拟合GPR
0.005,35,95,3,89,4,26.4285714286,0.887640449438,固定BMI边界；扰动实测Y；未重拟合GPR
0.005,35,99,1,63,0,26.1428571429,0.984126984127,固定BMI边界；扰动实测Y；未重拟合GPR
0.005,35,99,2,134,3,inf,0.940298507463,固定BMI边界；扰动实测Y；未重拟合GPR
0.005,35,99,3,70,4,inf,0.928571428571,固定BMI边界；扰动实测Y；未重拟合GPR
0.005,36,50,1,65,0,12.8571428571,0.0615384615385,固定BMI边界；扰动实测Y；未重拟合GPR
0.005,36,50,2,62,1,12.7142857143,0.129032258065,固定BMI边界；扰动实测Y；未重拟合GPR
0.005,36,50,3,140,5,13,0.185714285714,固定BMI边界；扰动实测Y；未重拟合GPR
0.005,36,75,1,83,1,13.8571428571,0.55421686747,固定BMI边界；扰动实测Y；未重拟合GPR
0.005,36,75,2,89,1,13.2857142857,0.696629213483,固定BMI边界；扰动实测Y；未重拟合GPR
0.005,36,75,3,95,4,16,0.684210526316,固定BMI边界；扰动实测Y；未重拟合GPR
0.005,36,90,1,139,1,16.7142857143,0.848920863309,固定BMI边界；扰动实测Y；未重拟合GPR
0.005,36,90,2,61,1,16.2857142857,0.83606557377,固定BMI边界；扰动实测Y；未重拟合GPR
0.005,36,90,3,67,4,22,0.805970149254,固定BMI边界；扰动实测Y；未重拟合GPR
0.005,36,95,1,76,1,20.2857142857,0.921052631579,固定BMI边界；扰动实测Y；未重拟合GPR
0.005,36,95,2,102,1,20.5714285714,0.892156862745,固定BMI边界；扰动实测Y；未重拟合GPR
0.005,36,95,3,89,4,26.4285714286,0.898876404494,固定BMI边界；扰动实测Y；未重拟合GPR
0.005,36,99,1,63,0,24.5714285714,0.984126984127,固定BMI边界；扰动实测Y；未重拟合GPR
0.005,36,99,2,134,2,inf,0.910447761194,固定BMI边界；扰动实测Y；未重拟合GPR
0.005,36,99,3,70,4,inf,0.928571428571,固定BMI边界；扰动实测Y；未重拟合GPR
0.005,37,50,1,65,0,12.8571428571,0.0461538461538,固定BMI边界；扰动实测Y；未重拟合GPR
0.005,37,50,2,62,1,12.7142857143,0.129032258065,固定BMI边界；扰动实测Y；未重拟合GPR
0.005,37,50,3,140,6,13,0.192857142857,固定BMI边界；扰动实测Y；未重拟合GPR
0.005,37,75,1,83,1,13.7142857143,0.566265060241,固定BMI边界；扰动实测Y；未重拟合GPR
0.005,37,75,2,89,2,13.4285714286,0.674157303371,固定BMI边界；扰动实测Y；未重拟合GPR
0.005,37,75,3,95,4,15.5714285714,0.715789473684,固定BMI边界；扰动实测Y；未重拟合GPR
0.005,37,90,1,139,1,16.4285714286,0.877697841727,固定BMI边界；扰动实测Y；未重拟合GPR
0.005,37,90,2,61,2,15.5714285714,0.852459016393,固定BMI边界；扰动实测Y；未重拟合GPR
0.005,37,90,3,67,4,22,0.791044776119,固定BMI边界；扰动实测Y；未重拟合GPR
0.005,37,95,1,76,1,21.2857142857,0.894736842105,固定BMI边界；扰动实测Y；未重拟合GPR
0.005,37,95,2,102,2,16.5714285714,0.941176470588,固定BMI边界；扰动实测Y；未重拟合GPR
0.005,37,95,3,89,4,26.4285714286,0.898876404494,固定BMI边界；扰动实测Y；未重拟合GPR
0.005,37,99,1,63,0,26.1428571429,0.968253968254,固定BMI边界；扰动实测Y；未重拟合GPR
0.005,37,99,2,134,3,inf,0.94776119403,固定BMI边界；扰动实测Y；未重拟合GPR
0.005,37,99,3,70,4,inf,0.928571428571,固定BMI边界；扰动实测Y；未重拟合GPR
0.005,38,50,1,65,0,12.8571428571,0.0461538461538,固定BMI边界；扰动实测Y；未重拟合GPR
0.005,38,50,2,62,1,12.5714285714,0.145161290323,固定BMI边界；扰动实测Y；未重拟合GPR
0.005,38,50,3,140,5,13,0.192857142857,固定BMI边界；扰动实测Y；未重拟合GPR
0.005,38,75,1,83,0,13.7142857143,0.578313253012,固定BMI边界；扰动实测Y；未重拟合GPR
0.005,38,75,2,89,3,13.4285714286,0.674157303371,固定BMI边界；扰动实测Y；未重拟合GPR
0.005,38,75,3,95,3,14.2857142857,0.705263157895,固定BMI边界；扰动实测Y；未重拟合GPR
0.005,38,90,1,139,1,16.2857142857,0.884892086331,固定BMI边界；扰动实测Y；未重拟合GPR
0.005,38,90,2,61,3,15.1428571429,0.885245901639,固定BMI边界；扰动实测Y；未重拟合GPR
0.005,38,90,3,67,2,20.8571428571,0.835820895522,固定BMI边界；扰动实测Y；未重拟合GPR
0.005,38,95,1,76,0,20.2857142857,0.921052631579,固定BMI边界；扰动实测Y；未重拟合GPR
0.005,38,95,2,102,3,20.1428571429,0.921568627451,固定BMI边界；扰动实测Y；未重拟合GPR
0.005,38,95,3,89,3,23.4285714286,0.898876404494,固定BMI边界；扰动实测Y；未重拟合GPR
0.005,38,99,1,63,0,23.1428571429,0.984126984127,固定BMI边界；扰动实测Y；未重拟合GPR
0.005,38,99,2,134,4,inf,0.932835820896,固定BMI边界；扰动实测Y；未重拟合GPR
0.005,38,99,3,70,2,inf,0.971428571429,固定BMI边界；扰动实测Y；未重拟合GPR
0.005,39,50,1,65,0,12.8571428571,0.0461538461538,固定BMI边界；扰动实测Y；未重拟合GPR
0.005,39,50,2,62,2,12.7142857143,0.129032258065,固定BMI边界；扰动实测Y；未重拟合GPR
0.005,39,50,3,140,6,13,0.185714285714,固定BMI边界；扰动实测Y；未重拟合GPR
0.005,39,75,1,83,1,13.7142857143,0.566265060241,固定BMI边界；扰动实测Y；未重拟合GPR
0.005,39,75,2,89,3,13.4285714286,0.662921348315,固定BMI边界；扰动实测Y；未重拟合GPR
0.005,39,75,3,95,4,16,0.694736842105,固定BMI边界；扰动实测Y；未重拟合GPR
0.005,39,90,1,139,2,16.5714285714,0.877697841727,固定BMI边界；扰动实测Y；未重拟合GPR
0.005,39,90,2,61,3,16.2857142857,0.868852459016,固定BMI边界；扰动实测Y；未重拟合GPR
0.005,39,90,3,67,3,22,0.820895522388,固定BMI边界；扰动实测Y；未重拟合GPR
0.005,39,95,1,76,1,21.2857142857,0.894736842105,固定BMI边界；扰动实测Y；未重拟合GPR
0.005,39,95,2,102,3,20.5714285714,0.911764705882,固定BMI边界；扰动实测Y；未重拟合GPR
0.005,39,95,3,89,4,26.4285714286,0.898876404494,固定BMI边界；扰动实测Y；未重拟合GPR
0.005,39,99,1,63,0,26.1428571429,0.968253968254,固定BMI边界；扰动实测Y；未重拟合GPR
0.005,39,99,2,134,5,inf,0.925373134328,固定BMI边界；扰动实测Y；未重拟合GPR
0.005,39,99,3,70,3,inf,0.942857142857,固定BMI边界；扰动实测Y；未重拟合GPR
0.005,40,50,1,65,0,12.7142857143,0.0615384615385,固定BMI边界；扰动实测Y；未重拟合GPR
0.005,40,50,2,62,1,12.7142857143,0.129032258065,固定BMI边界；扰动实测Y；未重拟合GPR
0.005,40,50,3,140,7,13,0.178571428571,固定BMI边界；扰动实测Y；未重拟合GPR
0.005,40,75,1,83,1,13.7142857143,0.590361445783,固定BMI边界；扰动实测Y；未重拟合GPR
0.005,40,75,2,89,2,13.7142857143,0.629213483146,固定BMI边界；扰动实测Y；未重拟合GPR
0.005,40,75,3,95,5,15.5714285714,0.705263157895,固定BMI边界；扰动实测Y；未重拟合GPR
0.005,40,90,1,139,1,16.4285714286,0.863309352518,固定BMI边界；扰动实测Y；未重拟合GPR
0.005,40,90,2,61,2,16.5714285714,0.852459016393,固定BMI边界；扰动实测Y；未重拟合GPR
0.005,40,90,3,67,5,24,0.820895522388,固定BMI边界；扰动实测Y；未重拟合GPR
0.005,40,95,1,76,1,21.2857142857,0.894736842105,固定BMI边界；扰动实测Y；未重拟合GPR
0.005,40,95,2,102,2,20.1428571429,0.901960784314,固定BMI边界；扰动实测Y；未重拟合GPR
0.005,40,95,3,89,5,inf,0.887640449438,固定BMI边界；扰动实测Y；未重拟合GPR
0.005,40,99,1,63,0,26.1428571429,0.968253968254,固定BMI边界；扰动实测Y；未重拟合GPR
0.005,40,99,2,134,3,inf,0.917910447761,固定BMI边界；扰动实测Y；未重拟合GPR
0.005,40,99,3,70,5,inf,0.914285714286,固定BMI边界；扰动实测Y；未重拟合GPR
0.005,41,50,1,65,0,12.8571428571,0.0615384615385,固定BMI边界；扰动实测Y；未重拟合GPR
0.005,41,50,2,62,2,12.5714285714,0.129032258065,固定BMI边界；扰动实测Y；未重拟合GPR
0.005,41,50,3,140,5,13,0.185714285714,固定BMI边界；扰动实测Y；未重拟合GPR
0.005,41,75,1,83,1,13.7142857143,0.55421686747,固定BMI边界；扰动实测Y；未重拟合GPR
0.005,41,75,2,89,3,13.4285714286,0.662921348315,固定BMI边界；扰动实测Y；未重拟合GPR
0.005,41,75,3,95,3,15.7142857143,0.705263157895,固定BMI边界；扰动实测Y；未重拟合GPR
0.005,41,90,1,139,2,16.4285714286,0.870503597122,固定BMI边界；扰动实测Y；未重拟合GPR
0.005,41,90,2,61,2,16.5714285714,0.83606557377,固定BMI边界；扰动实测Y；未重拟合GPR
0.005,41,90,3,67,3,22,0.820895522388,固定BMI边界；扰动实测Y；未重拟合GPR
0.005,41,95,1,76,1,20.2857142857,0.921052631579,固定BMI边界；扰动实测Y；未重拟合GPR
0.005,41,95,2,102,3,20.1428571429,0.911764705882,固定BMI边界；扰动实测Y；未重拟合GPR
0.005,41,95,3,89,3,24,0.898876404494,固定BMI边界；扰动实测Y；未重拟合GPR
0.005,41,99,1,63,0,21.2857142857,1,固定BMI边界；扰动实测Y；未重拟合GPR
0.005,41,99,2,134,4,inf,0.917910447761,固定BMI边界；扰动实测Y；未重拟合GPR
0.005,41,99,3,70,3,inf,0.942857142857,固定BMI边界；扰动实测Y；未重拟合GPR
0.005,42,50,1,65,0,12.7142857143,0.0615384615385,固定BMI边界；扰动实测Y；未重拟合GPR
0.005,42,50,2,62,1,12.7142857143,0.129032258065,固定BMI边界；扰动实测Y；未重拟合GPR
0.005,42,50,3,140,6,13.1428571429,0.192857142857,固定BMI边界；扰动实测Y；未重拟合GPR
0.005,42,75,1,83,1,13.7142857143,0.590361445783,固定BMI边界；扰动实测Y；未重拟合GPR
0.005,42,75,2,89,2,13.7142857143,0.629213483146,固定BMI边界；扰动实测Y；未重拟合GPR
0.005,42,75,3,95,4,15.7142857143,0.694736842105,固定BMI边界；扰动实测Y；未重拟合GPR
0.005,42,90,1,139,1,16.7142857143,0.856115107914,固定BMI边界；扰动实测Y；未重拟合GPR
0.005,42,90,2,61,2,16,0.852459016393,固定BMI边界；扰动实测Y；未重拟合GPR
0.005,42,90,3,67,4,23.7142857143,0.820895522388,固定BMI边界；扰动实测Y；未重拟合GPR
0.005,42,95,1,76,1,21.2857142857,0.894736842105,固定BMI边界；扰动实测Y；未重拟合GPR
0.005,42,95,2,102,2,20.5714285714,0.882352941176,固定BMI边界；扰动实测Y；未重拟合GPR
0.005,42,95,3,89,4,26.4285714286,0.876404494382,固定BMI边界；扰动实测Y；未重拟合GPR
0.005,42,99,1,63,0,26.1428571429,0.968253968254,固定BMI边界；扰动实测Y；未重拟合GPR
0.005,42,99,2,134,3,inf,0.925373134328,固定BMI边界；扰动实测Y；未重拟合GPR
0.005,42,99,3,70,4,inf,0.928571428571,固定BMI边界；扰动实测Y；未重拟合GPR
0.005,43,50,1,65,0,12.8571428571,0.0615384615385,固定BMI边界；扰动实测Y；未重拟合GPR
0.005,43,50,2,62,1,12.5714285714,0.129032258065,固定BMI边界；扰动实测Y；未重拟合GPR
0.005,43,50,3,140,5,13,0.192857142857,固定BMI边界；扰动实测Y；未重拟合GPR
0.005,43,75,1,83,1,13.7142857143,0.566265060241,固定BMI边界；扰动实测Y；未重拟合GPR
0.005,43,75,2,89,2,13.4285714286,0.696629213483,固定BMI边界；扰动实测Y；未重拟合GPR
0.005,43,75,3,95,3,16,0.694736842105,固定BMI边界；扰动实测Y；未重拟合GPR
0.005,43,90,1,139,1,16.4285714286,0.870503597122,固定BMI边界；扰动实测Y；未重拟合GPR
0.005,43,90,2,61,2,16.5714285714,0.83606557377,固定BMI边界；扰动实测Y；未重拟合GPR
0.005,43,90,3,67,3,22,0.820895522388,固定BMI边界；扰动实测Y；未重拟合GPR
0.005,43,95,1,76,1,21.2857142857,0.881578947368,固定BMI边界；扰动实测Y；未重拟合GPR
0.005,43,95,2,102,2,19.5714285714,0.911764705882,固定BMI边界；扰动实测Y；未重拟合GPR
0.005,43,95,3,89,3,23.7142857143,0.898876404494,固定BMI边界；扰动实测Y；未重拟合GPR
0.005,43,99,1,63,0,26.1428571429,0.968253968254,固定BMI边界；扰动实测Y；未重拟合GPR
0.005,43,99,2,134,3,inf,0.932835820896,固定BMI边界；扰动实测Y；未重拟合GPR
0.005,43,99,3,70,3,inf,0.957142857143,固定BMI边界；扰动实测Y；未重拟合GPR
0.005,44,50,1,65,0,12.8571428571,0.0615384615385,固定BMI边界；扰动实测Y；未重拟合GPR
0.005,44,50,2,62,1,12.7142857143,0.129032258065,固定BMI边界；扰动实测Y；未重拟合GPR
0.005,44,50,3,140,7,13.1428571429,0.192857142857,固定BMI边界；扰动实测Y；未重拟合GPR
0.005,44,75,1,83,1,13.7142857143,0.566265060241,固定BMI边界；扰动实测Y；未重拟合GPR
0.005,44,75,2,89,2,13.7142857143,0.640449438202,固定BMI边界；扰动实测Y；未重拟合GPR
0.005,44,75,3,95,5,16,0.673684210526,固定BMI边界；扰动实测Y；未重拟合GPR
0.005,44,90,1,139,1,16.7142857143,0.848920863309,固定BMI边界；扰动实测Y；未重拟合GPR
0.005,44,90,2,61,2,16.2857142857,0.83606557377,固定BMI边界；扰动实测Y；未重拟合GPR
0.005,44,90,3,67,5,24,0.835820895522,固定BMI边界；扰动实测Y；未重拟合GPR
0.005,44,95,1,76,1,21.2857142857,0.907894736842,固定BMI边界；扰动实测Y；未重拟合GPR
0.005,44,95,2,102,2,19.4285714286,0.911764705882,固定BMI边界；扰动实测Y；未重拟合GPR
0.005,44,95,3,89,5,inf,0.898876404494,固定BMI边界；扰动实测Y；未重拟合GPR
0.005,44,99,1,63,0,24.5714285714,0.968253968254,固定BMI边界；扰动实测Y；未重拟合GPR
0.005,44,99,2,134,3,inf,0.925373134328,固定BMI边界；扰动实测Y；未重拟合GPR
0.005,44,99,3,70,5,inf,0.914285714286,固定BMI边界；扰动实测Y；未重拟合GPR
0.005,45,50,1,65,0,12.8571428571,0.0615384615385,固定BMI边界；扰动实测Y；未重拟合GPR
0.005,45,50,2,62,2,12.5714285714,0.129032258065,固定BMI边界；扰动实测Y；未重拟合GPR
0.005,45,50,3,140,6,13,0.192857142857,固定BMI边界；扰动实测Y；未重拟合GPR
0.005,45,75,1,83,1,13.7142857143,0.578313253012,固定BMI边界；扰动实测Y；未重拟合GPR
0.005,45,75,2,89,2,13.4285714286,0.662921348315,固定BMI边界；扰动实测Y；未重拟合GPR
0.005,45,75,3,95,5,13.7142857143,0.757894736842,固定BMI边界；扰动实测Y；未重拟合GPR
0.005,45,90,1,139,2,16.4285714286,0.863309352518,固定BMI边界；扰动实测Y；未重拟合GPR
0.005,45,90,2,61,2,15.1428571429,0.868852459016,固定BMI边界；扰动实测Y；未重拟合GPR
0.005,45,90,3,67,4,21.1428571429,0.850746268657,固定BMI边界；扰动实测Y；未重拟合GPR
0.005,45,95,1,76,1,20.8571428571,0.907894736842,固定BMI边界；扰动实测Y；未重拟合GPR
0.005,45,95,2,102,2,16.5714285714,0.93137254902,固定BMI边界；扰动实测Y；未重拟合GPR
0.005,45,95,3,89,5,inf,0.898876404494,固定BMI边界；扰动实测Y；未重拟合GPR
0.005,45,99,1,63,0,26.1428571429,0.984126984127,固定BMI边界；扰动实测Y；未重拟合GPR
0.005,45,99,2,134,4,inf,0.940298507463,固定BMI边界；扰动实测Y；未重拟合GPR
0.005,45,99,3,70,4,inf,0.942857142857,固定BMI边界；扰动实测Y；未重拟合GPR
0.005,46,50,1,65,0,13,0.0615384615385,固定BMI边界；扰动实测Y；未重拟合GPR
0.005,46,50,2,62,2,12.7142857143,0.129032258065,固定BMI边界；扰动实测Y；未重拟合GPR
0.005,46,50,3,140,6,12.8571428571,0.192857142857,固定BMI边界；扰动实测Y；未重拟合GPR
0.005,46,75,1,83,1,13.8571428571,0.542168674699,固定BMI边界；扰动实测Y；未重拟合GPR
0.005,46,75,2,89,3,13.2857142857,0.685393258427,固定BMI边界；扰动实测Y；未重拟合GPR
0.005,46,75,3,95,4,13.8571428571,0.726315789474,固定BMI边界；扰动实测Y；未重拟合GPR
0.005,46,90,1,139,2,16.7142857143,0.856115107914,固定BMI边界；扰动实测Y；未重拟合GPR
0.005,46,90,2,61,3,16.2857142857,0.868852459016,固定BMI边界；扰动实测Y；未重拟合GPR
0.005,46,90,3,67,3,22,0.805970149254,固定BMI边界；扰动实测Y；未重拟合GPR
0.005,46,95,1,76,1,24,0.881578947368,固定BMI边界；扰动实测Y；未重拟合GPR
0.005,46,95,2,102,3,20.5714285714,0.93137254902,固定BMI边界；扰动实测Y；未重拟合GPR
0.005,46,95,3,89,4,26.4285714286,0.876404494382,固定BMI边界；扰动实测Y；未重拟合GPR
0.005,46,99,1,63,0,26.1428571429,0.936507936508,固定BMI边界；扰动实测Y；未重拟合GPR
0.005,46,99,2,134,5,inf,0.932835820896,固定BMI边界；扰动实测Y；未重拟合GPR
0.005,46,99,3,70,3,inf,0.942857142857,固定BMI边界；扰动实测Y；未重拟合GPR
0.005,47,50,1,65,0,12.8571428571,0.0615384615385,固定BMI边界；扰动实测Y；未重拟合GPR
0.005,47,50,2,62,1,12.7142857143,0.129032258065,固定BMI边界；扰动实测Y；未重拟合GPR
0.005,47,50,3,140,4,13.1428571429,0.178571428571,固定BMI边界；扰动实测Y；未重拟合GPR
0.005,47,75,1,83,1,13.7142857143,0.566265060241,固定BMI边界；扰动实测Y；未重拟合GPR
0.005,47,75,2,89,1,13.7142857143,0.640449438202,固定BMI边界；扰动实测Y；未重拟合GPR
0.005,47,75,3,95,3,16,0.694736842105,固定BMI边界；扰动实测Y；未重拟合GPR
0.005,47,90,1,139,1,16.4285714286,0.856115107914,固定BMI边界；扰动实测Y；未重拟合GPR
0.005,47,90,2,61,1,16.2857142857,0.819672131148,固定BMI边界；扰动实测Y；未重拟合GPR
0.005,47,90,3,67,3,23.2857142857,0.805970149254,固定BMI边界；扰动实测Y；未重拟合GPR
0.005,47,95,1,76,1,20.2857142857,0.921052631579,固定BMI边界；扰动实测Y；未重拟合GPR
0.005,47,95,2,102,1,16.5714285714,0.93137254902,固定BMI边界；扰动实测Y；未重拟合GPR
0.005,47,95,3,89,3,24,0.898876404494,固定BMI边界；扰动实测Y；未重拟合GPR
0.005,47,99,1,63,0,21.2857142857,1,固定BMI边界；扰动实测Y；未重拟合GPR
0.005,47,99,2,134,2,inf,0.940298507463,固定BMI边界；扰动实测Y；未重拟合GPR
0.005,47,99,3,70,3,inf,0.942857142857,固定BMI边界；扰动实测Y；未重拟合GPR
0.005,48,50,1,65,0,12.8571428571,0.0615384615385,固定BMI边界；扰动实测Y；未重拟合GPR
0.005,48,50,2,62,1,12.5714285714,0.145161290323,固定BMI边界；扰动实测Y；未重拟合GPR
0.005,48,50,3,140,7,13,0.185714285714,固定BMI边界；扰动实测Y；未重拟合GPR
0.005,48,75,1,83,0,13.5714285714,0.590361445783,固定BMI边界；扰动实测Y；未重拟合GPR
0.005,48,75,2,89,3,13.4285714286,0.685393258427,固定BMI边界；扰动实测Y；未重拟合GPR
0.005,48,75,3,95,5,16,0.673684210526,固定BMI边界；扰动实测Y；未重拟合GPR
0.005,48,90,1,139,1,16.5714285714,0.870503597122,固定BMI边界；扰动实测Y；未重拟合GPR
0.005,48,90,2,61,3,16.2857142857,0.868852459016,固定BMI边界；扰动实测Y；未重拟合GPR
0.005,48,90,3,67,4,21.1428571429,0.805970149254,固定BMI边界；扰动实测Y；未重拟合GPR
0.005,48,95,1,76,0,20.8571428571,0.907894736842,固定BMI边界；扰动实测Y；未重拟合GPR
0.005,48,95,2,102,3,20.5714285714,0.892156862745,固定BMI边界；扰动实测Y；未重拟合GPR
0.005,48,95,3,89,5,inf,0.887640449438,固定BMI边界；扰动实测Y；未重拟合GPR
0.005,48,99,1,63,0,26.1428571429,0.968253968254,固定BMI边界；扰动实测Y；未重拟合GPR
0.005,48,99,2,134,4,inf,0.925373134328,固定BMI边界；扰动实测Y；未重拟合GPR
0.005,48,99,3,70,4,inf,0.942857142857,固定BMI边界；扰动实测Y；未重拟合GPR
0.005,49,50,1,65,0,12.7142857143,0.0615384615385,固定BMI边界；扰动实测Y；未重拟合GPR
0.005,49,50,2,62,1,12.5714285714,0.161290322581,固定BMI边界；扰动实测Y；未重拟合GPR
0.005,49,50,3,140,6,13,0.185714285714,固定BMI边界；扰动实测Y；未重拟合GPR
0.005,49,75,1,83,0,13.5714285714,0.602409638554,固定BMI边界；扰动实测Y；未重拟合GPR
0.005,49,75,2,89,3,13.2857142857,0.696629213483,固定BMI边界；扰动实测Y；未重拟合GPR
0.005,49,75,3,95,4,15.7142857143,0.694736842105,固定BMI边界；扰动实测Y；未重拟合GPR
0.005,49,90,1,139,1,16.4285714286,0.877697841727,固定BMI边界；扰动实测Y；未重拟合GPR
0.005,49,90,2,61,2,15.1428571429,0.885245901639,固定BMI边界；扰动实测Y；未重拟合GPR
0.005,49,90,3,67,4,23.5714285714,0.805970149254,固定BMI边界；扰动实测Y；未重拟合GPR
0.005,49,95,1,76,0,20.2857142857,0.921052631579,固定BMI边界；扰动实测Y；未重拟合GPR
0.005,49,95,2,102,3,20.1428571429,0.911764705882,固定BMI边界；扰动实测Y；未重拟合GPR
0.005,49,95,3,89,4,24,0.898876404494,固定BMI边界；扰动实测Y；未重拟合GPR
0.005,49,99,1,63,0,26.1428571429,0.984126984127,固定BMI边界；扰动实测Y；未重拟合GPR
0.005,49,99,2,134,3,inf,0.932835820896,固定BMI边界；扰动实测Y；未重拟合GPR
0.005,49,99,3,70,4,inf,0.942857142857,固定BMI边界；扰动实测Y；未重拟合GPR
0.005,50,50,1,65,0,12.8571428571,0.0615384615385,固定BMI边界；扰动实测Y；未重拟合GPR
0.005,50,50,2,62,0,12.7142857143,0.145161290323,固定BMI边界；扰动实测Y；未重拟合GPR
0.005,50,50,3,140,7,13,0.192857142857,固定BMI边界；扰动实测Y；未重拟合GPR
0.005,50,75,1,83,0,13.5714285714,0.590361445783,固定BMI边界；扰动实测Y；未重拟合GPR
0.005,50,75,2,89,2,13.4285714286,0.662921348315,固定BMI边界；扰动实测Y；未重拟合GPR
0.005,50,75,3,95,5,15.1428571429,0.715789473684,固定BMI边界；扰动实测Y；未重拟合GPR
0.005,50,90,1,139,0,16.2857142857,0.877697841727,固定BMI边界；扰动实测Y；未重拟合GPR
0.005,50,90,2,61,3,15.1428571429,0.868852459016,固定BMI边界；扰动实测Y；未重拟合GPR
0.005,50,90,3,67,4,22,0.820895522388,固定BMI边界；扰动实测Y；未重拟合GPR
0.005,50,95,1,76,0,20.2857142857,0.921052631579,固定BMI边界；扰动实测Y；未重拟合GPR
0.005,50,95,2,102,2,16.5714285714,0.941176470588,固定BMI边界；扰动实测Y；未重拟合GPR
0.005,50,95,3,89,5,inf,0.898876404494,固定BMI边界；扰动实测Y；未重拟合GPR
0.005,50,99,1,63,0,26.1428571429,0.984126984127,固定BMI边界；扰动实测Y；未重拟合GPR
0.005,50,99,2,134,3,inf,0.955223880597,固定BMI边界；扰动实测Y；未重拟合GPR
0.005,50,99,3,70,4,inf,0.928571428571,固定BMI边界；扰动实测Y；未重拟合GPR
0.005,51,50,1,65,0,12.8571428571,0.0461538461538,固定BMI边界；扰动实测Y；未重拟合GPR
0.005,51,50,2,62,2,12.7142857143,0.145161290323,固定BMI边界；扰动实测Y；未重拟合GPR
0.005,51,50,3,140,6,13,0.185714285714,固定BMI边界；扰动实测Y；未重拟合GPR
0.005,51,75,1,83,1,13.5714285714,0.590361445783,固定BMI边界；扰动实测Y；未重拟合GPR
0.005,51,75,2,89,3,13.7142857143,0.629213483146,固定BMI边界；扰动实测Y；未重拟合GPR
0.005,51,75,3,95,4,15.5714285714,0.705263157895,固定BMI边界；扰动实测Y；未重拟合GPR
0.005,51,90,1,139,2,16.4285714286,0.870503597122,固定BMI边界；扰动实测Y；未重拟合GPR
0.005,51,90,2,61,3,16.5714285714,0.868852459016,固定BMI边界；扰动实测Y；未重拟合GPR
0.005,51,90,3,67,3,21.1428571429,0.820895522388,固定BMI边界；扰动实测Y；未重拟合GPR
0.005,51,95,1,76,1,21.2857142857,0.921052631579,固定BMI边界；扰动实测Y；未重拟合GPR
0.005,51,95,2,102,3,20.5714285714,0.882352941176,固定BMI边界；扰动实测Y；未重拟合GPR
0.005,51,95,3,89,4,26.4285714286,0.898876404494,固定BMI边界；扰动实测Y；未重拟合GPR
0.005,51,99,1,63,0,26.1428571429,0.968253968254,固定BMI边界；扰动实测Y；未重拟合GPR
0.005,51,99,2,134,5,inf,0.910447761194,固定BMI边界；扰动实测Y；未重拟合GPR
0.005,51,99,3,70,3,inf,0.942857142857,固定BMI边界；扰动实测Y；未重拟合GPR
0.005,52,50,1,65,0,12.7142857143,0.0615384615385,固定BMI边界；扰动实测Y；未重拟合GPR
0.005,52,50,2,62,1,12.5714285714,0.145161290323,固定BMI边界；扰动实测Y；未重拟合GPR
0.005,52,50,3,140,6,13,0.192857142857,固定BMI边界；扰动实测Y；未重拟合GPR
0.005,52,75,1,83,1,13.7142857143,0.602409638554,固定BMI边界；扰动实测Y；未重拟合GPR
0.005,52,75,2,89,2,13.2857142857,0.685393258427,固定BMI边界；扰动实测Y；未重拟合GPR
0.005,52,75,3,95,4,16,0.694736842105,固定BMI边界；扰动实测Y；未重拟合GPR
0.005,52,90,1,139,1,16.4285714286,0.870503597122,固定BMI边界；扰动实测Y；未重拟合GPR
0.005,52,90,2,61,2,14.8571428571,0.885245901639,固定BMI边界；扰动实测Y；未重拟合GPR
0.005,52,90,3,67,4,23.4285714286,0.791044776119,固定BMI边界；扰动实测Y；未重拟合GPR
0.005,52,95,1,76,1,20.8571428571,0.907894736842,固定BMI边界；扰动实测Y；未重拟合GPR
0.005,52,95,2,102,2,16.5714285714,0.941176470588,固定BMI边界；扰动实测Y；未重拟合GPR
0.005,52,95,3,89,4,26.4285714286,0.876404494382,固定BMI边界；扰动实测Y；未重拟合GPR
0.005,52,99,1,63,0,26.1428571429,0.984126984127,固定BMI边界；扰动实测Y；未重拟合GPR
0.005,52,99,2,134,3,inf,0.940298507463,固定BMI边界；扰动实测Y；未重拟合GPR
0.005,52,99,3,70,4,inf,0.928571428571,固定BMI边界；扰动实测Y；未重拟合GPR
0.005,53,50,1,65,0,12.8571428571,0.0615384615385,固定BMI边界；扰动实测Y；未重拟合GPR
0.005,53,50,2,62,2,12.7142857143,0.129032258065,固定BMI边界；扰动实测Y；未重拟合GPR
0.005,53,50,3,140,8,13,0.185714285714,固定BMI边界；扰动实测Y；未重拟合GPR
0.005,53,75,1,83,1,13.7142857143,0.578313253012,固定BMI边界；扰动实测Y；未重拟合GPR
0.005,53,75,2,89,3,13.7142857143,0.629213483146,固定BMI边界；扰动实测Y；未重拟合GPR
0.005,53,75,3,95,6,16,0.694736842105,固定BMI边界；扰动实测Y；未重拟合GPR
0.005,53,90,1,139,2,16.4285714286,0.863309352518,固定BMI边界；扰动实测Y；未重拟合GPR
0.005,53,90,2,61,3,16.5714285714,0.868852459016,固定BMI边界；扰动实测Y；未重拟合GPR
0.005,53,90,3,67,5,24,0.791044776119,固定BMI边界；扰动实测Y；未重拟合GPR
0.005,53,95,1,76,1,21.2857142857,0.907894736842,固定BMI边界；扰动实测Y；未重拟合GPR
0.005,53,95,2,102,3,20.5714285714,0.892156862745,固定BMI边界；扰动实测Y；未重拟合GPR
0.005,53,95,3,89,6,inf,0.865168539326,固定BMI边界；扰动实测Y；未重拟合GPR
0.005,53,99,1,63,0,26.1428571429,0.968253968254,固定BMI边界；扰动实测Y；未重拟合GPR
0.005,53,99,2,134,5,inf,0.902985074627,固定BMI边界；扰动实测Y；未重拟合GPR
0.005,53,99,3,70,5,inf,0.914285714286,固定BMI边界；扰动实测Y；未重拟合GPR
0.005,54,50,1,65,0,12.8571428571,0.0461538461538,固定BMI边界；扰动实测Y；未重拟合GPR
0.005,54,50,2,62,0,12.7142857143,0.161290322581,固定BMI边界；扰动实测Y；未重拟合GPR
0.005,54,50,3,140,5,13,0.185714285714,固定BMI边界；扰动实测Y；未重拟合GPR
0.005,54,75,1,83,0,13.5714285714,0.590361445783,固定BMI边界；扰动实测Y；未重拟合GPR
0.005,54,75,2,89,2,13.7142857143,0.651685393258,固定BMI边界；扰动实测Y；未重拟合GPR
0.005,54,75,3,95,3,15.5714285714,0.715789473684,固定BMI边界；扰动实测Y；未重拟合GPR
0.005,54,90,1,139,0,16.4285714286,0.877697841727,固定BMI边界；扰动实测Y；未重拟合GPR
0.005,54,90,2,61,2,18.8571428571,0.83606557377,固定BMI边界；扰动实测Y；未重拟合GPR
0.005,54,90,3,67,3,22,0.850746268657,固定BMI边界；扰动实测Y；未重拟合GPR
0.005,54,95,1,76,0,20.2857142857,0.921052631579,固定BMI边界；扰动实测Y；未重拟合GPR
0.005,54,95,2,102,2,20.5714285714,0.882352941176,固定BMI边界；扰动实测Y；未重拟合GPR
0.005,54,95,3,89,3,24,0.910112359551,固定BMI边界；扰动实测Y；未重拟合GPR
0.005,54,99,1,63,0,26.1428571429,0.968253968254,固定BMI边界；扰动实测Y；未重拟合GPR
0.005,54,99,2,134,2,inf,0.917910447761,固定BMI边界；扰动实测Y；未重拟合GPR
0.005,54,99,3,70,3,inf,0.942857142857,固定BMI边界；扰动实测Y；未重拟合GPR
0.005,55,50,1,65,0,12.8571428571,0.0615384615385,固定BMI边界；扰动实测Y；未重拟合GPR
0.005,55,50,2,62,0,12.7142857143,0.145161290323,固定BMI边界；扰动实测Y；未重拟合GPR
0.005,55,50,3,140,5,13,0.192857142857,固定BMI边界；扰动实测Y；未重拟合GPR
0.005,55,75,1,83,0,13.5714285714,0.578313253012,固定BMI边界；扰动实测Y；未重拟合GPR
0.005,55,75,2,89,2,13.4285714286,0.662921348315,固定BMI边界；扰动实测Y；未重拟合GPR
0.005,55,75,3,95,3,13.8571428571,0.715789473684,固定BMI边界；扰动实测Y；未重拟合GPR
0.005,55,90,1,139,0,16.4285714286,0.863309352518,固定BMI边界；扰动实测Y；未重拟合GPR
0.005,55,90,2,61,2,14.8571428571,0.885245901639,固定BMI边界；扰动实测Y；未重拟合GPR
0.005,55,90,3,67,3,22,0.805970149254,固定BMI边界；扰动实测Y；未重拟合GPR
0.005,55,95,1,76,0,20.2857142857,0.907894736842,固定BMI边界；扰动实测Y；未重拟合GPR
0.005,55,95,2,102,2,19.4285714286,0.911764705882,固定BMI边界；扰动实测Y；未重拟合GPR
0.005,55,95,3,89,3,24.7142857143,0.910112359551,固定BMI边界；扰动实测Y；未重拟合GPR
0.005,55,99,1,63,0,23.1428571429,0.984126984127,固定BMI边界；扰动实测Y；未重拟合GPR
0.005,55,99,2,134,2,inf,0.940298507463,固定BMI边界；扰动实测Y；未重拟合GPR
0.005,55,99,3,70,3,inf,0.942857142857,固定BMI边界；扰动实测Y；未重拟合GPR
0.005,56,50,1,65,0,12.8571428571,0.0615384615385,固定BMI边界；扰动实测Y；未重拟合GPR
0.005,56,50,2,62,0,12.5714285714,0.145161290323,固定BMI边界；扰动实测Y；未重拟合GPR
0.005,56,50,3,140,6,13,0.185714285714,固定BMI边界；扰动实测Y；未重拟合GPR
0.005,56,75,1,83,0,13.5714285714,0.590361445783,固定BMI边界；扰动实测Y；未重拟合GPR
0.005,56,75,2,89,2,13.2857142857,0.685393258427,固定BMI边界；扰动实测Y；未重拟合GPR
0.005,56,75,3,95,4,15.1428571429,0.715789473684,固定BMI边界；扰动实测Y；未重拟合GPR
0.005,56,90,1,139,0,16.2857142857,0.884892086331,固定BMI边界；扰动实测Y；未重拟合GPR
0.005,56,90,2,61,2,16.2857142857,0.852459016393,固定BMI边界；扰动实测Y；未重拟合GPR
0.005,56,90,3,67,4,22,0.820895522388,固定BMI边界；扰动实测Y；未重拟合GPR
0.005,56,95,1,76,0,21.2857142857,0.907894736842,固定BMI边界；扰动实测Y；未重拟合GPR
0.005,56,95,2,102,2,19.4285714286,0.93137254902,固定BMI边界；扰动实测Y；未重拟合GPR
0.005,56,95,3,89,4,26.4285714286,0.910112359551,固定BMI边界；扰动实测Y；未重拟合GPR
0.005,56,99,1,63,0,26.1428571429,0.952380952381,固定BMI边界；扰动实测Y；未重拟合GPR
0.005,56,99,2,134,2,inf,0.94776119403,固定BMI边界；扰动实测Y；未重拟合GPR
0.005,56,99,3,70,4,inf,0.928571428571,固定BMI边界；扰动实测Y；未重拟合GPR
0.005,57,50,1,65,0,12.8571428571,0.0615384615385,固定BMI边界；扰动实测Y；未重拟合GPR
0.005,57,50,2,62,1,12.7142857143,0.129032258065,固定BMI边界；扰动实测Y；未重拟合GPR
0.005,57,50,3,140,6,13,0.2,固定BMI边界；扰动实测Y；未重拟合GPR
0.005,57,75,1,83,1,13.7142857143,0.566265060241,固定BMI边界；扰动实测Y；未重拟合GPR
0.005,57,75,2,89,2,13.4285714286,0.674157303371,固定BMI边界；扰动实测Y；未重拟合GPR
0.005,57,75,3,95,4,16,0.705263157895,固定BMI边界；扰动实测Y；未重拟合GPR
0.005,57,90,1,139,1,16.4285714286,0.856115107914,固定BMI边界；扰动实测Y；未重拟合GPR
0.005,57,90,2,61,3,15.1428571429,0.868852459016,固定BMI边界；扰动实测Y；未重拟合GPR
0.005,57,90,3,67,3,22,0.820895522388,固定BMI边界；扰动实测Y；未重拟合GPR
0.005,57,95,1,76,1,20.2857142857,0.921052631579,固定BMI边界；扰动实测Y；未重拟合GPR
0.005,57,95,2,102,2,17.8571428571,0.921568627451,固定BMI边界；扰动实测Y；未重拟合GPR
0.005,57,95,3,89,4,26.4285714286,0.887640449438,固定BMI边界；扰动实测Y；未重拟合GPR
0.005,57,99,1,63,0,24.5714285714,0.984126984127,固定BMI边界；扰动实测Y；未重拟合GPR
0.005,57,99,2,134,4,inf,0.940298507463,固定BMI边界；扰动实测Y；未重拟合GPR
0.005,57,99,3,70,3,inf,0.942857142857,固定BMI边界；扰动实测Y；未重拟合GPR
0.005,58,50,1,65,0,12.8571428571,0.0461538461538,固定BMI边界；扰动实测Y；未重拟合GPR
0.005,58,50,2,62,1,12.7142857143,0.129032258065,固定BMI边界；扰动实测Y；未重拟合GPR
0.005,58,50,3,140,5,13,0.2,固定BMI边界；扰动实测Y；未重拟合GPR
0.005,58,75,1,83,1,13.7142857143,0.566265060241,固定BMI边界；扰动实测Y；未重拟合GPR
0.005,58,75,2,89,2,13.4285714286,0.685393258427,固定BMI边界；扰动实测Y；未重拟合GPR
0.005,58,75,3,95,3,15.1428571429,0.705263157895,固定BMI边界；扰动实测Y；未重拟合GPR
0.005,58,90,1,139,1,16.4285714286,0.877697841727,固定BMI边界；扰动实测Y；未重拟合GPR
0.005,58,90,2,61,2,15.5714285714,0.852459016393,固定BMI边界；扰动实测Y；未重拟合GPR
0.005,58,90,3,67,3,22,0.805970149254,固定BMI边界；扰动实测Y；未重拟合GPR
0.005,58,95,1,76,1,21.2857142857,0.894736842105,固定BMI边界；扰动实测Y；未重拟合GPR
0.005,58,95,2,102,2,17,0.93137254902,固定BMI边界；扰动实测Y；未重拟合GPR
0.005,58,95,3,89,3,24,0.910112359551,固定BMI边界；扰动实测Y；未重拟合GPR
0.005,58,99,1,63,0,26.1428571429,0.968253968254,固定BMI边界；扰动实测Y；未重拟合GPR
0.005,58,99,2,134,3,inf,0.94776119403,固定BMI边界；扰动实测Y；未重拟合GPR
0.005,58,99,3,70,3,inf,0.942857142857,固定BMI边界；扰动实测Y；未重拟合GPR
0.005,59,50,1,65,0,12.8571428571,0.0615384615385,固定BMI边界；扰动实测Y；未重拟合GPR
0.005,59,50,2,62,1,12.7142857143,0.129032258065,固定BMI边界；扰动实测Y；未重拟合GPR
0.005,59,50,3,140,6,13.1428571429,0.178571428571,固定BMI边界；扰动实测Y；未重拟合GPR
0.005,59,75,1,83,1,13.7142857143,0.578313253012,固定BMI边界；扰动实测Y；未重拟合GPR
0.005,59,75,2,89,2,13.7142857143,0.640449438202,固定BMI边界；扰动实测Y；未重拟合GPR
0.005,59,75,3,95,4,15.5714285714,0.705263157895,固定BMI边界；扰动实测Y；未重拟合GPR
0.005,59,90,1,139,1,16.4285714286,0.863309352518,固定BMI边界；扰动实测Y；未重拟合GPR
0.005,59,90,2,61,2,16.5714285714,0.83606557377,固定BMI边界；扰动实测Y；未重拟合GPR
0.005,59,90,3,67,4,20.8571428571,0.850746268657,固定BMI边界；扰动实测Y；未重拟合GPR
0.005,59,95,1,76,1,20.8571428571,0.907894736842,固定BMI边界；扰动实测Y；未重拟合GPR
0.005,59,95,2,102,2,19.5714285714,0.901960784314,固定BMI边界；扰动实测Y；未重拟合GPR
0.005,59,95,3,89,4,24,0.921348314607,固定BMI边界；扰动实测Y；未重拟合GPR
0.005,59,99,1,63,0,26.1428571429,0.984126984127,固定BMI边界；扰动实测Y；未重拟合GPR
0.005,59,99,2,134,3,inf,0.925373134328,固定BMI边界；扰动实测Y；未重拟合GPR
0.005,59,99,3,70,4,inf,0.942857142857,固定BMI边界；扰动实测Y；未重拟合GPR
0.005,60,50,1,65,0,12.8571428571,0.0615384615385,固定BMI边界；扰动实测Y；未重拟合GPR
0.005,60,50,2,62,2,12.5714285714,0.129032258065,固定BMI边界；扰动实测Y；未重拟合GPR
0.005,60,50,3,140,5,13.1428571429,0.192857142857,固定BMI边界；扰动实测Y；未重拟合GPR
0.005,60,75,1,83,1,13.7142857143,0.566265060241,固定BMI边界；扰动实测Y；未重拟合GPR
0.005,60,75,2,89,3,13.4285714286,0.662921348315,固定BMI边界；扰动实测Y；未重拟合GPR
0.005,60,75,3,95,3,13.8571428571,0.726315789474,固定BMI边界；扰动实测Y；未重拟合GPR
0.005,60,90,1,139,2,16.4285714286,0.877697841727,固定BMI边界；扰动实测Y；未重拟合GPR
0.005,60,90,2,61,2,16.5714285714,0.819672131148,固定BMI边界；扰动实测Y；未重拟合GPR
0.005,60,90,3,67,3,20.8571428571,0.835820895522,固定BMI边界；扰动实测Y；未重拟合GPR
0.005,60,95,1,76,1,20.8571428571,0.907894736842,固定BMI边界；扰动实测Y；未重拟合GPR
0.005,60,95,2,102,3,18.8571428571,0.921568627451,固定BMI边界；扰动实测Y；未重拟合GPR
0.005,60,95,3,89,3,24,0.910112359551,固定BMI边界；扰动实测Y；未重拟合GPR
0.005,60,99,1,63,0,26.1428571429,0.984126984127,固定BMI边界；扰动实测Y；未重拟合GPR
0.005,60,99,2,134,4,inf,0.932835820896,固定BMI边界；扰动实测Y；未重拟合GPR
0.005,60,99,3,70,3,inf,0.942857142857,固定BMI边界；扰动实测Y；未重拟合GPR
0.005,61,50,1,65,0,12.7142857143,0.0615384615385,固定BMI边界；扰动实测Y；未重拟合GPR
0.005,61,50,2,62,2,12.7142857143,0.129032258065,固定BMI边界；扰动实测Y；未重拟合GPR
0.005,61,50,3,140,5,13,0.207142857143,固定BMI边界；扰动实测Y；未重拟合GPR
0.005,61,75,1,83,1,13.7142857143,0.590361445783,固定BMI边界；扰动实测Y；未重拟合GPR
0.005,61,75,2,89,3,13.4285714286,0.685393258427,固定BMI边界；扰动实测Y；未重拟合GPR
0.005,61,75,3,95,3,13.8571428571,0.726315789474,固定BMI边界；扰动实测Y；未重拟合GPR
0.005,61,90,1,139,2,16.4285714286,0.870503597122,固定BMI边界；扰动实测Y；未重拟合GPR
0.005,61,90,2,61,2,15.5714285714,0.868852459016,固定BMI边界；扰动实测Y；未重拟合GPR
0.005,61,90,3,67,3,23.4285714286,0.835820895522,固定BMI边界；扰动实测Y；未重拟合GPR
0.005,61,95,1,76,1,20.8571428571,0.907894736842,固定BMI边界；扰动实测Y；未重拟合GPR
0.005,61,95,2,102,3,20.5714285714,0.911764705882,固定BMI边界；扰动实测Y；未重拟合GPR
0.005,61,95,3,89,3,24,0.898876404494,固定BMI边界；扰动实测Y；未重拟合GPR
0.005,61,99,1,63,0,26.1428571429,0.984126984127,固定BMI边界；扰动实测Y；未重拟合GPR
0.005,61,99,2,134,4,inf,0.925373134328,固定BMI边界；扰动实测Y；未重拟合GPR
0.005,61,99,3,70,3,inf,0.942857142857,固定BMI边界；扰动实测Y；未重拟合GPR
0.005,62,50,1,65,0,12.8571428571,0.0615384615385,固定BMI边界；扰动实测Y；未重拟合GPR
0.005,62,50,2,62,2,12.5714285714,0.129032258065,固定BMI边界；扰动实测Y；未重拟合GPR
0.005,62,50,3,140,5,13,0.2,固定BMI边界；扰动实测Y；未重拟合GPR
0.005,62,75,1,83,1,13.7142857143,0.55421686747,固定BMI边界；扰动实测Y；未重拟合GPR
0.005,62,75,2,89,3,13.4285714286,0.662921348315,固定BMI边界；扰动实测Y；未重拟合GPR
0.005,62,75,3,95,3,16,0.705263157895,固定BMI边界；扰动实测Y；未重拟合GPR
0.005,62,90,1,139,2,16.4285714286,0.863309352518,固定BMI边界；扰动实测Y；未重拟合GPR
0.005,62,90,2,61,3,15.5714285714,0.852459016393,固定BMI边界；扰动实测Y；未重拟合GPR
0.005,62,90,3,67,2,23.1428571429,0.791044776119,固定BMI边界；扰动实测Y；未重拟合GPR
0.005,62,95,1,76,1,20.8571428571,0.907894736842,固定BMI边界；扰动实测Y；未重拟合GPR
0.005,62,95,2,102,3,20.5714285714,0.921568627451,固定BMI边界；扰动实测Y；未重拟合GPR
0.005,62,95,3,89,3,24,0.876404494382,固定BMI边界；扰动实测Y；未重拟合GPR
0.005,62,99,1,63,0,26.1428571429,0.984126984127,固定BMI边界；扰动实测Y；未重拟合GPR
0.005,62,99,2,134,5,inf,0.925373134328,固定BMI边界；扰动实测Y；未重拟合GPR
0.005,62,99,3,70,2,inf,0.971428571429,固定BMI边界；扰动实测Y；未重拟合GPR
0.005,63,50,1,65,0,12.8571428571,0.0615384615385,固定BMI边界；扰动实测Y；未重拟合GPR
0.005,63,50,2,62,1,12.5714285714,0.129032258065,固定BMI边界；扰动实测Y；未重拟合GPR
0.005,63,50,3,140,4,13,0.207142857143,固定BMI边界；扰动实测Y；未重拟合GPR
0.005,63,75,1,83,1,13.7142857143,0.578313253012,固定BMI边界；扰动实测Y；未重拟合GPR
0.005,63,75,2,89,2,13.1428571429,0.719101123596,固定BMI边界；扰动实测Y；未重拟合GPR
0.005,63,75,3,95,2,13.8571428571,0.715789473684,固定BMI边界；扰动实测Y；未重拟合GPR
0.005,63,90,1,139,1,16.2857142857,0.884892086331,固定BMI边界；扰动实测Y；未重拟合GPR
0.005,63,90,2,61,2,15.1428571429,0.885245901639,固定BMI边界；扰动实测Y；未重拟合GPR
0.005,63,90,3,67,2,21.1428571429,0.835820895522,固定BMI边界；扰动实测Y；未重拟合GPR
0.005,63,95,1,76,1,21.2857142857,0.894736842105,固定BMI边界；扰动实测Y；未重拟合GPR
0.005,63,95,2,102,2,16.5714285714,0.941176470588,固定BMI边界；扰动实测Y；未重拟合GPR
0.005,63,95,3,89,2,23.4285714286,0.898876404494,固定BMI边界；扰动实测Y；未重拟合GPR
0.005,63,99,1,63,0,26.1428571429,0.968253968254,固定BMI边界；扰动实测Y；未重拟合GPR
0.005,63,99,2,134,3,inf,0.940298507463,固定BMI边界；扰动实测Y；未重拟合GPR
0.005,63,99,3,70,2,inf,0.971428571429,固定BMI边界；扰动实测Y；未重拟合GPR
0.005,64,50,1,65,0,12.7142857143,0.0615384615385,固定BMI边界；扰动实测Y；未重拟合GPR
0.005,64,50,2,62,0,12.7142857143,0.145161290323,固定BMI边界；扰动实测Y；未重拟合GPR
0.005,64,50,3,140,7,13,0.2,固定BMI边界；扰动实测Y；未重拟合GPR
0.005,64,75,1,83,0,13.5714285714,0.602409638554,固定BMI边界；扰动实测Y；未重拟合GPR
0.005,64,75,2,89,2,13.4285714286,0.662921348315,固定BMI边界；扰动实测Y；未重拟合GPR
0.005,64,75,3,95,5,13.8571428571,0.726315789474,固定BMI边界；扰动实测Y；未重拟合GPR
0.005,64,90,1,139,0,16.4285714286,0.877697841727,固定BMI边界；扰动实测Y；未重拟合GPR
0.005,64,90,2,61,2,16.2857142857,0.852459016393,固定BMI边界；扰动实测Y；未重拟合GPR
0.005,64,90,3,67,5,22,0.850746268657,固定BMI边界；扰动实测Y；未重拟合GPR
0.005,64,95,1,76,0,20.2857142857,0.921052631579,固定BMI边界；扰动实测Y；未重拟合GPR
0.005,64,95,2,102,2,20.5714285714,0.901960784314,固定BMI边界；扰动实测Y；未重拟合GPR
0.005,64,95,3,89,5,inf,0.910112359551,固定BMI边界；扰动实测Y；未重拟合GPR
0.005,64,99,1,63,0,23.1428571429,0.984126984127,固定BMI边界；扰动实测Y；未重拟合GPR
0.005,64,99,2,134,2,inf,0.925373134328,固定BMI边界；扰动实测Y；未重拟合GPR
0.005,64,99,3,70,5,inf,0.928571428571,固定BMI边界；扰动实测Y；未重拟合GPR
0.005,65,50,1,65,0,12.8571428571,0.0615384615385,固定BMI边界；扰动实测Y；未重拟合GPR
0.005,65,50,2,62,2,12.7142857143,0.129032258065,固定BMI边界；扰动实测Y；未重拟合GPR
0.005,65,50,3,140,6,13.1428571429,0.192857142857,固定BMI边界；扰动实测Y；未重拟合GPR
0.005,65,75,1,83,1,13.7142857143,0.566265060241,固定BMI边界；扰动实测Y；未重拟合GPR
0.005,65,75,2,89,3,13.7142857143,0.61797752809,固定BMI边界；扰动实测Y；未重拟合GPR
0.005,65,75,3,95,4,15.7142857143,0.684210526316,固定BMI边界；扰动实测Y；未重拟合GPR
0.005,65,90,1,139,2,16.7142857143,0.856115107914,固定BMI边界；扰动实测Y；未重拟合GPR
0.005,65,90,2,61,2,19.1428571429,0.819672131148,固定BMI边界；扰动实测Y；未重拟合GPR
0.005,65,90,3,67,4,23.1428571429,0.820895522388,固定BMI边界；扰动实测Y；未重拟合GPR
0.005,65,95,1,76,1,21.2857142857,0.881578947368,固定BMI边界；扰动实测Y；未重拟合GPR
0.005,65,95,2,102,3,21.4285714286,0.892156862745,固定BMI边界；扰动实测Y；未重拟合GPR
0.005,65,95,3,89,4,26.4285714286,0.898876404494,固定BMI边界；扰动实测Y；未重拟合GPR
0.005,65,99,1,63,0,26.1428571429,0.968253968254,固定BMI边界；扰动实测Y；未重拟合GPR
0.005,65,99,2,134,4,inf,0.910447761194,固定BMI边界；扰动实测Y；未重拟合GPR
0.005,65,99,3,70,4,inf,0.928571428571,固定BMI边界；扰动实测Y；未重拟合GPR
0.005,66,50,1,65,0,12.8571428571,0.0615384615385,固定BMI边界；扰动实测Y；未重拟合GPR
0.005,66,50,2,62,2,12.7142857143,0.129032258065,固定BMI边界；扰动实测Y；未重拟合GPR
0.005,66,50,3,140,5,13.1428571429,0.207142857143,固定BMI边界；扰动实测Y；未重拟合GPR
0.005,66,75,1,83,1,13.7142857143,0.578313253012,固定BMI边界；扰动实测Y；未重拟合GPR
0.005,66,75,2,89,3,13.4285714286,0.651685393258,固定BMI边界；扰动实测Y；未重拟合GPR
0.005,66,75,3,95,3,15.1428571429,0.715789473684,固定BMI边界；扰动实测Y；未重拟合GPR
0.005,66,90,1,139,2,16.4285714286,0.863309352518,固定BMI边界；扰动实测Y；未重拟合GPR
0.005,66,90,2,61,2,16.5714285714,0.83606557377,固定BMI边界；扰动实测Y；未重拟合GPR
0.005,66,90,3,67,3,20.8571428571,0.835820895522,固定BMI边界；扰动实测Y；未重拟合GPR
0.005,66,95,1,76,1,20.8571428571,0.894736842105,固定BMI边界；扰动实测Y；未重拟合GPR
0.005,66,95,2,102,3,20.1428571429,0.911764705882,固定BMI边界；扰动实测Y；未重拟合GPR
0.005,66,95,3,89,3,24,0.921348314607,固定BMI边界；扰动实测Y；未重拟合GPR
0.005,66,99,1,63,0,26.1428571429,0.984126984127,固定BMI边界；扰动实测Y；未重拟合GPR
0.005,66,99,2,134,4,inf,0.932835820896,固定BMI边界；扰动实测Y；未重拟合GPR
0.005,66,99,3,70,3,inf,0.942857142857,固定BMI边界；扰动实测Y；未重拟合GPR
0.005,67,50,1,65,0,12.8571428571,0.0615384615385,固定BMI边界；扰动实测Y；未重拟合GPR
0.005,67,50,2,62,1,12.7142857143,0.129032258065,固定BMI边界；扰动实测Y；未重拟合GPR
0.005,67,50,3,140,5,13,0.192857142857,固定BMI边界；扰动实测Y；未重拟合GPR
0.005,67,75,1,83,1,13.7142857143,0.566265060241,固定BMI边界；扰动实测Y；未重拟合GPR
0.005,67,75,2,89,2,13.4285714286,0.662921348315,固定BMI边界；扰动实测Y；未重拟合GPR
0.005,67,75,3,95,3,16,0.673684210526,固定BMI边界；扰动实测Y；未重拟合GPR
0.005,67,90,1,139,1,16.4285714286,0.863309352518,固定BMI边界；扰动实测Y；未重拟合GPR
0.005,67,90,2,61,2,16.5714285714,0.852459016393,固定BMI边界；扰动实测Y；未重拟合GPR
0.005,67,90,3,67,3,23.1428571429,0.805970149254,固定BMI边界；扰动实测Y；未重拟合GPR
0.005,67,95,1,76,1,21.2857142857,0.907894736842,固定BMI边界；扰动实测Y；未重拟合GPR
0.005,67,95,2,102,2,20.1428571429,0.901960784314,固定BMI边界；扰动实测Y；未重拟合GPR
0.005,67,95,3,89,3,24,0.865168539326,固定BMI边界；扰动实测Y；未重拟合GPR
0.005,67,99,1,63,0,26.1428571429,0.968253968254,固定BMI边界；扰动实测Y；未重拟合GPR
0.005,67,99,2,134,3,inf,0.917910447761,固定BMI边界；扰动实测Y；未重拟合GPR
0.005,67,99,3,70,3,inf,0.942857142857,固定BMI边界；扰动实测Y；未重拟合GPR
0.005,68,50,1,65,0,12.8571428571,0.0615384615385,固定BMI边界；扰动实测Y；未重拟合GPR
0.005,68,50,2,62,1,12.7142857143,0.145161290323,固定BMI边界；扰动实测Y；未重拟合GPR
0.005,68,50,3,140,6,13,0.192857142857,固定BMI边界；扰动实测Y；未重拟合GPR
0.005,68,75,1,83,1,13.5714285714,0.590361445783,固定BMI边界；扰动实测Y；未重拟合GPR
0.005,68,75,2,89,2,13.5714285714,0.640449438202,固定BMI边界；扰动实测Y；未重拟合GPR
0.005,68,75,3,95,4,16,0.694736842105,固定BMI边界；扰动实测Y；未重拟合GPR
0.005,68,90,1,139,1,16.4285714286,0.877697841727,固定BMI边界；扰动实测Y；未重拟合GPR
0.005,68,90,2,61,3,16.5714285714,0.885245901639,固定BMI边界；扰动实测Y；未重拟合GPR
0.005,68,90,3,67,3,22,0.805970149254,固定BMI边界；扰动实测Y；未重拟合GPR
0.005,68,95,1,76,1,23.1428571429,0.894736842105,固定BMI边界；扰动实测Y；未重拟合GPR
0.005,68,95,2,102,2,19.2857142857,0.911764705882,固定BMI边界；扰动实测Y；未重拟合GPR
0.005,68,95,3,89,4,26.4285714286,0.887640449438,固定BMI边界；扰动实测Y；未重拟合GPR
0.005,68,99,1,63,0,26.1428571429,0.952380952381,固定BMI边界；扰动实测Y；未重拟合GPR
0.005,68,99,2,134,4,inf,0.925373134328,固定BMI边界；扰动实测Y；未重拟合GPR
0.005,68,99,3,70,3,inf,0.942857142857,固定BMI边界；扰动实测Y；未重拟合GPR
0.005,69,50,1,65,0,12.8571428571,0.0461538461538,固定BMI边界；扰动实测Y；未重拟合GPR
0.005,69,50,2,62,1,12.7142857143,0.129032258065,固定BMI边界；扰动实测Y；未重拟合GPR
0.005,69,50,3,140,5,13,0.2,固定BMI边界；扰动实测Y；未重拟合GPR
0.005,69,75,1,83,1,13.7142857143,0.55421686747,固定BMI边界；扰动实测Y；未重拟合GPR
0.005,69,75,2,89,2,13.2857142857,0.696629213483,固定BMI边界；扰动实测Y；未重拟合GPR
0.005,69,75,3,95,3,15.2857142857,0.694736842105,固定BMI边界；扰动实测Y；未重拟合GPR
0.005,69,90,1,139,1,16.4285714286,0.877697841727,固定BMI边界；扰动实测Y；未重拟合GPR
0.005,69,90,2,61,2,16,0.868852459016,固定BMI边界；扰动实测Y；未重拟合GPR
0.005,69,90,3,67,3,20.8571428571,0.850746268657,固定BMI边界；扰动实测Y；未重拟合GPR
0.005,69,95,1,76,1,21.2857142857,0.907894736842,固定BMI边界；扰动实测Y；未重拟合GPR
0.005,69,95,2,102,2,16.4285714286,0.950980392157,固定BMI边界；扰动实测Y；未重拟合GPR
0.005,69,95,3,89,3,23.7142857143,0.921348314607,固定BMI边界；扰动实测Y；未重拟合GPR
0.005,69,99,1,63,0,26.1428571429,0.968253968254,固定BMI边界；扰动实测Y；未重拟合GPR
0.005,69,99,2,134,3,inf,0.955223880597,固定BMI边界；扰动实测Y；未重拟合GPR
0.005,69,99,3,70,3,inf,0.957142857143,固定BMI边界；扰动实测Y；未重拟合GPR
0.005,70,50,1,65,0,12.8571428571,0.0615384615385,固定BMI边界；扰动实测Y；未重拟合GPR
0.005,70,50,2,62,1,12.7142857143,0.112903225806,固定BMI边界；扰动实测Y；未重拟合GPR
0.005,70,50,3,140,6,13,0.2,固定BMI边界；扰动实测Y；未重拟合GPR
0.005,70,75,1,83,1,13.7142857143,0.578313253012,固定BMI边界；扰动实测Y；未重拟合GPR
0.005,70,75,2,89,2,13.7142857143,0.651685393258,固定BMI边界；扰动实测Y；未重拟合GPR
0.005,70,75,3,95,4,13.8571428571,0.715789473684,固定BMI边界；扰动实测Y；未重拟合GPR
0.005,70,90,1,139,1,16.5714285714,0.856115107914,固定BMI边界；扰动实测Y；未重拟合GPR
0.005,70,90,2,61,2,16.5714285714,0.83606557377,固定BMI边界；扰动实测Y；未重拟合GPR
0.005,70,90,3,67,4,22,0.835820895522,固定BMI边界；扰动实测Y；未重拟合GPR
0.005,70,95,1,76,1,20.8571428571,0.907894736842,固定BMI边界；扰动实测Y；未重拟合GPR
0.005,70,95,2,102,2,20.1428571429,0.892156862745,固定BMI边界；扰动实测Y；未重拟合GPR
0.005,70,95,3,89,4,24,0.910112359551,固定BMI边界；扰动实测Y；未重拟合GPR
0.005,70,99,1,63,0,26.1428571429,0.984126984127,固定BMI边界；扰动实测Y；未重拟合GPR
0.005,70,99,2,134,3,inf,0.925373134328,固定BMI边界；扰动实测Y；未重拟合GPR
0.005,70,99,3,70,4,inf,0.942857142857,固定BMI边界；扰动实测Y；未重拟合GPR
0.005,71,50,1,65,0,12.8571428571,0.0615384615385,固定BMI边界；扰动实测Y；未重拟合GPR
0.005,71,50,2,62,2,12.7142857143,0.129032258065,固定BMI边界；扰动实测Y；未重拟合GPR
0.005,71,50,3,140,6,13.1428571429,0.185714285714,固定BMI边界；扰动实测Y；未重拟合GPR
0.005,71,75,1,83,1,13.5714285714,0.578313253012,固定BMI边界；扰动实测Y；未重拟合GPR
0.005,71,75,2,89,3,13.7142857143,0.61797752809,固定BMI边界；扰动实测Y；未重拟合GPR
0.005,71,75,3,95,4,16,0.705263157895,固定BMI边界；扰动实测Y；未重拟合GPR
0.005,71,90,1,139,2,17.8571428571,0.863309352518,固定BMI边界；扰动实测Y；未重拟合GPR
0.005,71,90,2,61,3,16.5714285714,0.852459016393,固定BMI边界；扰动实测Y；未重拟合GPR
0.005,71,90,3,67,3,22,0.820895522388,固定BMI边界；扰动实测Y；未重拟合GPR
0.005,71,95,1,76,1,21.2857142857,0.907894736842,固定BMI边界；扰动实测Y；未重拟合GPR
0.005,71,95,2,102,3,20.5714285714,0.862745098039,固定BMI边界；扰动实测Y；未重拟合GPR
0.005,71,95,3,89,4,26.4285714286,0.898876404494,固定BMI边界；扰动实测Y；未重拟合GPR
0.005,71,99,1,63,0,26.1428571429,0.968253968254,固定BMI边界；扰动实测Y；未重拟合GPR
0.005,71,99,2,134,5,inf,0.902985074627,固定BMI边界；扰动实测Y；未重拟合GPR
0.005,71,99,3,70,3,inf,0.942857142857,固定BMI边界；扰动实测Y；未重拟合GPR
0.005,72,50,1,65,0,12.7142857143,0.0615384615385,固定BMI边界；扰动实测Y；未重拟合GPR
0.005,72,50,2,62,1,12.5714285714,0.129032258065,固定BMI边界；扰动实测Y；未重拟合GPR
0.005,72,50,3,140,5,13,0.207142857143,固定BMI边界；扰动实测Y；未重拟合GPR
0.005,72,75,1,83,1,13.5714285714,0.590361445783,固定BMI边界；扰动实测Y；未重拟合GPR
0.005,72,75,2,89,2,13.2857142857,0.685393258427,固定BMI边界；扰动实测Y；未重拟合GPR
0.005,72,75,3,95,3,16,0.694736842105,固定BMI边界；扰动实测Y；未重拟合GPR
0.005,72,90,1,139,1,16.1428571429,0.89928057554,固定BMI边界；扰动实测Y；未重拟合GPR
0.005,72,90,2,61,2,16.5714285714,0.852459016393,固定BMI边界；扰动实测Y；未重拟合GPR
0.005,72,90,3,67,3,20.8571428571,0.835820895522,固定BMI边界；扰动实测Y；未重拟合GPR
0.005,72,95,1,76,1,20.8571428571,0.907894736842,固定BMI边界；扰动实测Y；未重拟合GPR
0.005,72,95,2,102,2,20.1428571429,0.911764705882,固定BMI边界；扰动实测Y；未重拟合GPR
0.005,72,95,3,89,3,23.1428571429,0.910112359551,固定BMI边界；扰动实测Y；未重拟合GPR
0.005,72,99,1,63,0,26.1428571429,0.984126984127,固定BMI边界；扰动实测Y；未重拟合GPR
0.005,72,99,2,134,3,inf,0.917910447761,固定BMI边界；扰动实测Y；未重拟合GPR
0.005,72,99,3,70,3,inf,0.957142857143,固定BMI边界；扰动实测Y；未重拟合GPR
0.005,73,50,1,65,0,12.7142857143,0.0615384615385,固定BMI边界；扰动实测Y；未重拟合GPR
0.005,73,50,2,62,1,12.7142857143,0.129032258065,固定BMI边界；扰动实测Y；未重拟合GPR
0.005,73,50,3,140,8,13,0.192857142857,固定BMI边界；扰动实测Y；未重拟合GPR
0.005,73,75,1,83,1,13.7142857143,0.578313253012,固定BMI边界；扰动实测Y；未重拟合GPR
0.005,73,75,2,89,2,13.4285714286,0.674157303371,固定BMI边界；扰动实测Y；未重拟合GPR
0.005,73,75,3,95,6,15.5714285714,0.673684210526,固定BMI边界；扰动实测Y；未重拟合GPR
0.005,73,90,1,139,1,19.4285714286,0.863309352518,固定BMI边界；扰动实测Y；未重拟合GPR
0.005,73,90,2,61,2,16.2857142857,0.852459016393,固定BMI边界；扰动实测Y；未重拟合GPR
0.005,73,90,3,67,6,24,0.805970149254,固定BMI边界；扰动实测Y；未重拟合GPR
0.005,73,95,1,76,1,23.1428571429,0.881578947368,固定BMI边界；扰动实测Y；未重拟合GPR
0.005,73,95,2,102,2,20.1428571429,0.911764705882,固定BMI边界；扰动实测Y；未重拟合GPR
0.005,73,95,3,89,6,inf,0.876404494382,固定BMI边界；扰动实测Y；未重拟合GPR
0.005,73,99,1,63,0,26.1428571429,0.952380952381,固定BMI边界；扰动实测Y；未重拟合GPR
0.005,73,99,2,134,3,inf,0.917910447761,固定BMI边界；扰动实测Y；未重拟合GPR
0.005,73,99,3,70,6,inf,0.914285714286,固定BMI边界；扰动实测Y；未重拟合GPR
0.005,74,50,1,65,0,12.8571428571,0.0615384615385,固定BMI边界；扰动实测Y；未重拟合GPR
0.005,74,50,2,62,1,12.7142857143,0.129032258065,固定BMI边界；扰动实测Y；未重拟合GPR
0.005,74,50,3,140,6,13,0.178571428571,固定BMI边界；扰动实测Y；未重拟合GPR
0.005,74,75,1,83,1,13.7142857143,0.578313253012,固定BMI边界；扰动实测Y；未重拟合GPR
0.005,74,75,2,89,2,13.7142857143,0.651685393258,固定BMI边界；扰动实测Y；未重拟合GPR
0.005,74,75,3,95,4,16,0.705263157895,固定BMI边界；扰动实测Y；未重拟合GPR
0.005,74,90,1,139,1,16.4285714286,0.863309352518,固定BMI边界；扰动实测Y；未重拟合GPR
0.005,74,90,2,61,3,16.2857142857,0.83606557377,固定BMI边界；扰动实测Y；未重拟合GPR
0.005,74,90,3,67,3,20.8571428571,0.820895522388,固定BMI边界；扰动实测Y；未重拟合GPR
0.005,74,95,1,76,1,21.2857142857,0.894736842105,固定BMI边界；扰动实测Y；未重拟合GPR
0.005,74,95,2,102,2,17.8571428571,0.921568627451,固定BMI边界；扰动实测Y；未重拟合GPR
0.005,74,95,3,89,4,26.4285714286,0.910112359551,固定BMI边界；扰动实测Y；未重拟合GPR
0.005,74,99,1,63,0,26.1428571429,0.968253968254,固定BMI边界；扰动实测Y；未重拟合GPR
0.005,74,99,2,134,4,inf,0.940298507463,固定BMI边界；扰动实测Y；未重拟合GPR
0.005,74,99,3,70,3,inf,0.942857142857,固定BMI边界；扰动实测Y；未重拟合GPR
0.005,75,50,1,65,0,13,0.0615384615385,固定BMI边界；扰动实测Y；未重拟合GPR
0.005,75,50,2,62,1,12.7142857143,0.129032258065,固定BMI边界；扰动实测Y；未重拟合GPR
0.005,75,50,3,140,4,13,0.2,固定BMI边界；扰动实测Y；未重拟合GPR
0.005,75,75,1,83,1,13.7142857143,0.542168674699,固定BMI边界；扰动实测Y；未重拟合GPR
0.005,75,75,2,89,2,13.4285714286,0.685393258427,固定BMI边界；扰动实测Y；未重拟合GPR
0.005,75,75,3,95,2,13.8571428571,0.726315789474,固定BMI边界；扰动实测Y；未重拟合GPR
0.005,75,90,1,139,1,16.1428571429,0.884892086331,固定BMI边界；扰动实测Y；未重拟合GPR
0.005,75,90,2,61,2,16.2857142857,0.852459016393,固定BMI边界；扰动实测Y；未重拟合GPR
0.005,75,90,3,67,2,22,0.835820895522,固定BMI边界；扰动实测Y；未重拟合GPR
0.005,75,95,1,76,1,20.8571428571,0.907894736842,固定BMI边界；扰动实测Y；未重拟合GPR
0.005,75,95,2,102,2,19.5714285714,0.921568627451,固定BMI边界；扰动实测Y；未重拟合GPR
0.005,75,95,3,89,2,23.4285714286,0.910112359551,固定BMI边界；扰动实测Y；未重拟合GPR
0.005,75,99,1,63,0,24,0.984126984127,固定BMI边界；扰动实测Y；未重拟合GPR
0.005,75,99,2,134,3,inf,0.932835820896,固定BMI边界；扰动实测Y；未重拟合GPR
0.005,75,99,3,70,2,inf,0.957142857143,固定BMI边界；扰动实测Y；未重拟合GPR
0.005,76,50,1,65,0,12.7142857143,0.0615384615385,固定BMI边界；扰动实测Y；未重拟合GPR
0.005,76,50,2,62,1,12.7142857143,0.129032258065,固定BMI边界；扰动实测Y；未重拟合GPR
0.005,76,50,3,140,8,13,0.192857142857,固定BMI边界；扰动实测Y；未重拟合GPR
0.005,76,75,1,83,1,13.5714285714,0.590361445783,固定BMI边界；扰动实测Y；未重拟合GPR
0.005,76,75,2,89,2,13.4285714286,0.674157303371,固定BMI边界；扰动实测Y；未重拟合GPR
0.005,76,75,3,95,6,15.2857142857,0.694736842105,固定BMI边界；扰动实测Y；未重拟合GPR
0.005,76,90,1,139,1,16.4285714286,0.877697841727,固定BMI边界；扰动实测Y；未重拟合GPR
0.005,76,90,2,61,3,16.2857142857,0.852459016393,固定BMI边界；扰动实测Y；未重拟合GPR
0.005,76,90,3,67,5,22,0.835820895522,固定BMI边界；扰动实测Y；未重拟合GPR
0.005,76,95,1,76,1,21.2857142857,0.894736842105,固定BMI边界；扰动实测Y；未重拟合GPR
0.005,76,95,2,102,2,18.8571428571,0.921568627451,固定BMI边界；扰动实测Y；未重拟合GPR
0.005,76,95,3,89,6,inf,0.887640449438,固定BMI边界；扰动实测Y；未重拟合GPR
0.005,76,99,1,63,0,26.1428571429,0.968253968254,固定BMI边界；扰动实测Y；未重拟合GPR
0.005,76,99,2,134,4,inf,0.932835820896,固定BMI边界；扰动实测Y；未重拟合GPR
0.005,76,99,3,70,5,inf,0.928571428571,固定BMI边界；扰动实测Y；未重拟合GPR
0.005,77,50,1,65,0,12.8571428571,0.0615384615385,固定BMI边界；扰动实测Y；未重拟合GPR
0.005,77,50,2,62,2,12.7142857143,0.129032258065,固定BMI边界；扰动实测Y；未重拟合GPR
0.005,77,50,3,140,7,13,0.192857142857,固定BMI边界；扰动实测Y；未重拟合GPR
0.005,77,75,1,83,1,13.5714285714,0.578313253012,固定BMI边界；扰动实测Y；未重拟合GPR
0.005,77,75,2,89,3,13.7142857143,0.651685393258,固定BMI边界；扰动实测Y；未重拟合GPR
0.005,77,75,3,95,5,13.8571428571,0.736842105263,固定BMI边界；扰动实测Y；未重拟合GPR
0.005,77,90,1,139,2,16.4285714286,0.870503597122,固定BMI边界；扰动实测Y；未重拟合GPR
0.005,77,90,2,61,3,16.5714285714,0.852459016393,固定BMI边界；扰动实测Y；未重拟合GPR
0.005,77,90,3,67,4,22,0.835820895522,固定BMI边界；扰动实测Y；未重拟合GPR
0.005,77,95,1,76,1,20.2857142857,0.921052631579,固定BMI边界；扰动实测Y；未重拟合GPR
0.005,77,95,2,102,3,20.5714285714,0.892156862745,固定BMI边界；扰动实测Y；未重拟合GPR
0.005,77,95,3,89,5,inf,0.887640449438,固定BMI边界；扰动实测Y；未重拟合GPR
0.005,77,99,1,63,0,24.5714285714,0.984126984127,固定BMI边界；扰动实测Y；未重拟合GPR
0.005,77,99,2,134,5,inf,0.910447761194,固定BMI边界；扰动实测Y；未重拟合GPR
0.005,77,99,3,70,4,inf,0.928571428571,固定BMI边界；扰动实测Y；未重拟合GPR
0.005,78,50,1,65,0,12.8571428571,0.0461538461538,固定BMI边界；扰动实测Y；未重拟合GPR
0.005,78,50,2,62,1,12.7142857143,0.129032258065,固定BMI边界；扰动实测Y；未重拟合GPR
0.005,78,50,3,140,5,13,0.192857142857,固定BMI边界；扰动实测Y；未重拟合GPR
0.005,78,75,1,83,1,13.8571428571,0.55421686747,固定BMI边界；扰动实测Y；未重拟合GPR
0.005,78,75,2,89,1,13.4285714286,0.674157303371,固定BMI边界；扰动实测Y；未重拟合GPR
0.005,78,75,3,95,4,15.7142857143,0.684210526316,固定BMI边界；扰动实测Y；未重拟合GPR
0.005,78,90,1,139,1,16.4285714286,0.863309352518,固定BMI边界；扰动实测Y；未重拟合GPR
0.005,78,90,2,61,1,16.5714285714,0.852459016393,固定BMI边界；扰动实测Y；未重拟合GPR
0.005,78,90,3,67,4,22,0.805970149254,固定BMI边界；扰动实测Y；未重拟合GPR
0.005,78,95,1,76,1,20.8571428571,0.921052631579,固定BMI边界；扰动实测Y；未重拟合GPR
0.005,78,95,2,102,1,19.5714285714,0.911764705882,固定BMI边界；扰动实测Y；未重拟合GPR
0.005,78,95,3,89,4,26.4285714286,0.910112359551,固定BMI边界；扰动实测Y；未重拟合GPR
0.005,78,99,1,63,0,26.1428571429,0.984126984127,固定BMI边界；扰动实测Y；未重拟合GPR
0.005,78,99,2,134,2,inf,0.925373134328,固定BMI边界；扰动实测Y；未重拟合GPR
0.005,78,99,3,70,4,inf,0.928571428571,固定BMI边界；扰动实测Y；未重拟合GPR
0.005,79,50,1,65,0,12.8571428571,0.0615384615385,固定BMI边界；扰动实测Y；未重拟合GPR
0.005,79,50,2,62,1,12.7142857143,0.129032258065,固定BMI边界；扰动实测Y；未重拟合GPR
0.005,79,50,3,140,5,13,0.2,固定BMI边界；扰动实测Y；未重拟合GPR
0.005,79,75,1,83,1,13.7142857143,0.566265060241,固定BMI边界；扰动实测Y；未重拟合GPR
0.005,79,75,2,89,2,13.4285714286,0.662921348315,固定BMI边界；扰动实测Y；未重拟合GPR
0.005,79,75,3,95,3,15.5714285714,0.705263157895,固定BMI边界；扰动实测Y；未重拟合GPR
0.005,79,90,1,139,1,16.4285714286,0.877697841727,固定BMI边界；扰动实测Y；未重拟合GPR
0.005,79,90,2,61,3,15.1428571429,0.868852459016,固定BMI边界；扰动实测Y；未重拟合GPR
0.005,79,90,3,67,2,21.1428571429,0.820895522388,固定BMI边界；扰动实测Y；未重拟合GPR
0.005,79,95,1,76,1,21.2857142857,0.881578947368,固定BMI边界；扰动实测Y；未重拟合GPR
0.005,79,95,2,102,2,16.5714285714,0.941176470588,固定BMI边界；扰动实测Y；未重拟合GPR
0.005,79,95,3,89,3,24,0.898876404494,固定BMI边界；扰动实测Y；未重拟合GPR
0.005,79,99,1,63,0,26.1428571429,0.968253968254,固定BMI边界；扰动实测Y；未重拟合GPR
0.005,79,99,2,134,4,inf,0.94776119403,固定BMI边界；扰动实测Y；未重拟合GPR
0.005,79,99,3,70,2,inf,0.957142857143,固定BMI边界；扰动实测Y；未重拟合GPR
0.005,80,50,1,65,0,12.8571428571,0.0615384615385,固定BMI边界；扰动实测Y；未重拟合GPR
0.005,80,50,2,62,2,12.5714285714,0.145161290323,固定BMI边界；扰动实测Y；未重拟合GPR
0.005,80,50,3,140,5,13,0.192857142857,固定BMI边界；扰动实测Y；未重拟合GPR
0.005,80,75,1,83,1,13.7142857143,0.590361445783,固定BMI边界；扰动实测Y；未重拟合GPR
0.005,80,75,2,89,3,13.2857142857,0.685393258427,固定BMI边界；扰动实测Y；未重拟合GPR
0.005,80,75,3,95,3,16,0.694736842105,固定BMI边界；扰动实测Y；未重拟合GPR
0.005,80,90,1,139,2,16.4285714286,0.870503597122,固定BMI边界；扰动实测Y；未重拟合GPR
0.005,80,90,2,61,2,16.2857142857,0.868852459016,固定BMI边界；扰动实测Y；未重拟合GPR
0.005,80,90,3,67,3,22,0.805970149254,固定BMI边界；扰动实测Y；未重拟合GPR
0.005,80,95,1,76,1,20.8571428571,0.907894736842,固定BMI边界；扰动实测Y；未重拟合GPR
0.005,80,95,2,102,3,19.2857142857,0.921568627451,固定BMI边界；扰动实测Y；未重拟合GPR
0.005,80,95,3,89,3,24,0.910112359551,固定BMI边界；扰动实测Y；未重拟合GPR
0.005,80,99,1,63,0,26.1428571429,0.984126984127,固定BMI边界；扰动实测Y；未重拟合GPR
0.005,80,99,2,134,4,inf,0.925373134328,固定BMI边界；扰动实测Y；未重拟合GPR
0.005,80,99,3,70,3,inf,0.942857142857,固定BMI边界；扰动实测Y；未重拟合GPR
0.005,81,50,1,65,0,12.7142857143,0.0615384615385,固定BMI边界；扰动实测Y；未重拟合GPR
0.005,81,50,2,62,1,12.5714285714,0.145161290323,固定BMI边界；扰动实测Y；未重拟合GPR
0.005,81,50,3,140,6,13,0.192857142857,固定BMI边界；扰动实测Y；未重拟合GPR
0.005,81,75,1,83,0,13.5714285714,0.602409638554,固定BMI边界；扰动实测Y；未重拟合GPR
0.005,81,75,2,89,3,13.7142857143,0.651685393258,固定BMI边界；扰动实测Y；未重拟合GPR
0.005,81,75,3,95,4,15.2857142857,0.705263157895,固定BMI边界；扰动实测Y；未重拟合GPR
0.005,81,90,1,139,1,16.4285714286,0.892086330935,固定BMI边界；扰动实测Y；未重拟合GPR
0.005,81,90,2,61,2,17,0.803278688525,固定BMI边界；扰动实测Y；未重拟合GPR
0.005,81,90,3,67,4,23.7142857143,0.820895522388,固定BMI边界；扰动实测Y；未重拟合GPR
0.005,81,95,1,76,0,20.1428571429,0.934210526316,固定BMI边界；扰动实测Y；未重拟合GPR
0.005,81,95,2,102,3,20.5714285714,0.901960784314,固定BMI边界；扰动实测Y；未重拟合GPR
0.005,81,95,3,89,4,26.4285714286,0.898876404494,固定BMI边界；扰动实测Y；未重拟合GPR
0.005,81,99,1,63,0,23.1428571429,0.984126984127,固定BMI边界；扰动实测Y；未重拟合GPR
0.005,81,99,2,134,3,inf,0.917910447761,固定BMI边界；扰动实测Y；未重拟合GPR
0.005,81,99,3,70,4,inf,0.928571428571,固定BMI边界；扰动实测Y；未重拟合GPR
0.005,82,50,1,65,0,12.7142857143,0.0615384615385,固定BMI边界；扰动实测Y；未重拟合GPR
0.005,82,50,2,62,1,12.5714285714,0.129032258065,固定BMI边界；扰动实测Y；未重拟合GPR
0.005,82,50,3,140,9,13,0.192857142857,固定BMI边界；扰动实测Y；未重拟合GPR
0.005,82,75,1,83,1,13.5714285714,0.590361445783,固定BMI边界；扰动实测Y；未重拟合GPR
0.005,82,75,2,89,2,13.4285714286,0.685393258427,固定BMI边界；扰动实测Y；未重拟合GPR
0.005,82,75,3,95,7,15.1428571429,0.715789473684,固定BMI边界；扰动实测Y；未重拟合GPR
0.005,82,90,1,139,1,16.2857142857,0.884892086331,固定BMI边界；扰动实测Y；未重拟合GPR
0.005,82,90,2,61,3,16.5714285714,0.83606557377,固定BMI边界；扰动实测Y；未重拟合GPR
0.005,82,90,3,67,6,26.4285714286,0.805970149254,固定BMI边界；扰动实测Y；未重拟合GPR
0.005,82,95,1,76,1,21.2857142857,0.894736842105,固定BMI边界；扰动实测Y；未重拟合GPR
0.005,82,95,2,102,2,19.4285714286,0.921568627451,固定BMI边界；扰动实测Y；未重拟合GPR
0.005,82,95,3,89,7,inf,0.876404494382,固定BMI边界；扰动实测Y；未重拟合GPR
0.005,82,99,1,63,0,26.1428571429,0.968253968254,固定BMI边界；扰动实测Y；未重拟合GPR
0.005,82,99,2,134,4,inf,0.932835820896,固定BMI边界；扰动实测Y；未重拟合GPR
0.005,82,99,3,70,6,inf,0.9,固定BMI边界；扰动实测Y；未重拟合GPR
0.005,83,50,1,65,0,12.8571428571,0.0615384615385,固定BMI边界；扰动实测Y；未重拟合GPR
0.005,83,50,2,62,0,12.5714285714,0.161290322581,固定BMI边界；扰动实测Y；未重拟合GPR
0.005,83,50,3,140,5,13,0.192857142857,固定BMI边界；扰动实测Y；未重拟合GPR
0.005,83,75,1,83,0,13.7142857143,0.578313253012,固定BMI边界；扰动实测Y；未重拟合GPR
0.005,83,75,2,89,2,13.4285714286,0.674157303371,固定BMI边界；扰动实测Y；未重拟合GPR
0.005,83,75,3,95,3,13.8571428571,0.715789473684,固定BMI边界；扰动实测Y；未重拟合GPR
0.005,83,90,1,139,0,16.4285714286,0.877697841727,固定BMI边界；扰动实测Y；未重拟合GPR
0.005,83,90,2,61,2,16.2857142857,0.852459016393,固定BMI边界；扰动实测Y；未重拟合GPR
0.005,83,90,3,67,3,20,0.850746268657,固定BMI边界；扰动实测Y；未重拟合GPR
0.005,83,95,1,76,0,21.2857142857,0.907894736842,固定BMI边界；扰动实测Y；未重拟合GPR
0.005,83,95,2,102,2,20.5714285714,0.921568627451,固定BMI边界；扰动实测Y；未重拟合GPR
0.005,83,95,3,89,3,22,0.932584269663,固定BMI边界；扰动实测Y；未重拟合GPR
0.005,83,99,1,63,0,26.1428571429,0.952380952381,固定BMI边界；扰动实测Y；未重拟合GPR
0.005,83,99,2,134,2,inf,0.940298507463,固定BMI边界；扰动实测Y；未重拟合GPR
0.005,83,99,3,70,3,inf,0.957142857143,固定BMI边界；扰动实测Y；未重拟合GPR
0.005,84,50,1,65,0,12.7142857143,0.0615384615385,固定BMI边界；扰动实测Y；未重拟合GPR
0.005,84,50,2,62,1,12.7142857143,0.129032258065,固定BMI边界；扰动实测Y；未重拟合GPR
0.005,84,50,3,140,5,13,0.2,固定BMI边界；扰动实测Y；未重拟合GPR
0.005,84,75,1,83,1,13.5714285714,0.590361445783,固定BMI边界；扰动实测Y；未重拟合GPR
0.005,84,75,2,89,2,13.7142857143,0.651685393258,固定BMI边界；扰动实测Y；未重拟合GPR
0.005,84,75,3,95,3,15.7142857143,0.694736842105,固定BMI边界；扰动实测Y；未重拟合GPR
0.005,84,90,1,139,1,16.4285714286,0.870503597122,固定BMI边界；扰动实测Y；未重拟合GPR
0.005,84,90,2,61,2,16.5714285714,0.83606557377,固定BMI边界；扰动实测Y；未重拟合GPR
0.005,84,90,3,67,3,21.1428571429,0.880597014925,固定BMI边界；扰动实测Y；未重拟合GPR
0.005,84,95,1,76,1,20.8571428571,0.907894736842,固定BMI边界；扰动实测Y；未重拟合GPR
0.005,84,95,2,102,2,20.5714285714,0.911764705882,固定BMI边界；扰动实测Y；未重拟合GPR
0.005,84,95,3,89,3,23.4285714286,0.910112359551,固定BMI边界；扰动实测Y；未重拟合GPR
0.005,84,99,1,63,0,26.1428571429,0.984126984127,固定BMI边界；扰动实测Y；未重拟合GPR
0.005,84,99,2,134,3,inf,0.925373134328,固定BMI边界；扰动实测Y；未重拟合GPR
0.005,84,99,3,70,3,inf,0.957142857143,固定BMI边界；扰动实测Y；未重拟合GPR
0.005,85,50,1,65,0,12.8571428571,0.0615384615385,固定BMI边界；扰动实测Y；未重拟合GPR
0.005,85,50,2,62,1,12.7142857143,0.129032258065,固定BMI边界；扰动实测Y；未重拟合GPR
0.005,85,50,3,140,7,13,0.207142857143,固定BMI边界；扰动实测Y；未重拟合GPR
0.005,85,75,1,83,1,13.7142857143,0.566265060241,固定BMI边界；扰动实测Y；未重拟合GPR
0.005,85,75,2,89,3,13.5714285714,0.640449438202,固定BMI边界；扰动实测Y；未重拟合GPR
0.005,85,75,3,95,4,13.8571428571,0.726315789474,固定BMI边界；扰动实测Y；未重拟合GPR
0.005,85,90,1,139,1,16.2857142857,0.877697841727,固定BMI边界；扰动实测Y；未重拟合GPR
0.005,85,90,2,61,4,18.8571428571,0.83606557377,固定BMI边界；扰动实测Y；未重拟合GPR
0.005,85,90,3,67,3,21.1428571429,0.820895522388,固定BMI边界；扰动实测Y；未重拟合GPR
0.005,85,95,1,76,1,21.2857142857,0.907894736842,固定BMI边界；扰动实测Y；未重拟合GPR
0.005,85,95,2,102,3,20.1428571429,0.911764705882,固定BMI边界；扰动实测Y；未重拟合GPR
0.005,85,95,3,89,4,24,0.898876404494,固定BMI边界；扰动实测Y；未重拟合GPR
0.005,85,99,1,63,0,26.1428571429,0.968253968254,固定BMI边界；扰动实测Y；未重拟合GPR
0.005,85,99,2,134,5,inf,0.917910447761,固定BMI边界；扰动实测Y；未重拟合GPR
0.005,85,99,3,70,3,inf,0.957142857143,固定BMI边界；扰动实测Y；未重拟合GPR
0.005,86,50,1,65,0,12.8571428571,0.0615384615385,固定BMI边界；扰动实测Y；未重拟合GPR
0.005,86,50,2,62,2,12.7142857143,0.129032258065,固定BMI边界；扰动实测Y；未重拟合GPR
0.005,86,50,3,140,7,13.1428571429,0.192857142857,固定BMI边界；扰动实测Y；未重拟合GPR
0.005,86,75,1,83,1,13.7142857143,0.578313253012,固定BMI边界；扰动实测Y；未重拟合GPR
0.005,86,75,2,89,3,13.7142857143,0.629213483146,固定BMI边界；扰动实测Y；未重拟合GPR
0.005,86,75,3,95,5,16,0.705263157895,固定BMI边界；扰动实测Y；未重拟合GPR
0.005,86,90,1,139,2,16.4285714286,0.863309352518,固定BMI边界；扰动实测Y；未重拟合GPR
0.005,86,90,2,61,2,16.5714285714,0.83606557377,固定BMI边界；扰动实测Y；未重拟合GPR
0.005,86,90,3,67,5,23.1428571429,0.791044776119,固定BMI边界；扰动实测Y；未重拟合GPR
0.005,86,95,1,76,1,21.2857142857,0.907894736842,固定BMI边界；扰动实测Y；未重拟合GPR
0.005,86,95,2,102,3,21.4285714286,0.901960784314,固定BMI边界；扰动实测Y；未重拟合GPR
0.005,86,95,3,89,5,inf,0.887640449438,固定BMI边界；扰动实测Y；未重拟合GPR
0.005,86,99,1,63,0,26.1428571429,0.968253968254,固定BMI边界；扰动实测Y；未重拟合GPR
0.005,86,99,2,134,4,inf,0.917910447761,固定BMI边界；扰动实测Y；未重拟合GPR
0.005,86,99,3,70,5,inf,0.928571428571,固定BMI边界；扰动实测Y；未重拟合GPR
0.005,87,50,1,65,0,12.8571428571,0.0615384615385,固定BMI边界；扰动实测Y；未重拟合GPR
0.005,87,50,2,62,1,12.7142857143,0.129032258065,固定BMI边界；扰动实测Y；未重拟合GPR
0.005,87,50,3,140,5,13,0.178571428571,固定BMI边界；扰动实测Y；未重拟合GPR
0.005,87,75,1,83,1,13.7142857143,0.578313253012,固定BMI边界；扰动实测Y；未重拟合GPR
0.005,87,75,2,89,2,13.7142857143,0.651685393258,固定BMI边界；扰动实测Y；未重拟合GPR
0.005,87,75,3,95,3,15.5714285714,0.705263157895,固定BMI边界；扰动实测Y；未重拟合GPR
0.005,87,90,1,139,1,16.4285714286,0.877697841727,固定BMI边界；扰动实测Y；未重拟合GPR
0.005,87,90,2,61,2,16.5714285714,0.83606557377,固定BMI边界；扰动实测Y；未重拟合GPR
0.005,87,90,3,67,3,20.8571428571,0.835820895522,固定BMI边界；扰动实测Y；未重拟合GPR
0.005,87,95,1,76,1,23.1428571429,0.894736842105,固定BMI边界；扰动实测Y；未重拟合GPR
0.005,87,95,2,102,2,20.1428571429,0.921568627451,固定BMI边界；扰动实测Y；未重拟合GPR
0.005,87,95,3,89,3,23.1428571429,0.921348314607,固定BMI边界；扰动实测Y；未重拟合GPR
0.005,87,99,1,63,0,26.1428571429,0.952380952381,固定BMI边界；扰动实测Y；未重拟合GPR
0.005,87,99,2,134,3,inf,0.932835820896,固定BMI边界；扰动实测Y；未重拟合GPR
0.005,87,99,3,70,3,inf,0.957142857143,固定BMI边界；扰动实测Y；未重拟合GPR
0.005,88,50,1,65,0,12.8571428571,0.0615384615385,固定BMI边界；扰动实测Y；未重拟合GPR
0.005,88,50,2,62,1,12.7142857143,0.129032258065,固定BMI边界；扰动实测Y；未重拟合GPR
0.005,88,50,3,140,7,13,0.185714285714,固定BMI边界；扰动实测Y；未重拟合GPR
0.005,88,75,1,83,1,13.5714285714,0.578313253012,固定BMI边界；扰动实测Y；未重拟合GPR
0.005,88,75,2,89,2,13.7142857143,0.640449438202,固定BMI边界；扰动实测Y；未重拟合GPR
0.005,88,75,3,95,5,16,0.673684210526,固定BMI边界；扰动实测Y；未重拟合GPR
0.005,88,90,1,139,1,16.2857142857,0.877697841727,固定BMI边界；扰动实测Y；未重拟合GPR
0.005,88,90,2,61,2,17,0.83606557377,固定BMI边界；扰动实测Y；未重拟合GPR
0.005,88,90,3,67,5,24,0.776119402985,固定BMI边界；扰动实测Y；未重拟合GPR
0.005,88,95,1,76,1,20.2857142857,0.921052631579,固定BMI边界；扰动实测Y；未重拟合GPR
0.005,88,95,2,102,2,19.8571428571,0.892156862745,固定BMI边界；扰动实测Y；未重拟合GPR
0.005,88,95,3,89,5,inf,0.876404494382,固定BMI边界；扰动实测Y；未重拟合GPR
0.005,88,99,1,63,0,21.2857142857,1,固定BMI边界；扰动实测Y；未重拟合GPR
0.005,88,99,2,134,3,inf,0.910447761194,固定BMI边界；扰动实测Y；未重拟合GPR
0.005,88,99,3,70,5,inf,0.914285714286,固定BMI边界；扰动实测Y；未重拟合GPR
0.005,89,50,1,65,0,13,0.0461538461538,固定BMI边界；扰动实测Y；未重拟合GPR
0.005,89,50,2,62,1,12.7142857143,0.129032258065,固定BMI边界；扰动实测Y；未重拟合GPR
0.005,89,50,3,140,5,13,0.2,固定BMI边界；扰动实测Y；未重拟合GPR
0.005,89,75,1,83,1,13.7142857143,0.542168674699,固定BMI边界；扰动实测Y；未重拟合GPR
0.005,89,75,2,89,2,13.4285714286,0.685393258427,固定BMI边界；扰动实测Y；未重拟合GPR
0.005,89,75,3,95,3,13.8571428571,0.715789473684,固定BMI边界；扰动实测Y；未重拟合GPR
0.005,89,90,1,139,1,16.4285714286,0.870503597122,固定BMI边界；扰动实测Y；未重拟合GPR
0.005,89,90,2,61,2,16,0.885245901639,固定BMI边界；扰动实测Y；未重拟合GPR
0.005,89,90,3,67,3,22,0.820895522388,固定BMI边界；扰动实测Y；未重拟合GPR
0.005,89,95,1,76,1,24,0.894736842105,固定BMI边界；扰动实测Y；未重拟合GPR
0.005,89,95,2,102,2,18.8571428571,0.921568627451,固定BMI边界；扰动实测Y；未重拟合GPR
0.005,89,95,3,89,3,24.7142857143,0.910112359551,固定BMI边界；扰动实测Y；未重拟合GPR
0.005,89,99,1,63,0,26.1428571429,0.952380952381,固定BMI边界；扰动实测Y；未重拟合GPR
0.005,89,99,2,134,3,inf,0.940298507463,固定BMI边界；扰动实测Y；未重拟合GPR
0.005,89,99,3,70,3,inf,0.942857142857,固定BMI边界；扰动实测Y；未重拟合GPR
0.005,90,50,1,65,0,12.8571428571,0.0615384615385,固定BMI边界；扰动实测Y；未重拟合GPR
0.005,90,50,2,62,2,12.7142857143,0.129032258065,固定BMI边界；扰动实测Y；未重拟合GPR
0.005,90,50,3,140,5,13,0.192857142857,固定BMI边界；扰动实测Y；未重拟合GPR
0.005,90,75,1,83,1,13.7142857143,0.566265060241,固定BMI边界；扰动实测Y；未重拟合GPR
0.005,90,75,2,89,3,13.4285714286,0.662921348315,固定BMI边界；扰动实测Y；未重拟合GPR
0.005,90,75,3,95,3,16,0.715789473684,固定BMI边界；扰动实测Y；未重拟合GPR
0.005,90,90,1,139,2,16.4285714286,0.870503597122,固定BMI边界；扰动实测Y；未重拟合GPR
0.005,90,90,2,61,2,16,0.852459016393,固定BMI边界；扰动实测Y；未重拟合GPR
0.005,90,90,3,67,3,23.1428571429,0.820895522388,固定BMI边界；扰动实测Y；未重拟合GPR
0.005,90,95,1,76,1,20.8571428571,0.907894736842,固定BMI边界；扰动实测Y；未重拟合GPR
0.005,90,95,2,102,3,19.4285714286,0.921568627451,固定BMI边界；扰动实测Y；未重拟合GPR
0.005,90,95,3,89,3,23.7142857143,0.887640449438,固定BMI边界；扰动实测Y；未重拟合GPR
0.005,90,99,1,63,0,26.1428571429,0.984126984127,固定BMI边界；扰动实测Y；未重拟合GPR
0.005,90,99,2,134,4,inf,0.940298507463,固定BMI边界；扰动实测Y；未重拟合GPR
0.005,90,99,3,70,3,inf,0.957142857143,固定BMI边界；扰动实测Y；未重拟合GPR
0.005,91,50,1,65,0,12.8571428571,0.0615384615385,固定BMI边界；扰动实测Y；未重拟合GPR
0.005,91,50,2,62,1,12.7142857143,0.129032258065,固定BMI边界；扰动实测Y；未重拟合GPR
0.005,91,50,3,140,6,13,0.2,固定BMI边界；扰动实测Y；未重拟合GPR
0.005,91,75,1,83,1,13.7142857143,0.566265060241,固定BMI边界；扰动实测Y；未重拟合GPR
0.005,91,75,2,89,2,13.4285714286,0.662921348315,固定BMI边界；扰动实测Y；未重拟合GPR
0.005,91,75,3,95,4,13.8571428571,0.726315789474,固定BMI边界；扰动实测Y；未重拟合GPR
0.005,91,90,1,139,1,16.4285714286,0.870503597122,固定BMI边界；扰动实测Y；未重拟合GPR
0.005,91,90,2,61,3,15.1428571429,0.868852459016,固定BMI边界；扰动实测Y；未重拟合GPR
0.005,91,90,3,67,3,20.8571428571,0.865671641791,固定BMI边界；扰动实测Y；未重拟合GPR
0.005,91,95,1,76,1,21.2857142857,0.907894736842,固定BMI边界；扰动实测Y；未重拟合GPR
0.005,91,95,2,102,2,16.5714285714,0.941176470588,固定BMI边界；扰动实测Y；未重拟合GPR
0.005,91,95,3,89,4,24,0.898876404494,固定BMI边界；扰动实测Y；未重拟合GPR
0.005,91,99,1,63,0,24.5714285714,0.968253968254,固定BMI边界；扰动实测Y；未重拟合GPR
0.005,91,99,2,134,4,inf,0.94776119403,固定BMI边界；扰动实测Y；未重拟合GPR
0.005,91,99,3,70,3,inf,0.957142857143,固定BMI边界；扰动实测Y；未重拟合GPR
0.005,92,50,1,65,0,12.8571428571,0.0615384615385,固定BMI边界；扰动实测Y；未重拟合GPR
0.005,92,50,2,62,1,12.7142857143,0.129032258065,固定BMI边界；扰动实测Y；未重拟合GPR
0.005,92,50,3,140,8,13.1428571429,0.185714285714,固定BMI边界；扰动实测Y；未重拟合GPR
0.005,92,75,1,83,1,13.7142857143,0.566265060241,固定BMI边界；扰动实测Y；未重拟合GPR
0.005,92,75,2,89,2,13.7142857143,0.640449438202,固定BMI边界；扰动实测Y；未重拟合GPR
0.005,92,75,3,95,6,16,0.684210526316,固定BMI边界；扰动实测Y；未重拟合GPR
0.005,92,90,1,139,1,16.4285714286,0.863309352518,固定BMI边界；扰动实测Y；未重拟合GPR
0.005,92,90,2,61,2,16.5714285714,0.83606557377,固定BMI边界；扰动实测Y；未重拟合GPR
0.005,92,90,3,67,6,26.4285714286,0.805970149254,固定BMI边界；扰动实测Y；未重拟合GPR
0.005,92,95,1,76,1,20.8571428571,0.894736842105,固定BMI边界；扰动实测Y；未重拟合GPR
0.005,92,95,2,102,2,20.1428571429,0.911764705882,固定BMI边界；扰动实测Y；未重拟合GPR
0.005,92,95,3,89,6,inf,0.887640449438,固定BMI边界；扰动实测Y；未重拟合GPR
0.005,92,99,1,63,0,26.1428571429,0.984126984127,固定BMI边界；扰动实测Y；未重拟合GPR
0.005,92,99,2,134,3,inf,0.925373134328,固定BMI边界；扰动实测Y；未重拟合GPR
0.005,92,99,3,70,6,inf,0.9,固定BMI边界；扰动实测Y；未重拟合GPR
0.005,93,50,1,65,0,12.8571428571,0.0615384615385,固定BMI边界；扰动实测Y；未重拟合GPR
0.005,93,50,2,62,0,12.7142857143,0.145161290323,固定BMI边界；扰动实测Y；未重拟合GPR
0.005,93,50,3,140,7,13,0.185714285714,固定BMI边界；扰动实测Y；未重拟合GPR
0.005,93,75,1,83,0,13.7142857143,0.566265060241,固定BMI边界；扰动实测Y；未重拟合GPR
0.005,93,75,2,89,2,13.7142857143,0.651685393258,固定BMI边界；扰动实测Y；未重拟合GPR
0.005,93,75,3,95,5,15.5714285714,0.705263157895,固定BMI边界；扰动实测Y；未重拟合GPR
0.005,93,90,1,139,0,16.5714285714,0.856115107914,固定BMI边界；扰动实测Y；未重拟合GPR
0.005,93,90,2,61,3,16.5714285714,0.852459016393,固定BMI边界；扰动实测Y；未重拟合GPR
0.005,93,90,3,67,4,22,0.791044776119,固定BMI边界；扰动实测Y；未重拟合GPR
0.005,93,95,1,76,0,21.2857142857,0.894736842105,固定BMI边界；扰动实测Y；未重拟合GPR
0.005,93,95,2,102,2,20.5714285714,0.892156862745,固定BMI边界；扰动实测Y；未重拟合GPR
0.005,93,95,3,89,5,inf,0.887640449438,固定BMI边界；扰动实测Y；未重拟合GPR
0.005,93,99,1,63,0,26.1428571429,0.952380952381,固定BMI边界；扰动实测Y；未重拟合GPR
0.005,93,99,2,134,3,inf,0.925373134328,固定BMI边界；扰动实测Y；未重拟合GPR
0.005,93,99,3,70,4,inf,0.928571428571,固定BMI边界；扰动实测Y；未重拟合GPR
0.005,94,50,1,65,0,12.8571428571,0.0615384615385,固定BMI边界；扰动实测Y；未重拟合GPR
0.005,94,50,2,62,0,12.5714285714,0.145161290323,固定BMI边界；扰动实测Y；未重拟合GPR
0.005,94,50,3,140,5,13,0.2,固定BMI边界；扰动实测Y；未重拟合GPR
0.005,94,75,1,83,0,13.5714285714,0.578313253012,固定BMI边界；扰动实测Y；未重拟合GPR
0.005,94,75,2,89,2,13.4285714286,0.662921348315,固定BMI边界；扰动实测Y；未重拟合GPR
0.005,94,75,3,95,3,16,0.715789473684,固定BMI边界；扰动实测Y；未重拟合GPR
0.005,94,90,1,139,0,16.4285714286,0.870503597122,固定BMI边界；扰动实测Y；未重拟合GPR
0.005,94,90,2,61,2,17,0.83606557377,固定BMI边界；扰动实测Y；未重拟合GPR
0.005,94,90,3,67,3,22,0.835820895522,固定BMI边界；扰动实测Y；未重拟合GPR
0.005,94,95,1,76,0,20.2857142857,0.921052631579,固定BMI边界；扰动实测Y；未重拟合GPR
0.005,94,95,2,102,2,20.1428571429,0.892156862745,固定BMI边界；扰动实测Y；未重拟合GPR
0.005,94,95,3,89,3,24,0.910112359551,固定BMI边界；扰动实测Y；未重拟合GPR
0.005,94,99,1,63,0,23.1428571429,0.984126984127,固定BMI边界；扰动实测Y；未重拟合GPR
0.005,94,99,2,134,2,inf,0.925373134328,固定BMI边界；扰动实测Y；未重拟合GPR
0.005,94,99,3,70,3,inf,0.942857142857,固定BMI边界；扰动实测Y；未重拟合GPR
0.005,95,50,1,65,0,12.7142857143,0.0615384615385,固定BMI边界；扰动实测Y；未重拟合GPR
0.005,95,50,2,62,0,12.7142857143,0.145161290323,固定BMI边界；扰动实测Y；未重拟合GPR
0.005,95,50,3,140,6,13,0.185714285714,固定BMI边界；扰动实测Y；未重拟合GPR
0.005,95,75,1,83,0,13.5714285714,0.602409638554,固定BMI边界；扰动实测Y；未重拟合GPR
0.005,95,75,2,89,2,13.4285714286,0.662921348315,固定BMI边界；扰动实测Y；未重拟合GPR
0.005,95,75,3,95,4,16,0.684210526316,固定BMI边界；扰动实测Y；未重拟合GPR
0.005,95,90,1,139,0,16.4285714286,0.877697841727,固定BMI边界；扰动实测Y；未重拟合GPR
0.005,95,90,2,61,2,16.2857142857,0.852459016393,固定BMI边界；扰动实测Y；未重拟合GPR
0.005,95,90,3,67,4,22,0.820895522388,固定BMI边界；扰动实测Y；未重拟合GPR
0.005,95,95,1,76,0,20.2857142857,0.921052631579,固定BMI边界；扰动实测Y；未重拟合GPR
0.005,95,95,2,102,2,20.1428571429,0.911764705882,固定BMI边界；扰动实测Y；未重拟合GPR
0.005,95,95,3,89,4,26.4285714286,0.898876404494,固定BMI边界；扰动实测Y；未重拟合GPR
0.005,95,99,1,63,0,26.1428571429,0.984126984127,固定BMI边界；扰动实测Y；未重拟合GPR
0.005,95,99,2,134,2,inf,0.925373134328,固定BMI边界；扰动实测Y；未重拟合GPR
0.005,95,99,3,70,4,inf,0.928571428571,固定BMI边界；扰动实测Y；未重拟合GPR
0.005,96,50,1,65,0,12.8571428571,0.0615384615385,固定BMI边界；扰动实测Y；未重拟合GPR
0.005,96,50,2,62,1,12.7142857143,0.129032258065,固定BMI边界；扰动实测Y；未重拟合GPR
0.005,96,50,3,140,6,13,0.2,固定BMI边界；扰动实测Y；未重拟合GPR
0.005,96,75,1,83,1,13.7142857143,0.578313253012,固定BMI边界；扰动实测Y；未重拟合GPR
0.005,96,75,2,89,2,13.4285714286,0.674157303371,固定BMI边界；扰动实测Y；未重拟合GPR
0.005,96,75,3,95,4,15.5714285714,0.705263157895,固定BMI边界；扰动实测Y；未重拟合GPR
0.005,96,90,1,139,1,16.4285714286,0.877697841727,固定BMI边界；扰动实测Y；未重拟合GPR
0.005,96,90,2,61,2,15.5714285714,0.868852459016,固定BMI边界；扰动实测Y；未重拟合GPR
0.005,96,90,3,67,4,22,0.820895522388,固定BMI边界；扰动实测Y；未重拟合GPR
0.005,96,95,1,76,1,21.2857142857,0.894736842105,固定BMI边界；扰动实测Y；未重拟合GPR
0.005,96,95,2,102,2,17.8571428571,0.93137254902,固定BMI边界；扰动实测Y；未重拟合GPR
0.005,96,95,3,89,4,24,0.898876404494,固定BMI边界；扰动实测Y；未重拟合GPR
0.005,96,99,1,63,0,26.1428571429,0.968253968254,固定BMI边界；扰动实测Y；未重拟合GPR
0.005,96,99,2,134,3,inf,0.940298507463,固定BMI边界；扰动实测Y；未重拟合GPR
0.005,96,99,3,70,4,inf,0.942857142857,固定BMI边界；扰动实测Y；未重拟合GPR
0.005,97,50,1,65,0,12.8571428571,0.0461538461538,固定BMI边界；扰动实测Y；未重拟合GPR
0.005,97,50,2,62,2,12.7142857143,0.129032258065,固定BMI边界；扰动实测Y；未重拟合GPR
0.005,97,50,3,140,6,13,0.2,固定BMI边界；扰动实测Y；未重拟合GPR
0.005,97,75,1,83,1,13.8571428571,0.55421686747,固定BMI边界；扰动实测Y；未重拟合GPR
0.005,97,75,2,89,3,13.7142857143,0.651685393258,固定BMI边界；扰动实测Y；未重拟合GPR
0.005,97,75,3,95,4,15.1428571429,0.705263157895,固定BMI边界；扰动实测Y；未重拟合GPR
0.005,97,90,1,139,2,16.5714285714,0.848920863309,固定BMI边界；扰动实测Y；未重拟合GPR
0.005,97,90,2,61,2,15.1428571429,0.868852459016,固定BMI边界；扰动实测Y；未重拟合GPR
0.005,97,90,3,67,4,20.8571428571,0.805970149254,固定BMI边界；扰动实测Y；未重拟合GPR
0.005,97,95,1,76,1,21.2857142857,0.907894736842,固定BMI边界；扰动实测Y；未重拟合GPR
0.005,97,95,2,102,3,20.5714285714,0.901960784314,固定BMI边界；扰动实测Y；未重拟合GPR
0.005,97,95,3,89,4,24,0.921348314607,固定BMI边界；扰动实测Y；未重拟合GPR
0.005,97,99,1,63,0,26.1428571429,0.968253968254,固定BMI边界；扰动实测Y；未重拟合GPR
0.005,97,99,2,134,4,inf,0.932835820896,固定BMI边界；扰动实测Y；未重拟合GPR
0.005,97,99,3,70,4,inf,0.942857142857,固定BMI边界；扰动实测Y；未重拟合GPR
0.005,98,50,1,65,0,12.8571428571,0.0461538461538,固定BMI边界；扰动实测Y；未重拟合GPR
0.005,98,50,2,62,1,12.7142857143,0.129032258065,固定BMI边界；扰动实测Y；未重拟合GPR
0.005,98,50,3,140,6,13.1428571429,0.185714285714,固定BMI边界；扰动实测Y；未重拟合GPR
0.005,98,75,1,83,1,13.7142857143,0.55421686747,固定BMI边界；扰动实测Y；未重拟合GPR
0.005,98,75,2,89,2,13.4285714286,0.662921348315,固定BMI边界；扰动实测Y；未重拟合GPR
0.005,98,75,3,95,4,16,0.705263157895,固定BMI边界；扰动实测Y；未重拟合GPR
0.005,98,90,1,139,1,16.7142857143,0.870503597122,固定BMI边界；扰动实测Y；未重拟合GPR
0.005,98,90,2,61,2,16.2857142857,0.852459016393,固定BMI边界；扰动实测Y；未重拟合GPR
0.005,98,90,3,67,4,23.4285714286,0.820895522388,固定BMI边界；扰动实测Y；未重拟合GPR
0.005,98,95,1,76,1,23.1428571429,0.881578947368,固定BMI边界；扰动实测Y；未重拟合GPR
0.005,98,95,2,102,2,20.1428571429,0.921568627451,固定BMI边界；扰动实测Y；未重拟合GPR
0.005,98,95,3,89,4,26.4285714286,0.898876404494,固定BMI边界；扰动实测Y；未重拟合GPR
0.005,98,99,1,63,0,26.1428571429,0.952380952381,固定BMI边界；扰动实测Y；未重拟合GPR
0.005,98,99,2,134,3,inf,0.925373134328,固定BMI边界；扰动实测Y；未重拟合GPR
0.005,98,99,3,70,4,inf,0.928571428571,固定BMI边界；扰动实测Y；未重拟合GPR
0.005,99,50,1,65,0,12.7142857143,0.0615384615385,固定BMI边界；扰动实测Y；未重拟合GPR
0.005,99,50,2,62,1,12.7142857143,0.129032258065,固定BMI边界；扰动实测Y；未重拟合GPR
0.005,99,50,3,140,7,13,0.192857142857,固定BMI边界；扰动实测Y；未重拟合GPR
0.005,99,75,1,83,1,13.5714285714,0.590361445783,固定BMI边界；扰动实测Y；未重拟合GPR
0.005,99,75,2,89,2,13.4285714286,0.662921348315,固定BMI边界；扰动实测Y；未重拟合GPR
0.005,99,75,3,95,5,15.5714285714,0.705263157895,固定BMI边界；扰动实测Y；未重拟合GPR
0.005,99,90,1,139,1,16.4285714286,0.884892086331,固定BMI边界；扰动实测Y；未重拟合GPR
0.005,99,90,2,61,2,16.5714285714,0.852459016393,固定BMI边界；扰动实测Y；未重拟合GPR
0.005,99,90,3,67,5,24,0.791044776119,固定BMI边界；扰动实测Y；未重拟合GPR
0.005,99,95,1,76,1,21.2857142857,0.907894736842,固定BMI边界；扰动实测Y；未重拟合GPR
0.005,99,95,2,102,2,19.4285714286,0.911764705882,固定BMI边界；扰动实测Y；未重拟合GPR
0.005,99,95,3,89,5,inf,0.876404494382,固定BMI边界；扰动实测Y；未重拟合GPR
0.005,99,99,1,63,0,26.1428571429,0.968253968254,固定BMI边界；扰动实测Y；未重拟合GPR
0.005,99,99,2,134,3,inf,0.925373134328,固定BMI边界；扰动实测Y；未重拟合GPR
0.005,99,99,3,70,5,inf,0.914285714286,固定BMI边界；扰动实测Y；未重拟合GPR
