sigma_y,repeat,target,group,week,base_week,feasible,coverage_at_base
0,0,50,1,12.5714285714,12.5714285714,True,0.523194283247
0,0,50,2,12,12,True,0.502544999123
0,0,50,3,13.8571428571,13.8571428571,True,0.501264682838
0,0,75,1,16.8571428571,16.8571428571,True,0.753943698747
0,0,75,2,15.8571428571,15.8571428571,True,0.753728176866
0,0,75,3,19.2857142857,19.2857142857,True,0.754684158734
0,0,90,1,29.4285714286,29.4285714286,True,0.900745749474
0,0,90,2,27.5714285714,27.5714285714,True,0.90073036296
0,0,90,3,32.5714285714,32.5714285714,True,0.900801828929
0,0,95,1,35.5714285714,35.5714285714,True,0.950783780643
0,0,95,2,34.8571428571,34.8571428571,True,0.950514784881
0,0,95,3,36.5714285714,36.5714285714,True,0.950422108173
0,0,99,1,inf,inf,False,
0,0,99,2,40,40,True,0.990104436874
0,0,99,3,inf,inf,False,
0.002,0,50,1,12.4285714286,12.5714285714,True,0.524078407458
0.002,0,50,2,12,12,True,0.503056704998
0.002,0,50,3,14,13.8571428571,True,0.49970257708
0.002,0,75,1,16.7142857143,16.8571428571,True,0.755382401603
0.002,0,75,2,15.8571428571,15.8571428571,True,0.754182721887
0.002,0,75,3,19.2857142857,19.2857142857,True,0.753495241914
0.002,0,90,1,29.2857142857,29.4285714286,True,0.901631048747
0.002,0,90,2,27.5714285714,27.5714285714,True,0.900805464813
0.002,0,90,3,32.5714285714,32.5714285714,True,0.900240489415
0.002,0,95,1,35.5714285714,35.5714285714,True,0.9510233828
0.002,0,95,2,34.8571428571,34.8571428571,True,0.950593684401
0.002,0,95,3,36.5714285714,36.5714285714,True,0.950240458761
0.002,0,99,1,inf,inf,False,
0.002,0,99,2,40,40,True,0.990092158318
0.002,0,99,3,inf,inf,False,
0.002,1,50,1,12.4285714286,12.5714285714,True,0.5242327622
0.002,1,50,2,12,12,True,0.502553224564
0.002,1,50,3,13.8571428571,13.8571428571,True,0.500889876059
0.002,1,75,1,16.7142857143,16.8571428571,True,0.755086464541
0.002,1,75,2,15.8571428571,15.8571428571,True,0.754195017474
0.002,1,75,3,19.2857142857,19.2857142857,True,0.754151199545
0.002,1,90,1,29.2857142857,29.4285714286,True,0.901251392705
0.002,1,90,2,27.5714285714,27.5714285714,True,0.900909500463
0.002,1,90,3,32.5714285714,32.5714285714,True,0.90055833544
0.002,1,95,1,35.5714285714,35.5714285714,True,0.95093952758
0.002,1,95,2,34.8571428571,34.8571428571,True,0.95063072443
0.002,1,95,3,36.5714285714,36.5714285714,True,0.950350948742
0.002,1,99,1,inf,inf,False,
0.002,1,99,2,40,40,True,0.990100026131
0.002,1,99,3,inf,inf,False,
0.002,2,50,1,12.5714285714,12.5714285714,True,0.522528082132
0.002,2,50,2,12,12,True,0.502256214619
0.002,2,50,3,13.8571428571,13.8571428571,True,0.500275535243
0.002,2,75,1,16.8571428571,16.8571428571,True,0.75287929603
0.002,2,75,2,15.8571428571,15.8571428571,True,0.752959259919
0.002,2,75,3,19.2857142857,19.2857142857,True,0.754232142653
0.002,2,90,1,29.4285714286,29.4285714286,True,0.900273587023
0.002,2,90,2,27.5714285714,27.5714285714,True,0.900377758912
0.002,2,90,3,32.5714285714,32.5714285714,True,0.900682219437
0.002,2,95,1,35.5714285714,35.5714285714,True,0.950595779078
0.002,2,95,2,34.8571428571,34.8571428571,True,0.950371231352
0.002,2,95,3,36.5714285714,36.5714285714,True,0.950344528471
0.002,2,99,1,inf,inf,False,
0.002,2,99,2,40,40,True,0.990067780018
0.002,2,99,3,inf,inf,False,
0.002,3,50,1,12.5714285714,12.5714285714,True,0.523567923478
0.002,3,50,2,12,12,True,0.501846373081
0.002,3,50,3,14,13.8571428571,True,0.499740153551
0.002,3,75,1,16.7142857143,16.8571428571,True,0.754333010742
0.002,3,75,2,15.8571428571,15.8571428571,True,0.754105780806
0.002,3,75,3,19.2857142857,19.2857142857,True,0.753373520715
0.002,3,90,1,29.2857142857,29.4285714286,True,0.90130757434
0.002,3,90,2,27.5714285714,27.5714285714,True,0.900528337274
0.002,3,90,3,32.5714285714,32.5714285714,True,0.900502494403
0.002,3,95,1,35.5714285714,35.5714285714,True,0.950856796333
0.002,3,95,2,34.8571428571,34.8571428571,True,0.950547984668
0.002,3,95,3,36.5714285714,36.5714285714,True,0.950246231897
0.002,3,99,1,inf,inf,False,
0.002,3,99,2,40,40,True,0.990062534809
0.002,3,99,3,inf,inf,False,
0.002,4,50,1,12.5714285714,12.5714285714,True,0.522953259093
0.002,4,50,2,12,12,True,0.501824498177
0.002,4,50,3,13.8571428571,13.8571428571,True,0.500514302935
0.002,4,75,1,16.7142857143,16.8571428571,True,0.754327620779
0.002,4,75,2,15.8571428571,15.8571428571,True,0.7522433315
0.002,4,75,3,19.2857142857,19.2857142857,True,0.754362940788
0.002,4,90,1,29.2857142857,29.4285714286,True,0.90146535635
0.002,4,90,2,27.5714285714,27.5714285714,True,0.900150299072
0.002,4,90,3,32.5714285714,32.5714285714,True,0.900810607842
0.002,4,95,1,35.5714285714,35.5714285714,True,0.950882256031
0.002,4,95,2,34.8571428571,34.8571428571,True,0.950270618711
0.002,4,95,3,36.5714285714,36.5714285714,True,0.950375029019
0.002,4,99,1,inf,inf,False,
0.002,4,99,2,40,40,True,0.990054666996
0.002,4,99,3,inf,inf,False,
0.002,5,50,1,12.5714285714,12.5714285714,True,0.523599837508
0.002,5,50,2,12,12,True,0.503596842289
0.002,5,50,3,13.8571428571,13.8571428571,True,0.500553109816
0.002,5,75,1,16.7142857143,16.8571428571,True,0.75428208283
0.002,5,75,2,15.8571428571,15.8571428571,True,0.75457660641
0.002,5,75,3,19.2857142857,19.2857142857,True,0.75465125697
0.002,5,90,1,29.4285714286,29.4285714286,True,0.90073703868
0.002,5,90,2,27.5714285714,27.5714285714,True,0.901219035898
0.002,5,90,3,32.5714285714,32.5714285714,True,0.900396091597
0.002,5,95,1,35.5714285714,35.5714285714,True,0.950873647417
0.002,5,95,2,34.8571428571,34.8571428571,True,0.950607768127
0.002,5,95,3,36.5714285714,36.5714285714,True,0.950407011168
0.002,5,99,1,inf,inf,False,
0.002,5,99,2,40,40,True,0.990159749985
0.002,5,99,3,inf,inf,False,
0.002,6,50,1,12.5714285714,12.5714285714,True,0.522799785648
0.002,6,50,2,12,12,True,0.501654684544
0.002,6,50,3,13.8571428571,13.8571428571,True,0.500416014876
0.002,6,75,1,16.8571428571,16.8571428571,True,0.753283057894
0.002,6,75,2,15.8571428571,15.8571428571,True,0.753564953804
0.002,6,75,3,19.2857142857,19.2857142857,True,0.753966331482
0.002,6,90,1,29.4285714286,29.4285714286,True,0.900328593595
0.002,6,90,2,27.5714285714,27.5714285714,True,0.900665768555
0.002,6,90,3,32.5714285714,32.5714285714,True,0.900491774082
0.002,6,95,1,35.5714285714,35.5714285714,True,0.950672319957
0.002,6,95,2,34.8571428571,34.8571428571,True,0.950472286769
0.002,6,95,3,36.5714285714,36.5714285714,True,0.950312895434
0.002,6,99,1,inf,inf,False,
0.002,6,99,2,40,40,True,0.99008834362
0.002,6,99,3,inf,inf,False,
0.002,7,50,1,12.4285714286,12.5714285714,True,0.52418292846
0.002,7,50,2,12,12,True,0.503092288971
0.002,7,50,3,13.8571428571,13.8571428571,True,0.500751337835
0.002,7,75,1,16.7142857143,16.8571428571,True,0.754957735538
0.002,7,75,2,15.7142857143,15.8571428571,True,0.755026740687
0.002,7,75,3,19.2857142857,19.2857142857,True,0.754276292665
0.002,7,90,1,29.4285714286,29.4285714286,True,0.900610404355
0.002,7,90,2,27.5714285714,27.5714285714,True,0.901319614479
0.002,7,90,3,32.5714285714,32.5714285714,True,0.90057851587
0.002,7,95,1,35.5714285714,35.5714285714,True,0.950894279139
0.002,7,95,2,34.8571428571,34.8571428571,True,0.950753007616
0.002,7,95,3,36.5714285714,36.5714285714,True,0.950413371835
0.002,7,99,1,inf,inf,False,
0.002,7,99,2,40,40,True,0.990139722824
0.002,7,99,3,inf,inf,False,
0.002,8,50,1,12.5714285714,12.5714285714,True,0.523740338428
0.002,8,50,2,12,12,True,0.502503991127
0.002,8,50,3,13.8571428571,13.8571428571,True,0.501873531512
0.002,8,75,1,16.8571428571,16.8571428571,True,0.753516537803
0.002,8,75,2,15.7142857143,15.8571428571,True,0.755515021937
0.002,8,75,3,19.2857142857,19.2857142857,True,0.754932497229
0.002,8,90,1,29.4285714286,29.4285714286,True,0.900788332735
0.002,8,90,2,27.5714285714,27.5714285714,True,0.901008503778
0.002,8,90,3,32.5714285714,32.5714285714,True,0.900996438095
0.002,8,95,1,35.5714285714,35.5714285714,True,0.950711062976
0.002,8,95,2,34.8571428571,34.8571428571,True,0.950745769909
0.002,8,95,3,36.5714285714,36.5714285714,True,0.950508373124
0.002,8,99,1,inf,inf,False,
0.002,8,99,2,40,40,True,0.990101754665
0.002,8,99,3,inf,inf,False,
0.002,9,50,1,12.4285714286,12.5714285714,True,0.524145594665
0.002,9,50,2,12,12,True,0.504642367363
0.002,9,50,3,13.8571428571,13.8571428571,True,0.500405775649
0.002,9,75,1,16.8571428571,16.8571428571,True,0.75345230954
0.002,9,75,2,15.7142857143,15.8571428571,True,0.756689293044
0.002,9,75,3,19.2857142857,19.2857142857,True,0.754804176944
0.002,9,90,1,29.4285714286,29.4285714286,True,0.900735659259
0.002,9,90,2,27.4285714286,27.5714285714,True,0.901454865932
0.002,9,90,3,32.5714285714,32.5714285714,True,0.900681512696
0.002,9,95,1,35.5714285714,35.5714285714,True,0.950683278697
0.002,9,95,2,34.8571428571,34.8571428571,True,0.951069678579
0.002,9,95,3,36.5714285714,36.5714285714,True,0.950418719224
0.002,9,99,1,inf,inf,False,
0.002,9,99,2,40,40,True,0.990192592144
0.002,9,99,3,inf,inf,False,
0.002,10,50,1,12.5714285714,12.5714285714,True,0.523305522544
0.002,10,50,2,12,12,True,0.502214491367
0.002,10,50,3,13.8571428571,13.8571428571,True,0.501771803413
0.002,10,75,1,16.8571428571,16.8571428571,True,0.754029529435
0.002,10,75,2,15.8571428571,15.8571428571,True,0.753518342972
0.002,10,75,3,19.2857142857,19.2857142857,True,0.755213975906
0.002,10,90,1,29.2857142857,29.4285714286,True,0.901180216244
0.002,10,90,2,27.5714285714,27.5714285714,True,0.900639704296
0.002,10,90,3,32.5714285714,32.5714285714,True,0.900853582791
0.002,10,95,1,35.5714285714,35.5714285714,True,0.95079432215
0.002,10,95,2,34.8571428571,34.8571428571,True,0.950449304921
0.002,10,95,3,36.5714285714,36.5714285714,True,0.950513030802
0.002,10,99,1,inf,inf,False,
0.002,10,99,2,40,40,True,0.990102410316
0.002,10,99,3,inf,inf,False,
0.002,11,50,1,12.5714285714,12.5714285714,True,0.522435111659
0.002,11,50,2,12,12,True,0.502367794514
0.002,11,50,3,13.7142857143,13.8571428571,True,0.50408921923
0.002,11,75,1,16.8571428571,16.8571428571,True,0.752435692719
0.002,11,75,2,15.8571428571,15.8571428571,True,0.752985783986
0.002,11,75,3,19.1428571429,19.2857142857,True,0.756444317954
0.002,11,90,1,29.4285714286,29.4285714286,True,0.900093078613
0.002,11,90,2,27.5714285714,27.5714285714,True,0.900440514088
0.002,11,90,3,32.5714285714,32.5714285714,True,0.901589393616
0.002,11,95,1,35.5714285714,35.5714285714,True,0.950484556811
0.002,11,95,2,34.8571428571,34.8571428571,True,0.950380699975
0.002,11,95,3,36.5714285714,36.5714285714,True,0.950732503619
0.002,11,99,1,inf,inf,False,
0.002,11,99,2,40,40,True,0.990118503571
0.002,11,99,3,inf,inf,False,
0.002,12,50,1,12.5714285714,12.5714285714,True,0.523926015411
0.002,12,50,2,12,12,True,0.502530574799
0.002,12,50,3,14,13.8571428571,True,0.499795066459
0.002,12,75,1,16.7142857143,16.8571428571,True,0.754522442818
0.002,12,75,2,15.7142857143,15.8571428571,True,0.755082300731
0.002,12,75,3,19.2857142857,19.2857142857,True,0.753559674535
0.002,12,90,1,29.4285714286,29.4285714286,True,0.901111670903
0.002,12,90,2,27.5714285714,27.5714285714,True,0.90098965168
0.002,12,90,3,32.5714285714,32.5714285714,True,0.900417540755
0.002,12,95,1,35.5714285714,35.5714285714,True,0.950959094933
0.002,12,95,2,34.8571428571,34.8571428571,True,0.950715848378
0.002,12,95,3,36.5714285714,36.5714285714,True,0.950224041939
0.002,12,99,1,inf,inf,False,
0.002,12,99,2,40,40,True,0.990092337132
0.002,12,99,3,inf,inf,False,
0.002,13,50,1,12.4285714286,12.5714285714,True,0.524299796138
0.002,13,50,2,12,12,True,0.502349615097
0.002,13,50,3,13.8571428571,13.8571428571,True,0.50180466686
0.002,13,75,1,16.7142857143,16.8571428571,True,0.755472915513
0.002,13,75,2,15.8571428571,15.8571428571,True,0.754434815475
0.002,13,75,3,19.2857142857,19.2857142857,True,0.754561109202
0.002,13,90,1,29.2857142857,29.4285714286,True,0.901306177889
0.002,13,90,2,27.5714285714,27.5714285714,True,0.900958503996
0.002,13,90,3,32.5714285714,32.5714285714,True,0.900838656085
0.002,13,95,1,35.5714285714,35.5714285714,True,0.951085695199
0.002,13,95,2,34.8571428571,34.8571428571,True,0.950548648834
0.002,13,95,3,36.5714285714,36.5714285714,True,0.950442263058
0.002,13,99,1,inf,inf,False,
0.002,13,99,2,40,40,True,0.990117013454
0.002,13,99,3,inf,inf,False,
0.002,14,50,1,12.5714285714,12.5714285714,True,0.52335315517
0.002,14,50,2,12,12,True,0.502405524254
0.002,14,50,3,13.8571428571,13.8571428571,True,0.502317803247
0.002,14,75,1,16.7142857143,16.8571428571,True,0.754280166967
0.002,14,75,2,15.8571428571,15.8571428571,True,0.753061711788
0.002,14,75,3,19.2857142857,19.2857142857,True,0.755466239793
0.002,14,90,1,29.4285714286,29.4285714286,True,0.900933027267
0.002,14,90,2,27.5714285714,27.5714285714,True,0.900659203529
0.002,14,90,3,32.5714285714,32.5714285714,True,0.901093074254
0.002,14,95,1,35.5714285714,35.5714285714,True,0.950920862811
0.002,14,95,2,34.8571428571,34.8571428571,True,0.950311200959
0.002,14,95,3,36.5714285714,36.5714285714,True,0.950604515416
0.002,14,99,1,inf,inf,False,
0.002,14,99,2,40,40,True,0.990115642548
0.002,14,99,3,inf,inf,False,
0.002,15,50,1,12.5714285714,12.5714285714,True,0.52313124282
0.002,15,50,2,12,12,True,0.502759695053
0.002,15,50,3,13.8571428571,13.8571428571,True,0.501100846699
0.002,15,75,1,16.7142857143,16.8571428571,True,0.754157287734
0.002,15,75,2,15.8571428571,15.8571428571,True,0.752687990665
0.002,15,75,3,19.2857142857,19.2857142857,True,0.754447826317
0.002,15,90,1,29.4285714286,29.4285714286,True,0.900749249118
0.002,15,90,2,27.5714285714,27.5714285714,True,0.900438444955
0.002,15,90,3,32.5714285714,32.5714285714,True,0.900839694909
0.002,15,95,1,35.5714285714,35.5714285714,True,0.950873383454
0.002,15,95,2,34.8571428571,34.8571428571,True,0.950354073729
0.002,15,95,3,36.5714285714,36.5714285714,True,0.950372431959
0.002,15,99,1,inf,inf,False,
0.002,15,99,2,40,40,True,0.990063667297
0.002,15,99,3,inf,inf,False,
0.002,16,50,1,12.5714285714,12.5714285714,True,0.522624058383
0.002,16,50,2,12,12,True,0.502348184586
0.002,16,50,3,13.8571428571,13.8571428571,True,0.500464490482
0.002,16,75,1,16.8571428571,16.8571428571,True,0.752478088651
0.002,16,75,2,15.8571428571,15.8571428571,True,0.753800238882
0.002,16,75,3,19.2857142857,19.2857142857,True,0.754482507706
0.002,16,90,1,29.4285714286,29.4285714286,True,0.900035568646
0.002,16,90,2,27.5714285714,27.5714285714,True,0.900538682938
0.002,16,90,3,32.5714285714,32.5714285714,True,0.900823788983
0.002,16,95,1,35.5714285714,35.5714285714,True,0.950552710465
0.002,16,95,2,34.8571428571,34.8571428571,True,0.950471145766
0.002,16,95,3,36.5714285714,36.5714285714,True,0.950364155429
0.002,16,99,1,inf,inf,False,
0.002,16,99,2,40,40,True,0.990134656429
0.002,16,99,3,inf,inf,False,
0.002,17,50,1,12.5714285714,12.5714285714,True,0.522747129202
0.002,17,50,2,12,12,True,0.502236545086
0.002,17,50,3,13.8571428571,13.8571428571,True,0.501760218825
0.002,17,75,1,16.8571428571,16.8571428571,True,0.752667776176
0.002,17,75,2,15.8571428571,15.8571428571,True,0.753665353571
0.002,17,75,3,19.2857142857,19.2857142857,True,0.755212860448
0.002,17,90,1,29.4285714286,29.4285714286,True,0.900252674307
0.002,17,90,2,27.5714285714,27.5714285714,True,0.900744863919
0.002,17,90,3,32.5714285714,32.5714285714,True,0.900828736169
0.002,17,95,1,35.5714285714,35.5714285714,True,0.950574619429
0.002,17,95,2,34.8571428571,34.8571428571,True,0.950512213366
0.002,17,95,3,36.5714285714,36.5714285714,True,0.950519646917
0.002,17,99,1,inf,inf,False,
0.002,17,99,2,40,40,True,0.990098118782
0.002,17,99,3,inf,inf,False,
0.002,18,50,1,12.5714285714,12.5714285714,True,0.523296215705
0.002,18,50,2,12,12,True,0.502252817154
0.002,18,50,3,13.8571428571,13.8571428571,True,0.501469573804
0.002,18,75,1,16.8571428571,16.8571428571,True,0.753547804696
0.002,18,75,2,15.8571428571,15.8571428571,True,0.754182151386
0.002,18,75,3,19.2857142857,19.2857142857,True,0.754841310637
0.002,18,90,1,29.4285714286,29.4285714286,True,0.900852850505
0.002,18,90,2,27.5714285714,27.5714285714,True,0.900744182723
0.002,18,90,3,32.5714285714,32.5714285714,True,0.900877629008
0.002,18,95,1,35.5714285714,35.5714285714,True,0.950778509889
0.002,18,95,2,34.8571428571,34.8571428571,True,0.950515942914
0.002,18,95,3,36.5714285714,36.5714285714,True,0.950470941407
0.002,18,99,1,inf,inf,False,
0.002,18,99,2,40,40,True,0.990104138851
0.002,18,99,3,inf,inf,False,
0.002,19,50,1,12.5714285714,12.5714285714,True,0.523420172078
0.002,19,50,2,12,12,True,0.502694368362
0.002,19,50,3,13.8571428571,13.8571428571,True,0.500892532723
0.002,19,75,1,16.8571428571,16.8571428571,True,0.753783294133
0.002,19,75,2,15.7142857143,15.8571428571,True,0.754748242242
0.002,19,75,3,19.2857142857,19.2857142857,True,0.754277263369
0.002,19,90,1,29.4285714286,29.4285714286,True,0.900790265628
0.002,19,90,2,27.5714285714,27.5714285714,True,0.900837251118
0.002,19,90,3,32.5714285714,32.5714285714,True,0.900640521731
0.002,19,95,1,35.5714285714,35.5714285714,True,0.950743717807
0.002,19,95,2,34.8571428571,34.8571428571,True,0.950699448586
0.002,19,95,3,36.5714285714,36.5714285714,True,0.950326698167
0.002,19,99,1,inf,inf,False,
0.002,19,99,2,40,40,True,0.990130007267
0.002,19,99,3,inf,inf,False,
0.002,20,50,1,12.5714285714,12.5714285714,True,0.52325918419
0.002,20,50,2,12,12,True,0.502052843571
0.002,20,50,3,14,13.8571428571,True,0.499488817794
0.002,20,75,1,16.8571428571,16.8571428571,True,0.75398513249
0.002,20,75,2,15.8571428571,15.8571428571,True,0.753445676395
0.002,20,75,3,19.2857142857,19.2857142857,True,0.754030781133
0.002,20,90,1,29.4285714286,29.4285714286,True,0.900587550231
0.002,20,90,2,27.5714285714,27.5714285714,True,0.900818961007
0.002,20,90,3,32.5714285714,32.5714285714,True,0.900394609996
0.002,20,95,1,35.5714285714,35.5714285714,True,0.950759683337
0.002,20,95,2,34.8571428571,34.8571428571,True,0.950508901051
0.002,20,95,3,36.5714285714,36.5714285714,True,0.950295644147
0.002,20,99,1,inf,inf,False,
0.002,20,99,2,40,40,True,0.990051388741
0.002,20,99,3,inf,inf,False,
0.002,21,50,1,12.5714285714,12.5714285714,True,0.523157298565
0.002,21,50,2,12,12,True,0.501722455025
0.002,21,50,3,13.8571428571,13.8571428571,True,0.501488051244
0.002,21,75,1,16.8571428571,16.8571428571,True,0.753939918109
0.002,21,75,2,15.8571428571,15.8571428571,True,0.753775809492
0.002,21,75,3,19.2857142857,19.2857142857,True,0.75424937691
0.002,21,90,1,29.4285714286,29.4285714286,True,0.900702723435
0.002,21,90,2,27.5714285714,27.5714285714,True,0.900742539338
0.002,21,90,3,32.5714285714,32.5714285714,True,0.900697776249
0.002,21,95,1,35.5714285714,35.5714285714,True,0.950726611274
0.002,21,95,2,34.8571428571,34.8571428571,True,0.950568974018
0.002,21,95,3,36.5714285714,36.5714285714,True,0.950400974069
0.002,21,99,1,inf,inf,False,
0.002,21,99,2,40,40,True,0.990064442158
0.002,21,99,3,inf,inf,False,
0.002,22,50,1,12.5714285714,12.5714285714,True,0.522877178022
0.002,22,50,2,12,12,True,0.503209352493
0.002,22,50,3,13.8571428571,13.8571428571,True,0.502411122833
0.002,22,75,1,16.8571428571,16.8571428571,True,0.753449925355
0.002,22,75,2,15.8571428571,15.8571428571,True,0.753518164158
0.002,22,75,3,19.2857142857,19.2857142857,True,0.755858182907
0.002,22,90,1,29.4285714286,29.4285714286,True,0.900646380016
0.002,22,90,2,27.5714285714,27.5714285714,True,0.900699487754
0.002,22,90,3,32.5714285714,32.5714285714,True,0.901230548109
0.002,22,95,1,35.5714285714,35.5714285714,True,0.950697422028
0.002,22,95,2,34.8571428571,34.8571428571,True,0.950513115951
0.002,22,95,3,36.5714285714,36.5714285714,True,0.950593633311
0.002,22,99,1,inf,inf,False,
0.002,22,99,2,40,40,True,0.990165531635
0.002,22,99,3,inf,inf,False,
0.002,23,50,1,12.5714285714,12.5714285714,True,0.523087011916
0.002,23,50,2,12,12,True,0.502726197243
0.002,23,50,3,14,13.8571428571,True,0.49971608179
0.002,23,75,1,16.8571428571,16.8571428571,True,0.753922104836
0.002,23,75,2,15.8571428571,15.8571428571,True,0.753598766668
0.002,23,75,3,19.2857142857,19.2857142857,True,0.754001591887
0.002,23,90,1,29.4285714286,29.4285714286,True,0.901081212929
0.002,23,90,2,27.5714285714,27.5714285714,True,0.900590939181
0.002,23,90,3,32.5714285714,32.5714285714,True,0.900374165603
0.002,23,95,1,35.5714285714,35.5714285714,True,0.950820045812
0.002,23,95,2,34.8571428571,34.8571428571,True,0.950507274696
0.002,23,95,3,36.5714285714,36.5714285714,True,0.950237512589
0.002,23,99,1,inf,inf,False,
0.002,23,99,2,40,40,True,0.990127146244
0.002,23,99,3,inf,inf,False,
0.002,24,50,1,12.5714285714,12.5714285714,True,0.523297045912
0.002,24,50,2,12,12,True,0.5025203228
0.002,24,50,3,13.8571428571,13.8571428571,True,0.5002638059
0.002,24,75,1,16.8571428571,16.8571428571,True,0.754061894757
0.002,24,75,2,15.8571428571,15.8571428571,True,0.75342643261
0.002,24,75,3,19.2857142857,19.2857142857,True,0.753995614392
0.002,24,90,1,29.4285714286,29.4285714286,True,0.900284120015
0.002,24,90,2,27.5714285714,27.5714285714,True,0.900823865618
0.002,24,90,3,32.5714285714,32.5714285714,True,0.900473518031
0.002,24,95,1,35.5714285714,35.5714285714,True,0.950830638409
0.002,24,95,2,34.8571428571,34.8571428571,True,0.950435323375
0.002,24,95,3,36.5714285714,36.5714285714,True,0.95032205752
0.002,24,99,1,inf,inf,False,
0.002,24,99,2,40,40,True,0.990103662014
0.002,24,99,3,inf,inf,False,
0.002,25,50,1,12.5714285714,12.5714285714,True,0.523364203317
0.002,25,50,2,12,12,True,0.501619040966
0.002,25,50,3,13.8571428571,13.8571428571,True,0.502630008118
0.002,25,75,1,16.8571428571,16.8571428571,True,0.753534010478
0.002,25,75,2,15.8571428571,15.8571428571,True,0.75428722586
0.002,25,75,3,19.2857142857,19.2857142857,True,0.755121333258
0.002,25,90,1,29.4285714286,29.4285714286,True,0.900814575808
0.002,25,90,2,27.5714285714,27.5714285714,True,0.900733922209
0.002,25,90,3,32.5714285714,32.5714285714,True,0.900982260704
0.002,25,95,1,35.5714285714,35.5714285714,True,0.950719969613
0.002,25,95,2,34.8571428571,34.8571428571,True,0.95061222996
0.002,25,95,3,36.5714285714,36.5714285714,True,0.95046540669
0.002,25,99,1,inf,inf,False,
0.002,25,99,2,40,40,True,0.990091621876
0.002,25,99,3,inf,inf,False,
0.002,26,50,1,12.5714285714,12.5714285714,True,0.523403657334
0.002,26,50,2,12,12,True,0.502780973911
0.002,26,50,3,13.8571428571,13.8571428571,True,0.500755250454
0.002,26,75,1,16.7142857143,16.8571428571,True,0.754161715508
0.002,26,75,2,15.8571428571,15.8571428571,True,0.753645002842
0.002,26,75,3,19.2857142857,19.2857142857,True,0.754531800747
0.002,26,90,1,29.4285714286,29.4285714286,True,0.900781316417
0.002,26,90,2,27.5714285714,27.5714285714,True,0.900724921908
0.002,26,90,3,32.5714285714,32.5714285714,True,0.900745732444
0.002,26,95,1,35.5714285714,35.5714285714,True,0.950821033546
0.002,26,95,2,34.8571428571,34.8571428571,True,0.950490917478
0.002,26,95,3,36.5714285714,36.5714285714,True,0.950378673417
0.002,26,99,1,inf,inf,False,
0.002,26,99,2,40,40,True,0.990086853504
0.002,26,99,3,inf,inf,False,
0.002,27,50,1,12.5714285714,12.5714285714,True,0.522585391998
0.002,27,50,2,12,12,True,0.503112375736
0.002,27,50,3,13.8571428571,13.8571428571,True,0.501666826861
0.002,27,75,1,16.8571428571,16.8571428571,True,0.752733596734
0.002,27,75,2,15.8571428571,15.8571428571,True,0.753807101931
0.002,27,75,3,19.2857142857,19.2857142857,True,0.755404974733
0.002,27,90,1,29.4285714286,29.4285714286,True,0.900475876672
0.002,27,90,2,27.5714285714,27.5714285714,True,0.900582773345
0.002,27,90,3,32.5714285714,32.5714285714,True,0.901108367102
0.002,27,95,1,35.5714285714,35.5714285714,True,0.950512315546
0.002,27,95,2,34.8571428571,34.8571428571,True,0.950519067901
0.002,27,95,3,36.5714285714,36.5714285714,True,0.950552582741
0.002,27,99,1,inf,inf,False,
0.002,27,99,2,40,40,True,0.990158677101
0.002,27,99,3,inf,inf,False,
0.002,28,50,1,12.5714285714,12.5714285714,True,0.52304064376
0.002,28,50,2,12,12,True,0.50135743618
0.002,28,50,3,13.8571428571,13.8571428571,True,0.501282559974
0.002,28,75,1,16.7142857143,16.8571428571,True,0.754330779825
0.002,28,75,2,15.8571428571,15.8571428571,True,0.753096256937
0.002,28,75,3,19.2857142857,19.2857142857,True,0.754251948425
0.002,28,90,1,29.4285714286,29.4285714286,True,0.900652561869
0.002,28,90,2,27.5714285714,27.5714285714,True,0.900714508125
0.002,28,90,3,32.5714285714,32.5714285714,True,0.900613342013
0.002,28,95,1,35.5714285714,35.5714285714,True,0.950885185174
0.002,28,95,2,34.8571428571,34.8571428571,True,0.950386362416
0.002,28,95,3,36.5714285714,36.5714285714,True,0.950374134949
0.002,28,99,1,inf,inf,False,
0.002,28,99,2,40,40,True,0.990082800388
0.002,28,99,3,inf,inf,False,
0.002,29,50,1,12.5714285714,12.5714285714,True,0.522053186383
0.002,29,50,2,12,12,True,0.502085328102
0.002,29,50,3,14,13.8571428571,True,0.498761475086
0.002,29,75,1,16.8571428571,16.8571428571,True,0.752512293203
0.002,29,75,2,15.8571428571,15.8571428571,True,0.752418943814
0.002,29,75,3,19.2857142857,19.2857142857,True,0.753445369857
0.002,29,90,1,29.4285714286,29.4285714286,True,0.900145113468
0.002,29,90,2,27.5714285714,27.5714285714,True,0.900329709053
0.002,29,90,3,32.5714285714,32.5714285714,True,0.900030417102
0.002,29,95,1,35.5714285714,35.5714285714,True,0.95048049518
0.002,29,95,2,34.8571428571,34.8571428571,True,0.950314257826
0.002,29,95,3,36.5714285714,36.5714285714,True,0.950212333884
0.002,29,99,1,inf,inf,False,
0.002,29,99,2,40,40,True,0.990094482899
0.002,29,99,3,inf,inf,False,
0.002,30,50,1,12.5714285714,12.5714285714,True,0.52280365995
0.002,30,50,2,12,12,True,0.50229716301
0.002,30,50,3,13.8571428571,13.8571428571,True,0.501193395683
0.002,30,75,1,16.7142857143,16.8571428571,True,0.754332772323
0.002,30,75,2,15.8571428571,15.8571428571,True,0.751905015537
0.002,30,75,3,19.2857142857,19.2857142857,True,0.754441968032
0.002,30,90,1,29.4285714286,29.4285714286,True,0.900796081339
0.002,30,90,2,27.5714285714,27.5714285714,True,0.900316613061
0.002,30,90,3,32.5714285714,32.5714285714,True,0.90067415578
0.002,30,95,1,35.5714285714,35.5714285714,True,0.950782350131
0.002,30,95,2,34.8571428571,34.8571428571,True,0.950277456215
0.002,30,95,3,36.5714285714,36.5714285714,True,0.95037996769
0.002,30,99,1,inf,inf,False,
0.002,30,99,2,40,40,True,0.990083456039
0.002,30,99,3,inf,inf,False,
0.002,31,50,1,12.5714285714,12.5714285714,True,0.523537171738
0.002,31,50,2,12,12,True,0.504025876522
0.002,31,50,3,13.8571428571,13.8571428571,True,0.500134084906
0.002,31,75,1,16.8571428571,16.8571428571,True,0.754025348595
0.002,31,75,2,15.7142857143,15.8571428571,True,0.755066420351
0.002,31,75,3,19.2857142857,19.2857142857,True,0.754471353122
0.002,31,90,1,29.4285714286,29.4285714286,True,0.900760131223
0.002,31,90,2,27.5714285714,27.5714285714,True,0.901252380439
0.002,31,90,3,32.5714285714,32.5714285714,True,0.900424310139
0.002,31,95,1,35.5714285714,35.5714285714,True,0.95079516513
0.002,31,95,2,34.8571428571,34.8571428571,True,0.950772021498
0.002,31,95,3,36.5714285714,36.5714285714,True,0.950376485075
0.002,31,99,1,inf,inf,False,
0.002,31,99,2,40,40,True,0.990171551704
0.002,31,99,3,inf,inf,False,
0.002,32,50,1,12.5714285714,12.5714285714,True,0.522134436028
0.002,32,50,2,12,12,True,0.503328919411
0.002,32,50,3,13.8571428571,13.8571428571,True,0.500803887844
0.002,32,75,1,16.8571428571,16.8571428571,True,0.752949195249
0.002,32,75,2,15.8571428571,15.8571428571,True,0.752462727683
0.002,32,75,3,19.2857142857,19.2857142857,True,0.754978052207
0.002,32,90,1,29.4285714286,29.4285714286,True,0.900372300829
0.002,32,90,2,27.5714285714,27.5714285714,True,0.900377460888
0.002,32,90,3,32.5714285714,32.5714285714,True,0.900808198111
0.002,32,95,1,35.5714285714,35.5714285714,True,0.950616129807
0.002,32,95,2,34.8571428571,34.8571428571,True,0.950307045664
0.002,32,95,3,36.5714285714,36.5714285714,True,0.95045369012
0.002,32,99,1,inf,inf,False,
0.002,32,99,2,40,40,True,0.99012619257
0.002,32,99,3,inf,inf,False,
0.002,33,50,1,12.5714285714,12.5714285714,True,0.522248578923
0.002,33,50,2,12,12,True,0.502027630806
0.002,33,50,3,13.8571428571,13.8571428571,True,0.500527973686
0.002,33,75,1,16.8571428571,16.8571428571,True,0.752862998417
0.002,33,75,2,15.8571428571,15.8571428571,True,0.75233659574
0.002,33,75,3,19.2857142857,19.2857142857,True,0.754231214523
0.002,33,90,1,29.4285714286,29.4285714286,True,0.900368656431
0.002,33,90,2,27.5714285714,27.5714285714,True,0.900314433234
0.002,33,90,3,32.5714285714,32.5714285714,True,0.9004987904
0.002,33,95,1,35.5714285714,35.5714285714,True,0.950599227633
0.002,33,95,2,34.8571428571,34.8571428571,True,0.950319119862
0.002,33,95,3,36.5714285714,36.5714285714,True,0.95031860045
0.002,33,99,1,inf,inf,False,
0.002,33,99,2,40,40,True,0.990075170994
0.002,33,99,3,inf,inf,False,
0.002,34,50,1,12.4285714286,12.5714285714,True,0.524277444397
0.002,34,50,2,12,12,True,0.503287374973
0.002,34,50,3,13.8571428571,13.8571428571,True,0.501293948718
0.002,34,75,1,16.7142857143,16.8571428571,True,0.755050650665
0.002,34,75,2,15.7142857143,15.8571428571,True,0.754961686475
0.002,34,75,3,19.2857142857,19.2857142857,True,0.7550589868
0.002,34,90,1,29.4285714286,29.4285714286,True,0.900963527816
0.002,34,90,2,27.5714285714,27.5714285714,True,0.901309209211
0.002,34,90,3,32.5714285714,32.5714285714,True,0.900824512754
0.002,34,95,1,35.5714285714,35.5714285714,True,0.950930901936
0.002,34,95,2,34.8571428571,34.8571428571,True,0.950757128852
0.002,34,95,3,36.5714285714,36.5714285714,True,0.950490764209
0.002,34,99,1,inf,inf,False,
0.002,34,99,2,40,40,True,0.990122318268
0.002,34,99,3,inf,inf,False,
0.002,35,50,1,12.5714285714,12.5714285714,True,0.522450055395
0.002,35,50,2,12,12,True,0.502452611923
0.002,35,50,3,14,13.8571428571,True,0.499828274761
0.002,35,75,1,16.8571428571,16.8571428571,True,0.753170626504
0.002,35,75,2,15.8571428571,15.8571428571,True,0.752971862044
0.002,35,75,3,19.2857142857,19.2857142857,True,0.754113052573
0.002,35,90,1,29.4285714286,29.4285714286,True,0.900326541492
0.002,35,90,2,27.5714285714,27.5714285714,True,0.900518187455
0.002,35,90,3,32.5714285714,32.5714285714,True,0.900473279612
0.002,35,95,1,35.5714285714,35.5714285714,True,0.950609956469
0.002,35,95,2,34.8571428571,34.8571428571,True,0.950415841171
0.002,35,95,3,36.5714285714,36.5714285714,True,0.950294954436
0.002,35,99,1,inf,inf,False,
0.002,35,99,2,40,40,True,0.990059316158
0.002,35,99,3,inf,inf,False,
0.002,36,50,1,12.5714285714,12.5714285714,True,0.522829468761
0.002,36,50,2,12,12,True,0.502993643284
0.002,36,50,3,13.8571428571,13.8571428571,True,0.500859000853
0.002,36,75,1,16.8571428571,16.8571428571,True,0.753714220864
0.002,36,75,2,15.8571428571,15.8571428571,True,0.753632000514
0.002,36,75,3,19.2857142857,19.2857142857,True,0.75450114693
0.002,36,90,1,29.4285714286,29.4285714286,True,0.900422956262
0.002,36,90,2,27.5714285714,27.5714285714,True,0.900735480445
0.002,36,90,3,32.5714285714,32.5714285714,True,0.90067250388
0.002,36,95,1,35.5714285714,35.5714285714,True,0.950740814209
0.002,36,95,2,34.8571428571,34.8571428571,True,0.950570634433
0.002,36,95,3,36.5714285714,36.5714285714,True,0.950268873147
0.002,36,99,1,inf,inf,False,
0.002,36,99,2,40,40,True,0.990125715733
0.002,36,99,3,inf,inf,False,
0.002,37,50,1,12.5714285714,12.5714285714,True,0.523093845163
0.002,37,50,2,12,12,True,0.502809464931
0.002,37,50,3,13.8571428571,13.8571428571,True,0.501050706421
0.002,37,75,1,16.8571428571,16.8571428571,True,0.753888751779
0.002,37,75,2,15.8571428571,15.8571428571,True,0.753703432424
0.002,37,75,3,19.2857142857,19.2857142857,True,0.754827959197
0.002,37,90,1,29.4285714286,29.4285714286,True,0.900991473879
0.002,37,90,2,27.5714285714,27.5714285714,True,0.900788128376
0.002,37,90,3,32.5714285714,32.5714285714,True,0.900602791991
0.002,37,95,1,35.5714285714,35.5714285714,True,0.950807733195
0.002,37,95,2,34.8571428571,34.8571428571,True,0.950540278639
0.002,37,95,3,36.5714285714,36.5714285714,True,0.950380197593
0.002,37,99,1,inf,inf,False,
0.002,37,99,2,40,40,True,0.990119755268
0.002,37,99,3,inf,inf,False,
0.002,38,50,1,12.5714285714,12.5714285714,True,0.523737877607
0.002,38,50,2,12,12,True,0.50138759613
0.002,38,50,3,13.8571428571,13.8571428571,True,0.502076306513
0.002,38,75,1,16.7142857143,16.8571428571,True,0.754861967904
0.002,38,75,2,15.8571428571,15.8571428571,True,0.75406067712
0.002,38,75,3,19.2857142857,19.2857142857,True,0.754912223135
0.002,38,90,1,29.4285714286,29.4285714286,True,0.90091925008
0.002,38,90,2,27.5714285714,27.5714285714,True,0.900948269027
0.002,38,90,3,32.5714285714,32.5714285714,True,0.900995961257
0.002,38,95,1,35.5714285714,35.5714285714,True,0.950922557286
0.002,38,95,2,34.8571428571,34.8571428571,True,0.950586174216
0.002,38,95,3,36.5714285714,36.5714285714,True,0.950451459203
0.002,38,99,1,inf,inf,False,
0.002,38,99,2,40,40,True,0.990068852901
0.002,38,99,3,inf,inf,False,
0.002,39,50,1,12.5714285714,12.5714285714,True,0.523531637021
0.002,39,50,2,12,12,True,0.503327429295
0.002,39,50,3,14,13.8571428571,True,0.499827099698
0.002,39,75,1,16.8571428571,16.8571428571,True,0.753769712789
0.002,39,75,2,15.8571428571,15.8571428571,True,0.754638578211
0.002,39,75,3,19.2857142857,19.2857142857,True,0.753856480122
0.002,39,90,1,29.4285714286,29.4285714286,True,0.900954195431
0.002,39,90,2,27.5714285714,27.5714285714,True,0.900776513985
0.002,39,90,3,32.5714285714,32.5714285714,True,0.900381820542
0.002,39,95,1,35.5714285714,35.5714285714,True,0.95080856766
0.002,39,95,2,34.8571428571,34.8571428571,True,0.950633985656
0.002,39,95,3,36.5714285714,36.5714285714,True,0.950262682778
0.002,39,99,1,inf,inf,False,
0.002,39,99,2,40,40,True,0.990144610405
0.002,39,99,3,inf,inf,False,
0.002,40,50,1,12.5714285714,12.5714285714,True,0.523142367601
0.002,40,50,2,12,12,True,0.502368748188
0.002,40,50,3,13.8571428571,13.8571428571,True,0.502519271203
0.002,40,75,1,16.8571428571,16.8571428571,True,0.753442823887
0.002,40,75,2,15.8571428571,15.8571428571,True,0.753913904939
0.002,40,75,3,19.2857142857,19.2857142857,True,0.755168506077
0.002,40,90,1,29.4285714286,29.4285714286,True,0.900851956436
0.002,40,90,2,27.5714285714,27.5714285714,True,0.90059947116
0.002,40,90,3,32.5714285714,32.5714285714,True,0.901083154338
0.002,40,95,1,35.5714285714,35.5714285714,True,0.950681626797
0.002,40,95,2,34.8571428571,34.8571428571,True,0.95050153562
0.002,40,95,3,36.5714285714,36.5714285714,True,0.950550709452
0.002,40,99,1,inf,inf,False,
0.002,40,99,2,40,40,True,0.990088403225
0.002,40,99,3,inf,inf,False,
0.002,41,50,1,12.5714285714,12.5714285714,True,0.522460899183
0.002,41,50,2,12,12,True,0.502024352551
0.002,41,50,3,13.8571428571,13.8571428571,True,0.501894290958
0.002,41,75,1,16.8571428571,16.8571428571,True,0.753306227071
0.002,41,75,2,15.8571428571,15.8571428571,True,0.752710981028
0.002,41,75,3,19.2857142857,19.2857142857,True,0.755146205425
0.002,41,90,1,29.4285714286,29.4285714286,True,0.900731733867
0.002,41,90,2,27.5714285714,27.5714285714,True,0.900387465954
0.002,41,90,3,32.5714285714,32.5714285714,True,0.900969292436
0.002,41,95,1,35.5714285714,35.5714285714,True,0.950666333948
0.002,41,95,2,34.8571428571,34.8571428571,True,0.950390219688
0.002,41,95,3,36.5714285714,36.5714285714,True,0.950470634869
0.002,41,99,1,inf,inf,False,
0.002,41,99,2,40,40,True,0.99007076025
0.002,41,99,3,inf,inf,False,
0.002,42,50,1,12.5714285714,12.5714285714,True,0.523132345506
0.002,42,50,2,12,12,True,0.503315389156
0.002,42,50,3,13.8571428571,13.8571428571,True,0.500415452889
0.002,42,75,1,16.8571428571,16.8571428571,True,0.752915791103
0.002,42,75,2,15.8571428571,15.8571428571,True,0.754489072732
0.002,42,75,3,19.2857142857,19.2857142857,True,0.754477466856
0.002,42,90,1,29.4285714286,29.4285714286,True,0.90063895498
0.002,42,90,2,27.5714285714,27.5714285714,True,0.900737328189
0.002,42,90,3,32.5714285714,32.5714285714,True,0.900633488383
0.002,42,95,1,35.5714285714,35.5714285714,True,0.950626347746
0.002,42,95,2,34.8571428571,34.8571428571,True,0.950647992747
0.002,42,95,3,36.5714285714,36.5714285714,True,0.950362733432
0.002,42,99,1,inf,inf,False,
0.002,42,99,2,40,40,True,0.990111768246
0.002,42,99,3,inf,inf,False,
0.002,43,50,1,12.5714285714,12.5714285714,True,0.523277393409
0.002,43,50,2,12,12,True,0.501009464264
0.002,43,50,3,14,13.8571428571,True,0.499212809971
0.002,43,75,1,16.8571428571,16.8571428571,True,0.753856556756
0.002,43,75,2,15.8571428571,15.8571428571,True,0.753652853625
0.002,43,75,3,19.2857142857,19.2857142857,True,0.753198759896
0.002,43,90,1,29.4285714286,29.4285714286,True,0.900807023048
0.002,43,90,2,27.5714285714,27.5714285714,True,0.900491808142
0.002,43,90,3,32.5714285714,32.5714285714,True,0.900385839599
0.002,43,95,1,35.5714285714,35.5714285714,True,0.950813889503
0.002,43,95,2,34.8571428571,34.8571428571,True,0.950444076742
0.002,43,95,3,36.5714285714,36.5714285714,True,0.950192059789
0.002,43,99,1,inf,inf,False,
0.002,43,99,2,40,40,True,0.990032732487
0.002,43,99,3,inf,inf,False,
0.002,44,50,1,12.5714285714,12.5714285714,True,0.522590339184
0.002,44,50,2,12,12,True,0.501865148544
0.002,44,50,3,13.8571428571,13.8571428571,True,0.500748383147
0.002,44,75,1,16.8571428571,16.8571428571,True,0.753267833165
0.002,44,75,2,15.8571428571,15.8571428571,True,0.753242433071
0.002,44,75,3,19.2857142857,19.2857142857,True,0.753774711064
0.002,44,90,1,29.4285714286,29.4285714286,True,0.900425451142
0.002,44,90,2,27.5714285714,27.5714285714,True,0.90048366785
0.002,44,90,3,32.5714285714,32.5714285714,True,0.900422802993
0.002,44,95,1,35.5714285714,35.5714285714,True,0.950634683881
0.002,44,95,2,34.8571428571,34.8571428571,True,0.950438857079
0.002,44,95,3,36.5714285714,36.5714285714,True,0.950277183737
0.002,44,99,1,inf,inf,False,
0.002,44,99,2,40,40,True,0.990095376968
0.002,44,99,3,inf,inf,False,
0.002,45,50,1,12.5714285714,12.5714285714,True,0.523383153336
0.002,45,50,2,12,12,True,0.501876711845
0.002,45,50,3,14,13.8571428571,True,0.499425534691
0.002,45,75,1,16.7142857143,16.8571428571,True,0.754769163472
0.002,45,75,2,15.8571428571,15.8571428571,True,0.753141777856
0.002,45,75,3,19.2857142857,19.2857142857,True,0.753550691264
0.002,45,90,1,29.4285714286,29.4285714286,True,0.901075363159
0.002,45,90,2,27.5714285714,27.5714285714,True,0.900559782982
0.002,45,90,3,32.5714285714,32.5714285714,True,0.900406667164
0.002,45,95,1,35.5714285714,35.5714285714,True,0.951006310327
0.002,45,95,2,34.8571428571,34.8571428571,True,0.950397244522
0.002,45,95,3,36.5714285714,36.5714285714,True,0.950181160654
0.002,45,99,1,inf,inf,False,
0.002,45,99,2,40,40,True,0.990053713322
0.002,45,99,3,inf,inf,False,
0.002,46,50,1,12.5714285714,12.5714285714,True,0.523335427046
0.002,46,50,2,12,12,True,0.502252757549
0.002,46,50,3,14,13.8571428571,True,0.499898467745
0.002,46,75,1,16.7142857143,16.8571428571,True,0.755152276584
0.002,46,75,2,15.8571428571,15.8571428571,True,0.75261850868
0.002,46,75,3,19.2857142857,19.2857142857,True,0.753873101303
0.002,46,90,1,29.4285714286,29.4285714286,True,0.900739899703
0.002,46,90,2,27.5714285714,27.5714285714,True,0.900680150305
0.002,46,90,3,32.5714285714,32.5714285714,True,0.900526268142
0.002,46,95,1,35.5714285714,35.5714285714,True,0.950986794063
0.002,46,95,2,34.8571428571,34.8571428571,True,0.950383331094
0.002,46,95,3,36.5714285714,36.5714285714,True,0.950260434832
0.002,46,99,1,inf,inf,False,
0.002,46,99,2,40,40,True,0.99006575346
0.002,46,99,3,inf,inf,False,
0.002,47,50,1,12.5714285714,12.5714285714,True,0.523020207882
0.002,47,50,2,12,12,True,0.501143574715
0.002,47,50,3,14,13.8571428571,True,0.499884899173
0.002,47,75,1,16.7142857143,16.8571428571,True,0.755130009992
0.002,47,75,2,15.8571428571,15.8571428571,True,0.752086835248
0.002,47,75,3,19.2857142857,19.2857142857,True,0.753645232746
0.002,47,90,1,29.2857142857,29.4285714286,True,0.901166830744
0.002,47,90,2,27.5714285714,27.5714285714,True,0.900363062109
0.002,47,90,3,32.5714285714,32.5714285714,True,0.900425689561
0.002,47,95,1,35.5714285714,35.5714285714,True,0.951034043516
0.002,47,95,2,34.8571428571,34.8571428571,True,0.950262274061
0.002,47,95,3,36.5714285714,36.5714285714,True,0.950202141489
0.002,47,99,1,inf,inf,False,
0.002,47,99,2,40,40,True,0.990068256855
0.002,47,99,3,inf,inf,False,
0.002,48,50,1,12.5714285714,12.5714285714,True,0.52231332234
0.002,48,50,2,12,12,True,0.50357401371
0.002,48,50,3,13.7142857143,13.8571428571,True,0.504606191601
0.002,48,75,1,16.8571428571,16.8571428571,True,0.752658290522
0.002,48,75,2,15.8571428571,15.8571428571,True,0.753089572702
0.002,48,75,3,19.1428571429,19.2857142857,True,0.757041786398
0.002,48,90,1,29.5714285714,29.4285714286,True,0.899792867047
0.002,48,90,2,27.5714285714,27.5714285714,True,0.900658249855
0.002,48,90,3,32.4285714286,32.5714285714,True,0.901963242463
0.002,48,95,1,35.5714285714,35.5714285714,True,0.950482615403
0.002,48,95,2,34.8571428571,34.8571428571,True,0.950465185302
0.002,48,95,3,36.5714285714,36.5714285714,True,0.950808405876
0.002,48,99,1,inf,inf,False,
0.002,48,99,2,40,40,True,0.99013876915
0.002,48,99,3,inf,inf,False,
0.002,49,50,1,12.5714285714,12.5714285714,True,0.52318161726
0.002,49,50,2,12,12,True,0.501896798611
0.002,49,50,3,13.8571428571,13.8571428571,True,0.501471804721
0.002,49,75,1,16.7142857143,16.8571428571,True,0.754200884274
0.002,49,75,2,15.8571428571,15.8571428571,True,0.753350394113
0.002,49,75,3,19.2857142857,19.2857142857,True,0.754281980651
0.002,49,90,1,29.4285714286,29.4285714286,True,0.900874061244
0.002,49,90,2,27.5714285714,27.5714285714,True,0.900529980659
0.002,49,90,3,32.5714285714,32.5714285714,True,0.900789754731
0.002,49,95,1,35.5714285714,35.5714285714,True,0.950845139367
0.002,49,95,2,34.8571428571,34.8571428571,True,0.950397201947
0.002,49,95,3,36.5714285714,36.5714285714,True,0.950419613293
0.002,49,99,1,inf,inf,False,
0.002,49,99,2,40,40,True,0.990082800388
0.002,49,99,3,inf,inf,False,
0.002,50,50,1,12.5714285714,12.5714285714,True,0.523906873805
0.002,50,50,2,12,12,True,0.503179550171
0.002,50,50,3,13.8571428571,13.8571428571,True,0.500979466098
0.002,50,75,1,16.7142857143,16.8571428571,True,0.754770227841
0.002,50,75,2,15.7142857143,15.8571428571,True,0.75503467662
0.002,50,75,3,19.2857142857,19.2857142857,True,0.754482056413
0.002,50,90,1,29.2857142857,29.4285714286,True,0.90126237699
0.002,50,90,2,27.5714285714,27.5714285714,True,0.901043789727
0.002,50,90,3,32.5714285714,32.5714285714,True,0.9006986022
0.002,50,95,1,35.5714285714,35.5714285714,True,0.95093866757
0.002,50,95,2,34.8571428571,34.8571428571,True,0.95071296181
0.002,50,95,3,36.5714285714,36.5714285714,True,0.950387358665
0.002,50,99,1,inf,inf,False,
0.002,50,99,2,40,40,True,0.990186929703
0.002,50,99,3,inf,inf,False,
0.002,51,50,1,12.5714285714,12.5714285714,True,0.523668012449
0.002,51,50,2,12,12,True,0.503060400486
0.002,51,50,3,13.8571428571,13.8571428571,True,0.502179052149
0.002,51,75,1,16.7142857143,16.8571428571,True,0.755188201155
0.002,51,75,2,15.8571428571,15.8571428571,True,0.753518257822
0.002,51,75,3,19.2857142857,19.2857142857,True,0.755334632737
0.002,51,90,1,29.2857142857,29.4285714286,True,0.901413474764
0.002,51,90,2,27.5714285714,27.5714285714,True,0.9006524086
0.002,51,90,3,32.5714285714,32.5714285714,True,0.901296990258
0.002,51,95,1,35.5714285714,35.5714285714,True,0.95101921899
0.002,51,95,2,34.8571428571,34.8571428571,True,0.950520021575
0.002,51,95,3,36.5714285714,36.5714285714,True,0.950490083013
0.002,51,99,1,inf,inf,False,
0.002,51,99,2,40,40,True,0.990087985992
0.002,51,99,3,inf,inf,False,
0.002,52,50,1,12.5714285714,12.5714285714,True,0.523045850652
0.002,52,50,2,12,12,True,0.503106355667
0.002,52,50,3,13.8571428571,13.8571428571,True,0.502084382943
0.002,52,75,1,16.8571428571,16.8571428571,True,0.753793537617
0.002,52,75,2,15.8571428571,15.8571428571,True,0.753178707191
0.002,52,75,3,19.2857142857,19.2857142857,True,0.755478739738
0.002,52,90,1,29.4285714286,29.4285714286,True,0.900761050837
0.002,52,90,2,27.5714285714,27.5714285714,True,0.900684314115
0.002,52,90,3,32.5714285714,32.5714285714,True,0.900979970183
0.002,52,95,1,35.5714285714,35.5714285714,True,0.950781524181
0.002,52,95,2,34.8571428571,34.8571428571,True,0.950393072196
0.002,52,95,3,36.5714285714,36.5714285714,True,0.950605298792
0.002,52,99,1,inf,inf,False,
0.002,52,99,2,40,40,True,0.990136802197
0.002,52,99,3,inf,inf,False,
0.002,53,50,1,12.5714285714,12.5714285714,True,0.523771630866
0.002,53,50,2,12,12,True,0.502294182777
0.002,53,50,3,13.8571428571,13.8571428571,True,0.502186217478
0.002,53,75,1,16.8571428571,16.8571428571,True,0.753435475486
0.002,53,75,2,15.7142857143,15.8571428571,True,0.755246758461
0.002,53,75,3,19.2857142857,19.2857142857,True,0.755946772439
0.002,53,90,1,29.4285714286,29.4285714286,True,0.900480100087
0.002,53,90,2,27.5714285714,27.5714285714,True,0.901225490229
0.002,53,90,3,32.5714285714,32.5714285714,True,0.901234175478
0.002,53,95,1,35.5714285714,35.5714285714,True,0.950704395771
0.002,53,95,2,34.8571428571,34.8571428571,True,0.950745846544
0.002,53,95,3,36.5714285714,36.5714285714,True,0.950623767717
0.002,53,99,1,inf,inf,False,
0.002,53,99,2,40,40,True,0.990107893944
0.002,53,99,3,inf,inf,False,
0.002,54,50,1,12.5714285714,12.5714285714,True,0.523736928191
0.002,54,50,2,12,12,True,0.502308309078
0.002,54,50,3,13.8571428571,13.8571428571,True,0.501865889345
0.002,54,75,1,16.8571428571,16.8571428571,True,0.753932501589
0.002,54,75,2,15.8571428571,15.8571428571,True,0.75456817661
0.002,54,75,3,19.2857142857,19.2857142857,True,0.755398026534
0.002,54,90,1,29.4285714286,29.4285714286,True,0.901045816285
0.002,54,90,2,27.5714285714,27.5714285714,True,0.900970765523
0.002,54,90,3,32.5714285714,32.5714285714,True,0.900901504925
0.002,54,95,1,35.5714285714,35.5714285714,True,0.950806992395
0.002,54,95,2,34.8571428571,34.8571428571,True,0.950685901301
0.002,54,95,3,36.5714285714,36.5714285714,True,0.950506261417
0.002,54,99,1,inf,inf,False,
0.002,54,99,2,40,40,True,0.990147829056
0.002,54,99,3,inf,inf,False,
0.002,55,50,1,12.5714285714,12.5714285714,True,0.523353044476
0.002,55,50,2,12,12,True,0.502518355846
0.002,55,50,3,13.7142857143,13.8571428571,True,0.503587603569
0.002,55,75,1,16.8571428571,16.8571428571,True,0.753102464335
0.002,55,75,2,15.8571428571,15.8571428571,True,0.754642622811
0.002,55,75,3,19.1428571429,19.2857142857,True,0.756604390485
0.002,55,90,1,29.4285714286,29.4285714286,True,0.900873575892
0.002,55,90,2,27.5714285714,27.5714285714,True,0.900813238961
0.002,55,90,3,32.5714285714,32.5714285714,True,0.901593020984
0.002,55,95,1,35.5714285714,35.5714285714,True,0.950637527875
0.002,55,95,2,34.8571428571,34.8571428571,True,0.95069694519
0.002,55,95,3,36.5714285714,36.5714285714,True,0.950668598924
0.002,55,99,1,inf,inf,False,
0.002,55,99,2,40,40,True,0.990133225918
0.002,55,99,3,inf,inf,False,
0.002,56,50,1,12.5714285714,12.5714285714,True,0.522912527834
0.002,56,50,2,12,12,True,0.503410220146
0.002,56,50,3,13.8571428571,13.8571428571,True,0.500414601394
0.002,56,75,1,16.8571428571,16.8571428571,True,0.753411284515
0.002,56,75,2,15.8571428571,15.8571428571,True,0.75432320152
0.002,56,75,3,19.2857142857,19.2857142857,True,0.75378719398
0.002,56,90,1,29.4285714286,29.4285714286,True,0.900351481778
0.002,56,90,2,27.5714285714,27.5714285714,True,0.900971412659
0.002,56,90,3,32.5714285714,32.5714285714,True,0.900187918118
0.002,56,95,1,35.5714285714,35.5714285714,True,0.950661412307
0.002,56,95,2,34.8571428571,34.8571428571,True,0.950643275465
0.002,56,95,3,36.5714285714,36.5714285714,True,0.950277337006
0.002,56,99,1,inf,inf,False,
0.002,56,99,2,40,40,True,0.990156829357
0.002,56,99,3,inf,inf,False,
0.002,57,50,1,12.5714285714,12.5714285714,True,0.522389484303
0.002,57,50,2,12,12,True,0.502003133297
0.002,57,50,3,13.7142857143,13.8571428571,True,0.503168233803
0.002,57,75,1,16.8571428571,16.8571428571,True,0.752563084875
0.002,57,75,2,15.8571428571,15.8571428571,True,0.753199636936
0.002,57,75,3,19.2857142857,19.2857142857,True,0.755425368037
0.002,57,90,1,29.4285714286,29.4285714286,True,0.900558020387
0.002,57,90,2,27.5714285714,27.5714285714,True,0.900131762028
0.002,57,90,3,32.5714285714,32.5714285714,True,0.901556977204
0.002,57,95,1,35.5714285714,35.5714285714,True,0.950481985297
0.002,57,95,2,34.8571428571,34.8571428571,True,0.950428741319
0.002,57,95,3,36.5714285714,36.5714285714,True,0.950573171888
0.002,57,99,1,inf,inf,False,
0.002,57,99,2,40,40,True,0.99003213644
0.002,57,99,3,inf,inf,False,
0.002,58,50,1,12.5714285714,12.5714285714,True,0.52274374451
0.002,58,50,2,12,12,True,0.503684103489
0.002,58,50,3,13.8571428571,13.8571428571,True,0.5005177004
0.002,58,75,1,16.8571428571,16.8571428571,True,0.753435458456
0.002,58,75,2,15.8571428571,15.8571428571,True,0.753756753036
0.002,58,75,3,19.2857142857,19.2857142857,True,0.754759967327
0.002,58,90,1,29.4285714286,29.4285714286,True,0.90070601872
0.002,58,90,2,27.5714285714,27.5714285714,True,0.900673031807
0.002,58,90,3,32.5714285714,32.5714285714,True,0.900765504156
0.002,58,95,1,35.5714285714,35.5714285714,True,0.950711011887
0.002,58,95,2,34.8571428571,34.8571428571,True,0.9505049416
0.002,58,95,3,36.5714285714,36.5714285714,True,0.950415245124
0.002,58,99,1,inf,inf,False,
0.002,58,99,2,40,40,True,0.99014544487
0.002,58,99,3,inf,inf,False,
0.002,59,50,1,12.5714285714,12.5714285714,True,0.523021949189
0.002,59,50,2,12,12,True,0.502000391483
0.002,59,50,3,13.7142857143,13.8571428571,True,0.503335024629
0.002,59,75,1,16.7142857143,16.8571428571,True,0.754755863122
0.002,59,75,2,15.8571428571,15.8571428571,True,0.751953525203
0.002,59,75,3,19.2857142857,19.2857142857,True,0.755648238318
0.002,59,90,1,29.2857142857,29.4285714286,True,0.90118175745
0.002,59,90,2,27.5714285714,27.5714285714,True,0.900300621986
0.002,59,90,3,32.5714285714,32.5714285714,True,0.90133781944
0.002,59,95,1,35.5714285714,35.5714285714,True,0.950930586883
0.002,59,95,2,34.8571428571,34.8571428571,True,0.950280572687
0.002,59,95,3,36.5714285714,36.5714285714,True,0.950528025627
0.002,59,99,1,inf,inf,False,
0.002,59,99,2,40,40,True,0.990074396133
0.002,59,99,3,inf,inf,False,
0.002,60,50,1,12.5714285714,12.5714285714,True,0.522697154965
0.002,60,50,2,12,12,True,0.502538383007
0.002,60,50,3,13.8571428571,13.8571428571,True,0.501249398504
0.002,60,75,1,16.8571428571,16.8571428571,True,0.753399091108
0.002,60,75,2,15.8571428571,15.8571428571,True,0.753313422203
0.002,60,75,3,19.2857142857,19.2857142857,True,0.754670228277
0.002,60,90,1,29.4285714286,29.4285714286,True,0.9007957748
0.002,60,90,2,27.5714285714,27.5714285714,True,0.900562490736
0.002,60,90,3,32.5714285714,32.5714285714,True,0.900694063732
0.002,60,95,1,35.5714285714,35.5714285714,True,0.950713540827
0.002,60,95,2,34.8571428571,34.8571428571,True,0.950505239623
0.002,60,95,3,36.5714285714,36.5714285714,True,0.950369920049
0.002,60,99,1,inf,inf,False,
0.002,60,99,2,40,40,True,0.990122497082
0.002,60,99,3,inf,inf,False,
0.002,61,50,1,12.5714285714,12.5714285714,True,0.523825820003
0.002,61,50,2,12,12,True,0.502795755863
0.002,61,50,3,13.8571428571,13.8571428571,True,0.500057314123
0.002,61,75,1,16.7142857143,16.8571428571,True,0.755407852786
0.002,61,75,2,15.8571428571,15.8571428571,True,0.753565405096
0.002,61,75,3,19.2857142857,19.2857142857,True,0.75421077013
0.002,61,90,1,29.2857142857,29.4285714286,True,0.901587315968
0.002,61,90,2,27.5714285714,27.5714285714,True,0.900782925742
0.002,61,90,3,32.5714285714,32.5714285714,True,0.900455951691
0.002,61,95,1,35.5714285714,35.5714285714,True,0.951022335461
0.002,61,95,2,34.8571428571,34.8571428571,True,0.950544553144
0.002,61,95,3,36.5714285714,36.5714285714,True,0.95030939579
0.002,61,99,1,inf,inf,False,
0.002,61,99,2,40,40,True,0.9901304245
0.002,61,99,3,inf,inf,False,
0.002,62,50,1,12.5714285714,12.5714285714,True,0.523810442005
0.002,62,50,2,12,12,True,0.501802146435
0.002,62,50,3,13.8571428571,13.8571428571,True,0.502742299012
0.002,62,75,1,16.7142857143,16.8571428571,True,0.755439077105
0.002,62,75,2,15.8571428571,15.8571428571,True,0.753243684769
0.002,62,75,3,19.2857142857,19.2857142857,True,0.755821977343
0.002,62,90,1,29.4285714286,29.4285714286,True,0.900988263743
0.002,62,90,2,27.5714285714,27.5714285714,True,0.900891976697
0.002,62,90,3,32.5714285714,32.5714285714,True,0.901439820017
0.002,62,95,1,35.5714285714,35.5714285714,True,0.950964280537
0.002,62,95,2,34.8571428571,34.8571428571,True,0.950555843966
0.002,62,95,3,36.5714285714,36.5714285714,True,0.950566785676
0.002,62,99,1,inf,inf,False,
0.002,62,99,2,40,40,True,0.990055024624
0.002,62,99,3,inf,inf,False,
0.002,63,50,1,12.5714285714,12.5714285714,True,0.522961786815
0.002,63,50,2,12,12,True,0.503750741482
0.002,63,50,3,13.8571428571,13.8571428571,True,0.501800588199
0.002,63,75,1,16.8571428571,16.8571428571,True,0.753802069596
0.002,63,75,2,15.8571428571,15.8571428571,True,0.753067851067
0.002,63,75,3,19.2857142857,19.2857142857,True,0.755747164999
0.002,63,90,1,29.4285714286,29.4285714286,True,0.900324838502
0.002,63,90,2,27.5714285714,27.5714285714,True,0.900830566883
0.002,63,90,3,32.5714285714,32.5714285714,True,0.901128998825
0.002,63,95,1,35.5714285714,35.5714285714,True,0.950798928738
0.002,63,95,2,34.8571428571,34.8571428571,True,0.950417867729
0.002,63,95,3,36.5714285714,36.5714285714,True,0.95057365724
0.002,63,99,1,inf,inf,False,
0.002,63,99,2,40,40,True,0.990108728409
0.002,63,99,3,inf,inf,False,
0.002,64,50,1,12.5714285714,12.5714285714,True,0.523220445429
0.002,64,50,2,12,12,True,0.501368463039
0.002,64,50,3,13.8571428571,13.8571428571,True,0.503039415394
0.002,64,75,1,16.8571428571,16.8571428571,True,0.753739041942
0.002,64,75,2,15.8571428571,15.8571428571,True,0.753901473113
0.002,64,75,3,19.2857142857,19.2857142857,True,0.75534420354
0.002,64,90,1,29.4285714286,29.4285714286,True,0.900141000748
0.002,64,90,2,27.5714285714,27.5714285714,True,0.900829809053
0.002,64,90,3,32.5714285714,32.5714285714,True,0.901401851858
0.002,64,95,1,35.5714285714,35.5714285714,True,0.950718266623
0.002,64,95,2,34.8571428571,34.8571428571,True,0.950502063547
0.002,64,95,3,36.5714285714,36.5714285714,True,0.950581439904
0.002,64,99,1,inf,inf,False,
0.002,64,99,2,40,40,True,0.990068018436
0.002,64,99,3,inf,inf,False,
0.002,65,50,1,12.5714285714,12.5714285714,True,0.523413313287
0.002,65,50,2,12,12,True,0.501848399639
0.002,65,50,3,13.8571428571,13.8571428571,True,0.501455864736
0.002,65,75,1,16.7142857143,16.8571428571,True,0.755067007882
0.002,65,75,2,15.8571428571,15.8571428571,True,0.752836014543
0.002,65,75,3,19.2857142857,19.2857142857,True,0.754701708044
0.002,65,90,1,29.4285714286,29.4285714286,True,0.901042657239
0.002,65,90,2,27.5714285714,27.5714285714,True,0.900576642581
0.002,65,90,3,32.5714285714,32.5714285714,True,0.901008469718
0.002,65,95,1,35.5714285714,35.5714285714,True,0.950942669596
0.002,65,95,2,34.8571428571,34.8571428571,True,0.950401527541
0.002,65,95,3,36.5714285714,36.5714285714,True,0.950420022011
0.002,65,99,1,inf,inf,False,
0.002,65,99,2,40,40,True,0.990063011646
0.002,65,99,3,inf,inf,False,
0.002,66,50,1,12.5714285714,12.5714285714,True,0.522366161857
0.002,66,50,2,12,12,True,0.500398695469
0.002,66,50,3,13.8571428571,13.8571428571,True,0.500976179327
0.002,66,75,1,16.8571428571,16.8571428571,True,0.753379566329
0.002,66,75,2,15.8571428571,15.8571428571,True,0.752058242049
0.002,66,75,3,19.2857142857,19.2857142857,True,0.75436344317
0.002,66,90,1,29.4285714286,29.4285714286,True,0.900535447257
0.002,66,90,2,27.5714285714,27.5714285714,True,0.900141443525
0.002,66,90,3,32.5714285714,32.5714285714,True,0.900888783591
0.002,66,95,1,35.5714285714,35.5714285714,True,0.950691912855
0.002,66,95,2,34.8571428571,34.8571428571,True,0.950225370271
0.002,66,95,3,36.5714285714,36.5714285714,True,0.950321299689
0.002,66,99,1,inf,inf,False,
0.002,66,99,2,40,40,True,0.99001455307
0.002,66,99,3,inf,inf,False,
0.002,67,50,1,12.4285714286,12.5714285714,True,0.524099724633
0.002,67,50,2,12,12,True,0.5035110116
0.002,67,50,3,13.8571428571,13.8571428571,True,0.500643734421
0.002,67,75,1,16.7142857143,16.8571428571,True,0.754618227482
0.002,67,75,2,15.7142857143,15.8571428571,True,0.755398213863
0.002,67,75,3,19.2857142857,19.2857142857,True,0.754862640585
0.002,67,90,1,29.4285714286,29.4285714286,True,0.901003301144
0.002,67,90,2,27.5714285714,27.5714285714,True,0.901162905352
0.002,67,90,3,32.5714285714,32.5714285714,True,0.900993909155
0.002,67,95,1,35.5714285714,35.5714285714,True,0.950951116426
0.002,67,95,2,34.8571428571,34.8571428571,True,0.95075910432
0.002,67,95,3,36.5714285714,36.5714285714,True,0.950431125505
0.002,67,99,1,inf,inf,False,
0.002,67,99,2,40,40,True,0.990104794502
0.002,67,99,3,inf,inf,False,
0.002,68,50,1,12.5714285714,12.5714285714,True,0.522629452603
0.002,68,50,2,12,12,True,0.502077400684
0.002,68,50,3,13.8571428571,13.8571428571,True,0.501893247877
0.002,68,75,1,16.8571428571,16.8571428571,True,0.753454276494
0.002,68,75,2,15.8571428571,15.8571428571,True,0.752560045038
0.002,68,75,3,19.2857142857,19.2857142857,True,0.754962980747
0.002,68,90,1,29.4285714286,29.4285714286,True,0.900519209249
0.002,68,90,2,27.5714285714,27.5714285714,True,0.900434247085
0.002,68,90,3,32.5714285714,32.5714285714,True,0.90089235987
0.002,68,95,1,35.5714285714,35.5714285714,True,0.950723034995
0.002,68,95,2,34.8571428571,34.8571428571,True,0.95036310809
0.002,68,95,3,36.5714285714,36.5714285714,True,0.950416590486
0.002,68,99,1,inf,inf,False,
0.002,68,99,2,40,40,True,0.990109324455
0.002,68,99,3,inf,inf,False,
0.002,69,50,1,12.5714285714,12.5714285714,True,0.523594685963
0.002,69,50,2,12,12,True,0.501704216003
0.002,69,50,3,13.8571428571,13.8571428571,True,0.501663561378
0.002,69,75,1,16.8571428571,16.8571428571,True,0.753963700363
0.002,69,75,2,15.8571428571,15.8571428571,True,0.754187192236
0.002,69,75,3,19.2857142857,19.2857142857,True,0.754844248295
0.002,69,90,1,29.4285714286,29.4285714286,True,0.900366553238
0.002,69,90,2,27.5714285714,27.5714285714,True,0.90093170745
0.002,69,90,3,32.5714285714,32.5714285714,True,0.900984985488
0.002,69,95,1,35.5714285714,35.5714285714,True,0.950764707157
0.002,69,95,2,34.8571428571,34.8571428571,True,0.950562366417
0.002,69,95,3,36.5714285714,36.5714285714,True,0.950466854232
0.002,69,99,1,inf,inf,False,
0.002,69,99,2,40,40,True,0.990055501461
0.002,69,99,3,inf,inf,False,
0.002,70,50,1,12.5714285714,12.5714285714,True,0.52286200864
0.002,70,50,2,12,12,True,0.502952218056
0.002,70,50,3,14,13.8571428571,True,0.499932697841
0.002,70,75,1,16.8571428571,16.8571428571,True,0.75282642671
0.002,70,75,2,15.8571428571,15.8571428571,True,0.754350764411
0.002,70,75,3,19.2857142857,19.2857142857,True,0.753766528198
0.002,70,90,1,29.4285714286,29.4285714286,True,0.9002093247
0.002,70,90,2,27.5714285714,27.5714285714,True,0.900782917227
0.002,70,90,3,32.5714285714,32.5714285714,True,0.900392804827
0.002,70,95,1,35.5714285714,35.5714285714,True,0.950569731849
0.002,70,95,2,34.8571428571,34.8571428571,True,0.950633585453
0.002,70,95,3,36.5714285714,36.5714285714,True,0.95025991542
0.002,70,99,1,inf,inf,False,
0.002,70,99,2,40,40,True,0.990088403225
0.002,70,99,3,inf,inf,False,
0.002,71,50,1,12.5714285714,12.5714285714,True,0.522140656199
0.002,71,50,2,12,12,True,0.502335786819
0.002,71,50,3,13.8571428571,13.8571428571,True,0.502293965646
0.002,71,75,1,16.8571428571,16.8571428571,True,0.752933365958
0.002,71,75,2,15.8571428571,15.8571428571,True,0.752052588122
0.002,71,75,3,19.2857142857,19.2857142857,True,0.755617695195
0.002,71,90,1,29.4285714286,29.4285714286,True,0.900677885328
0.002,71,90,2,27.5714285714,27.5714285714,True,0.900136802878
0.002,71,90,3,32.5714285714,32.5714285714,True,0.90120026895
0.002,71,95,1,35.5714285714,35.5714285714,True,0.950607197625
0.002,71,95,2,34.8571428571,34.8571428571,True,0.950247168541
0.002,71,95,3,36.5714285714,36.5714285714,True,0.950526603631
0.002,71,99,1,inf,inf,False,
0.002,71,99,2,40,40,True,0.990089654922
0.002,71,99,3,inf,inf,False,
0.002,72,50,1,12.5714285714,12.5714285714,True,0.523031783955
0.002,72,50,2,12,12,True,0.503911554813
0.002,72,50,3,13.8571428571,13.8571428571,True,0.501367015498
0.002,72,75,1,16.8571428571,16.8571428571,True,0.753609393324
0.002,72,75,2,15.8571428571,15.8571428571,True,0.754016050271
0.002,72,75,3,19.2857142857,19.2857142857,True,0.755698348795
0.002,72,90,1,29.4285714286,29.4285714286,True,0.900661715439
0.002,72,90,2,27.5714285714,27.5714285714,True,0.901003215994
0.002,72,90,3,32.5714285714,32.5714285714,True,0.900902211666
0.002,72,95,1,35.5714285714,35.5714285714,True,0.950739690236
0.002,72,95,2,34.8571428571,34.8571428571,True,0.950594067574
0.002,72,95,3,36.5714285714,36.5714285714,True,0.950553153242
0.002,72,99,1,inf,inf,False,
0.002,72,99,2,40,40,True,0.990160524845
0.002,72,99,3,inf,inf,False,
0.002,73,50,1,12.5714285714,12.5714285714,True,0.523932989155
0.002,73,50,2,12,12,True,0.502950072289
0.002,73,50,3,13.8571428571,13.8571428571,True,0.500778330224
0.002,73,75,1,16.8571428571,16.8571428571,True,0.754010174956
0.002,73,75,2,15.7142857143,15.8571428571,True,0.75549274683
0.002,73,75,3,19.2857142857,19.2857142857,True,0.753817124026
0.002,73,90,1,29.4285714286,29.4285714286,True,0.900653174945
0.002,73,90,2,27.5714285714,27.5714285714,True,0.901153445244
0.002,73,90,3,32.5714285714,32.5714285714,True,0.900517506259
0.002,73,95,1,35.5714285714,35.5714285714,True,0.950758806297
0.002,73,95,2,34.8571428571,34.8571428571,True,0.95083375488
0.002,73,95,3,36.5714285714,36.5714285714,True,0.950314879417
0.002,73,99,1,inf,inf,False,
0.002,73,99,2,40,40,True,0.990101516247
0.002,73,99,3,inf,inf,False,
0.002,74,50,1,12.5714285714,12.5714285714,True,0.523515714066
0.002,74,50,2,12,12,True,0.50183057785
0.002,74,50,3,13.8571428571,13.8571428571,True,0.500849166087
0.002,74,75,1,16.7142857143,16.8571428571,True,0.754694913115
0.002,74,75,2,15.8571428571,15.8571428571,True,0.753881769521
0.002,74,75,3,19.2857142857,19.2857142857,True,0.753764825208
0.002,74,90,1,29.4285714286,29.4285714286,True,0.901056468487
0.002,74,90,2,27.5714285714,27.5714285714,True,0.900519090039
0.002,74,90,3,32.5714285714,32.5714285714,True,0.900873064995
0.002,74,95,1,35.5714285714,35.5714285714,True,0.950882324151
0.002,74,95,2,34.8571428571,34.8571428571,True,0.950524500438
0.002,74,95,3,36.5714285714,36.5714285714,True,0.950271819319
0.002,74,99,1,inf,inf,False,
0.002,74,99,2,40,40,True,0.990052878857
0.002,74,99,3,inf,inf,False,
0.002,75,50,1,12.5714285714,12.5714285714,True,0.523160823754
0.002,75,50,2,12,12,True,0.502832949162
0.002,75,50,3,13.8571428571,13.8571428571,True,0.500366232225
0.002,75,75,1,16.8571428571,16.8571428571,True,0.753405766828
0.002,75,75,2,15.8571428571,15.8571428571,True,0.754410769258
0.002,75,75,3,19.2857142857,19.2857142857,True,0.753865897655
0.002,75,90,1,29.4285714286,29.4285714286,True,0.900476949556
0.002,75,90,2,27.5714285714,27.5714285714,True,0.900731801987
0.002,75,90,3,32.5714285714,32.5714285714,True,0.900626080377
0.002,75,95,1,35.5714285714,35.5714285714,True,0.95067275422
0.002,75,95,2,34.8571428571,34.8571428571,True,0.950619297368
0.002,75,95,3,36.5714285714,36.5714285714,True,0.950291293008
0.002,75,99,1,inf,inf,False,
0.002,75,99,2,40,40,True,0.990104615688
0.002,75,99,3,inf,inf,False,
0.002,76,50,1,12.5714285714,12.5714285714,True,0.522949550833
0.002,76,50,2,12,12,True,0.502366304398
0.002,76,50,3,13.8571428571,13.8571428571,True,0.501580238342
0.002,76,75,1,16.8571428571,16.8571428571,True,0.753101834229
0.002,76,75,2,15.8571428571,15.8571428571,True,0.754432039601
0.002,76,75,3,19.2857142857,19.2857142857,True,0.754428233419
0.002,76,90,1,29.5714285714,29.4285714286,True,0.899835680212
0.002,76,90,2,27.5714285714,27.5714285714,True,0.900941516672
0.002,76,90,3,32.5714285714,32.5714285714,True,0.900833879198
0.002,76,95,1,35.5714285714,35.5714285714,True,0.950618760926
0.002,76,95,2,34.8571428571,34.8571428571,True,0.950616180897
0.002,76,95,3,36.5714285714,36.5714285714,True,0.950381117208
0.002,76,99,1,inf,inf,False,
0.002,76,99,2,40,40,True,0.990085780621
0.002,76,99,3,inf,inf,False,
0.002,77,50,1,12.5714285714,12.5714285714,True,0.522810761418
0.002,77,50,2,12,12,True,0.501207172871
0.002,77,50,3,13.8571428571,13.8571428571,True,0.500622242689
0.002,77,75,1,16.8571428571,16.8571428571,True,0.753769806453
0.002,77,75,2,15.8571428571,15.8571428571,True,0.752738790853
0.002,77,75,3,19.2857142857,19.2857142857,True,0.754018877234
0.002,77,90,1,29.4285714286,29.4285714286,True,0.900138761316
0.002,77,90,2,27.5714285714,27.5714285714,True,0.900593808719
0.002,77,90,3,32.5714285714,32.5714285714,True,0.900614363807
0.002,77,95,1,35.5714285714,35.5714285714,True,0.95074652774
0.002,77,95,2,34.8571428571,34.8571428571,True,0.950375054564
0.002,77,95,3,36.5714285714,36.5714285714,True,0.950302711555
0.002,77,99,1,inf,inf,False,
0.002,77,99,2,40,40,True,0.990053713322
0.002,77,99,3,inf,inf,False,
0.002,78,50,1,12.5714285714,12.5714285714,True,0.523465075663
0.002,78,50,2,12,12,True,0.502851307392
0.002,78,50,3,13.8571428571,13.8571428571,True,0.501986482314
0.002,78,75,1,16.7142857143,16.8571428571,True,0.754243637834
0.002,78,75,2,15.8571428571,15.8571428571,True,0.753743554865
0.002,78,75,3,19.2857142857,19.2857142857,True,0.755182870797
0.002,78,90,1,29.4285714286,29.4285714286,True,0.90100133419
0.002,78,90,2,27.5714285714,27.5714285714,True,0.900780320168
0.002,78,90,3,32.5714285714,32.5714285714,True,0.900883487293
0.002,78,95,1,35.5714285714,35.5714285714,True,0.950850682599
0.002,78,95,2,34.8571428571,34.8571428571,True,0.950533168656
0.002,78,95,3,36.5714285714,36.5714285714,True,0.950467748301
0.002,78,99,1,inf,inf,False,
0.002,78,99,2,40,40,True,0.990131258965
0.002,78,99,3,inf,inf,False,
0.002,79,50,1,12.5714285714,12.5714285714,True,0.523156259741
0.002,79,50,2,12,12,True,0.502173244953
0.002,79,50,3,14,13.8571428571,True,0.499744466373
0.002,79,75,1,16.8571428571,16.8571428571,True,0.753842830658
0.002,79,75,2,15.8571428571,15.8571428571,True,0.753460977759
0.002,79,75,3,19.2857142857,19.2857142857,True,0.753526849406
0.002,79,90,1,29.4285714286,29.4285714286,True,0.900643033641
0.002,79,90,2,27.5714285714,27.5714285714,True,0.900572257383
0.002,79,90,3,32.5714285714,32.5714285714,True,0.900309026241
0.002,79,95,1,35.5714285714,35.5714285714,True,0.950786445822
0.002,79,95,2,34.8571428571,34.8571428571,True,0.950377540929
0.002,79,95,3,36.5714285714,36.5714285714,True,0.950281015464
0.002,79,99,1,inf,inf,False,
0.002,79,99,2,40,40,True,0.990111231804
0.002,79,99,3,inf,inf,False,
0.002,80,50,1,12.4285714286,12.5714285714,True,0.524088016578
0.002,80,50,2,12,12,True,0.502342104912
0.002,80,50,3,13.8571428571,13.8571428571,True,0.501152047089
0.002,80,75,1,16.7142857143,16.8571428571,True,0.754870023046
0.002,80,75,2,15.8571428571,15.8571428571,True,0.754626486983
0.002,80,75,3,19.2857142857,19.2857142857,True,0.754544615746
0.002,80,90,1,29.2857142857,29.4285714286,True,0.901262811252
0.002,80,90,2,27.5714285714,27.5714285714,True,0.901073881558
0.002,80,90,3,32.5714285714,32.5714285714,True,0.900504180363
0.002,80,95,1,35.5714285714,35.5714285714,True,0.950955101422
0.002,80,95,2,34.8571428571,34.8571428571,True,0.9506206257
0.002,80,95,3,36.5714285714,36.5714285714,True,0.950429022312
0.002,80,99,1,inf,inf,False,
0.002,80,99,2,40,40,True,0.990123450756
0.002,80,99,3,inf,inf,False,
0.002,81,50,1,12.5714285714,12.5714285714,True,0.522713137524
0.002,81,50,2,12,12,True,0.502650499344
0.002,81,50,3,13.8571428571,13.8571428571,True,0.500803176846
0.002,81,75,1,16.8571428571,16.8571428571,True,0.75308827843
0.002,81,75,2,15.8571428571,15.8571428571,True,0.753696909973
0.002,81,75,3,19.2857142857,19.2857142857,True,0.754175748144
0.002,81,90,1,29.4285714286,29.4285714286,True,0.900533029011
0.002,81,90,2,27.5714285714,27.5714285714,True,0.90039986372
0.002,81,90,3,32.5714285714,32.5714285714,True,0.90077569655
0.002,81,95,1,35.5714285714,35.5714285714,True,0.950551799365
0.002,81,95,2,34.8571428571,34.8571428571,True,0.950547950608
0.002,81,95,3,36.5714285714,36.5714285714,True,0.950305547033
0.002,81,99,1,inf,inf,False,
0.002,81,99,2,40,40,True,0.990055799484
0.002,81,99,3,inf,inf,False,
0.002,82,50,1,12.5714285714,12.5714285714,True,0.52317244666
0.002,82,50,2,12,12,True,0.50311088562
0.002,82,50,3,13.8571428571,13.8571428571,True,0.502781352827
0.002,82,75,1,16.7142857143,16.8571428571,True,0.754517699991
0.002,82,75,2,15.8571428571,15.8571428571,True,0.753421383245
0.002,82,75,3,19.2857142857,19.2857142857,True,0.755692303181
0.002,82,90,1,29.4285714286,29.4285714286,True,0.900944343635
0.002,82,90,2,27.5714285714,27.5714285714,True,0.900820578848
0.002,82,90,3,32.5714285714,32.5714285714,True,0.901156331812
0.002,82,95,1,35.5714285714,35.5714285714,True,0.950874200889
0.002,82,95,2,34.8571428571,34.8571428571,True,0.950469357627
0.002,82,95,3,36.5714285714,36.5714285714,True,0.950582734176
0.002,82,99,1,inf,inf,False,
0.002,82,99,2,40,40,True,0.990145862103
0.002,82,99,3,inf,inf,False,
0.002,83,50,1,12.5714285714,12.5714285714,True,0.523277163506
0.002,83,50,2,12,12,True,0.502951562405
0.002,83,50,3,13.7142857143,13.8571428571,True,0.503484444959
0.002,83,75,1,16.7142857143,16.8571428571,True,0.754438008581
0.002,83,75,2,15.8571428571,15.8571428571,True,0.75401775326
0.002,83,75,3,19.2857142857,19.2857142857,True,0.75613956792
0.002,83,90,1,29.2857142857,29.4285714286,True,0.901225617954
0.002,83,90,2,27.5714285714,27.5714285714,True,0.900998183659
0.002,83,90,3,32.5714285714,32.5714285714,True,0.901297075408
0.002,83,95,1,35.5714285714,35.5714285714,True,0.950931216989
0.002,83,95,2,34.8571428571,34.8571428571,True,0.95055108411
0.002,83,95,3,36.5714285714,36.5714285714,True,0.950713796275
0.002,83,99,1,inf,inf,False,
0.002,83,99,2,40,40,True,0.990136802197
0.002,83,99,3,inf,inf,False,
0.002,84,50,1,12.5714285714,12.5714285714,True,0.522684718881
0.002,84,50,2,12,12,True,0.502583622932
0.002,84,50,3,14,13.8571428571,True,0.498195111752
0.002,84,75,1,16.8571428571,16.8571428571,True,0.753047806876
0.002,84,75,2,15.8571428571,15.8571428571,True,0.753810788904
0.002,84,75,3,19.2857142857,19.2857142857,True,0.752776026726
0.002,84,90,1,29.4285714286,29.4285714286,True,0.900611792292
0.002,84,90,2,27.5714285714,27.5714285714,True,0.900383242539
0.002,84,90,3,32.5714285714,32.5714285714,True,0.90006423848
0.002,84,95,1,35.5714285714,35.5714285714,True,0.950609215668
0.002,84,95,2,34.8571428571,34.8571428571,True,0.9504637037
0.002,84,95,3,36.5714285714,36.5714285714,True,0.950102107865
0.002,84,99,1,inf,inf,False,
0.002,84,99,2,40,40,True,0.990098714828
0.002,84,99,3,inf,inf,False,
0.002,85,50,1,12.5714285714,12.5714285714,True,0.522982695273
0.002,85,50,2,12,12,True,0.502658307552
0.002,85,50,3,13.8571428571,13.8571428571,True,0.502360160862
0.002,85,75,1,16.7142857143,16.8571428571,True,0.754510470799
0.002,85,75,2,15.8571428571,15.8571428571,True,0.752323372023
0.002,85,75,3,19.2857142857,19.2857142857,True,0.755687023912
0.002,85,90,1,29.4285714286,29.4285714286,True,0.900433335985
0.002,85,90,2,27.5714285714,27.5714285714,True,0.900718084403
0.002,85,90,3,32.5714285714,32.5714285714,True,0.901209243706
0.002,85,95,1,35.5714285714,35.5714285714,True,0.950831711292
0.002,85,95,2,34.8571428571,34.8571428571,True,0.950396563326
0.002,85,95,3,36.5714285714,36.5714285714,True,0.950523589339
0.002,85,99,1,inf,inf,False,
0.002,85,99,2,40,40,True,0.990069687366
0.002,85,99,3,inf,inf,False,
0.002,86,50,1,12.5714285714,12.5714285714,True,0.522641250065
0.002,86,50,2,12,12,True,0.50284832716
0.002,86,50,3,13.7142857143,13.8571428571,True,0.503771526473
0.002,86,75,1,16.8571428571,16.8571428571,True,0.753514042922
0.002,86,75,2,15.8571428571,15.8571428571,True,0.753033859389
0.002,86,75,3,19.2857142857,19.2857142857,True,0.756208734853
0.002,86,90,1,29.4285714286,29.4285714286,True,0.900181148733
0.002,86,90,2,27.5714285714,27.5714285714,True,0.900802254677
0.002,86,90,3,32.5714285714,32.5714285714,True,0.901376553944
0.002,86,95,1,35.5714285714,35.5714285714,True,0.950642636844
0.002,86,95,2,34.8571428571,34.8571428571,True,0.950492049967
0.002,86,95,3,36.5714285714,36.5714285714,True,0.950642900808
0.002,86,99,1,inf,inf,False,
0.002,86,99,2,40,40,True,0.990135788918
0.002,86,99,3,inf,inf,False,
0.002,87,50,1,12.5714285714,12.5714285714,True,0.522164642811
0.002,87,50,2,12,12,True,0.501777112484
0.002,87,50,3,13.8571428571,13.8571428571,True,0.500429868698
0.002,87,75,1,16.8571428571,16.8571428571,True,0.75146491187
0.002,87,75,2,15.8571428571,15.8571428571,True,0.753683507442
0.002,87,75,3,19.2857142857,19.2857142857,True,0.753816417285
0.002,87,90,1,29.5714285714,29.4285714286,True,0.899971706527
0.002,87,90,2,27.5714285714,27.5714285714,True,0.900268793106
0.002,87,90,3,32.5714285714,32.5714285714,True,0.900581581252
0.002,87,95,1,35.5714285714,35.5714285714,True,0.950337656907
0.002,87,95,2,34.8571428571,34.8571428571,True,0.950480682509
0.002,87,95,3,36.5714285714,36.5714285714,True,0.950270499502
0.002,87,99,1,inf,inf,False,
0.002,87,99,2,40,40,True,0.990062773228
0.002,87,99,3,inf,inf,False,
0.002,88,50,1,12.5714285714,12.5714285714,True,0.522922060319
0.002,88,50,2,12,12,True,0.503527522087
0.002,88,50,3,14,13.8571428571,True,0.499558776617
0.002,88,75,1,16.7142857143,16.8571428571,True,0.754641549928
0.002,88,75,2,15.8571428571,15.8571428571,True,0.75333654029
0.002,88,75,3,19.2857142857,19.2857142857,True,0.75360673666
0.002,88,90,1,29.4285714286,29.4285714286,True,0.900985573019
0.002,88,90,2,27.5714285714,27.5714285714,True,0.900699555874
0.002,88,90,3,32.5714285714,32.5714285714,True,0.900289714336
0.002,88,95,1,35.5714285714,35.5714285714,True,0.950928245272
0.002,88,95,2,34.8571428571,34.8571428571,True,0.950444945267
0.002,88,95,3,36.5714285714,36.5714285714,True,0.950269954545
0.002,88,99,1,inf,inf,False,
0.002,88,99,2,40,40,True,0.99012863636
0.002,88,99,3,inf,inf,False,
0.002,89,50,1,12.5714285714,12.5714285714,True,0.523332412754
0.002,89,50,2,12,12,True,0.502378880978
0.002,89,50,3,13.8571428571,13.8571428571,True,0.50034735884
0.002,89,75,1,16.8571428571,16.8571428571,True,0.754045648234
0.002,89,75,2,15.8571428571,15.8571428571,True,0.75420240845
0.002,89,75,3,19.2857142857,19.2857142857,True,0.753831224782
0.002,89,90,1,29.4285714286,29.4285714286,True,0.900879051004
0.002,89,90,2,27.5714285714,27.5714285714,True,0.900698389326
0.002,89,90,3,32.5714285714,32.5714285714,True,0.900512218475
0.002,89,95,1,35.5714285714,35.5714285714,True,0.950761122363
0.002,89,95,2,34.8571428571,34.8571428571,True,0.9506525227
0.002,89,95,3,36.5714285714,36.5714285714,True,0.950219486441
0.002,89,99,1,inf,inf,False,
0.002,89,99,2,40,40,True,0.990089535713
0.002,89,99,3,inf,inf,False,
0.002,90,50,1,12.5714285714,12.5714285714,True,0.523123647485
0.002,90,50,2,12,12,True,0.502706885338
0.002,90,50,3,13.8571428571,13.8571428571,True,0.500462544816
0.002,90,75,1,16.8571428571,16.8571428571,True,0.753776073456
0.002,90,75,2,15.8571428571,15.8571428571,True,0.753266368593
0.002,90,75,3,19.2857142857,19.2857142857,True,0.754731672151
0.002,90,90,1,29.4285714286,29.4285714286,True,0.90071109363
0.002,90,90,2,27.5714285714,27.5714285714,True,0.900728804725
0.002,90,90,3,32.5714285714,32.5714285714,True,0.900545060635
0.002,90,95,1,35.5714285714,35.5714285714,True,0.950777394431
0.002,90,95,2,34.8571428571,34.8571428571,True,0.950446724892
0.002,90,95,3,36.5714285714,36.5714285714,True,0.950395584106
0.002,90,99,1,inf,inf,False,
0.002,90,99,2,40,40,True,0.990095496178
0.002,90,99,3,inf,inf,False,
0.002,91,50,1,12.5714285714,12.5714285714,True,0.523055136204
0.002,91,50,2,12,12,True,0.502502381802
0.002,91,50,3,13.8571428571,13.8571428571,True,0.502918771335
0.002,91,75,1,16.8571428571,16.8571428571,True,0.753815123013
0.002,91,75,2,15.8571428571,15.8571428571,True,0.75335751261
0.002,91,75,3,19.2857142857,19.2857142857,True,0.756094838892
0.002,91,90,1,29.4285714286,29.4285714286,True,0.900737847601
0.002,91,90,2,27.5714285714,27.5714285714,True,0.900765555246
0.002,91,90,3,32.5714285714,32.5714285714,True,0.901205173561
0.002,91,95,1,35.5714285714,35.5714285714,True,0.950773639338
0.002,91,95,2,34.8571428571,34.8571428571,True,0.950441505228
0.002,91,95,3,36.5714285714,36.5714285714,True,0.950637825898
0.002,91,99,1,inf,inf,False,
0.002,91,99,2,40,40,True,0.990157067776
0.002,91,99,3,inf,inf,False,
0.002,92,50,1,12.5714285714,12.5714285714,True,0.522892585823
0.002,92,50,2,12,12,True,0.5016284585
0.002,92,50,3,13.8571428571,13.8571428571,True,0.502312745367
0.002,92,75,1,16.7142857143,16.8571428571,True,0.754356477942
0.002,92,75,2,15.8571428571,15.8571428571,True,0.752071329526
0.002,92,75,3,19.2857142857,19.2857142857,True,0.754802354745
0.002,92,90,1,29.4285714286,29.4285714286,True,0.900868994849
0.002,92,90,2,27.5714285714,27.5714285714,True,0.900238156319
0.002,92,90,3,32.5714285714,32.5714285714,True,0.901082490172
0.002,92,95,1,35.5714285714,35.5714285714,True,0.950810006687
0.002,92,95,2,34.8571428571,34.8571428571,True,0.95028338262
0.002,92,95,3,36.5714285714,36.5714285714,True,0.950439223221
0.002,92,99,1,inf,inf,False,
0.002,92,99,2,40,40,True,0.990054428577
0.002,92,99,3,inf,inf,False,
0.002,93,50,1,12.5714285714,12.5714285714,True,0.523135449205
0.002,93,50,2,12,12,True,0.502586305141
0.002,93,50,3,14,13.8571428571,True,0.499644867011
0.002,93,75,1,16.7142857143,16.8571428571,True,0.754245664392
0.002,93,75,2,15.8571428571,15.8571428571,True,0.753679599081
0.002,93,75,3,19.2857142857,19.2857142857,True,0.753325854029
0.002,93,90,1,29.4285714286,29.4285714286,True,0.900742224285
0.002,93,90,2,27.5714285714,27.5714285714,True,0.900780831064
0.002,93,90,3,32.5714285714,32.5714285714,True,0.900157792228
0.002,93,95,1,35.5714285714,35.5714285714,True,0.95091090032
0.002,93,95,2,34.8571428571,34.8571428571,True,0.950422005994
0.002,93,95,3,36.5714285714,36.5714285714,True,0.950243353844
0.002,93,99,1,inf,inf,False,
0.002,93,99,2,40,40,True,0.990132331848
0.002,93,99,3,inf,inf,False,
0.002,94,50,1,12.5714285714,12.5714285714,True,0.523722933871
0.002,94,50,2,12,12,True,0.502333879471
0.002,94,50,3,13.8571428571,13.8571428571,True,0.502242565155
0.002,94,75,1,16.7142857143,16.8571428571,True,0.754114985466
0.002,94,75,2,15.8571428571,15.8571428571,True,0.754201071603
0.002,94,75,3,19.2857142857,19.2857142857,True,0.755558363029
0.002,94,90,1,29.4285714286,29.4285714286,True,0.900414807456
0.002,94,90,2,27.5714285714,27.5714285714,True,0.901059099606
0.002,94,90,3,32.5714285714,32.5714285714,True,0.901194129671
0.002,94,95,1,35.5714285714,35.5714285714,True,0.950843087264
0.002,94,95,2,34.8571428571,34.8571428571,True,0.950603033815
0.002,94,95,3,36.5714285714,36.5714285714,True,0.950502685138
0.002,94,99,1,inf,inf,False,
0.002,94,99,2,40,40,True,0.990072011948
0.002,94,99,3,inf,inf,False,
0.002,95,50,1,12.5714285714,12.5714285714,True,0.52319928578
0.002,95,50,2,12,12,True,0.503692448139
0.002,95,50,3,13.8571428571,13.8571428571,True,0.50107643434
0.002,95,75,1,16.7142857143,16.8571428571,True,0.75472088371
0.002,95,75,2,15.8571428571,15.8571428571,True,0.753760482584
0.002,95,75,3,19.2857142857,19.2857142857,True,0.754710257053
0.002,95,90,1,29.2857142857,29.4285714286,True,0.901142103331
0.002,95,90,2,27.5714285714,27.5714285714,True,0.900827612196
0.002,95,90,3,32.5714285714,32.5714285714,True,0.900685633932
0.002,95,95,1,35.5714285714,35.5714285714,True,0.950989408152
0.002,95,95,2,34.8571428571,34.8571428571,True,0.950492126601
0.002,95,95,3,36.5714285714,36.5714285714,True,0.950385630131
0.002,95,99,1,inf,inf,False,
0.002,95,99,2,40,40,True,0.990151107311
0.002,95,99,3,inf,inf,False,
0.002,96,50,1,12.5714285714,12.5714285714,True,0.522493979761
0.002,96,50,2,12,12,True,0.501795947552
0.002,96,50,3,13.8571428571,13.8571428571,True,0.501832757677
0.002,96,75,1,16.8571428571,16.8571428571,True,0.752063316958
0.002,96,75,2,15.8571428571,15.8571428571,True,0.754159842219
0.002,96,75,3,19.2857142857,19.2857142857,True,0.75511018719
0.002,96,90,1,29.5714285714,29.4285714286,True,0.899932827268
0.002,96,90,2,27.5714285714,27.5714285714,True,0.900725798947
0.002,96,90,3,32.5714285714,32.5714285714,True,0.901057975633
0.002,96,95,1,35.5714285714,35.5714285714,True,0.950452625751
0.002,96,95,2,34.8571428571,34.8571428571,True,0.950550888266
0.002,96,95,3,36.5714285714,36.5714285714,True,0.950509079865
0.002,96,99,1,inf,inf,False,
0.002,96,99,2,40,40,True,0.990107536316
0.002,96,99,3,inf,inf,False,
0.002,97,50,1,12.5714285714,12.5714285714,True,0.524026909045
0.002,97,50,2,12,12,True,0.502253353596
0.002,97,50,3,13.8571428571,13.8571428571,True,0.502341359854
0.002,97,75,1,16.8571428571,16.8571428571,True,0.753639936447
0.002,97,75,2,15.7142857143,15.8571428571,True,0.755385662828
0.002,97,75,3,19.2857142857,19.2857142857,True,0.754931628704
0.002,97,90,1,29.4285714286,29.4285714286,True,0.900776377746
0.002,97,90,2,27.5714285714,27.5714285714,True,0.901001708848
0.002,97,90,3,32.5714285714,32.5714285714,True,0.901043755668
0.002,97,95,1,35.5714285714,35.5714285714,True,0.950731890542
0.002,97,95,2,34.8571428571,34.8571428571,True,0.950814179012
0.002,97,95,3,36.5714285714,36.5714285714,True,0.9504637037
0.002,97,99,1,inf,inf,False,
0.002,97,99,2,40,40,True,0.990034401417
0.002,97,99,3,inf,inf,False,
0.002,98,50,1,12.5714285714,12.5714285714,True,0.523337453604
0.002,98,50,2,12,12,True,0.502661645412
0.002,98,50,3,13.8571428571,13.8571428571,True,0.501859711749
0.002,98,75,1,16.8571428571,16.8571428571,True,0.75317545448
0.002,98,75,2,15.8571428571,15.8571428571,True,0.754381997245
0.002,98,75,3,19.2857142857,19.2857142857,True,0.755316274507
0.002,98,90,1,29.4285714286,29.4285714286,True,0.900221560683
0.002,98,90,2,27.5714285714,27.5714285714,True,0.90092250279
0.002,98,90,3,32.5714285714,32.5714285714,True,0.901026947158
0.002,98,95,1,35.5714285714,35.5714285714,True,0.950653757368
0.002,98,95,2,34.8571428571,34.8571428571,True,0.950568173613
0.002,98,95,3,36.5714285714,36.5714285714,True,0.95053348371
0.002,98,99,1,inf,inf,False,
0.002,98,99,2,40,40,True,0.990133166313
0.002,98,99,3,inf,inf,False,
0.002,99,50,1,12.5714285714,12.5714285714,True,0.522870459727
0.002,99,50,2,12,12,True,0.502394855022
0.002,99,50,3,13.8571428571,13.8571428571,True,0.502643193517
0.002,99,75,1,16.7142857143,16.8571428571,True,0.754508231367
0.002,99,75,2,15.8571428571,15.8571428571,True,0.752917962415
0.002,99,75,3,19.2857142857,19.2857142857,True,0.755627325603
0.002,99,90,1,29.4285714286,29.4285714286,True,0.901009270123
0.002,99,90,2,27.5714285714,27.5714285714,True,0.9006137337
0.002,99,90,3,32.5714285714,32.5714285714,True,0.901270525796
0.002,99,95,1,35.5714285714,35.5714285714,True,0.950820377895
0.002,99,95,2,34.8571428571,34.8571428571,True,0.950420958655
0.002,99,95,3,36.5714285714,36.5714285714,True,0.950592296464
0.002,99,99,1,inf,inf,False,
0.002,99,99,2,40,40,True,0.990107953548
0.002,99,99,3,inf,inf,False,
0.005,0,50,1,12.5714285714,12.5714285714,True,0.523427758898
0.005,0,50,2,12.1428571429,12,True,0.499934911728
0.005,0,50,3,13.7142857143,13.8571428571,True,0.50342128958
0.005,0,75,1,16.8571428571,16.8571428571,True,0.752737454006
0.005,0,75,2,15.7142857143,15.8571428571,True,0.755088942392
0.005,0,75,3,19.2857142857,19.2857142857,True,0.75524113008
0.005,0,90,1,29.4285714286,29.4285714286,True,0.900228500366
0.005,0,90,2,27.5714285714,27.5714285714,True,0.900755677904
0.005,0,90,3,32.5714285714,32.5714285714,True,0.901465279715
0.005,0,95,1,35.5714285714,35.5714285714,True,0.950786054134
0.005,0,95,2,34.8571428571,34.8571428571,True,0.95050661053
0.005,0,95,3,36.5714285714,36.5714285714,True,0.950539393084
0.005,0,99,1,inf,inf,False,
0.005,0,99,2,inf,40,False,0.989940583706
0.005,0,99,3,inf,inf,False,
0.005,1,50,1,12.4285714286,12.5714285714,True,0.524213935648
0.005,1,50,2,12,12,True,0.503702759743
0.005,1,50,3,13.8571428571,13.8571428571,True,0.501601236207
0.005,1,75,1,16.7142857143,16.8571428571,True,0.754849621228
0.005,1,75,2,15.7142857143,15.8571428571,True,0.755160629749
0.005,1,75,3,19.2857142857,19.2857142857,True,0.753923995154
0.005,1,90,1,29.4285714286,29.4285714286,True,0.900030681065
0.005,1,90,2,27.5714285714,27.5714285714,True,0.901203410966
0.005,1,90,3,32.5714285714,32.5714285714,True,0.901070909841
0.005,1,95,1,35.5714285714,35.5714285714,True,0.950768445219
0.005,1,95,2,34.8571428571,34.8571428571,True,0.951011087213
0.005,1,95,3,36.5714285714,36.5714285714,True,0.950172373227
0.005,1,99,1,inf,inf,False,
0.005,1,99,2,40,40,True,0.990100741386
0.005,1,99,3,inf,inf,False,
0.005,2,50,1,12.5714285714,12.5714285714,True,0.52322823235
0.005,2,50,2,12.1428571429,12,True,0.499147683382
0.005,2,50,3,13.8571428571,13.8571428571,True,0.503026396036
0.005,2,75,1,16.8571428571,16.8571428571,True,0.75359997579
0.005,2,75,2,15.8571428571,15.8571428571,True,0.754637360573
0.005,2,75,3,19.2857142857,19.2857142857,True,0.754491644246
0.005,2,90,1,29.4285714286,29.4285714286,True,0.901014941079
0.005,2,90,2,27.5714285714,27.5714285714,True,0.900582688195
0.005,2,90,3,32.5714285714,32.5714285714,True,0.901038782937
0.005,2,95,1,35.5714285714,35.5714285714,True,0.950635603496
0.005,2,95,2,34.8571428571,34.8571428571,True,0.950741274016
0.005,2,95,3,36.5714285714,36.5714285714,True,0.950306364468
0.005,2,99,1,inf,inf,False,
0.005,2,99,2,40,40,True,0.990055143833
0.005,2,99,3,inf,inf,False,
0.005,3,50,1,12.5714285714,12.5714285714,True,0.522083542177
0.005,3,50,2,12.1428571429,12,True,0.49597710371
0.005,3,50,3,13.8571428571,13.8571428571,True,0.501802844661
0.005,3,75,1,16.7142857143,16.8571428571,True,0.755945503712
0.005,3,75,2,16,15.8571428571,True,0.74693021604
0.005,3,75,3,19.2857142857,19.2857142857,True,0.752694955894
0.005,3,90,1,29.2857142857,29.4285714286,True,0.901390331132
0.005,3,90,2,27.7142857143,27.5714285714,True,0.898622308459
0.005,3,90,3,32.5714285714,32.5714285714,True,0.901041575841
0.005,3,95,1,35.4285714286,35.5714285714,True,0.951215182032
0.005,3,95,2,35,34.8571428571,True,0.949173169477
0.005,3,95,3,36.5714285714,36.5714285714,True,0.95017686912
0.005,3,99,1,inf,inf,False,
0.005,3,99,2,inf,40,False,0.98969244957
0.005,3,99,3,inf,inf,False,
0.005,4,50,1,12.4285714286,12.5714285714,True,0.52427442159
0.005,4,50,2,12,12,True,0.500464916229
0.005,4,50,3,13.8571428571,13.8571428571,True,0.50119683998
0.005,4,75,1,16.7142857143,16.8571428571,True,0.75588366815
0.005,4,75,2,15.8571428571,15.8571428571,True,0.752908902509
0.005,4,75,3,19.2857142857,19.2857142857,True,0.754275075027
0.005,4,90,1,29.2857142857,29.4285714286,True,0.901540313448
0.005,4,90,2,27.5714285714,27.5714285714,True,0.90039145095
0.005,4,90,3,32.5714285714,32.5714285714,True,0.901019607271
0.005,4,95,1,35.5714285714,35.5714285714,True,0.951094031334
0.005,4,95,2,34.8571428571,34.8571428571,True,0.950259566307
0.005,4,95,3,36.5714285714,36.5714285714,True,0.950396001339
0.005,4,99,1,inf,inf,False,
0.005,4,99,2,40,40,True,0.990045070648
0.005,4,99,3,inf,inf,False,
0.005,5,50,1,12.5714285714,12.5714285714,True,0.523214114564
0.005,5,50,2,12,12,True,0.503503739834
0.005,5,50,3,14,13.8571428571,True,0.499888245549
0.005,5,75,1,16.8571428571,16.8571428571,True,0.752189976828
0.005,5,75,2,15.7142857143,15.8571428571,True,0.755696960858
0.005,5,75,3,19.2857142857,19.2857142857,True,0.75390456404
0.005,5,90,1,29.5714285714,29.4285714286,True,0.899836046355
0.005,5,90,2,27.5714285714,27.5714285714,True,0.900981281485
0.005,5,90,3,32.5714285714,32.5714285714,True,0.900714584759
0.005,5,95,1,35.5714285714,35.5714285714,True,0.950433450086
0.005,5,95,2,34.8571428571,34.8571428571,True,0.95076994385
0.005,5,95,3,36.5714285714,36.5714285714,True,0.950408288411
0.005,5,99,1,inf,inf,False,
0.005,5,99,2,40,40,True,0.990123808384
0.005,5,99,3,inf,inf,False,
0.005,6,50,1,12.5714285714,12.5714285714,True,0.522798086916
0.005,6,50,2,12,12,True,0.504555225372
0.005,6,50,3,13.8571428571,13.8571428571,True,0.501488860164
0.005,6,75,1,16.8571428571,16.8571428571,True,0.752727142402
0.005,6,75,2,15.8571428571,15.8571428571,True,0.754352348191
0.005,6,75,3,19.2857142857,19.2857142857,True,0.754847918238
0.005,6,90,1,29.5714285714,29.4285714286,True,0.899913634573
0.005,6,90,2,27.5714285714,27.5714285714,True,0.901047178677
0.005,6,90,3,32.5714285714,32.5714285714,True,0.900557424341
0.005,6,95,1,35.5714285714,35.5714285714,True,0.950589801584
0.005,6,95,2,34.8571428571,34.8571428571,True,0.950520183359
0.005,6,95,3,36.5714285714,36.5714285714,True,0.950501791068
0.005,6,99,1,inf,inf,False,
0.005,6,99,2,40,40,True,0.99022424221
0.005,6,99,3,inf,inf,False,
0.005,7,50,1,12.4285714286,12.5714285714,True,0.525223246643
0.005,7,50,2,12,12,True,0.504337728024
0.005,7,50,3,14,13.8571428571,True,0.499115339347
0.005,7,75,1,16.7142857143,16.8571428571,True,0.756698693548
0.005,7,75,2,15.7142857143,15.8571428571,True,0.755766204425
0.005,7,75,3,19.2857142857,19.2857142857,True,0.753300351756
0.005,7,90,1,29.2857142857,29.4285714286,True,0.901355206966
0.005,7,90,2,27.5714285714,27.5714285714,True,0.901353231498
0.005,7,90,3,32.5714285714,32.5714285714,True,0.900432697364
0.005,7,95,1,35.4285714286,35.5714285714,True,0.951208157199
0.005,7,95,2,34.8571428571,34.8571428571,True,0.950870394707
0.005,7,95,3,36.5714285714,36.5714285714,True,0.95019527844
0.005,7,99,1,inf,inf,False,
0.005,7,99,2,40,40,True,0.990102469921
0.005,7,99,3,inf,inf,False,
0.005,8,50,1,12.5714285714,12.5714285714,True,0.523303989853
0.005,8,50,2,12,12,True,0.502530872822
0.005,8,50,3,13.8571428571,13.8571428571,True,0.501364899533
0.005,8,75,1,16.7142857143,16.8571428571,True,0.754472264222
0.005,8,75,2,15.8571428571,15.8571428571,True,0.754077775138
0.005,8,75,3,19.2857142857,19.2857142857,True,0.752866114889
0.005,8,90,1,29.2857142857,29.4285714286,True,0.901822183813
0.005,8,90,2,27.5714285714,27.5714285714,True,0.900340105806
0.005,8,90,3,32.5714285714,32.5714285714,True,0.900177044528
0.005,8,95,1,35.5714285714,35.5714285714,True,0.950997241906
0.005,8,95,2,34.8571428571,34.8571428571,True,0.950511140483
0.005,8,95,3,36.5714285714,36.5714285714,True,0.950166080679
0.005,8,99,1,inf,inf,False,
0.005,8,99,2,40,40,True,0.990194559097
0.005,8,99,3,inf,inf,False,
0.005,9,50,1,12.5714285714,12.5714285714,True,0.521870974983
0.005,9,50,2,12.1428571429,12,True,0.499898254871
0.005,9,50,3,14,13.8571428571,True,0.499421426228
0.005,9,75,1,16.8571428571,16.8571428571,True,0.753127872944
0.005,9,75,2,15.8571428571,15.8571428571,True,0.750531213624
0.005,9,75,3,19.2857142857,19.2857142857,True,0.752625788961
0.005,9,90,1,29.4285714286,29.4285714286,True,0.90033355781
0.005,9,90,2,27.7142857143,27.5714285714,True,0.899504363537
0.005,9,90,3,32.5714285714,32.5714285714,True,0.900276771614
0.005,9,95,1,35.5714285714,35.5714285714,True,0.950638915811
0.005,9,95,2,35,34.8571428571,True,0.949961202485
0.005,9,95,3,36.5714285714,36.5714285714,True,0.950029007026
0.005,9,99,1,inf,inf,False,
0.005,9,99,2,inf,40,False,0.989990949631
0.005,9,99,3,inf,inf,False,
0.005,10,50,1,12.4285714286,12.5714285714,True,0.525258851903
0.005,10,50,2,12,12,True,0.503824114799
0.005,10,50,3,13.8571428571,13.8571428571,True,0.500918596983
0.005,10,75,1,16.7142857143,16.8571428571,True,0.754200824669
0.005,10,75,2,15.7142857143,15.8571428571,True,0.75882097653
0.005,10,75,3,19.2857142857,19.2857142857,True,0.753990837506
0.005,10,90,1,29.1428571429,29.4285714286,True,0.902596286365
0.005,10,90,2,27.5714285714,27.5714285714,True,0.901367894241
0.005,10,90,3,32.5714285714,32.5714285714,True,0.900287083217
0.005,10,95,1,35.5714285714,35.5714285714,True,0.950877709048
0.005,10,95,2,34.7142857143,34.8571428571,True,0.951198339462
0.005,10,95,3,36.5714285714,36.5714285714,True,0.950383705752
0.005,10,99,1,inf,inf,False,
0.005,10,99,2,40,40,True,0.99020665884
0.005,10,99,3,inf,inf,False,
0.005,11,50,1,12.5714285714,12.5714285714,True,0.523280492851
0.005,11,50,2,12.1428571429,12,True,0.499467551708
0.005,11,50,3,13.8571428571,13.8571428571,True,0.500890323094
0.005,11,75,1,16.8571428571,16.8571428571,True,0.751790549074
0.005,11,75,2,15.7142857143,15.8571428571,True,0.754755888666
0.005,11,75,3,19.2857142857,19.2857142857,True,0.753818997315
0.005,11,90,1,29.2857142857,29.4285714286,True,0.901409677097
0.005,11,90,2,27.5714285714,27.5714285714,True,0.900280714035
0.005,11,90,3,32.5714285714,32.5714285714,True,0.900182374886
0.005,11,95,1,35.5714285714,35.5714285714,True,0.950475513935
0.005,11,95,2,34.8571428571,34.8571428571,True,0.950631116118
0.005,11,95,3,36.5714285714,36.5714285714,True,0.950283374105
0.005,11,99,1,inf,inf,False,
0.005,11,99,2,inf,40,False,0.989967525005
0.005,11,99,3,inf,inf,False,
0.005,12,50,1,12.5714285714,12.5714285714,True,0.522542634181
0.005,12,50,2,12,12,True,0.500461399555
0.005,12,50,3,14,13.8571428571,True,0.497924200126
0.005,12,75,1,16.7142857143,16.8571428571,True,0.754764650549
0.005,12,75,2,15.8571428571,15.8571428571,True,0.750827746732
0.005,12,75,3,19.2857142857,19.2857142857,True,0.75276364599
0.005,12,90,1,29.4285714286,29.4285714286,True,0.901070373399
0.005,12,90,2,27.7142857143,27.5714285714,True,0.89997625351
0.005,12,90,3,32.5714285714,32.5714285714,True,0.900020752634
0.005,12,95,1,35.5714285714,35.5714285714,True,0.950892652784
0.005,12,95,2,34.8571428571,34.8571428571,True,0.950044061456
0.005,12,95,3,36.5714285714,36.5714285714,True,0.950079449586
0.005,12,99,1,inf,inf,False,
0.005,12,99,2,40,40,True,0.990011096001
0.005,12,99,3,inf,inf,False,
0.005,13,50,1,12.5714285714,12.5714285714,True,0.519730129412
0.005,13,50,2,12,12,True,0.500130057335
0.005,13,50,3,13.8571428571,13.8571428571,True,0.501174513783
0.005,13,75,1,16.8571428571,16.8571428571,True,0.751552309309
0.005,13,75,2,16,15.8571428571,True,0.747882604599
0.005,13,75,3,19.2857142857,19.2857142857,True,0.75425281695
0.005,13,90,1,29.4285714286,29.4285714286,True,0.900330637183
0.005,13,90,2,27.7142857143,27.5714285714,True,0.898798363549
0.005,13,90,3,32.5714285714,32.5714285714,True,0.900624164513
0.005,13,95,1,35.5714285714,35.5714285714,True,0.950277813843
0.005,13,95,2,35,34.8571428571,True,0.949582423483
0.005,13,95,3,36.5714285714,36.5714285714,True,0.95034129279
0.005,13,99,1,inf,inf,False,
0.005,13,99,2,inf,40,False,0.989912211895
0.005,13,99,3,inf,inf,False,
0.005,14,50,1,12.5714285714,12.5714285714,True,0.521858530385
0.005,14,50,2,12,12,True,0.505599558353
0.005,14,50,3,14,13.8571428571,True,0.498412319592
0.005,14,75,1,16.8571428571,16.8571428571,True,0.752137465136
0.005,14,75,2,15.8571428571,15.8571428571,True,0.752654331071
0.005,14,75,3,19.2857142857,19.2857142857,True,0.753228366375
0.005,14,90,1,29.4285714286,29.4285714286,True,0.900319789137
0.005,14,90,2,27.5714285714,27.5714285714,True,0.900139059339
0.005,14,90,3,32.5714285714,32.5714285714,True,0.900040967124
0.005,14,95,1,35.5714285714,35.5714285714,True,0.95034387282
0.005,14,95,2,34.8571428571,34.8571428571,True,0.950431704521
0.005,14,95,3,36.5714285714,36.5714285714,True,0.950177328927
0.005,14,99,1,inf,inf,False,
0.005,14,99,2,40,40,True,0.990138828754
0.005,14,99,3,inf,inf,False,
0.005,15,50,1,12.5714285714,12.5714285714,True,0.521527311632
0.005,15,50,2,12.1428571429,12,True,0.49928471446
0.005,15,50,3,14,13.8571428571,True,0.498582588775
0.005,15,75,1,16.8571428571,16.8571428571,True,0.751667525087
0.005,15,75,2,15.8571428571,15.8571428571,True,0.753831659045
0.005,15,75,3,19.2857142857,19.2857142857,True,0.752076983452
0.005,15,90,1,29.5714285714,29.4285714286,True,0.89951130322
0.005,15,90,2,27.5714285714,27.5714285714,True,0.90022529023
0.005,15,90,3,32.5714285714,32.5714285714,True,0.900510191917
0.005,15,95,1,35.5714285714,35.5714285714,True,0.950358092785
0.005,15,95,2,34.8571428571,34.8571428571,True,0.950505631311
0.005,15,95,3,36.5714285714,36.5714285714,True,0.950004092285
0.005,15,99,1,inf,inf,False,
0.005,15,99,2,inf,40,False,0.989964723587
0.005,15,99,3,inf,inf,False,
0.005,16,50,1,12.5714285714,12.5714285714,True,0.521385639906
0.005,16,50,2,12,12,True,0.500361919403
0.005,16,50,3,13.8571428571,13.8571428571,True,0.502418036972
0.005,16,75,1,16.8571428571,16.8571428571,True,0.750381103584
0.005,16,75,2,15.8571428571,15.8571428571,True,0.753344254834
0.005,16,75,3,19.2857142857,19.2857142857,True,0.7552628432
0.005,16,90,1,29.7142857143,29.4285714286,True,0.898568536554
0.005,16,90,2,27.5714285714,27.5714285714,True,0.900793765272
0.005,16,90,3,32.5714285714,32.5714285714,True,0.90074042763
0.005,16,95,1,35.5714285714,35.5714285714,True,0.950165714536
0.005,16,95,2,34.8571428571,34.8571428571,True,0.950528902667
0.005,16,95,3,36.5714285714,36.5714285714,True,0.950430052621
0.005,16,99,1,inf,inf,False,
0.005,16,99,2,40,40,True,0.990049421787
0.005,16,99,3,inf,inf,False,
0.005,17,50,1,12.4285714286,12.5714285714,True,0.524115213326
0.005,17,50,2,12,12,True,0.504023492336
0.005,17,50,3,14,13.8571428571,True,0.499274947814
0.005,17,75,1,16.7142857143,16.8571428571,True,0.755379191467
0.005,17,75,2,15.8571428571,15.8571428571,True,0.753673161779
0.005,17,75,3,19.2857142857,19.2857142857,True,0.753216913768
0.005,17,90,1,29.4285714286,29.4285714286,True,0.900504912649
0.005,17,90,2,27.5714285714,27.5714285714,True,0.901215400015
0.005,17,90,3,32.7142857143,32.5714285714,True,0.899837315083
0.005,17,95,1,35.5714285714,35.5714285714,True,0.950817363603
0.005,17,95,2,34.8571428571,34.8571428571,True,0.950693377427
0.005,17,95,3,36.5714285714,36.5714285714,True,0.950194231101
0.005,17,99,1,inf,inf,False,
0.005,17,99,2,40,40,True,0.990109562874
0.005,17,99,3,inf,inf,False,
0.005,18,50,1,12.5714285714,12.5714285714,True,0.522089008774
0.005,18,50,2,12,12,True,0.503841459751
0.005,18,50,3,13.8571428571,13.8571428571,True,0.501808541162
0.005,18,75,1,16.8571428571,16.8571428571,True,0.750835188798
0.005,18,75,2,15.7142857143,15.8571428571,True,0.754823803902
0.005,18,75,3,19.2857142857,19.2857142857,True,0.755459572588
0.005,18,90,1,29.5714285714,29.4285714286,True,0.899337683405
0.005,18,90,2,27.5714285714,27.5714285714,True,0.90118521452
0.005,18,90,3,32.5714285714,32.5714285714,True,0.900397002697
0.005,18,95,1,35.5714285714,35.5714285714,True,0.950179747173
0.005,18,95,2,34.8571428571,34.8571428571,True,0.950798928738
0.005,18,95,3,36.5714285714,36.5714285714,True,0.950523291315
0.005,18,99,1,inf,inf,False,
0.005,18,99,2,40,40,True,0.990277707577
0.005,18,99,3,inf,inf,False,
0.005,19,50,1,12.4285714286,12.5714285714,True,0.524482697248
0.005,19,50,2,12,12,True,0.500400304794
0.005,19,50,3,14,13.8571428571,True,0.499889318432
0.005,19,75,1,16.8571428571,16.8571428571,True,0.753754130432
0.005,19,75,2,15.7142857143,15.8571428571,True,0.757114716939
0.005,19,75,3,19.2857142857,19.2857142857,True,0.752866378852
0.005,19,90,1,29.4285714286,29.4285714286,True,0.9008965918
0.005,19,90,2,27.5714285714,27.5714285714,True,0.901020262923
0.005,19,90,3,32.5714285714,32.5714285714,True,0.900649300643
0.005,19,95,1,35.5714285714,35.5714285714,True,0.950719118118
0.005,19,95,2,34.8571428571,34.8571428571,True,0.951000043324
0.005,19,95,3,36.5714285714,36.5714285714,True,0.950178742409
0.005,19,99,1,inf,inf,False,
0.005,19,99,2,40,40,True,0.990016520023
0.005,19,99,3,inf,inf,False,
0.005,20,50,1,12.5714285714,12.5714285714,True,0.521343077932
0.005,20,50,2,12,12,True,0.500142395496
0.005,20,50,3,13.8571428571,13.8571428571,True,0.501418126481
0.005,20,75,1,16.8571428571,16.8571428571,True,0.75155637094
0.005,20,75,2,15.8571428571,15.8571428571,True,0.752925430025
0.005,20,75,3,19.2857142857,19.2857142857,True,0.752706927913
0.005,20,90,1,29.5714285714,29.4285714286,True,0.899689325265
0.005,20,90,2,27.7142857143,27.5714285714,True,0.899827497346
0.005,20,90,3,32.5714285714,32.5714285714,True,0.900840929576
0.005,20,95,1,35.5714285714,35.5714285714,True,0.950337035315
0.005,20,95,2,34.8571428571,34.8571428571,True,0.950352353709
0.005,20,95,3,36.5714285714,36.5714285714,True,0.950128844806
0.005,20,99,1,inf,inf,False,
0.005,20,99,2,inf,40,False,0.98992228508
0.005,20,99,3,inf,inf,False,
0.005,21,50,1,12.5714285714,12.5714285714,True,0.521264340196
0.005,21,50,2,12,12,True,0.50062173605
0.005,21,50,3,13.7142857143,13.8571428571,True,0.503605676549
0.005,21,75,1,16.8571428571,16.8571428571,True,0.750967068332
0.005,21,75,2,15.8571428571,15.8571428571,True,0.75104199137
0.005,21,75,3,19.1428571429,19.2857142857,True,0.756821998528
0.005,21,90,1,29.5714285714,29.4285714286,True,0.899515041283
0.005,21,90,2,27.5714285714,27.5714285714,True,0.900195496423
0.005,21,90,3,32.5714285714,32.5714285714,True,0.901176358972
0.005,21,95,1,35.5714285714,35.5714285714,True,0.950269801276
0.005,21,95,2,34.8571428571,34.8571428571,True,0.950139250074
0.005,21,95,3,36.5714285714,36.5714285714,True,0.950658925942
0.005,21,99,1,inf,inf,False,
0.005,21,99,2,40,40,True,0.990050852299
0.005,21,99,3,inf,inf,False,
0.005,22,50,1,12.4285714286,12.5714285714,True,0.526709620442
0.005,22,50,2,12,12,True,0.500929117203
0.005,22,50,3,14,13.8571428571,True,0.49730977416
0.005,22,75,1,16.7142857143,16.8571428571,True,0.756361339773
0.005,22,75,2,15.7142857143,15.8571428571,True,0.757950271879
0.005,22,75,3,19.2857142857,19.2857142857,True,0.751987048558
0.005,22,90,1,29.1428571429,29.4285714286,True,0.902235431331
0.005,22,90,2,27.4285714286,27.5714285714,True,0.901702719075
0.005,22,90,3,32.7142857143,32.5714285714,True,0.89952136789
0.005,22,95,1,35.4285714286,35.5714285714,True,0.951244507517
0.005,22,95,2,34.7142857143,34.8571428571,True,0.951134792396
0.005,22,95,3,36.7142857143,36.5714285714,True,0.949996658734
0.005,22,99,1,inf,inf,False,
0.005,22,99,2,40,40,True,0.990091979504
0.005,22,99,3,inf,inf,False,
0.005,23,50,1,12.5714285714,12.5714285714,True,0.520445125444
0.005,23,50,2,12,12,True,0.506511628628
0.005,23,50,3,13.8571428571,13.8571428571,True,0.501605216946
0.005,23,75,1,16.8571428571,16.8571428571,True,0.750506392547
0.005,23,75,2,15.8571428571,15.8571428571,True,0.752057799271
0.005,23,75,3,19.1428571429,19.2857142857,True,0.756636389664
0.005,23,90,1,29.5714285714,29.4285714286,True,0.899508271899
0.005,23,90,2,27.5714285714,27.5714285714,True,0.900376183646
0.005,23,90,3,32.5714285714,32.5714285714,True,0.900934636593
0.005,23,95,1,35.5714285714,35.5714285714,True,0.950088824545
0.005,23,95,2,34.8571428571,34.8571428571,True,0.950289572988
0.005,23,95,3,36.5714285714,36.5714285714,True,0.950714434896
0.005,23,99,1,inf,inf,False,
0.005,23,99,2,40,40,True,0.990276634693
0.005,23,99,3,inf,inf,False,
0.005,24,50,1,12.4285714286,12.5714285714,True,0.524821890252
0.005,24,50,2,12,12,True,0.501637279987
0.005,24,50,3,14,13.8571428571,True,0.498860022851
0.005,24,75,1,16.7142857143,16.8571428571,True,0.754976774965
0.005,24,75,2,15.7142857143,15.8571428571,True,0.755315967969
0.005,24,75,3,19.2857142857,19.2857142857,True,0.753102021558
0.005,24,90,1,29.4285714286,29.4285714286,True,0.900598619665
0.005,24,90,2,27.5714285714,27.5714285714,True,0.901372492313
0.005,24,90,3,32.5714285714,32.5714285714,True,0.90005329677
0.005,24,95,1,35.5714285714,35.5714285714,True,0.951059945992
0.005,24,95,2,34.8571428571,34.8571428571,True,0.95072142567
0.005,24,95,3,36.5714285714,36.5714285714,True,0.950182250568
0.005,24,99,1,inf,inf,False,
0.005,24,99,2,40,40,True,0.990107178688
0.005,24,99,3,inf,inf,False,
0.005,25,50,1,12.5714285714,12.5714285714,True,0.524000521217
0.005,25,50,2,12,12,True,0.503116369247
0.005,25,50,3,13.8571428571,13.8571428571,True,0.501410535404
0.005,25,75,1,16.7142857143,16.8571428571,True,0.756323916571
0.005,25,75,2,15.8571428571,15.8571428571,True,0.75238511392
0.005,25,75,3,19.2857142857,19.2857142857,True,0.755596143859
0.005,25,90,1,29.2857142857,29.4285714286,True,0.901314897197
0.005,25,90,2,27.5714285714,27.5714285714,True,0.901029476098
0.005,25,90,3,32.5714285714,32.5714285714,True,0.900807150773
0.005,25,95,1,35.4285714286,35.5714285714,True,0.951359450817
0.005,25,95,2,34.8571428571,34.8571428571,True,0.950193703175
0.005,25,95,3,36.5714285714,36.5714285714,True,0.950563822474
0.005,25,99,1,inf,inf,False,
0.005,25,99,2,40,40,True,0.990131855011
0.005,25,99,3,inf,inf,False,
0.005,26,50,1,12.5714285714,12.5714285714,True,0.523092346532
0.005,26,50,2,12,12,True,0.503304362297
0.005,26,50,3,13.8571428571,13.8571428571,True,0.501367790358
0.005,26,75,1,16.7142857143,16.8571428571,True,0.754879840783
0.005,26,75,2,15.8571428571,15.8571428571,True,0.753037784781
0.005,26,75,3,19.2857142857,19.2857142857,True,0.754173244749
0.005,26,90,1,29.2857142857,29.4285714286,True,0.901179271085
0.005,26,90,2,27.5714285714,27.5714285714,True,0.900458684989
0.005,26,90,3,32.5714285714,32.5714285714,True,0.900730303356
0.005,26,95,1,35.5714285714,35.5714285714,True,0.951055015836
0.005,26,95,2,34.8571428571,34.8571428571,True,0.950344571045
0.005,26,95,3,36.5714285714,36.5714285714,True,0.950278639793
0.005,26,99,1,inf,inf,False,
0.005,26,99,2,40,40,True,0.990083038807
0.005,26,99,3,inf,inf,False,
0.005,27,50,1,12.4285714286,12.5714285714,True,0.525525582688
0.005,27,50,2,12,12,True,0.50089776516
0.005,27,50,3,13.7142857143,13.8571428571,True,0.504491865635
0.005,27,75,1,16.7142857143,16.8571428571,True,0.756063095161
0.005,27,75,2,15.7142857143,15.8571428571,True,0.755249074527
0.005,27,75,3,19.1428571429,19.2857142857,True,0.756671232837
0.005,27,90,1,29.1428571429,29.4285714286,True,0.902414986065
0.005,27,90,2,27.5714285714,27.5714285714,True,0.901133196695
0.005,27,90,3,32.5714285714,32.5714285714,True,0.901563916888
0.005,27,95,1,35.4285714286,35.5714285714,True,0.951252860682
0.005,27,95,2,34.8571428571,34.8571428571,True,0.950693445546
0.005,27,95,3,36.5714285714,36.5714285714,True,0.950848289898
0.005,27,99,1,inf,inf,False,
0.005,27,99,2,40,40,True,0.990191996098
0.005,27,99,3,inf,inf,False,
0.005,28,50,1,12.5714285714,12.5714285714,True,0.521609817232
0.005,28,50,2,12,12,True,0.502193629742
0.005,28,50,3,13.7142857143,13.8571428571,True,0.505956236805
0.005,28,75,1,16.8571428571,16.8571428571,True,0.753706250872
0.005,28,75,2,15.8571428571,15.8571428571,True,0.750179869788
0.005,28,75,3,19.1428571429,19.2857142857,True,0.757809851851
0.005,28,90,1,29.2857142857,29.4285714286,True,0.901303597859
0.005,28,90,2,27.7142857143,27.5714285714,True,0.899781286716
0.005,28,90,3,32.4285714286,32.5714285714,True,0.90231023516
0.005,28,95,1,35.5714285714,35.5714285714,True,0.950753211975
0.005,28,95,2,34.8571428571,34.8571428571,True,0.950114182064
0.005,28,95,3,36.5714285714,36.5714285714,True,0.950852036476
0.005,28,99,1,inf,inf,False,
0.005,28,99,2,40,40,True,0.990108072758
0.005,28,99,3,inf,inf,False,
0.005,29,50,1,12.5714285714,12.5714285714,True,0.522634693554
0.005,29,50,2,12,12,True,0.501398563385
0.005,29,50,3,13.8571428571,13.8571428571,True,0.500072755984
0.005,29,75,1,16.8571428571,16.8571428571,True,0.752948965345
0.005,29,75,2,15.8571428571,15.8571428571,True,0.75283826249
0.005,29,75,3,19.2857142857,19.2857142857,True,0.753875153405
0.005,29,90,1,29.4285714286,29.4285714286,True,0.900104182107
0.005,29,90,2,27.5714285714,27.5714285714,True,0.900615802833
0.005,29,90,3,32.5714285714,32.5714285714,True,0.900270581245
0.005,29,95,1,35.5714285714,35.5714285714,True,0.950529447624
0.005,29,95,2,34.8571428571,34.8571428571,True,0.950400267329
0.005,29,95,3,36.5714285714,36.5714285714,True,0.950347661972
0.005,29,99,1,inf,inf,False,
0.005,29,99,2,40,40,True,0.990041315556
0.005,29,99,3,inf,inf,False,
0.005,30,50,1,12.4285714286,12.5714285714,True,0.525571878467
0.005,30,50,2,12,12,True,0.500852406025
0.005,30,50,3,14,13.8571428571,True,0.498073990856
0.005,30,75,1,16.7142857143,16.8571428571,True,0.754804287638
0.005,30,75,2,15.7142857143,15.8571428571,True,0.758075322424
0.005,30,75,3,19.2857142857,19.2857142857,True,0.752717792988
0.005,30,90,1,29.4285714286,29.4285714286,True,0.900593374457
0.005,30,90,2,27.4285714286,27.5714285714,True,0.902017210211
0.005,30,90,3,32.7142857143,32.5714285714,True,0.899690738746
0.005,30,95,1,35.5714285714,35.5714285714,True,0.950839826039
0.005,30,95,2,34.7142857143,34.8571428571,True,0.951172292233
0.005,30,95,3,36.5714285714,36.5714285714,True,0.950152141707
0.005,30,99,1,inf,inf,False,
0.005,30,99,2,40,40,True,0.990083634853
0.005,30,99,3,inf,inf,False,
0.005,31,50,1,12.5714285714,12.5714285714,True,0.523127960307
0.005,31,50,2,12,12,True,0.505071163177
0.005,31,50,3,13.7142857143,13.8571428571,True,0.505455834525
0.005,31,75,1,16.8571428571,16.8571428571,True,0.752450789724
0.005,31,75,2,15.7142857143,15.8571428571,True,0.754814948354
0.005,31,75,3,19.1428571429,19.2857142857,True,0.757960753781
0.005,31,90,1,29.5714285714,29.4285714286,True,0.899503716401
0.005,31,90,2,27.4285714286,27.5714285714,True,0.90144768783
0.005,31,90,3,32.4285714286,32.5714285714,True,0.90184629815
0.005,31,95,1,35.5714285714,35.5714285714,True,0.950544757502
0.005,31,95,2,34.8571428571,34.8571428571,True,0.950652641909
0.005,31,95,3,36.4285714286,36.5714285714,True,0.951029453959
0.005,31,99,1,inf,inf,False,
0.005,31,99,2,40,40,True,0.990218579769
0.005,31,99,3,inf,inf,False,
0.005,32,50,1,12.5714285714,12.5714285714,True,0.521685762065
0.005,32,50,2,12,12,True,0.501310288906
0.005,32,50,3,13.8571428571,13.8571428571,True,0.502191164664
0.005,32,75,1,16.8571428571,16.8571428571,True,0.753406746047
0.005,32,75,2,15.8571428571,15.8571428571,True,0.753164478711
0.005,32,75,3,19.2857142857,19.2857142857,True,0.753200275557
0.005,32,90,1,29.4285714286,29.4285714286,True,0.900874819074
0.005,32,90,2,27.7142857143,27.5714285714,True,0.899890933718
0.005,32,90,3,32.5714285714,32.5714285714,True,0.901081068175
0.005,32,95,1,35.5714285714,35.5714285714,True,0.950748809746
0.005,32,95,2,34.8571428571,34.8571428571,True,0.950096598693
0.005,32,95,3,36.5714285714,36.5714285714,True,0.950382249696
0.005,32,99,1,inf,inf,False,
0.005,32,99,2,inf,40,False,0.98996758461
0.005,32,99,3,inf,inf,False,
0.005,33,50,1,12.5714285714,12.5714285714,True,0.520919203758
0.005,33,50,2,12,12,True,0.500956773758
0.005,33,50,3,14,13.8571428571,True,0.498452556985
0.005,33,75,1,16.8571428571,16.8571428571,True,0.752273849079
0.005,33,75,2,16,15.8571428571,True,0.749635406903
0.005,33,75,3,19.2857142857,19.2857142857,True,0.753879087312
0.005,33,90,1,29.4285714286,29.4285714286,True,0.900693680559
0.005,33,90,2,27.7142857143,27.5714285714,True,0.899360852582
0.005,33,90,3,32.5714285714,32.5714285714,True,0.900456300804
0.005,33,95,1,35.5714285714,35.5714285714,True,0.950621247292
0.005,33,95,2,35,34.8571428571,True,0.949696234294
0.005,33,95,3,36.5714285714,36.5714285714,True,0.950249178069
0.005,33,99,1,inf,inf,False,
0.005,33,99,2,inf,40,False,0.989928722382
0.005,33,99,3,inf,inf,False,
0.005,34,50,1,12.5714285714,12.5714285714,True,0.521414305483
0.005,34,50,2,12,12,True,0.50004273653
0.005,34,50,3,13.8571428571,13.8571428571,True,0.502015995128
0.005,34,75,1,16.7142857143,16.8571428571,True,0.755284471171
0.005,34,75,2,16,15.8571428571,True,0.748365146773
0.005,34,75,3,19.2857142857,19.2857142857,True,0.754195060049
0.005,34,90,1,29.2857142857,29.4285714286,True,0.901277899742
0.005,34,90,2,27.7142857143,27.5714285714,True,0.899178658213
0.005,34,90,3,32.5714285714,32.5714285714,True,0.901204100677
0.005,34,95,1,35.5714285714,35.5714285714,True,0.950766444206
0.005,34,95,2,35,34.8571428571,True,0.949779561588
0.005,34,95,3,36.5714285714,36.5714285714,True,0.950319068772
0.005,34,99,1,inf,inf,False,
0.005,34,99,2,inf,40,False,0.989948749542
0.005,34,99,3,inf,inf,False,
0.005,35,50,1,12.5714285714,12.5714285714,True,0.521669409105
0.005,35,50,2,12,12,True,0.500115633011
0.005,35,50,3,14,13.8571428571,True,0.499115156276
0.005,35,75,1,16.8571428571,16.8571428571,True,0.752660487379
0.005,35,75,2,15.8571428571,15.8571428571,True,0.751820351396
0.005,35,75,3,19.2857142857,19.2857142857,True,0.752853206226
0.005,35,90,1,29.4285714286,29.4285714286,True,0.900286887373
0.005,35,90,2,27.5714285714,27.5714285714,True,0.900144151279
0.005,35,90,3,32.7142857143,32.5714285714,True,0.899956703186
0.005,35,95,1,35.5714285714,35.5714285714,True,0.950514691217
0.005,35,95,2,34.8571428571,34.8571428571,True,0.95021631888
0.005,35,95,3,36.5714285714,36.5714285714,True,0.950145636286
0.005,35,99,1,inf,inf,False,
0.005,35,99,2,40,40,True,0.99011862278
0.005,35,99,3,inf,inf,False,
0.005,36,50,1,12.5714285714,12.5714285714,True,0.522726322923
0.005,36,50,2,12,12,True,0.500380039215
0.005,36,50,3,14,13.8571428571,True,0.498252655779
0.005,36,75,1,16.7142857143,16.8571428571,True,0.755260705948
0.005,36,75,2,15.8571428571,15.8571428571,True,0.75167286396
0.005,36,75,3,19.2857142857,19.2857142857,True,0.752006002835
0.005,36,90,1,29.4285714286,29.4285714286,True,0.900503396988
0.005,36,90,2,27.5714285714,27.5714285714,True,0.900556938989
0.005,36,90,3,32.7142857143,32.5714285714,True,0.89953232663
0.005,36,95,1,35.5714285714,35.5714285714,True,0.950964493411
0.005,36,95,2,34.8571428571,34.8571428571,True,0.950166583061
0.005,36,95,3,36.5714285714,36.5714285714,True,0.950055394854
0.005,36,99,1,inf,inf,False,
0.005,36,99,2,40,40,True,0.9900406003
0.005,36,99,3,inf,inf,False,
0.005,37,50,1,12.5714285714,12.5714285714,True,0.523294695786
0.005,37,50,2,12.1428571429,12,True,0.49800118804
0.005,37,50,3,13.8571428571,13.8571428571,True,0.500893039363
0.005,37,75,1,16.7142857143,16.8571428571,True,0.755854104246
0.005,37,75,2,15.8571428571,15.8571428571,True,0.750988040652
0.005,37,75,3,19.2857142857,19.2857142857,True,0.75248343604
0.005,37,90,1,29.1428571429,29.4285714286,True,0.902447087424
0.005,37,90,2,27.7142857143,27.5714285714,True,0.899355045387
0.005,37,90,3,32.5714285714,32.5714285714,True,0.900505168097
0.005,37,95,1,35.4285714286,35.5714285714,True,0.951204172203
0.005,37,95,2,35,34.8571428571,True,0.949974928583
0.005,37,95,3,36.5714285714,36.5714285714,True,0.950058715684
0.005,37,99,1,inf,inf,False,
0.005,37,99,2,inf,40,False,0.989951550961
0.005,37,99,3,inf,inf,False,
0.005,38,50,1,12.5714285714,12.5714285714,True,0.519744426012
0.005,38,50,2,12,12,True,0.50127196312
0.005,38,50,3,13.8571428571,13.8571428571,True,0.50225302577
0.005,38,75,1,17,16.8571428571,True,0.749360893454
0.005,38,75,2,15.8571428571,15.8571428571,True,0.750661126205
0.005,38,75,3,19.2857142857,19.2857142857,True,0.755466273853
0.005,38,90,1,29.5714285714,29.4285714286,True,0.899064915521
0.005,38,90,2,27.7142857143,27.5714285714,True,0.89994007349
0.005,38,90,3,32.5714285714,32.5714285714,True,0.900469277586
0.005,38,95,1,35.5714285714,35.5714285714,True,0.950036483152
0.005,38,95,2,35,34.8571428571,True,0.949955165386
0.005,38,95,3,36.5714285714,36.5714285714,True,0.950534633228
0.005,38,99,1,inf,inf,False,
0.005,38,99,2,40,40,True,0.990112781525
0.005,38,99,3,inf,inf,False,
0.005,39,50,1,12.4285714286,12.5714285714,True,0.524495197194
0.005,39,50,2,12,12,True,0.503163814545
0.005,39,50,3,13.8571428571,13.8571428571,True,0.500773561852
0.005,39,75,1,16.8571428571,16.8571428571,True,0.753863794463
0.005,39,75,2,15.7142857143,15.8571428571,True,0.756690587316
0.005,39,75,3,19.2857142857,19.2857142857,True,0.754732915333
0.005,39,90,1,29.4285714286,29.4285714286,True,0.900415386472
0.005,39,90,2,27.4285714286,27.5714285714,True,0.901637324265
0.005,39,90,3,32.5714285714,32.5714285714,True,0.900596584593
0.005,39,95,1,35.5714285714,35.5714285714,True,0.950667270592
0.005,39,95,2,34.7142857143,34.8571428571,True,0.951164092336
0.005,39,95,3,36.5714285714,36.5714285714,True,0.950297849519
0.005,39,99,1,inf,inf,False,
0.005,39,99,2,40,40,True,0.990172743797
0.005,39,99,3,inf,inf,False,
0.005,40,50,1,12.5714285714,12.5714285714,True,0.522180574281
0.005,40,50,2,12,12,True,0.503082215786
0.005,40,50,3,13.8571428571,13.8571428571,True,0.501393837588
0.005,40,75,1,16.7142857143,16.8571428571,True,0.754642605782
0.005,40,75,2,15.8571428571,15.8571428571,True,0.751322644097
0.005,40,75,3,19.2857142857,19.2857142857,True,0.755939900875
0.005,40,90,1,29.2857142857,29.4285714286,True,0.901219035898
0.005,40,90,2,27.5714285714,27.5714285714,True,0.900221288204
0.005,40,90,3,32.5714285714,32.5714285714,True,0.901206868035
0.005,40,95,1,35.5714285714,35.5714285714,True,0.950838174139
0.005,40,95,2,34.8571428571,34.8571428571,True,0.950117928641
0.005,40,95,3,36.5714285714,36.5714285714,True,0.950646119458
0.005,40,99,1,inf,inf,False,
0.005,40,99,2,40,40,True,0.990175485611
0.005,40,99,3,inf,inf,False,
0.005,41,50,1,12.4285714286,12.5714285714,True,0.524272544043
0.005,41,50,2,12,12,True,0.503178417683
0.005,41,50,3,13.7142857143,13.8571428571,True,0.503430634737
0.005,41,75,1,16.8571428571,16.8571428571,True,0.752302178315
0.005,41,75,2,15.7142857143,15.8571428571,True,0.758268739496
0.005,41,75,3,19.2857142857,19.2857142857,True,0.755205392838
0.005,41,90,1,29.4285714286,29.4285714286,True,0.900834270886
0.005,41,90,2,27.5714285714,27.5714285714,True,0.901170509202
0.005,41,90,3,32.5714285714,32.5714285714,True,0.901494153908
0.005,41,95,1,35.5714285714,35.5714285714,True,0.950572567327
0.005,41,95,2,34.7142857143,34.8571428571,True,0.951097343649
0.005,41,95,3,36.5714285714,36.5714285714,True,0.950570958001
0.005,41,99,1,inf,inf,False,
0.005,41,99,2,40,40,True,0.990054666996
0.005,41,99,3,inf,inf,False,
0.005,42,50,1,12.5714285714,12.5714285714,True,0.522923874004
0.005,42,50,2,12,12,True,0.503519833088
0.005,42,50,3,13.8571428571,13.8571428571,True,0.501602747611
0.005,42,75,1,16.8571428571,16.8571428571,True,0.753315184798
0.005,42,75,2,15.8571428571,15.8571428571,True,0.753328961985
0.005,42,75,3,19.2857142857,19.2857142857,True,0.755386999675
0.005,42,90,1,29.4285714286,29.4285714286,True,0.900636196136
0.005,42,90,2,27.5714285714,27.5714285714,True,0.900674070631
0.005,42,90,3,32.5714285714,32.5714285714,True,0.900838426181
0.005,42,95,1,35.5714285714,35.5714285714,True,0.950639145715
0.005,42,95,2,34.8571428571,34.8571428571,True,0.950641538416
0.005,42,95,3,36.5714285714,36.5714285714,True,0.950406406607
0.005,42,99,1,inf,inf,False,
0.005,42,99,2,40,40,True,0.990125834942
0.005,42,99,3,inf,inf,False,
0.005,43,50,1,12.4285714286,12.5714285714,True,0.524765597922
0.005,43,50,2,12,12,True,0.500631570816
0.005,43,50,3,14.1428571429,13.8571428571,True,0.496895045042
0.005,43,75,1,16.5714285714,16.8571428571,True,0.758799101625
0.005,43,75,2,15.8571428571,15.8571428571,True,0.750879977431
0.005,43,75,3,19.2857142857,19.2857142857,True,0.752172768116
0.005,43,90,1,29.1428571429,29.4285714286,True,0.902972323554
0.005,43,90,2,27.5714285714,27.5714285714,True,0.900240455355
0.005,43,90,3,32.7142857143,32.5714285714,True,0.899709079947
0.005,43,95,1,35.4285714286,35.5714285714,True,0.951686637742
0.005,43,95,2,34.8571428571,34.8571428571,True,0.950056229319
0.005,43,95,3,36.5714285714,36.5714285714,True,0.950025277478
0.005,43,99,1,inf,inf,False,
0.005,43,99,2,inf,40,False,0.989999890327
0.005,43,99,3,inf,inf,False,
0.005,44,50,1,12.5714285714,12.5714285714,True,0.523544375386
0.005,44,50,2,12.1428571429,12,True,0.499672502279
0.005,44,50,3,13.8571428571,13.8571428571,True,0.502114883491
0.005,44,75,1,16.8571428571,16.8571428571,True,0.75332742078
0.005,44,75,2,15.8571428571,15.8571428571,True,0.753741264343
0.005,44,75,3,19.2857142857,19.2857142857,True,0.755225735051
0.005,44,90,1,29.4285714286,29.4285714286,True,0.901093091284
0.005,44,90,2,27.5714285714,27.5714285714,True,0.900272990976
0.005,44,90,3,32.5714285714,32.5714285714,True,0.901491480214
0.005,44,95,1,35.5714285714,35.5714285714,True,0.950662417071
0.005,44,95,2,34.8571428571,34.8571428571,True,0.950439257281
0.005,44,95,3,36.5714285714,36.5714285714,True,0.95051669223
0.005,44,99,1,inf,inf,False,
0.005,44,99,2,inf,40,False,0.989946424961
0.005,44,99,3,inf,inf,False,
0.005,45,50,1,12.5714285714,12.5714285714,True,0.519294955901
0.005,45,50,2,12.1428571429,12,True,0.497902691364
0.005,45,50,3,13.8571428571,13.8571428571,True,0.501516112259
0.005,45,75,1,16.8571428571,16.8571428571,True,0.750611458506
0.005,45,75,2,16,15.8571428571,True,0.747989152159
0.005,45,75,3,19.2857142857,19.2857142857,True,0.753621109894
0.005,45,90,1,29.5714285714,29.4285714286,True,0.899872864996
0.005,45,90,2,27.8571428571,27.5714285714,True,0.898526864392
0.005,45,90,3,32.5714285714,32.5714285714,True,0.901037165097
0.005,45,95,1,35.5714285714,35.5714285714,True,0.950199833938
0.005,45,95,2,35,34.8571428571,True,0.94959294796
0.005,45,95,3,36.5714285714,36.5714285714,True,0.950273794787
0.005,45,99,1,inf,inf,False,
0.005,45,99,2,inf,40,False,0.989860653877
0.005,45,99,3,inf,inf,False,
0.005,46,50,1,12.5714285714,12.5714285714,True,0.52382973688
0.005,46,50,2,12,12,True,0.502707242966
0.005,46,50,3,13.7142857143,13.8571428571,True,0.504034353154
0.005,46,75,1,16.7142857143,16.8571428571,True,0.757346221379
0.005,46,75,2,15.8571428571,15.8571428571,True,0.751252693789
0.005,46,75,3,19.1428571429,19.2857142857,True,0.756810588496
0.005,46,90,1,29.1428571429,29.4285714286,True,0.902268350124
0.005,46,90,2,27.5714285714,27.5714285714,True,0.900705814362
0.005,46,90,3,32.5714285714,32.5714285714,True,0.901349101748
0.005,46,95,1,35.4285714286,35.5714285714,True,0.951249446188
0.005,46,95,2,34.8571428571,34.8571428571,True,0.950224058969
0.005,46,95,3,36.5714285714,36.5714285714,True,0.950826840741
0.005,46,99,1,inf,inf,False,
0.005,46,99,2,40,40,True,0.990132153034
0.005,46,99,3,inf,inf,False,
0.005,47,50,1,12.5714285714,12.5714285714,True,0.523609659501
0.005,47,50,2,12,12,True,0.501522958279
0.005,47,50,3,14,13.8571428571,True,0.499190943582
0.005,47,75,1,16.7142857143,16.8571428571,True,0.755489953927
0.005,47,75,2,15.8571428571,15.8571428571,True,0.752962648869
0.005,47,75,3,19.2857142857,19.2857142857,True,0.752713756902
0.005,47,90,1,29.2857142857,29.4285714286,True,0.90170031786
0.005,47,90,2,27.5714285714,27.5714285714,True,0.900508727346
0.005,47,90,3,32.7142857143,32.5714285714,True,0.899838762624
0.005,47,95,1,35.5714285714,35.5714285714,True,0.951159902981
0.005,47,95,2,34.8571428571,34.8571428571,True,0.95029005834
0.005,47,95,3,36.5714285714,36.5714285714,True,0.950144376074
0.005,47,99,1,inf,inf,False,
0.005,47,99,2,40,40,True,0.990058600903
0.005,47,99,3,inf,inf,False,
0.005,48,50,1,12.5714285714,12.5714285714,True,0.522307710988
0.005,48,50,2,12,12,True,0.503980696201
0.005,48,50,3,13.7142857143,13.8571428571,True,0.503497481346
0.005,48,75,1,16.8571428571,16.8571428571,True,0.754030202116
0.005,48,75,2,15.8571428571,15.8571428571,True,0.751497328281
0.005,48,75,3,19.1428571429,19.2857142857,True,0.757024126393
0.005,48,90,1,29.2857142857,29.4285714286,True,0.901278470244
0.005,48,90,2,27.5714285714,27.5714285714,True,0.900403116431
0.005,48,90,3,32.5714285714,32.5714285714,True,0.901364036969
0.005,48,95,1,35.5714285714,35.5714285714,True,0.950834350927
0.005,48,95,2,34.8571428571,34.8571428571,True,0.950293983732
0.005,48,95,3,36.5714285714,36.5714285714,True,0.950745838029
0.005,48,99,1,inf,inf,False,
0.005,48,99,2,40,40,True,0.990178108215
0.005,48,99,3,inf,inf,False,
0.005,49,50,1,12.4285714286,12.5714285714,True,0.524916244405
0.005,49,50,2,12,12,True,0.504489481449
0.005,49,50,3,14,13.8571428571,True,0.499771969659
0.005,49,75,1,16.7142857143,16.8571428571,True,0.755621033055
0.005,49,75,2,15.7142857143,15.8571428571,True,0.756126037666
0.005,49,75,3,19.2857142857,19.2857142857,True,0.754452168941
0.005,49,90,1,29.4285714286,29.4285714286,True,0.901049051966
0.005,49,90,2,27.4285714286,27.5714285714,True,0.901746256011
0.005,49,90,3,32.5714285714,32.5714285714,True,0.900190166065
0.005,49,95,1,35.5714285714,35.5714285714,True,0.951089365142
0.005,49,95,2,34.8571428571,34.8571428571,True,0.950817559447
0.005,49,95,3,36.5714285714,36.5714285714,True,0.950394494193
0.005,49,99,1,inf,inf,False,
0.005,49,99,2,40,40,True,0.990269422531
0.005,49,99,3,inf,inf,False,
0.005,50,50,1,12.4285714286,12.5714285714,True,0.524884181363
0.005,50,50,2,12,12,True,0.502623140812
0.005,50,50,3,14,13.8571428571,True,0.498886823654
0.005,50,75,1,16.7142857143,16.8571428571,True,0.755504608154
0.005,50,75,2,15.7142857143,15.8571428571,True,0.756019856249
0.005,50,75,3,19.2857142857,19.2857142857,True,0.753384096282
0.005,50,90,1,29.2857142857,29.4285714286,True,0.901600011757
0.005,50,90,2,27.5714285714,27.5714285714,True,0.90127576249
0.005,50,90,3,32.5714285714,32.5714285714,True,0.900539406708
0.005,50,95,1,35.4285714286,35.5714285714,True,0.951189628669
0.005,50,95,2,34.8571428571,34.8571428571,True,0.950915770871
0.005,50,95,3,36.5714285714,36.5714285714,True,0.950182046209
0.005,50,99,1,inf,inf,False,
0.005,50,99,2,40,40,True,0.990064263344
0.005,50,99,3,inf,inf,False,
0.005,51,50,1,12.5714285714,12.5714285714,True,0.522620167051
0.005,51,50,2,12,12,True,0.501996695995
0.005,51,50,3,14,13.8571428571,True,0.498299151659
0.005,51,75,1,16.8571428571,16.8571428571,True,0.752211102418
0.005,51,75,2,15.8571428571,15.8571428571,True,0.753807348864
0.005,51,75,3,19.2857142857,19.2857142857,True,0.75355975117
0.005,51,90,1,29.5714285714,29.4285714286,True,0.89950220074
0.005,51,90,2,27.5714285714,27.5714285714,True,0.900949452605
0.005,51,90,3,32.5714285714,32.5714285714,True,0.900201652731
0.005,51,95,1,35.5714285714,35.5714285714,True,0.950563584055
0.005,51,95,2,34.8571428571,34.8571428571,True,0.950490423611
0.005,51,95,3,36.5714285714,36.5714285714,True,0.950274339744
0.005,51,99,1,inf,inf,False,
0.005,51,99,2,40,40,True,0.990050554276
0.005,51,99,3,inf,inf,False,
0.005,52,50,1,12.5714285714,12.5714285714,True,0.52191221714
0.005,52,50,2,12,12,True,0.504605710506
0.005,52,50,3,14,13.8571428571,True,0.498625120946
0.005,52,75,1,16.8571428571,16.8571428571,True,0.753804283483
0.005,52,75,2,15.8571428571,15.8571428571,True,0.75250353132
0.005,52,75,3,19.2857142857,19.2857142857,True,0.753780535289
0.005,52,90,1,29.4285714286,29.4285714286,True,0.901118457317
0.005,52,90,2,27.5714285714,27.5714285714,True,0.90025803021
0.005,52,90,3,32.5714285714,32.5714285714,True,0.900347615991
0.005,52,95,1,35.5714285714,35.5714285714,True,0.950729114669
0.005,52,95,2,34.8571428571,34.8571428571,True,0.950470685959
0.005,52,95,3,36.5714285714,36.5714285714,True,0.950183638505
0.005,52,99,1,inf,inf,False,
0.005,52,99,2,40,40,True,0.99019575119
0.005,52,99,3,inf,inf,False,
0.005,53,50,1,12.5714285714,12.5714285714,True,0.52291818176
0.005,53,50,2,12,12,True,0.504209578037
0.005,53,50,3,13.8571428571,13.8571428571,True,0.502841949463
0.005,53,75,1,16.8571428571,16.8571428571,True,0.753701729434
0.005,53,75,2,15.8571428571,15.8571428571,True,0.753601516996
0.005,53,75,3,19.2857142857,19.2857142857,True,0.755603143147
0.005,53,90,1,29.4285714286,29.4285714286,True,0.900572725705
0.005,53,90,2,27.5714285714,27.5714285714,True,0.900646124567
0.005,53,90,3,32.5714285714,32.5714285714,True,0.901445942266
0.005,53,95,1,35.5714285714,35.5714285714,True,0.950787748609
0.005,53,95,2,34.8571428571,34.8571428571,True,0.950501765524
0.005,53,95,3,36.5714285714,36.5714285714,True,0.950524534498
0.005,53,99,1,inf,inf,False,
0.005,53,99,2,40,40,True,0.990115225315
0.005,53,99,3,inf,inf,False,
0.005,54,50,1,12.5714285714,12.5714285714,True,0.52152933819
0.005,54,50,2,12,12,True,0.502183973789
0.005,54,50,3,14,13.8571428571,True,0.498460024595
0.005,54,75,1,16.8571428571,16.8571428571,True,0.752257875034
0.005,54,75,2,15.8571428571,15.8571428571,True,0.752177979265
0.005,54,75,3,19.2857142857,19.2857142857,True,0.752371132374
0.005,54,90,1,29.4285714286,29.4285714286,True,0.90019179242
0.005,54,90,2,27.7142857143,27.5714285714,True,0.899922907352
0.005,54,90,3,32.5714285714,32.5714285714,True,0.900131029742
0.005,54,95,1,35.5714285714,35.5714285714,True,0.950619646481
0.005,54,95,2,34.8571428571,34.8571428571,True,0.950141217027
0.005,54,95,3,36.5714285714,36.5714285714,True,0.950121002538
0.005,54,99,1,inf,inf,False,
0.005,54,99,2,40,40,True,0.990153312683
0.005,54,99,3,inf,inf,False,
0.005,55,50,1,12.5714285714,12.5714285714,True,0.523272761277
0.005,55,50,2,12,12,True,0.502766549587
0.005,55,50,3,14,13.8571428571,True,0.499208062887
0.005,55,75,1,16.7142857143,16.8571428571,True,0.755589842796
0.005,55,75,2,15.8571428571,15.8571428571,True,0.753749958106
0.005,55,75,3,19.2857142857,19.2857142857,True,0.753440175738
0.005,55,90,1,29.2857142857,29.4285714286,True,0.901989792074
0.005,55,90,2,27.5714285714,27.5714285714,True,0.900650646005
0.005,55,90,3,32.5714285714,32.5714285714,True,0.900286299842
0.005,55,95,1,35.5714285714,35.5714285714,True,0.950995564461
0.005,55,95,2,34.8571428571,34.8571428571,True,0.950534411839
0.005,55,95,3,36.5714285714,36.5714285714,True,0.950302285807
0.005,55,99,1,inf,inf,False,
0.005,55,99,2,40,40,True,0.990062773228
0.005,55,99,3,inf,inf,False,
0.005,56,50,1,12.5714285714,12.5714285714,True,0.523270517588
0.005,56,50,2,12,12,True,0.501526892185
0.005,56,50,3,13.8571428571,13.8571428571,True,0.500945363726
0.005,56,75,1,16.7142857143,16.8571428571,True,0.755541699273
0.005,56,75,2,15.8571428571,15.8571428571,True,0.751344663756
0.005,56,75,3,19.2857142857,19.2857142857,True,0.755435841424
0.005,56,90,1,29.2857142857,29.4285714286,True,0.902184571539
0.005,56,90,2,27.5714285714,27.5714285714,True,0.900554725102
0.005,56,90,3,32.5714285714,32.5714285714,True,0.900145283767
0.005,56,95,1,35.5714285714,35.5714285714,True,0.951009631157
0.005,56,95,2,34.8571428571,34.8571428571,True,0.950203784875
0.005,56,95,3,36.5714285714,36.5714285714,True,0.950484999589
0.005,56,99,1,inf,inf,False,
0.005,56,99,2,40,40,True,0.990136146545
0.005,56,99,3,inf,inf,False,
0.005,57,50,1,12.4285714286,12.5714285714,True,0.524870757546
0.005,57,50,2,12,12,True,0.501749515533
0.005,57,50,3,13.8571428571,13.8571428571,True,0.502283189978
0.005,57,75,1,16.7142857143,16.8571428571,True,0.756919366973
0.005,57,75,2,15.7142857143,15.8571428571,True,0.755571518626
0.005,57,75,3,19.2857142857,19.2857142857,True,0.753983225141
0.005,57,90,1,29.2857142857,29.4285714286,True,0.902135985238
0.005,57,90,2,27.5714285714,27.5714285714,True,0.901310477938
0.005,57,90,3,32.5714285714,32.5714285714,True,0.900533378124
0.005,57,95,1,35.4285714286,35.5714285714,True,0.951290752207
0.005,57,95,2,34.8571428571,34.8571428571,True,0.95075234345
0.005,57,95,3,36.5714285714,36.5714285714,True,0.95038664341
0.005,57,99,1,inf,inf,False,
0.005,57,99,2,40,40,True,0.99011528492
0.005,57,99,3,inf,inf,False,
0.005,58,50,1,12.5714285714,12.5714285714,True,0.523016278233
0.005,58,50,2,12,12,True,0.502375543118
0.005,58,50,3,13.8571428571,13.8571428571,True,0.502520752805
0.005,58,75,1,16.7142857143,16.8571428571,True,0.755308645112
0.005,58,75,2,15.8571428571,15.8571428571,True,0.753222167492
0.005,58,75,3,19.2857142857,19.2857142857,True,0.755184624876
0.005,58,90,1,29.2857142857,29.4285714286,True,0.901482726846
0.005,58,90,2,27.5714285714,27.5714285714,True,0.90070102896
0.005,58,90,3,32.5714285714,32.5714285714,True,0.900958657265
0.005,58,95,1,35.5714285714,35.5714285714,True,0.95104101726
0.005,58,95,2,34.8571428571,34.8571428571,True,0.950316369534
0.005,58,95,3,36.5714285714,36.5714285714,True,0.950581899711
0.005,58,99,1,inf,inf,False,
0.005,58,99,2,40,40,True,0.99007076025
0.005,58,99,3,inf,inf,False,
0.005,59,50,1,12.5714285714,12.5714285714,True,0.517660247428
0.005,59,50,2,12,12,True,0.504420042038
0.005,59,50,3,14,13.8571428571,True,0.498733392784
0.005,59,75,1,16.8571428571,16.8571428571,True,0.752975702286
0.005,59,75,2,16.1428571429,15.8571428571,True,0.744079223701
0.005,59,75,3,19.2857142857,19.2857142857,True,0.754475797926
0.005,59,90,1,29.4285714286,29.4285714286,True,0.901017878737
0.005,59,90,2,27.8571428571,27.5714285714,True,0.898084793772
0.005,59,90,3,32.5714285714,32.5714285714,True,0.900406811919
0.005,59,95,1,35.5714285714,35.5714285714,True,0.950751091753
0.005,59,95,2,35,34.8571428571,True,0.948897668294
0.005,59,95,3,36.5714285714,36.5714285714,True,0.950225029673
0.005,59,99,1,inf,inf,False,
0.005,59,99,2,40,40,True,0.990158617496
0.005,59,99,3,inf,inf,False,
0.005,60,50,1,12.4285714286,12.5714285714,True,0.524376277413
0.005,60,50,2,12.1428571429,12,True,0.498703032732
0.005,60,50,3,13.8571428571,13.8571428571,True,0.500641971827
0.005,60,75,1,16.8571428571,16.8571428571,True,0.753247031144
0.005,60,75,2,15.7142857143,15.8571428571,True,0.756109433515
0.005,60,75,3,19.2857142857,19.2857142857,True,0.752588501998
0.005,60,90,1,29.5714285714,29.4285714286,True,0.899921842984
0.005,60,90,2,27.5714285714,27.5714285714,True,0.900975610529
0.005,60,90,3,32.5714285714,32.5714285714,True,0.900643008096
0.005,60,95,1,35.5714285714,35.5714285714,True,0.950627582414
0.005,60,95,2,34.8571428571,34.8571428571,True,0.950947667871
0.005,60,95,3,36.5714285714,36.5714285714,True,0.950083681515
0.005,60,99,1,inf,inf,False,
0.005,60,99,2,inf,40,False,0.989949285984
0.005,60,99,3,inf,inf,False,
0.005,61,50,1,12.5714285714,12.5714285714,True,0.522647764002
0.005,61,50,2,12.1428571429,12,True,0.498981654644
0.005,61,50,3,14,13.8571428571,True,0.49984060015
0.005,61,75,1,16.8571428571,16.8571428571,True,0.750693959849
0.005,61,75,2,15.7142857143,15.8571428571,True,0.754987435681
0.005,61,75,3,19.2857142857,19.2857142857,True,0.752807438374
0.005,61,90,1,29.5714285714,29.4285714286,True,0.899296036788
0.005,61,90,2,27.5714285714,27.5714285714,True,0.900365352631
0.005,61,90,3,32.5714285714,32.5714285714,True,0.900433932032
0.005,61,95,1,35.5714285714,35.5714285714,True,0.950293838978
0.005,61,95,2,34.8571428571,34.8571428571,True,0.950473163809
0.005,61,95,3,36.5714285714,36.5714285714,True,0.950202439513
0.005,61,99,1,inf,inf,False,
0.005,61,99,2,inf,40,False,0.989975214005
0.005,61,99,3,inf,inf,False,
0.005,62,50,1,12.5714285714,12.5714285714,True,0.522878076349
0.005,62,50,2,12,12,True,0.503809034824
0.005,62,50,3,14,13.8571428571,True,0.498645944255
0.005,62,75,1,16.8571428571,16.8571428571,True,0.754040147577
0.005,62,75,2,15.8571428571,15.8571428571,True,0.754251411983
0.005,62,75,3,19.2857142857,19.2857142857,True,0.754067812647
0.005,62,90,1,29.4285714286,29.4285714286,True,0.901077142784
0.005,62,90,2,27.5714285714,27.5714285714,True,0.900697716645
0.005,62,90,3,32.5714285714,32.5714285714,True,0.90044260025
0.005,62,95,1,35.5714285714,35.5714285714,True,0.950864434242
0.005,62,95,2,34.8571428571,34.8571428571,True,0.95057114533
0.005,62,95,3,36.5714285714,36.5714285714,True,0.950243558202
0.005,62,99,1,inf,inf,False,
0.005,62,99,2,40,40,True,0.990175962448
0.005,62,99,3,inf,inf,False,
0.005,63,50,1,12.5714285714,12.5714285714,True,0.520364825215
0.005,63,50,2,12,12,True,0.501355230808
0.005,63,50,3,13.5714285714,13.8571428571,True,0.506375027554
0.005,63,75,1,16.8571428571,16.8571428571,True,0.752018834863
0.005,63,75,2,16,15.8571428571,True,0.749550827912
0.005,63,75,3,19.1428571429,19.2857142857,True,0.758090819631
0.005,63,90,1,29.4285714286,29.4285714286,True,0.900041316237
0.005,63,90,2,27.7142857143,27.5714285714,True,0.899615739073
0.005,63,90,3,32.4285714286,32.5714285714,True,0.902460004602
0.005,63,95,1,35.5714285714,35.5714285714,True,0.950552225113
0.005,63,95,2,35,34.8571428571,True,0.949771514961
0.005,63,95,3,36.4285714286,36.5714285714,True,0.950948068074
0.005,63,99,1,inf,inf,False,
0.005,63,99,2,40,40,True,0.990045845509
0.005,63,99,3,inf,inf,False,
0.005,64,50,1,12.5714285714,12.5714285714,True,0.521954157523
0.005,64,50,2,12,12,True,0.501290678978
0.005,64,50,3,13.8571428571,13.8571428571,True,0.50067703213
0.005,64,75,1,16.8571428571,16.8571428571,True,0.752026208809
0.005,64,75,2,15.8571428571,15.8571428571,True,0.753375036376
0.005,64,75,3,19.2857142857,19.2857142857,True,0.755238711834
0.005,64,90,1,29.5714285714,29.4285714286,True,0.899959112917
0.005,64,90,2,27.5714285714,27.5714285714,True,0.900772622653
0.005,64,90,3,32.5714285714,32.5714285714,True,0.900348765509
0.005,64,95,1,35.5714285714,35.5714285714,True,0.950533875397
0.005,64,95,2,34.8571428571,34.8571428571,True,0.950373445238
0.005,64,95,3,36.5714285714,36.5714285714,True,0.950427906854
0.005,64,99,1,inf,inf,False,
0.005,64,99,2,40,40,True,0.99013876915
0.005,64,99,3,inf,inf,False,
0.005,65,50,1,12.5714285714,12.5714285714,True,0.52239002926
0.005,65,50,2,12,12,True,0.502089738846
0.005,65,50,3,13.7142857143,13.8571428571,True,0.504308721849
0.005,65,75,1,16.8571428571,16.8571428571,True,0.753185008253
0.005,65,75,2,15.8571428571,15.8571428571,True,0.753121324948
0.005,65,75,3,19.1428571429,19.2857142857,True,0.757536368711
0.005,65,90,1,29.4285714286,29.4285714286,True,0.900307468006
0.005,65,90,2,27.5714285714,27.5714285714,True,0.900925491537
0.005,65,90,3,32.4285714286,32.5714285714,True,0.901763813836
0.005,65,95,1,35.5714285714,35.5714285714,True,0.950433714049
0.005,65,95,2,34.8571428571,34.8571428571,True,0.950612919671
0.005,65,95,3,36.5714285714,36.5714285714,True,0.950903143202
0.005,65,99,1,inf,inf,False,
0.005,65,99,2,40,40,True,0.990161299706
0.005,65,99,3,inf,inf,False,
0.005,66,50,1,12.5714285714,12.5714285714,True,0.522829409157
0.005,66,50,2,12,12,True,0.502639889717
0.005,66,50,3,14.1428571429,13.8571428571,True,0.496350786516
0.005,66,75,1,16.8571428571,16.8571428571,True,0.753784486226
0.005,66,75,2,15.8571428571,15.8571428571,True,0.753278323582
0.005,66,75,3,19.2857142857,19.2857142857,True,0.751662160669
0.005,66,90,1,29.4285714286,29.4285714286,True,0.9005282947
0.005,66,90,2,27.5714285714,27.5714285714,True,0.900586375168
0.005,66,90,3,32.7142857143,32.5714285714,True,0.899214625359
0.005,66,95,1,35.5714285714,35.5714285714,True,0.950953781605
0.005,66,95,2,34.8571428571,34.8571428571,True,0.950217655727
0.005,66,95,3,36.7142857143,36.5714285714,True,0.949945449829
0.005,66,99,1,inf,inf,False,
0.005,66,99,2,40,40,True,0.990116775036
0.005,66,99,3,inf,inf,False,
0.005,67,50,1,12.4285714286,12.5714285714,True,0.524295487574
0.005,67,50,2,12.1428571429,12,True,0.498955070972
0.005,67,50,3,13.7142857143,13.8571428571,True,0.505426704884
0.005,67,75,1,16.7142857143,16.8571428571,True,0.75455974681
0.005,67,75,2,15.7142857143,15.8571428571,True,0.754810810089
0.005,67,75,3,19.2857142857,19.2857142857,True,0.756209441594
0.005,67,90,1,29.2857142857,29.4285714286,True,0.901514811175
0.005,67,90,2,27.5714285714,27.5714285714,True,0.900761868273
0.005,67,90,3,32.4285714286,32.5714285714,True,0.901920344148
0.005,67,95,1,35.5714285714,35.5714285714,True,0.950904684407
0.005,67,95,2,34.8571428571,34.8571428571,True,0.950710841588
0.005,67,95,3,36.5714285714,36.5714285714,True,0.950666649001
0.005,67,99,1,inf,inf,False,
0.005,67,99,2,inf,40,False,0.989975571632
0.005,67,99,3,inf,inf,False,
0.005,68,50,1,12.5714285714,12.5714285714,True,0.522897775684
0.005,68,50,2,12,12,True,0.501078546047
0.005,68,50,3,13.8571428571,13.8571428571,True,0.50146147183
0.005,68,75,1,16.8571428571,16.8571428571,True,0.753687066691
0.005,68,75,2,15.8571428571,15.8571428571,True,0.753532775811
0.005,68,75,3,19.2857142857,19.2857142857,True,0.753075591155
0.005,68,90,1,29.5714285714,29.4285714286,True,0.89958684785
0.005,68,90,2,27.5714285714,27.5714285714,True,0.900530951364
0.005,68,90,3,32.5714285714,32.5714285714,True,0.900803608554
0.005,68,95,1,35.5714285714,35.5714285714,True,0.95074984857
0.005,68,95,2,34.8571428571,34.8571428571,True,0.950445464679
0.005,68,95,3,36.5714285714,36.5714285714,True,0.950121113232
0.005,68,99,1,inf,inf,False,
0.005,68,99,2,inf,40,False,0.989966452122
0.005,68,99,3,inf,inf,False,
0.005,69,50,1,12.5714285714,12.5714285714,True,0.522532952683
0.005,69,50,2,12,12,True,0.501636326313
0.005,69,50,3,13.7142857143,13.8571428571,True,0.504010132381
0.005,69,75,1,16.8571428571,16.8571428571,True,0.752947083541
0.005,69,75,2,15.8571428571,15.8571428571,True,0.750903538295
0.005,69,75,3,19.1428571429,19.2857142857,True,0.756585206304
0.005,69,90,1,29.4285714286,29.4285714286,True,0.900798312255
0.005,69,90,2,27.7142857143,27.5714285714,True,0.899767007147
0.005,69,90,3,32.5714285714,32.5714285714,True,0.901546384607
0.005,69,95,1,35.5714285714,35.5714285714,True,0.950622209481
0.005,69,95,2,34.8571428571,34.8571428571,True,0.95000828164
0.005,69,95,3,36.5714285714,36.5714285714,True,0.950735015529
0.005,69,99,1,inf,inf,False,
0.005,69,99,2,40,40,True,0.990082800388
0.005,69,99,3,inf,inf,False,
0.005,70,50,1,12.4285714286,12.5714285714,True,0.524739491088
0.005,70,50,2,12.1428571429,12,True,0.499751478434
0.005,70,50,3,13.8571428571,13.8571428571,True,0.502023036991
0.005,70,75,1,16.7142857143,16.8571428571,True,0.754419692925
0.005,70,75,2,15.7142857143,15.8571428571,True,0.755804496152
0.005,70,75,3,19.2857142857,19.2857142857,True,0.755445965699
0.005,70,90,1,29.4285714286,29.4285714286,True,0.901072059359
0.005,70,90,2,27.5714285714,27.5714285714,True,0.901223710605
0.005,70,90,3,32.5714285714,32.5714285714,True,0.901293533189
0.005,70,95,1,35.5714285714,35.5714285714,True,0.950878705297
0.005,70,95,2,34.8571428571,34.8571428571,True,0.950731745788
0.005,70,95,3,36.5714285714,36.5714285714,True,0.950625692095
0.005,70,99,1,inf,inf,False,
0.005,70,99,2,inf,40,False,0.98997849226
0.005,70,99,3,inf,inf,False,
0.005,71,50,1,12.5714285714,12.5714285714,True,0.521877114262
0.005,71,50,2,12,12,True,0.502438664436
0.005,71,50,3,14,13.8571428571,True,0.497735585485
0.005,71,75,1,16.8571428571,16.8571428571,True,0.753035851887
0.005,71,75,2,15.8571428571,15.8571428571,True,0.752573788166
0.005,71,75,3,19.2857142857,19.2857142857,True,0.750876333032
0.005,71,90,1,29.4285714286,29.4285714286,True,0.90081514631
0.005,71,90,2,27.7142857143,27.5714285714,True,0.899737485818
0.005,71,90,3,32.7142857143,32.5714285714,True,0.899597108364
0.005,71,95,1,35.5714285714,35.5714285714,True,0.950648827212
0.005,71,95,2,34.8571428571,34.8571428571,True,0.950307309628
0.005,71,95,3,36.7142857143,36.5714285714,True,0.949766652925
0.005,71,99,1,inf,inf,False,
0.005,71,99,2,inf,40,False,0.989946246147
0.005,71,99,3,inf,inf,False,
0.005,72,50,1,12.4285714286,12.5714285714,True,0.525302708149
0.005,72,50,2,12.1428571429,12,True,0.499503731728
0.005,72,50,3,14,13.8571428571,True,0.498241633177
0.005,72,75,1,16.7142857143,16.8571428571,True,0.755509768214
0.005,72,75,2,15.7142857143,15.8571428571,True,0.756189448493
0.005,72,75,3,19.2857142857,19.2857142857,True,0.75224842344
0.005,72,90,1,29.5714285714,29.4285714286,True,0.899963949408
0.005,72,90,2,27.4285714286,27.5714285714,True,0.90163320303
0.005,72,90,3,32.5714285714,32.5714285714,True,0.900186521666
0.005,72,95,1,35.5714285714,35.5714285714,True,0.950971075467
0.005,72,95,2,34.8571428571,34.8571428571,True,0.950947846685
0.005,72,95,3,36.5714285714,36.5714285714,True,0.950022433485
0.005,72,99,1,inf,inf,False,
0.005,72,99,2,inf,40,False,0.989963710308
0.005,72,99,3,inf,inf,False,
0.005,73,50,1,12.4285714286,12.5714285714,True,0.525462891374
0.005,73,50,2,12,12,True,0.504434049129
0.005,73,50,3,13.8571428571,13.8571428571,True,0.502963027784
0.005,73,75,1,16.8571428571,16.8571428571,True,0.753098504884
0.005,73,75,2,15.7142857143,15.8571428571,True,0.758653964315
0.005,73,75,3,19.2857142857,19.2857142857,True,0.755920904023
0.005,73,90,1,29.4285714286,29.4285714286,True,0.900788749967
0.005,73,90,2,27.4285714286,27.5714285714,True,0.901790065425
0.005,73,90,3,32.5714285714,32.5714285714,True,0.901240238122
0.005,73,95,1,35.5714285714,35.5714285714,True,0.950731618064
0.005,73,95,2,34.7142857143,34.8571428571,True,0.951222172805
0.005,73,95,3,36.5714285714,36.5714285714,True,0.950741086687
0.005,73,99,1,inf,inf,False,
0.005,73,99,2,40,40,True,0.990253329277
0.005,73,99,3,inf,inf,False,
0.005,74,50,1,12.5714285714,12.5714285714,True,0.521651915142
0.005,74,50,2,12,12,True,0.500537335873
0.005,74,50,3,14,13.8571428571,True,0.498242003577
0.005,74,75,1,16.8571428571,16.8571428571,True,0.751407997949
0.005,74,75,2,15.8571428571,15.8571428571,True,0.75282905783
0.005,74,75,3,19.2857142857,19.2857142857,True,0.752953895501
0.005,74,90,1,29.4285714286,29.4285714286,True,0.900255654539
0.005,74,90,2,27.5714285714,27.5714285714,True,0.900185508387
0.005,74,90,3,32.7142857143,32.5714285714,True,0.899676629475
0.005,74,95,1,35.5714285714,35.5714285714,True,0.950307445867
0.005,74,95,2,34.8571428571,34.8571428571,True,0.950410238334
0.005,74,95,3,36.5714285714,36.5714285714,True,0.950109030519
0.005,74,99,1,inf,inf,False,
0.005,74,99,2,40,40,True,0.990075170994
0.005,74,99,3,inf,inf,False,
0.005,75,50,1,12.5714285714,12.5714285714,True,0.519874568496
0.005,75,50,2,12,12,True,0.501579403877
0.005,75,50,3,13.8571428571,13.8571428571,True,0.502393807684
0.005,75,75,1,16.8571428571,16.8571428571,True,0.750512523311
0.005,75,75,2,16,15.8571428571,True,0.749803994383
0.005,75,75,3,19.2857142857,19.2857142857,True,0.755305264677
0.005,75,90,1,29.5714285714,29.4285714286,True,0.899706363678
0.005,75,90,2,27.7142857143,27.5714285714,True,0.899117435728
0.005,75,90,3,32.5714285714,32.5714285714,True,0.901444247791
0.005,75,95,1,35.5714285714,35.5714285714,True,0.950137776988
0.005,75,95,2,35,34.8571428571,True,0.949901010309
0.005,75,95,3,36.5714285714,36.5714285714,True,0.950471597058
0.005,75,99,1,inf,inf,False,
0.005,75,99,2,inf,40,False,0.989907205105
0.005,75,99,3,inf,inf,False,
0.005,76,50,1,12.5714285714,12.5714285714,True,0.521250533206
0.005,76,50,2,12,12,True,0.504750013351
0.005,76,50,3,13.8571428571,13.8571428571,True,0.500721641949
0.005,76,75,1,16.8571428571,16.8571428571,True,0.752019720418
0.005,76,75,2,15.8571428571,15.8571428571,True,0.752083216395
0.005,76,75,3,19.2857142857,19.2857142857,True,0.75477375303
0.005,76,90,1,29.4285714286,29.4285714286,True,0.900107826505
0.005,76,90,2,27.5714285714,27.5714285714,True,0.900058116232
0.005,76,90,3,32.5714285714,32.5714285714,True,0.900774512972
0.005,76,95,1,35.5714285714,35.5714285714,True,0.950416088104
0.005,76,95,2,34.8571428571,34.8571428571,True,0.950283808368
0.005,76,95,3,36.5714285714,36.5714285714,True,0.950427140508
0.005,76,99,1,inf,inf,False,
0.005,76,99,2,40,40,True,0.990232110023
0.005,76,99,3,inf,inf,False,
0.005,77,50,1,12.5714285714,12.5714285714,True,0.520779630968
0.005,77,50,2,12,12,True,0.501970887184
0.005,77,50,3,14.1428571429,13.8571428571,True,0.495068984372
0.005,77,75,1,17,16.8571428571,True,0.748026737145
0.005,77,75,2,15.8571428571,15.8571428571,True,0.754298950945
0.005,77,75,3,19.2857142857,19.2857142857,True,0.751952895096
0.005,77,90,1,29.7142857143,29.4285714286,True,0.897836131709
0.005,77,90,2,27.5714285714,27.5714285714,True,0.90032266719
0.005,77,90,3,32.7142857143,32.5714285714,True,0.899334916047
0.005,77,95,1,35.7142857143,35.5714285714,True,0.949738042695
0.005,77,95,2,34.8571428571,34.8571428571,True,0.950546358313
0.005,77,95,3,36.7142857143,36.5714285714,True,0.949823336942
0.005,77,99,1,inf,inf,False,
0.005,77,99,2,40,40,True,0.990064322948
0.005,77,99,3,inf,inf,False,
0.005,78,50,1,12.5714285714,12.5714285714,True,0.52212207658
0.005,78,50,2,12,12,True,0.502602279186
0.005,78,50,3,13.8571428571,13.8571428571,True,0.50164850269
0.005,78,75,1,16.7142857143,16.8571428571,True,0.756355166435
0.005,78,75,2,16,15.8571428571,True,0.748209365777
0.005,78,75,3,19.2857142857,19.2857142857,True,0.756148150989
0.005,78,90,1,29.4285714286,29.4285714286,True,0.901061270918
0.005,78,90,2,27.5714285714,27.5714285714,True,0.900181029524
0.005,78,90,3,32.5714285714,32.5714285714,True,0.900690530028
0.005,78,95,1,35.4285714286,35.5714285714,True,0.951222113201
0.005,78,95,2,35,34.8571428571,True,0.949691312654
0.005,78,95,3,36.5714285714,36.5714285714,True,0.950527429581
0.005,78,99,1,inf,inf,False,
0.005,78,99,2,40,40,True,0.990118324757
0.005,78,99,3,inf,inf,False,
0.005,79,50,1,12.5714285714,12.5714285714,True,0.523967849357
0.005,79,50,2,12,12,True,0.500061631203
0.005,79,50,3,14,13.8571428571,True,0.499773187297
0.005,79,75,1,16.8571428571,16.8571428571,True,0.754033684731
0.005,79,75,2,15.8571428571,15.8571428571,True,0.754065973418
0.005,79,75,3,19.2857142857,19.2857142857,True,0.753308364323
0.005,79,90,1,29.4285714286,29.4285714286,True,0.900944846017
0.005,79,90,2,27.5714285714,27.5714285714,True,0.900659109865
0.005,79,90,3,32.5714285714,32.5714285714,True,0.900457058634
0.005,79,95,1,35.5714285714,35.5714285714,True,0.95069106136
0.005,79,95,2,34.8571428571,34.8571428571,True,0.950741265501
0.005,79,95,3,36.5714285714,36.5714285714,True,0.950144239834
0.005,79,99,1,inf,inf,False,
0.005,79,99,2,inf,40,False,0.989984214306
0.005,79,99,3,inf,inf,False,
0.005,80,50,1,12.5714285714,12.5714285714,True,0.522989958525
0.005,80,50,2,12.1428571429,12,True,0.498344659805
0.005,80,50,3,13.8571428571,13.8571428571,True,0.500552675554
0.005,80,75,1,16.8571428571,16.8571428571,True,0.752654492855
0.005,80,75,2,15.8571428571,15.8571428571,True,0.752489703042
0.005,80,75,3,19.2857142857,19.2857142857,True,0.753215236323
0.005,80,90,1,29.4285714286,29.4285714286,True,0.900013787406
0.005,80,90,2,27.5714285714,27.5714285714,True,0.900076534067
0.005,80,90,3,32.5714285714,32.5714285714,True,0.900582058089
0.005,80,95,1,35.5714285714,35.5714285714,True,0.950577829565
0.005,80,95,2,34.8571428571,34.8571428571,True,0.950183366026
0.005,80,95,3,36.5714285714,36.5714285714,True,0.950256466866
0.005,80,99,1,inf,inf,False,
0.005,80,99,2,inf,40,False,0.989941358566
0.005,80,99,3,inf,inf,False,
0.005,81,50,1,12.4285714286,12.5714285714,True,0.524262496403
0.005,81,50,2,12,12,True,0.502464473248
0.005,81,50,3,13.8571428571,13.8571428571,True,0.501012738262
0.005,81,75,1,16.7142857143,16.8571428571,True,0.754735929625
0.005,81,75,2,15.7142857143,15.8571428571,True,0.754887700081
0.005,81,75,3,19.2857142857,19.2857142857,True,0.754646888801
0.005,81,90,1,29.4285714286,29.4285714286,True,0.900748584952
0.005,81,90,2,27.5714285714,27.5714285714,True,0.901293856757
0.005,81,90,3,32.5714285714,32.5714285714,True,0.900427707604
0.005,81,95,1,35.5714285714,35.5714285714,True,0.950815251895
0.005,81,95,2,34.8571428571,34.8571428571,True,0.950598197324
0.005,81,95,3,36.5714285714,36.5714285714,True,0.950519902366
0.005,81,99,1,inf,inf,False,
0.005,81,99,2,40,40,True,0.990126729012
0.005,81,99,3,inf,inf,False,
0.005,82,50,1,12.5714285714,12.5714285714,True,0.522311257465
0.005,82,50,2,12,12,True,0.504471182823
0.005,82,50,3,13.8571428571,13.8571428571,True,0.503087797335
0.005,82,75,1,16.7142857143,16.8571428571,True,0.754684959139
0.005,82,75,2,15.8571428571,15.8571428571,True,0.751887525831
0.005,82,75,3,19.1428571429,19.2857142857,True,0.756909770625
0.005,82,90,1,29.2857142857,29.4285714286,True,0.901497508798
0.005,82,90,2,27.5714285714,27.5714285714,True,0.900604213987
0.005,82,90,3,32.5714285714,32.5714285714,True,0.901201614312
0.005,82,95,1,35.5714285714,35.5714285714,True,0.951014978545
0.005,82,95,2,34.8571428571,34.8571428571,True,0.95016009467
0.005,82,95,3,36.5714285714,36.5714285714,True,0.95076916899
0.005,82,99,1,inf,inf,False,
0.005,82,99,2,40,40,True,0.990302205086
0.005,82,99,3,inf,inf,False,
0.005,83,50,1,12.5714285714,12.5714285714,True,0.52245166472
0.005,83,50,2,12,12,True,0.504485189915
0.005,83,50,3,13.8571428571,13.8571428571,True,0.502927741834
0.005,83,75,1,16.8571428571,16.8571428571,True,0.752819274153
0.005,83,75,2,15.8571428571,15.8571428571,True,0.753852639879
0.005,83,75,3,19.2857142857,19.2857142857,True,0.755492244448
0.005,83,90,1,29.4285714286,29.4285714286,True,0.900435311454
0.005,83,90,2,27.5714285714,27.5714285714,True,0.900457782405
0.005,83,90,3,32.5714285714,32.5714285714,True,0.901415952614
0.005,83,95,1,35.5714285714,35.5714285714,True,0.950613839286
0.005,83,95,2,34.8571428571,34.8571428571,True,0.950470890318
0.005,83,95,3,36.5714285714,36.5714285714,True,0.950556499617
0.005,83,99,1,inf,inf,False,
0.005,83,99,2,40,40,True,0.990121662617
0.005,83,99,3,inf,inf,False,
0.005,84,50,1,12.5714285714,12.5714285714,True,0.520414131028
0.005,84,50,2,12,12,True,0.502491772175
0.005,84,50,3,13.8571428571,13.8571428571,True,0.502919665405
0.005,84,75,1,16.8571428571,16.8571428571,True,0.751235050814
0.005,84,75,2,15.8571428571,15.8571428571,True,0.750276829515
0.005,84,75,3,19.1428571429,19.2857142857,True,0.756498558181
0.005,84,90,1,29.5714285714,29.4285714286,True,0.899209541934
0.005,84,90,2,27.7142857143,27.5714285714,True,0.899970046112
0.005,84,90,3,32.5714285714,32.5714285714,True,0.901632232325
0.005,84,95,1,35.5714285714,35.5714285714,True,0.950303384236
0.005,84,95,2,34.8571428571,34.8571428571,True,0.950102499553
0.005,84,95,3,36.5714285714,36.5714285714,True,0.950625887939
0.005,84,99,1,inf,inf,False,
0.005,84,99,2,40,40,True,0.990095019341
0.005,84,99,3,inf,inf,False,
0.005,85,50,1,12.5714285714,12.5714285714,True,0.522841542959
0.005,85,50,2,12,12,True,0.504628777504
0.005,85,50,3,13.8571428571,13.8571428571,True,0.501159467867
0.005,85,75,1,16.7142857143,16.8571428571,True,0.755118276392
0.005,85,75,2,15.8571428571,15.8571428571,True,0.752969324589
0.005,85,75,3,19.2857142857,19.2857142857,True,0.754990722452
0.005,85,90,1,29.4285714286,29.4285714286,True,0.900735855103
0.005,85,90,2,27.5714285714,27.5714285714,True,0.900838025979
0.005,85,90,3,32.5714285714,32.5714285714,True,0.900675254209
0.005,85,95,1,35.5714285714,35.5714285714,True,0.950900648321
0.005,85,95,2,34.8571428571,34.8571428571,True,0.950523717063
0.005,85,95,3,36.5714285714,36.5714285714,True,0.950345260756
0.005,85,99,1,inf,inf,False,
0.005,85,99,2,40,40,True,0.990197718143
0.005,85,99,3,inf,inf,False,
0.005,86,50,1,12.5714285714,12.5714285714,True,0.521070186581
0.005,86,50,2,12,12,True,0.500857770443
0.005,86,50,3,13.7142857143,13.8571428571,True,0.506199270487
0.005,86,75,1,16.8571428571,16.8571428571,True,0.753126604216
0.005,86,75,2,15.8571428571,15.8571428571,True,0.750858962536
0.005,86,75,3,19.1428571429,19.2857142857,True,0.756524103028
0.005,86,90,1,29.4285714286,29.4285714286,True,0.900064587593
0.005,86,90,2,27.7142857143,27.5714285714,True,0.899813916002
0.005,86,90,3,32.4285714286,32.5714285714,True,0.902211972645
0.005,86,95,1,35.5714285714,35.5714285714,True,0.950412707669
0.005,86,95,2,34.8571428571,34.8571428571,True,0.950025430747
0.005,86,95,3,36.5714285714,36.5714285714,True,0.950840234756
0.005,86,99,1,inf,inf,False,
0.005,86,99,2,40,40,True,0.990036606789
0.005,86,99,3,inf,inf,False,
0.005,87,50,1,12.5714285714,12.5714285714,True,0.523252836296
0.005,87,50,2,12,12,True,0.502283632755
0.005,87,50,3,14,13.8571428571,True,0.497884299074
0.005,87,75,1,16.7142857143,16.8571428571,True,0.756297205176
0.005,87,75,2,15.8571428571,15.8571428571,True,0.752014202731
0.005,87,75,3,19.2857142857,19.2857142857,True,0.752300909587
0.005,87,90,1,29.2857142857,29.4285714286,True,0.901933073997
0.005,87,90,2,27.5714285714,27.5714285714,True,0.900482790811
0.005,87,90,3,32.7142857143,32.5714285714,True,0.89931169578
0.005,87,95,1,35.4285714286,35.5714285714,True,0.951220938138
0.005,87,95,2,34.8571428571,34.8571428571,True,0.950182173933
0.005,87,95,3,36.5714285714,36.5714285714,True,0.950065289225
0.005,87,99,1,inf,inf,False,
0.005,87,99,2,40,40,True,0.990147233009
0.005,87,99,3,inf,inf,False,
0.005,88,50,1,12.5714285714,12.5714285714,True,0.522786949362
0.005,88,50,2,12,12,True,0.50390213728
0.005,88,50,3,14,13.8571428571,True,0.499174837555
0.005,88,75,1,16.8571428571,16.8571428571,True,0.753817405019
0.005,88,75,2,15.8571428571,15.8571428571,True,0.753743963582
0.005,88,75,3,19.2857142857,19.2857142857,True,0.754219617162
0.005,88,90,1,29.2857142857,29.4285714286,True,0.901825555733
0.005,88,90,2,27.5714285714,27.5714285714,True,0.90035117524
0.005,88,90,3,32.5714285714,32.5714285714,True,0.900556990079
0.005,88,95,1,35.5714285714,35.5714285714,True,0.950705741133
0.005,88,95,2,34.8571428571,34.8571428571,True,0.950594152723
0.005,88,95,3,36.5714285714,36.5714285714,True,0.950374041285
0.005,88,99,1,inf,inf,False,
0.005,88,99,2,40,40,True,0.99011862278
0.005,88,99,3,inf,inf,False,
0.005,89,50,1,12.5714285714,12.5714285714,True,0.523228811366
0.005,89,50,2,12.1428571429,12,True,0.499263465405
0.005,89,50,3,13.8571428571,13.8571428571,True,0.500321213688
0.005,89,75,1,16.8571428571,16.8571428571,True,0.752061350005
0.005,89,75,2,15.7142857143,15.8571428571,True,0.754836474146
0.005,89,75,3,19.2857142857,19.2857142857,True,0.752834294524
0.005,89,90,1,29.5714285714,29.4285714286,True,0.899448990822
0.005,89,90,2,27.5714285714,27.5714285714,True,0.900579597269
0.005,89,90,3,32.5714285714,32.5714285714,True,0.900689176151
0.005,89,95,1,35.5714285714,35.5714285714,True,0.950532427856
0.005,89,95,2,34.8571428571,34.8571428571,True,0.950681882245
0.005,89,95,3,36.5714285714,36.5714285714,True,0.950038918427
0.005,89,99,1,inf,inf,False,
0.005,89,99,2,inf,40,False,0.989942729473
0.005,89,99,3,inf,inf,False,
0.005,90,50,1,12.5714285714,12.5714285714,True,0.522678273065
0.005,90,50,2,12.1428571429,12,True,0.49941432476
0.005,90,50,3,13.7142857143,13.8571428571,True,0.503196677991
0.005,90,75,1,17,16.8571428571,True,0.749301476138
0.005,90,75,2,15.7142857143,15.8571428571,True,0.756149130208
0.005,90,75,3,19.2857142857,19.2857142857,True,0.754580642496
0.005,90,90,1,29.5714285714,29.4285714286,True,0.899014311177
0.005,90,90,2,27.5714285714,27.5714285714,True,0.900389466967
0.005,90,90,3,32.5714285714,32.5714285714,True,0.901580197471
0.005,90,95,1,35.7142857143,35.5714285714,True,0.949813323362
0.005,90,95,2,34.8571428571,34.8571428571,True,0.950900248119
0.005,90,95,3,36.5714285714,36.5714285714,True,0.950420907566
0.005,90,99,1,inf,inf,False,
0.005,90,99,2,inf,40,False,0.989846646786
0.005,90,99,3,inf,inf,False,
0.005,91,50,1,12.5714285714,12.5714285714,True,0.521926237004
0.005,91,50,2,12,12,True,0.501619577408
0.005,91,50,3,14,13.8571428571,True,0.497351901872
0.005,91,75,1,16.8571428571,16.8571428571,True,0.751176280635
0.005,91,75,2,15.8571428571,15.8571428571,True,0.752945099558
0.005,91,75,3,19.2857142857,19.2857142857,True,0.752608716488
0.005,91,90,1,29.5714285714,29.4285714286,True,0.89985709531
0.005,91,90,2,27.5714285714,27.5714285714,True,0.900227325303
0.005,91,90,3,32.7142857143,32.5714285714,True,0.899509523596
0.005,91,95,1,35.5714285714,35.5714285714,True,0.950383467334
0.005,91,95,2,34.8571428571,34.8571428571,True,0.9503907391
0.005,91,95,3,36.7142857143,36.5714285714,True,0.949996590614
0.005,91,99,1,inf,inf,False,
0.005,91,99,2,40,40,True,0.990082681179
0.005,91,99,3,inf,inf,False,
0.005,92,50,1,12.5714285714,12.5714285714,True,0.522167784827
0.005,92,50,2,12,12,True,0.500407993793
0.005,92,50,3,14,13.8571428571,True,0.499948280198
0.005,92,75,1,16.8571428571,16.8571428571,True,0.752080653395
0.005,92,75,2,15.8571428571,15.8571428571,True,0.751699447632
0.005,92,75,3,19.2857142857,19.2857142857,True,0.754300117493
0.005,92,90,1,29.4285714286,29.4285714286,True,0.900521329471
0.005,92,90,2,27.7142857143,27.5714285714,True,0.899736140456
0.005,92,90,3,32.5714285714,32.5714285714,True,0.900689908436
0.005,92,95,1,35.5714285714,35.5714285714,True,0.950473512922
0.005,92,95,2,34.8571428571,34.8571428571,True,0.950121879578
0.005,92,95,3,36.5714285714,36.5714285714,True,0.950385936669
0.005,92,99,1,inf,inf,False,
0.005,92,99,2,inf,40,False,0.989998459816
0.005,92,99,3,inf,inf,False,
0.005,93,50,1,12.5714285714,12.5714285714,True,0.523251009839
0.005,93,50,2,12,12,True,0.50077009201
0.005,93,50,3,13.8571428571,13.8571428571,True,0.501239623342
0.005,93,75,1,16.8571428571,16.8571428571,True,0.750983706542
0.005,93,75,2,15.7142857143,15.8571428571,True,0.75533752782
0.005,93,75,3,19.2857142857,19.2857142857,True,0.754279502801
0.005,93,90,1,29.5714285714,29.4285714286,True,0.899948903493
0.005,93,90,2,27.5714285714,27.5714285714,True,0.900358906814
0.005,93,90,3,32.5714285714,32.5714285714,True,0.901166822229
0.005,93,95,1,35.5714285714,35.5714285714,True,0.950201588018
0.005,93,95,2,34.8571428571,34.8571428571,True,0.950755860124
0.005,93,95,3,36.5714285714,36.5714285714,True,0.950345124517
0.005,93,99,1,inf,inf,False,
0.005,93,99,2,inf,40,False,0.989920735359
0.005,93,99,3,inf,inf,False,
0.005,94,50,1,12.5714285714,12.5714285714,True,0.522542544774
0.005,94,50,2,12,12,True,0.502270340919
0.005,94,50,3,13.8571428571,13.8571428571,True,0.50145275678
0.005,94,75,1,16.7142857143,16.8571428571,True,0.754908272198
0.005,94,75,2,15.8571428571,15.8571428571,True,0.751944031034
0.005,94,75,3,19.2857142857,19.2857142857,True,0.754726997444
0.005,94,90,1,29.2857142857,29.4285714286,True,0.901478435312
0.005,94,90,2,27.5714285714,27.5714285714,True,0.900230637618
0.005,94,90,3,32.5714285714,32.5714285714,True,0.900651139872
0.005,94,95,1,35.5714285714,35.5714285714,True,0.950998331819
0.005,94,95,2,34.8571428571,34.8571428571,True,0.950091464179
0.005,94,95,3,36.5714285714,36.5714285714,True,0.950459301472
0.005,94,99,1,inf,inf,False,
0.005,94,99,2,40,40,True,0.990164101124
0.005,94,99,3,inf,inf,False,
0.005,95,50,1,12.4285714286,12.5714285714,True,0.525368379695
0.005,95,50,2,12,12,True,0.503724873066
0.005,95,50,3,13.8571428571,13.8571428571,True,0.501079363482
0.005,95,75,1,16.7142857143,16.8571428571,True,0.755112826824
0.005,95,75,2,15.7142857143,15.8571428571,True,0.757921789374
0.005,95,75,3,19.2857142857,19.2857142857,True,0.755021018641
0.005,95,90,1,29.2857142857,29.4285714286,True,0.90207857745
0.005,95,90,2,27.4285714286,27.5714285714,True,0.901421512876
0.005,95,90,3,32.5714285714,32.5714285714,True,0.901209652424
0.005,95,95,1,35.5714285714,35.5714285714,True,0.951125093869
0.005,95,95,2,34.7142857143,34.8571428571,True,0.951085831438
0.005,95,95,3,36.5714285714,36.5714285714,True,0.950453119619
0.005,95,99,1,inf,inf,False,
0.005,95,99,2,40,40,True,0.990113019943
0.005,95,99,3,inf,inf,False,
0.005,96,50,1,12.5714285714,12.5714285714,True,0.521488581385
0.005,96,50,2,12,12,True,0.502265572548
0.005,96,50,3,13.8571428571,13.8571428571,True,0.50149384141
0.005,96,75,1,16.8571428571,16.8571428571,True,0.752815408366
0.005,96,75,2,15.8571428571,15.8571428571,True,0.751916033881
0.005,96,75,3,19.2857142857,19.2857142857,True,0.755203919751
0.005,96,90,1,29.4285714286,29.4285714286,True,0.900400136198
0.005,96,90,2,27.5714285714,27.5714285714,True,0.900529486792
0.005,96,90,3,32.5714285714,32.5714285714,True,0.900408974716
0.005,96,95,1,35.5714285714,35.5714285714,True,0.950518437794
0.005,96,95,2,34.8571428571,34.8571428571,True,0.950299501419
0.005,96,95,3,36.5714285714,36.5714285714,True,0.950486532279
0.005,96,99,1,inf,inf,False,
0.005,96,99,2,40,40,True,0.990177214146
0.005,96,99,3,inf,inf,False,
0.005,97,50,1,12.5714285714,12.5714285714,True,0.52277590973
0.005,97,50,2,12,12,True,0.502510726452
0.005,97,50,3,13.8571428571,13.8571428571,True,0.502470446484
0.005,97,75,1,16.7142857143,16.8571428571,True,0.755678006581
0.005,97,75,2,15.8571428571,15.8571428571,True,0.751263192722
0.005,97,75,3,19.2857142857,19.2857142857,True,0.755094664437
0.005,97,90,1,29.4285714286,29.4285714286,True,0.900668740273
0.005,97,90,2,27.5714285714,27.5714285714,True,0.90032431909
0.005,97,90,3,32.5714285714,32.5714285714,True,0.901360452175
0.005,97,95,1,35.5714285714,35.5714285714,True,0.951103048665
0.005,97,95,2,34.8571428571,34.8571428571,True,0.950067460537
0.005,97,95,3,36.5714285714,36.5714285714,True,0.950462205069
0.005,97,99,1,inf,inf,False,
0.005,97,99,2,40,40,True,0.990061759949
0.005,97,99,3,inf,inf,False,
0.005,98,50,1,12.5714285714,12.5714285714,True,0.521954498121
0.005,98,50,2,12,12,True,0.501436829567
0.005,98,50,3,13.7142857143,13.8571428571,True,0.506098679134
0.005,98,75,1,16.8571428571,16.8571428571,True,0.752853495734
0.005,98,75,2,15.8571428571,15.8571428571,True,0.753119323935
0.005,98,75,3,19.2857142857,19.2857142857,True,0.756139857428
0.005,98,90,1,29.4285714286,29.4285714286,True,0.90079837186
0.005,98,90,2,27.5714285714,27.5714285714,True,0.900378269809
0.005,98,90,3,32.4285714286,32.5714285714,True,0.901761642524
0.005,98,95,1,35.5714285714,35.5714285714,True,0.950747541019
0.005,98,95,2,34.8571428571,34.8571428571,True,0.950467629092
0.005,98,95,3,36.5714285714,36.5714285714,True,0.950686292989
0.005,98,99,1,inf,inf,False,
0.005,98,99,2,40,40,True,0.990095257759
0.005,98,99,3,inf,inf,False,
0.005,99,50,1,12.5714285714,12.5714285714,True,0.522849661963
0.005,99,50,2,12.1428571429,12,True,0.49808844924
0.005,99,50,3,13.8571428571,13.8571428571,True,0.500840348857
0.005,99,75,1,16.8571428571,16.8571428571,True,0.753709971905
0.005,99,75,2,15.8571428571,15.8571428571,True,0.752154162952
0.005,99,75,3,19.2857142857,19.2857142857,True,0.753458270005
0.005,99,90,1,29.5714285714,29.4285714286,True,0.899486720562
0.005,99,90,2,27.5714285714,27.5714285714,True,0.900617080075
0.005,99,90,3,32.5714285714,32.5714285714,True,0.900623457772
0.005,99,95,1,35.5714285714,35.5714285714,True,0.950688626085
0.005,99,95,2,34.8571428571,34.8571428571,True,0.950294630868
0.005,99,95,3,36.5714285714,36.5714285714,True,0.950205104692
0.005,99,99,1,inf,inf,False,
0.005,99,99,2,inf,40,False,0.989933609962
0.005,99,99,3,inf,inf,False,
