日期,阶段,预测历史截止,调参历史截止,负载先验回退,光伏先验回退,负载衰减天数（仅marginal生效）,光伏衰减天数（仅marginal生效）,终端惩罚,求解路径,求解状态,MIP相对间隙,预测秒数,选中方案求解秒数,当日预测与候选计算秒数（不含写盘）,日初储电量,计划日末储电量,实际日末储电量,计划购电费,紧急购电费,实际总购电费,预测方法,联合净负荷衰减天数（仅joint生效）,净负荷MAE,净负荷0.8分位数损失,净负荷覆盖率,紧急购电费占比,紧急购电量,未利用计划购电量,未利用计划购电对应费用（已含在计划费用中）,实际弃光量,计划充电截断量,计划放电截断量,实际减计划日末储电量,截断偏差恒等式残差
2025-01-01,初始化,附件1,预设参数,是,是,14.0,14.0,1.3952,LP已验证互斥及全部原约束,Optimization terminated successfully. (HiGHS Status 7: Optimal),0,0.000175,0.004998,0.019642,6000.000000,6000.000000,5918.741550,35127.262348,167332.093560,202459.355908,marginal,14.0,253.718142,202.886108,0.020833,0.826497,34827.203241,21.217300,8.967833,0.000000,8493.996248,6807.004356,-81.258450,6.366462912410498e-12
2025-01-02,初始化,2025-01-01,2025-01-01,否,否,14.0,14.0,1.3952,LP已验证互斥及全部原约束,Optimization terminated successfully. (HiGHS Status 7: Optimal),0,0.000153,0.003736,0.015503,5918.741550,6000.000000,5846.422590,61816.996769,9032.004754,70849.001523,marginal,14.0,28.586379,16.064192,0.416667,0.127482,1964.202420,715.397883,399.702265,675.059500,726.928567,450.592470,-153.577410,3.581135388230905e-12
2025-01-03,初始化,2025-01-02,2025-01-02,是,否,14.0,14.0,1.3952,LP已验证互斥及全部原约束,Optimization terminated successfully. (HiGHS Status 7: Optimal),0,0.000153,0.003257,0.014739,5846.422590,6000.000000,9423.611130,50342.633564,10.087816,50352.721380,marginal,14.0,217.598469,43.711170,0.986111,0.000200,4.690917,14362.186386,10688.836380,15336.768617,8069.700802,9617.707667,3423.611130,1.8189894035458565e-12
2025-01-04,初始化,2025-01-03,2025-01-03,否,否,14.0,14.0,1.3952,LP已验证互斥及全部原约束,Optimization terminated successfully. (HiGHS Status 7: Optimal),0,0.000152,0.003364,0.014835,9423.611130,6000.000000,6104.986913,25395.988798,4918.637522,30314.626321,marginal,14.0,40.534086,14.023877,0.597222,0.162253,1248.666883,834.714983,395.488765,3472.819183,824.398883,762.251317,104.986913,4.547473508864641e-12
2025-01-05,初始化,2025-01-04,2025-01-04,否,否,14.0,14.0,1.3952,LP已验证互斥及全部原约束,Optimization terminated successfully. (HiGHS Status 7: Optimal),0,0.000174,0.003275,0.014214,6104.986913,6000.000000,6217.265185,64070.099284,1601.648048,65671.747333,marginal,14.0,34.847673,9.061434,0.756944,0.024389,422.975350,1552.735576,1004.814060,2844.291153,819.141379,859.043183,217.265185,6.821210263296962e-13
2025-01-06,初始化,2025-01-05,2025-01-05,否,否,14.0,3.0,1.3952,LP已验证互斥及全部原约束,Optimization terminated successfully. (HiGHS Status 7: Optimal),0,0.000191,0.003400,0.014572,6217.265185,6000.000000,6260.372537,64014.103007,1493.742154,65507.845161,marginal,14.0,36.439601,8.895760,0.812500,0.022802,302.112667,1800.790883,1190.925460,2889.309447,772.545329,860.097000,260.372537,-4.547473508864641e-13
2025-01-07,初始化,2025-01-06,2025-01-06,否,否,14.0,21.0,1.3952,LP已验证互斥及全部原约束,Optimization terminated successfully. (HiGHS Status 7: Optimal),0,0.000195,0.003504,0.014538,6260.372537,6000.000000,6325.442796,64359.526659,2598.117951,66957.644609,marginal,14.0,32.756093,10.168884,0.791667,0.038802,609.509550,2174.529993,1406.942971,1278.189385,819.527778,956.716017,325.442796,2.0463630789890885e-12
2025-01-08,初始化,2025-01-07,2025-01-07,否,否,14.0,21.0,1.3952,LP已验证互斥及全部原约束,Optimization terminated successfully. (HiGHS Status 7: Optimal),0,0.000200,0.003297,0.014303,6325.442796,6000.000000,6358.995981,64373.140155,1140.275450,65513.415605,marginal,14.0,47.705032,11.297557,0.819444,0.017405,333.540467,2119.826072,1400.237867,4134.771428,1146.173683,1251.497067,358.995981,-2.2737367544323206e-12
2025-01-09,初始化,2025-01-08,2025-01-08,否,否,14.0,21.0,1.3952,LP已验证互斥及全部原约束,Optimization terminated successfully. (HiGHS Status 7: Optimal),0,0.000215,0.003188,0.013962,6358.995981,6000.000000,6266.393744,64347.656354,696.398787,65044.055142,marginal,14.0,36.801446,8.955480,0.805556,0.010707,246.545317,2234.475499,1422.818203,2485.142029,942.684544,1003.328850,266.393744,-4.547473508864641e-13
2025-01-10,初始化,2025-01-09,2025-01-09,否,否,14.0,21.0,1.3952,LP已验证互斥及全部原约束,Optimization terminated successfully. (HiGHS Status 7: Optimal),0,0.000214,0.003240,0.014705,6266.393744,6000.000000,6384.950648,28128.069001,1741.920399,29869.989400,marginal,14.0,34.982857,9.015773,0.805556,0.058317,391.196183,1614.770600,823.389470,2660.518623,853.863457,1038.084983,384.950648,-1.1368683772161603e-12
2025-01-11,初始化,2025-01-10,2025-01-10,否,否,14.0,21.0,1.3952,LP已验证互斥及全部原约束,Optimization terminated successfully. (HiGHS Status 7: Optimal),0,0.000204,0.003137,0.014376,6384.950648,6000.000000,6307.937056,28558.111956,921.941223,29480.053180,marginal,14.0,40.746453,9.240146,0.854167,0.031273,202.525550,1241.464750,652.231852,4281.489492,1335.227942,1358.677983,307.937056,2.9558577807620168e-12
2025-01-12,初始化,2025-01-11,2025-01-11,否,否,28.0,21.0,1.3952,LP已验证互斥及全部原约束,Optimization terminated successfully. (HiGHS Status 7: Optimal),0,0.000245,0.003062,0.014245,6307.937056,6000.000000,6291.381148,64014.672193,655.884899,64670.557092,marginal,21.0,32.661258,7.480239,0.847222,0.010142,181.588583,1940.100200,1263.824697,2456.314858,1204.643374,1238.004167,291.381148,4.320099833421409e-12
2025-01-13,初始化,2025-01-12,2025-01-12,否,否,28.0,21.0,1.3952,LP已验证互斥及全部原约束,Optimization terminated successfully. (HiGHS Status 7: Optimal),0,0.000251,0.003287,0.014317,6291.381148,6000.000000,6191.181854,64107.673415,644.356896,64752.030311,marginal,21.0,52.469989,11.706285,0.881944,0.009951,201.661567,2238.416531,1520.048566,5148.454607,2018.383454,1806.954267,191.181854,4.547473508864641e-13
2025-01-14,初始化,2025-01-13,2025-01-13,否,否,14.0,21.0,1.3952,LP已验证互斥及全部原约束,Optimization terminated successfully. (HiGHS Status 7: Optimal),0,0.000275,0.003083,0.014242,6191.181854,6000.000000,6082.724786,64103.591447,841.053807,64944.645254,marginal,21.0,45.109388,10.190209,0.881944,0.012950,232.959700,1710.466753,1216.239405,4663.949091,1478.715444,1272.211817,82.724786,4.092726157978177e-12
2025-01-15,初始化,2025-01-14,2025-01-14,否,否,14.0,5.0,1.3952,LP已验证互斥及全部原约束,Optimization terminated successfully. (HiGHS Status 7: Optimal),0,0.000298,0.003074,0.014234,6082.724786,6000.000000,6095.835907,63736.876196,1278.003775,65014.879971,marginal,14.0,35.360003,8.254337,0.881944,0.019657,242.495800,2126.702147,1351.827905,2749.897117,1031.773580,921.988917,95.835907,0.0
2025-01-16,初始化,2025-01-15,2025-01-15,否,否,21.0,5.0,1.3952,LP已验证互斥及全部原约束,Optimization terminated successfully. (HiGHS Status 7: Optimal),0,0.000318,0.003076,0.014157,6095.835907,6000.000000,6203.311082,63718.796401,1721.142530,65439.938930,marginal,14.0,43.795245,10.513605,0.805556,0.026301,365.581017,2317.008776,1479.506624,3611.097217,1479.875176,1381.678867,203.311082,-1.8189894035458565e-12
2025-01-17,初始化,2025-01-16,2025-01-16,否,否,14.0,5.0,1.3952,LP已验证互斥及全部原约束,Optimization terminated successfully. (HiGHS Status 7: Optimal),0,0.000275,0.003202,0.014876,6203.311082,6000.000000,6439.463401,28036.132562,549.873477,28586.006038,marginal,14.0,48.127190,10.822620,0.861111,0.019236,181.409717,1583.695367,866.504512,4898.002722,1790.196756,1845.576433,439.463401,-1.8189894035458565e-12
2025-01-18,初始化,2025-01-17,2025-01-17,否,否,7.0,5.0,1.3952,LP已验证互斥及全部原约束,Optimization terminated successfully. (HiGHS Status 7: Optimal),0,0.000260,0.003356,0.014946,6439.463401,6000.000000,6377.040088,27170.971342,1352.791450,28523.762793,marginal,14.0,39.919908,10.082606,0.784722,0.047427,355.118050,1241.025517,653.626287,3861.630446,1819.720129,1813.309383,377.040088,7.275957614183426e-12
2025-01-19,初始化,2025-01-18,2025-01-18,否,否,14.0,5.0,1.3952,LP已验证互斥及全部原约束,Optimization terminated successfully. (HiGHS Status 7: Optimal),0,0.000324,0.003203,0.014570,6377.040088,6000.000000,6290.126296,62957.126635,746.294514,63703.421149,marginal,14.0,37.770414,8.581602,0.868056,0.011715,149.378133,2025.850108,1243.257735,3056.871885,1309.091543,1321.477817,290.126296,2.0463630789890885e-12
2025-01-20,初始化,2025-01-19,2025-01-19,否,否,21.0,7.0,1.3952,LP已验证互斥及全部原约束,Optimization terminated successfully. (HiGHS Status 7: Optimal),0,0.000329,0.003074,0.014092,6290.126296,6000.000000,6280.687630,63172.896459,568.778256,63741.674715,marginal,14.0,41.956131,8.965531,0.916667,0.008923,137.833083,2020.043821,1292.254479,3868.445959,1248.730947,1264.090933,280.687630,-2.2737367544323206e-13
2025-01-21,初始化,2025-01-20,2025-01-20,否,否,21.0,7.0,1.3952,LP已验证互斥及全部原约束,Optimization terminated successfully. (HiGHS Status 7: Optimal),0,0.000374,0.003256,0.014896,6280.687630,6000.000000,6473.881167,63135.994705,492.551357,63628.546063,marginal,7.0,74.244921,15.678448,0.902778,0.007741,145.283500,2350.432996,1524.056263,8250.911578,3102.252140,2939.317283,473.881167,3.183231456205249e-12
2025-01-22,初始化,2025-01-21,2025-01-21,否,否,21.0,7.0,1.3952,LP已验证互斥及全部原约束,Optimization terminated successfully. (HiGHS Status 7: Optimal),0,0.000405,0.003206,0.014621,6473.881167,6000.000000,6155.835648,62999.013617,1167.073570,64166.087187,marginal,7.0,37.822665,8.886076,0.847222,0.018188,278.752983,1866.510648,1162.795615,3365.831232,1482.726914,1341.260883,155.835648,4.547473508864641e-13
2025-01-23,初始化,2025-01-22,2025-01-22,否,否,21.0,5.0,1.3952,LP已验证互斥及全部原约束,Optimization terminated successfully. (HiGHS Status 7: Optimal),0,0.000412,0.003170,0.014474,6155.835648,6000.000000,6311.987444,62839.002743,605.576775,63444.579518,marginal,7.0,32.266746,8.477147,0.819444,0.009545,150.129333,2004.565351,1270.876758,1773.080250,1227.980885,1275.453217,311.987444,2.2737367544323206e-12
2025-01-24,初始化,2025-01-23,2025-01-23,否,否,10.0,7.0,1.3952,LP已验证互斥及全部原约束,Optimization terminated successfully. (HiGHS Status 7: Optimal),0,0.000305,0.003233,0.014720,6311.987444,6000.000000,6581.697513,27287.131408,552.816508,27839.947917,marginal,10.0,60.296112,12.785721,0.923611,0.019857,162.614883,1674.785717,869.795426,6566.013474,1409.428174,1665.164583,581.697513,3.865352482534945e-12
2025-01-25,初始化,2025-01-24,2025-01-24,否,否,56.0,7.0,1.3952,LP已验证互斥及全部原约束,Optimization terminated successfully. (HiGHS Status 7: Optimal),0,0.000452,0.003361,0.015046,6581.697513,6000.000000,6404.258042,26847.329926,703.654120,27550.984046,marginal,7.0,65.952275,13.803128,0.847222,0.025540,131.570367,1237.603350,688.993510,8037.053730,1599.339130,1659.296933,404.258042,5.002220859751105e-12
2025-01-26,初始化,2025-01-25,2025-01-25,否,否,21.0,5.0,1.3952,LP已验证互斥及全部原约束,Optimization terminated successfully. (HiGHS Status 7: Optimal),0,0.000536,0.003066,0.014346,6404.258042,6000.000000,6324.491315,62317.501605,312.786711,62630.288316,marginal,10.0,40.013450,9.207947,0.875000,0.004994,85.029433,1884.725984,1194.187407,3449.038107,1880.860041,1815.538817,324.491315,2.2737367544323206e-13
2025-01-27,初始化,2025-01-26,2025-01-26,否,否,21.0,5.0,1.3952,LP已验证互斥及全部原约束,Optimization terminated successfully. (HiGHS Status 7: Optimal),0,0.000472,0.003107,0.014544,6324.491315,6000.000000,6329.810103,62207.182746,429.940265,62637.123011,marginal,7.0,61.817780,12.981188,0.916667,0.006864,128.260583,2034.586398,1332.600383,6969.160395,2984.307376,2714.118067,329.810103,-9.094947017729282e-13
2025-01-28,初始化,2025-01-27,2025-01-27,否,否,84.0,5.0,1.3952,LP已验证互斥及全部原约束,Optimization terminated successfully. (HiGHS Status 7: Optimal),0,0.000466,0.003054,0.014335,6329.810103,6000.000000,6257.370611,61898.484418,604.012736,62502.497154,marginal,7.0,40.509220,8.939048,0.881944,0.009664,200.928867,1780.730883,1181.718317,3905.108167,1500.387984,1446.947817,257.370611,-2.2737367544323206e-13
2025-01-29,初始化,2025-01-28,2025-01-28,否,否,21.0,3.0,1.3952,LP已验证互斥及全部原约束,Optimization terminated successfully. (HiGHS Status 7: Optimal),0,0.000496,0.003145,0.014458,6257.370611,6000.000000,6473.967714,60767.307992,213.211874,60980.519866,marginal,7.0,68.109106,14.027683,0.937500,0.003496,46.248817,2645.130117,1709.333766,7239.523489,3431.990256,3206.483050,473.967714,-1.8189894035458565e-12
2025-01-30,初始化,2025-01-29,2025-01-29,否,否,21.0,3.0,1.3952,LP已验证互斥及全部原约束,Optimization terminated successfully. (HiGHS Status 7: Optimal),0,0.000497,0.003203,0.014478,6473.967714,6000.000000,6214.496519,60287.266576,523.195924,60810.462500,marginal,3.0,48.242959,10.193095,0.916667,0.008604,96.601933,2136.591983,1239.210414,4743.752102,1532.444486,1434.326900,214.496519,1.8189894035458565e-12
2025-01-31,初始化,2025-01-30,2025-01-30,否,否,56.0,3.0,1.3952,LP已验证互斥及全部原约束,Optimization terminated successfully. (HiGHS Status 7: Optimal),0,0.000371,0.003557,0.015191,6214.496519,6000.000000,6674.276204,25360.115115,689.528139,26049.643254,marginal,7.0,44.784878,9.875047,0.868056,0.026470,133.982250,1884.378017,976.986113,3795.798001,761.546934,1223.701600,674.276204,-2.2737367544323206e-13
2025-02-01,正式期,2025-01-31,2025-01-31,否,否,56.0,3.0,1.3952,LP已验证互斥及全部原约束,Optimization terminated successfully. (HiGHS Status 7: Optimal),0,0.000393,0.003468,0.015057,6674.276204,6000.000000,6780.016111,24950.151862,61.363182,25011.515044,marginal,7.0,70.573865,14.169341,0.993056,0.002453,13.096400,2831.380600,1421.436510,6985.100918,1941.873251,2274.931833,780.016111,5.002220859751105e-12
2025-02-02,正式期,2025-02-01,2025-02-01,否,否,21.0,3.0,1.3952,LP已验证互斥及全部原约束,Optimization terminated successfully. (HiGHS Status 7: Optimal),0,0.000596,0.003338,0.014760,6780.016111,6000.000000,6475.516519,59378.830851,56.714305,59435.545156,marginal,3.0,76.754265,15.388561,0.986111,0.000954,9.049900,4345.612633,2681.518865,6891.625985,3271.785185,3078.110867,475.516519,-2.7284841053187847e-12
2025-02-03,正式期,2025-02-02,2025-02-02,否,否,14.0,3.0,1.3952,LP已验证互斥及全部原约束,Optimization terminated successfully. (HiGHS Status 7: Optimal),0,0.000624,0.003259,0.014676,6475.516519,6000.000000,6379.741306,58857.955268,11.827462,58869.782730,marginal,3.0,58.041271,11.746219,0.972222,0.000201,2.404200,3593.739403,2165.891666,4950.026936,3112.682006,2863.039600,379.741306,2.2737367544323206e-12
2025-02-04,正式期,2025-02-03,2025-02-03,否,否,14.0,3.0,1.3952,LP已验证互斥及全部原约束,Optimization terminated successfully. (HiGHS Status 7: Optimal),0,0.000642,0.003384,0.014888,6379.741306,6000.000000,6475.602667,58564.647171,411.451982,58976.099152,marginal,3.0,49.579773,10.501385,0.944444,0.006977,94.354233,3678.023567,2220.519277,3150.489699,1598.531049,1722.852550,475.602667,2.0463630789890885e-12
2025-02-05,正式期,2025-02-04,2025-02-04,否,否,7.0,3.0,1.3952,LP已验证互斥及全部原约束,Optimization terminated successfully. (HiGHS Status 7: Optimal),0,0.000685,0.003340,0.014853,6475.602667,6000.000000,6338.423167,58407.498333,47.829434,58455.327767,marginal,3.0,50.810792,10.819428,0.965278,0.000818,10.950767,2901.510721,1805.227066,4184.111176,1989.406564,1916.000167,338.423167,1.8189894035458565e-12
2025-02-06,正式期,2025-02-05,2025-02-05,否,否,3.0,3.0,1.3952,LP已验证互斥及全部原约束,Optimization terminated successfully. (HiGHS Status 7: Optimal),0,0.000729,0.003601,0.025214,6338.423167,6000.000000,6240.069779,56699.567519,1003.532291,57703.099810,marginal,3.0,40.083971,9.116128,0.826389,0.017391,224.603250,1933.242933,1132.818383,3708.541686,2046.487303,1873.717517,240.069779,-1.8189894035458565e-12
2025-02-07,正式期,2025-02-06,2025-02-06,否,否,10.0,3.0,1.3952,LP已验证互斥及全部原约束,Optimization terminated successfully. (HiGHS Status 7: Optimal),0,0.000758,0.004169,0.017733,6240.069779,6000.000000,6488.365463,24054.190110,72.231148,24126.421258,marginal,5.0,75.278234,15.124386,0.979167,0.002994,16.497333,2750.319517,1386.321201,7909.594571,1451.971955,1615.626200,488.365463,2.7284841053187847e-12
2025-02-08,正式期,2025-02-07,2025-02-07,否,否,7.0,3.0,1.3952,LP已验证互斥及全部原约束,Optimization terminated successfully. (HiGHS Status 7: Optimal),0,0.000532,0.003209,0.015100,6488.365463,6000.000000,6347.006390,22818.488525,264.954304,23083.442829,marginal,5.0,63.356732,12.856355,0.958333,0.011478,39.214767,2063.708450,1083.064653,7158.848080,2426.747447,2277.971183,347.006390,-1.8189894035458565e-12
2025-02-09,正式期,2025-02-08,2025-02-08,否,否,3.0,3.0,1.3952,LP已验证互斥及全部原约束,Optimization terminated successfully. (HiGHS Status 7: Optimal),0,0.000778,0.003182,0.015188,6347.006390,6000.000000,6234.137093,55783.891419,1097.986289,56881.877708,marginal,3.0,39.312800,10.040940,0.861111,0.019303,259.774683,1810.936344,1051.244699,3249.925392,2086.262469,1900.595983,234.137093,3.183231456205249e-12
2025-02-10,正式期,2025-02-09,2025-02-09,否,否,3.0,3.0,1.3952,LP已验证互斥及全部原约束,Optimization terminated successfully. (HiGHS Status 7: Optimal),0,0.000811,0.003146,0.014993,6234.137093,6000.000000,6133.219752,55483.882406,858.323224,56342.205631,marginal,3.0,69.845675,15.192393,0.854167,0.015234,248.417800,1605.577618,1023.252949,8858.896586,4554.424021,3808.981233,133.219752,9.094947017729282e-13
2025-02-11,正式期,2025-02-10,2025-02-10,否,否,3.0,3.0,1.3952,LP已验证互斥及全部原约束,Optimization terminated successfully. (HiGHS Status 7: Optimal),0,0.000872,0.003161,0.015206,6133.219752,6000.000000,6069.115907,55097.537775,679.046343,55776.584117,marginal,3.0,57.900174,12.182406,0.868056,0.012174,132.327433,1730.017903,1030.716113,7004.522313,3241.738416,2688.012433,69.115907,-1.8189894035458565e-12
2025-02-12,正式期,2025-02-11,2025-02-11,否,否,3.0,3.0,1.3952,LP已验证互斥及全部原约束,Optimization terminated successfully. (HiGHS Status 7: Optimal),0,0.000902,0.003141,0.015068,6069.115907,6000.000000,6234.571529,54329.441317,895.570096,55225.011413,marginal,3.0,50.900646,11.047928,0.833333,0.016217,203.451017,1193.820759,626.758405,6256.024852,2865.049845,2531.804750,234.571529,-5.4569682106375694e-12
2025-02-13,正式期,2025-02-12,2025-02-12,否,否,3.0,3.0,1.3952,LP已验证互斥及全部原约束,Optimization terminated successfully. (HiGHS Status 7: Optimal),0,0.000923,0.003185,0.015371,6234.571529,6000.000000,6141.886485,53529.320054,634.178501,54163.498555,marginal,3.0,72.675998,15.944483,0.826389,0.011709,193.967067,1507.325278,918.017623,9287.884728,4947.648206,4135.292883,141.886485,9.094947017729282e-13
2025-02-14,正式期,2025-02-13,2025-02-13,否,否,5.0,3.0,1.3952,LP已验证互斥及全部原约束,Optimization terminated successfully. (HiGHS Status 7: Optimal),0,0.000602,0.003213,0.014999,6141.886485,6000.000000,6221.529207,19779.545356,941.116121,20720.661477,marginal,5.0,42.528980,11.525643,0.791667,0.045419,253.427083,1086.568700,507.871794,3813.368536,901.261786,929.398333,221.529207,5.229594535194337e-12
2025-02-15,正式期,2025-02-14,2025-02-14,否,否,5.0,3.0,1.3952,LP已验证互斥及全部原约束,Optimization terminated successfully. (HiGHS Status 7: Optimal),0,0.000641,0.003243,0.015039,6221.529207,6000.000000,6199.046283,19591.314971,1358.150466,20949.465437,marginal,5.0,39.810326,9.823058,0.777778,0.064830,307.876283,886.786633,400.764248,4380.423083,1297.494583,1230.112267,199.046283,2.9558577807620168e-12
2025-02-16,正式期,2025-02-15,2025-02-15,否,否,3.0,3.0,1.3952,LP已验证互斥及全部原约束,Optimization terminated successfully. (HiGHS Status 7: Optimal),0,0.000969,0.003188,0.015428,6199.046283,6000.000000,6161.068389,52061.714617,1295.211742,53356.926360,marginal,3.0,32.338678,8.065708,0.826389,0.024274,267.597600,1319.292822,767.651076,2990.619295,1565.963601,1413.392067,161.068389,2.7284841053187847e-12
2025-02-17,正式期,2025-02-16,2025-02-16,否,否,3.0,3.0,1.3952,LP已验证互斥及全部原约束,Optimization terminated successfully. (HiGHS Status 7: Optimal),0,0.001009,0.003178,0.015461,6161.068389,6000.000000,6127.598648,51721.084393,860.629954,52581.714346,marginal,3.0,56.399346,12.394080,0.847222,0.016367,246.098983,1224.866767,783.023532,7226.258750,3858.846667,3240.504583,127.598648,-2.7284841053187847e-12
2025-02-18,正式期,2025-02-17,2025-02-17,否,否,3.0,3.0,1.3952,LP已验证互斥及全部原约束,Optimization terminated successfully. (HiGHS Status 7: Optimal),0,0.001053,0.003190,0.015502,6127.598648,6000.000000,6201.003329,51088.790973,893.945093,51982.736066,marginal,3.0,44.566289,9.957968,0.833333,0.017197,194.202467,1082.142300,585.644958,5344.549323,2617.408173,2301.003617,201.003329,4.092726157978177e-12
2025-02-19,正式期,2025-02-18,2025-02-18,否,否,3.0,3.0,1.3952,LP已验证互斥及全部原约束,Optimization terminated successfully. (HiGHS Status 7: Optimal),0,0.001086,0.003189,0.015449,6201.003329,6000.000000,6071.831344,51030.437225,2387.911121,53418.348347,marginal,3.0,45.900187,12.394187,0.708333,0.044702,630.845450,868.193333,459.405534,5061.522139,1561.490256,1329.455317,71.831344,-1.5916157281026244e-12
2025-02-20,正式期,2025-02-19,2025-02-19,否,否,5.0,3.0,1.3952,LP已验证互斥及全部原约束,Optimization terminated successfully. (HiGHS Status 7: Optimal),0,0.001133,0.003177,0.015661,6071.831344,6000.000000,6366.674148,51251.533978,1155.202506,52406.736484,marginal,3.0,54.078156,12.150416,0.847222,0.022043,266.601050,1679.501750,886.350911,5907.242014,2650.482881,2476.897867,366.674148,-4.547473508864641e-13
2025-02-21,正式期,2025-02-20,2025-02-20,否,否,5.0,3.0,1.3952,LP已验证互斥及全部原约束,Optimization terminated successfully. (HiGHS Status 7: Optimal),0,0.000663,0.003129,0.014792,6366.674148,6000.000000,6424.079864,18865.636093,976.312695,19841.948788,marginal,5.0,44.560827,10.291027,0.847222,0.049204,276.274733,991.415450,498.644141,6563.635628,737.172085,978.781267,424.079864,-1.5916157281026244e-12
2025-02-22,正式期,2025-02-21,2025-02-21,否,否,7.0,3.0,1.3952,LP已验证互斥及全部原约束,Optimization terminated successfully. (HiGHS Status 7: Optimal),0,0.000644,0.003068,0.014542,6424.079864,6000.000000,6304.242740,18868.719598,801.538919,19670.258516,marginal,3.0,29.149724,7.963626,0.715278,0.040749,218.868067,987.729767,495.514645,4482.709638,968.299754,1058.141267,304.242740,-2.2737367544323206e-13
2025-02-23,正式期,2025-02-22,2025-02-22,否,否,5.0,3.0,1.3952,LP已验证互斥及全部原约束,Optimization terminated successfully. (HiGHS Status 7: Optimal),0,0.001149,0.003187,0.015588,6304.242740,6000.000000,6174.222926,50258.292052,1156.519731,51414.811783,marginal,3.0,45.118850,11.383398,0.854167,0.022494,281.905867,1686.867083,970.440015,4203.534610,2109.492860,1865.489850,174.222926,3.183231456205249e-12
2025-02-24,正式期,2025-02-23,2025-02-23,否,否,5.0,3.0,1.3952,LP已验证互斥及全部原约束,Optimization terminated successfully. (HiGHS Status 7: Optimal),0,0.001170,0.003230,0.015720,6174.222926,6000.000000,6252.377817,50025.940152,757.264393,50783.204545,marginal,3.0,61.025610,12.893406,0.909722,0.014912,139.502183,1674.473250,898.471860,7375.717688,3581.670388,3128.293050,252.377817,-2.2737367544323206e-12
2025-02-25,正式期,2025-02-24,2025-02-24,否,否,5.0,3.0,1.3952,LP已验证互斥及全部原约束,Optimization terminated successfully. (HiGHS Status 7: Optimal),0,0.001171,0.003162,0.015440,6252.377817,6000.000000,6256.700386,49788.671710,790.324374,50578.996084,marginal,3.0,75.799967,16.042782,0.902778,0.015626,180.649817,1431.820417,800.310083,9831.316694,4326.637328,3735.606583,256.700386,-4.547473508864641e-12
2025-02-26,正式期,2025-02-25,2025-02-25,否,否,5.0,3.0,1.3952,LP已验证互斥及全部原约束,Optimization terminated successfully. (HiGHS Status 7: Optimal),0,0.001177,0.003205,0.015578,6256.700386,6000.000000,6295.880925,49072.414310,558.185864,49630.600174,marginal,3.0,47.046494,10.333146,0.861111,0.011247,158.830150,1171.601136,670.484706,5639.530551,3091.293704,2770.240733,295.880925,-2.2737367544323206e-12
2025-02-27,正式期,2025-02-26,2025-02-26,否,否,7.0,3.0,1.3952,LP已验证互斥及全部原约束,Optimization terminated successfully. (HiGHS Status 7: Optimal),0,0.001299,0.003206,0.015726,6295.880925,6000.000000,6230.400963,48822.841449,540.002148,49362.843597,marginal,3.0,56.885622,11.871475,0.930556,0.010939,103.378183,1711.624167,829.904735,6436.134630,1565.790597,1475.651250,230.400963,5.4569682106375694e-12
2025-02-28,正式期,2025-02-27,2025-02-27,否,否,7.0,3.0,1.3952,LP已验证互斥及全部原约束,Optimization terminated successfully. (HiGHS Status 7: Optimal),0,0.000802,0.003044,0.014595,6230.400963,6000.000000,6398.089665,18484.438463,719.794510,19204.232973,marginal,5.0,43.653487,11.052113,0.791667,0.037481,177.960733,1197.945017,563.747541,7941.061087,840.317471,1038.937850,398.089665,6.821210263296962e-12
2025-03-01,正式期,2025-02-28,2025-02-28,否,否,7.0,3.0,1.3952,LP已验证互斥及全部原约束,Optimization terminated successfully. (HiGHS Status 7: Optimal),0,0.000759,0.003096,0.014788,6398.089665,6000.000000,6345.393741,18247.996974,749.504639,18997.501613,marginal,5.0,46.099038,13.946181,0.812500,0.039453,144.020083,1994.908800,910.388282,6626.794495,1318.200412,1378.596700,345.393741,9.094947017729282e-13
2025-03-02,正式期,2025-03-01,2025-03-01,否,否,7.0,3.0,1.3952,LP已验证互斥及全部原约束,Optimization terminated successfully. (HiGHS Status 7: Optimal),0,0.001288,0.003190,0.015540,6345.393741,6000.000000,6187.028619,49585.305266,7884.354609,57469.659875,marginal,3.0,64.098192,24.750248,0.763889,0.137192,1657.677233,1976.773333,973.844456,3589.797325,3019.853242,2614.406883,187.028619,0.0
2025-03-03,正式期,2025-03-02,2025-03-02,否,否,7.0,3.0,1.3952,LP已验证互斥及全部原约束,Optimization terminated successfully. (HiGHS Status 7: Optimal),0,0.001344,0.003266,0.016042,6187.028619,6000.000000,6212.136226,52021.490911,1734.311852,53755.802763,marginal,5.0,58.850007,14.300103,0.777778,0.032263,366.774750,2191.462651,1228.300664,5711.653553,2459.536971,2183.147550,212.136226,4.092726157978177e-12
2025-03-04,正式期,2025-03-03,2025-03-03,否,否,7.0,3.0,1.3952,LP已验证互斥及全部原约束,Optimization terminated successfully. (HiGHS Status 7: Optimal),0,0.001314,0.003362,0.015745,6212.136226,6000.000000,6214.973578,52456.209880,236.530663,52692.740543,marginal,5.0,74.990785,15.392183,0.923611,0.004489,79.643850,2181.961678,1356.107346,9139.972596,4348.557691,3715.807950,214.973578,-1.8189894035458565e-12
2025-03-05,正式期,2025-03-04,2025-03-04,否,否,5.0,5.0,1.3952,LP已验证互斥及全部原约束,Optimization terminated successfully. (HiGHS Status 7: Optimal),0,0.001374,0.003297,0.015704,6214.973578,6000.000000,6186.172804,49963.406396,907.265692,50870.672088,marginal,5.0,73.492212,15.491515,0.902778,0.017835,186.334617,1819.544817,1055.646836,9240.639723,4416.853057,3745.206500,186.172804,0.0
2025-03-06,正式期,2025-03-05,2025-03-05,否,否,3.0,5.0,1.3952,LP已验证互斥及全部原约束,Optimization terminated successfully. (HiGHS Status 7: Optimal),0,0.001390,0.003405,0.015990,6186.172804,6000.000000,6271.186963,48509.975080,517.247164,49027.222244,marginal,5.0,60.407722,12.783615,0.888889,0.010550,116.754383,1124.798083,580.830136,7833.313188,3808.983971,3329.345283,271.186963,-1.3642420526593924e-12
2025-03-07,正式期,2025-03-06,2025-03-06,否,否,7.0,5.0,1.3952,LP已验证互斥及全部原约束,Optimization terminated successfully. (HiGHS Status 7: Optimal),0,0.000811,0.003331,0.014796,6271.186963,6000.000000,6460.028392,18242.205640,236.616496,18478.822135,marginal,5.0,69.534741,14.486718,0.881944,0.012805,50.960733,1927.756133,864.445469,9180.435373,2056.630923,2079.896600,460.028392,-4.547473508864641e-13
2025-03-08,正式期,2025-03-07,2025-03-07,否,否,5.0,5.0,1.3952,LP已验证互斥及全部原约束,Optimization terminated successfully. (HiGHS Status 7: Optimal),0,0.000884,0.003439,0.015890,6460.028392,6000.000000,6214.341798,17543.291198,508.281286,18051.572484,marginal,5.0,69.949042,14.906742,0.895833,0.028157,179.864817,1068.161017,501.951548,11176.421183,1758.579916,1617.357350,214.341798,-2.2737367544323206e-13
2025-03-09,正式期,2025-03-08,2025-03-08,否,否,3.0,3.0,1.3952,LP已验证互斥及全部原约束,Optimization terminated successfully. (HiGHS Status 7: Optimal),0,0.001435,0.003467,0.016120,6214.341798,6000.000000,6198.306029,46450.883813,875.433471,47326.317285,marginal,5.0,60.178300,13.108318,0.875000,0.018498,205.803600,1368.388200,781.397031,7316.423314,2666.757930,2338.549350,198.306029,2.2737367544323206e-12
2025-03-10,正式期,2025-03-09,2025-03-09,否,否,3.0,3.0,1.3952,LP已验证互斥及全部原约束,Optimization terminated successfully. (HiGHS Status 7: Optimal),0,0.001337,0.003353,0.015841,6198.306029,6000.000000,6140.974695,45383.959469,2167.157720,47551.117189,marginal,3.0,40.721320,16.441477,0.611111,0.045575,461.289117,858.913667,542.831408,1668.335378,1640.152911,1455.401083,140.974695,-2.7284841053187847e-12
2025-03-11,正式期,2025-03-10,2025-03-10,否,否,3.0,5.0,1.3952,LP已验证互斥及全部原约束,Optimization terminated successfully. (HiGHS Status 7: Optimal),0,0.001447,0.003266,0.016074,6140.974695,6000.000000,6363.520744,46752.858073,765.798872,47518.656944,marginal,5.0,60.463511,13.029554,0.875000,0.016116,188.945133,1395.550200,773.778185,7362.896922,3366.388988,3053.943750,363.520744,1.8189894035458565e-12
2025-03-12,正式期,2025-03-11,2025-03-11,否,否,3.0,5.0,1.3952,LP已验证互斥及全部原约束,Optimization terminated successfully. (HiGHS Status 7: Optimal),0,0.001435,0.003220,0.015969,6363.520744,6000.000000,6200.786745,46211.757725,1019.272772,47231.030498,marginal,5.0,67.858176,14.972259,0.819444,0.021581,289.834983,1070.162467,602.882340,8792.272004,3442.261354,2968.939767,200.786745,-3.637978807091713e-12
2025-03-13,正式期,2025-03-12,2025-03-12,否,否,5.0,5.0,1.3952,LP已验证互斥及全部原约束,Optimization terminated successfully. (HiGHS Status 7: Optimal),0,0.001484,0.003220,0.016006,6200.786745,6000.000000,6096.754107,46227.807785,4106.012764,50333.820549,marginal,5.0,46.174037,14.934310,0.708333,0.081576,873.778300,1480.401100,774.687843,3679.820847,2422.223914,2049.080067,96.754107,9.094947017729282e-13
2025-03-14,正式期,2025-03-13,2025-03-13,否,否,5.0,5.0,1.3952,LP已验证互斥及全部原约束,Optimization terminated successfully. (HiGHS Status 7: Optimal),0,0.000913,0.003071,0.014707,6096.754107,6000.000000,6151.049589,16673.118252,1145.740933,17818.859185,marginal,5.0,75.125577,16.499355,0.826389,0.064299,274.656800,1263.373183,653.520926,12190.399701,976.859634,927.200933,151.049589,3.410605131648481e-12
2025-03-15,正式期,2025-03-14,2025-03-14,否,否,5.0,5.0,1.3952,LP已验证互斥及全部原约束,Optimization terminated successfully. (HiGHS Status 7: Optimal),0,0.000986,0.003029,0.014729,6151.049589,6000.000000,6172.166610,16658.914711,2453.580786,19112.495497,marginal,3.0,43.809030,12.590002,0.687500,0.128376,621.173783,614.754150,276.858795,8126.653357,664.108190,692.877583,172.166610,2.9558577807620168e-12
2025-03-16,正式期,2025-03-15,2025-03-15,否,否,5.0,5.0,1.3952,LP已验证互斥及全部原约束,Optimization terminated successfully. (HiGHS Status 7: Optimal),0,0.001561,0.003300,0.016269,6172.166610,6000.000000,6489.985204,46542.025424,483.840447,47025.865872,marginal,5.0,62.461469,13.194866,0.881944,0.010289,126.215217,1312.189217,721.596874,7668.905464,3361.311914,3163.649333,489.985204,3.183231456205249e-12
2025-03-17,正式期,2025-03-16,2025-03-16,否,否,5.0,5.0,1.3952,LP已验证互斥及全部原约束,Optimization terminated successfully. (HiGHS Status 7: Optimal),0,0.001746,0.003243,0.016278,6489.985204,6000.000000,6329.536074,45644.569803,847.462823,46492.032626,marginal,5.0,93.077513,19.362665,0.909722,0.018228,164.763900,1567.818968,897.694207,12275.166535,4896.210453,4262.512933,329.536074,9.094947017729282e-13
2025-03-18,正式期,2025-03-17,2025-03-17,否,否,5.0,5.0,1.3952,LP已验证互斥及全部原约束,Optimization terminated successfully. (HiGHS Status 7: Optimal),0,0.001705,0.003182,0.016226,6329.536074,6000.000000,6387.315056,45544.935786,1387.920464,46932.856250,marginal,3.0,70.395919,15.391819,0.888889,0.029572,291.807517,1459.506417,838.830218,8471.213952,2529.205535,2397.240033,387.315056,-9.094947017729282e-13
2025-03-19,正式期,2025-03-18,2025-03-18,否,否,5.0,5.0,1.3952,LP已验证互斥及全部原约束,Optimization terminated successfully. (HiGHS Status 7: Optimal),0,0.001641,0.003239,0.016164,6387.315056,6000.000000,6354.304241,45309.224794,155.689850,45464.914644,marginal,3.0,76.726161,15.612757,0.937500,0.003424,59.849183,1274.356283,699.773360,9865.929406,2521.867222,2361.586267,354.304241,4.092726157978177e-12
2025-03-20,正式期,2025-03-19,2025-03-19,否,否,5.0,3.0,1.3952,LP已验证互斥及全部原约束,Optimization terminated successfully. (HiGHS Status 7: Optimal),0,0.001762,0.003289,0.016313,6354.304241,6000.000000,6098.831549,42692.291540,1496.095130,44188.386670,marginal,3.0,36.668380,9.523360,0.750000,0.033857,309.549150,1232.965750,661.791875,3613.693905,2088.738505,1780.826583,98.831549,-6.139089236967266e-12
2025-03-21,正式期,2025-03-20,2025-03-20,否,否,5.0,3.0,1.3952,LP已验证互斥及全部原约束,Optimization terminated successfully. (HiGHS Status 7: Optimal),0,0.000961,0.003022,0.014648,6098.831549,6000.000000,6266.107241,16461.802631,826.274986,17288.077617,marginal,5.0,64.540214,13.956531,0.881944,0.047794,185.907267,1029.087417,525.580955,15677.811638,603.780988,728.559117,266.107241,6.821210263296962e-13
2025-03-22,正式期,2025-03-21,2025-03-21,否,否,7.0,3.0,1.3952,LP已验证互斥及全部原约束,Optimization terminated successfully. (HiGHS Status 7: Optimal),0,0.001031,0.003029,0.014723,6266.107241,6000.000000,6509.330815,16286.247293,135.563576,16421.810869,marginal,5.0,36.813942,9.269299,0.875000,0.008255,63.251317,1004.414000,505.097315,11389.465764,663.693848,995.989750,509.330815,2.7284841053187847e-12
2025-03-23,正式期,2025-03-22,2025-03-22,否,否,5.0,3.0,1.3952,LP已验证互斥及全部原约束,Optimization terminated successfully. (HiGHS Status 7: Optimal),0,0.001738,0.003261,0.016340,6509.330815,6000.000000,6229.943333,42115.923860,943.715354,43059.639214,marginal,3.0,54.288756,12.562503,0.840278,0.021916,207.958217,951.071883,538.652822,6381.192964,1747.135864,1622.129050,229.943333,-5.002220859751105e-12
2025-03-24,正式期,2025-03-23,2025-03-23,否,否,5.0,3.0,1.3952,LP已验证互斥及全部原约束,Optimization terminated successfully. (HiGHS Status 7: Optimal),0,0.001731,0.003213,0.016392,6229.943333,6000.000000,6383.423917,41879.808485,739.731843,42619.540328,marginal,3.0,54.523859,12.263413,0.861111,0.017357,225.523633,1105.734983,600.470252,6272.561039,1571.401039,1617.916367,383.423917,-2.2737367544323206e-13
2025-03-25,正式期,2025-03-24,2025-03-24,否,否,5.0,3.0,1.3952,LP已验证互斥及全部原约束,Optimization terminated successfully. (HiGHS Status 7: Optimal),0,0.001796,0.003234,0.016457,6383.423917,6000.000000,6101.522925,41571.316791,2095.942275,43667.259066,marginal,3.0,42.719621,13.076910,0.722222,0.047998,517.331717,1163.299533,672.852697,3493.949588,1344.714055,1180.589017,101.522925,-2.2737367544323206e-13
2025-03-26,正式期,2025-03-25,2025-03-25,否,否,7.0,3.0,1.3952,LP已验证互斥及全部原约束,Optimization terminated successfully. (HiGHS Status 7: Optimal),0,0.001834,0.003222,0.016474,6101.522925,6000.000000,6182.445812,41988.605116,505.539843,42494.144959,marginal,3.0,71.318192,15.082483,0.909722,0.011897,149.009917,1238.161683,716.367477,9067.563722,2337.591772,2057.650567,182.445812,5.4569682106375694e-12
2025-03-27,正式期,2025-03-26,2025-03-26,否,否,7.0,3.0,1.3952,LP已验证互斥及全部原约束,Optimization terminated successfully. (HiGHS Status 7: Optimal),0,0.001898,0.003430,0.017074,6182.445812,6000.000000,6194.442500,41388.725732,1147.942217,42536.667949,marginal,3.0,49.692356,12.392249,0.763889,0.026987,334.373550,1212.095417,684.716238,5313.752684,2045.194300,1831.605633,194.442500,-4.547473508864641e-13
2025-03-28,正式期,2025-03-27,2025-03-27,否,否,7.0,3.0,1.3952,LP已验证互斥及全部原约束,Optimization terminated successfully. (HiGHS Status 7: Optimal),0,0.001218,0.003467,0.015548,6194.442500,6000.000000,6360.894506,15496.647682,1292.442359,16789.090041,marginal,5.0,57.117312,13.367863,0.805556,0.076981,381.338000,960.005783,443.688892,15768.431186,490.029253,721.728750,360.894506,-1.3642420526593924e-12
2025-03-29,正式期,2025-03-28,2025-03-28,否,否,10.0,3.0,1.3952,LP已验证互斥及全部原约束,Optimization terminated successfully. (HiGHS Status 7: Optimal),0,0.001212,0.003382,0.015399,6360.894506,6000.000000,6356.754421,15577.663126,675.356428,16253.019554,marginal,5.0,73.649473,15.437851,0.868056,0.041553,153.280367,811.726417,399.067845,19170.738580,931.056363,1075.234633,356.754421,1.3642420526593924e-12
2025-03-30,正式期,2025-03-29,2025-03-29,否,否,7.0,3.0,1.3952,LP已验证互斥及全部原约束,Optimization terminated successfully. (HiGHS Status 7: Optimal),0,0.001992,0.003396,0.016613,6356.754421,6000.000000,6335.940926,39892.607070,1043.300418,40935.907488,marginal,3.0,53.607807,12.288717,0.847222,0.025486,290.858050,1070.512800,590.700501,6220.619819,1764.905185,1731.920033,335.940926,0.0
2025-03-31,正式期,2025-03-30,2025-03-30,否,否,7.0,3.0,1.3952,LP已验证互斥及全部原约束,Optimization terminated successfully. (HiGHS Status 7: Optimal),0,0.001957,0.003427,0.016451,6335.940926,6000.000000,6298.335663,39480.140355,1139.053943,40619.194298,marginal,3.0,48.356942,14.455126,0.784722,0.028042,257.984717,1463.880233,827.568376,3741.148770,2886.004387,2606.165650,298.335663,5.9117155615240335e-12
2025-04-01,正式期,2025-03-31,2025-03-31,否,否,7.0,3.0,1.3952,LP已验证互斥及全部原约束,Optimization terminated successfully. (HiGHS Status 7: Optimal),0,0.001992,0.003281,0.016433,6298.335663,6000.000000,6122.886556,39734.819790,1529.077110,41263.896900,marginal,3.0,48.731316,20.076455,0.708333,0.037056,355.419303,829.699533,504.436711,1968.006027,2600.351091,2216.882283,122.886556,-1.8189894035458565e-12
2025-04-02,正式期,2025-04-01,2025-04-01,否,否,7.0,3.0,1.3952,LP已验证互斥及全部原约束,Optimization terminated successfully. (HiGHS Status 7: Optimal),0,0.002000,0.003304,0.016560,6122.886556,6000.000000,6190.340759,40958.588101,6610.735316,47569.323417,marginal,5.0,52.256105,17.293905,0.729167,0.138971,1330.420133,780.875550,427.620502,4842.862729,1180.179712,1127.252250,190.340759,-2.9558577807620168e-12
2025-04-03,正式期,2025-04-02,2025-04-02,否,否,7.0,5.0,1.3952,LP已验证互斥及全部原约束,Optimization terminated successfully. (HiGHS Status 7: Optimal),0,0.002000,0.003206,0.016587,6190.340759,6000.000000,6159.748749,41882.947343,545.858793,42428.806135,marginal,5.0,70.497637,15.208331,0.861111,0.012865,108.680200,1054.498817,593.660402,9053.048184,2753.719167,2374.286400,159.748749,4.547473508864641e-13
2025-04-04,正式期,2025-04-03,2025-04-03,否,否,10.0,5.0,1.3952,LP已验证互斥及全部原约束,Optimization terminated successfully. (HiGHS Status 7: Optimal),0,0.001488,0.003005,0.015242,6159.748749,6000.000000,6459.852056,15477.922829,455.224582,15933.147410,marginal,5.0,89.796851,18.629218,0.888889,0.028571,148.945067,1111.270217,532.209609,19765.452269,864.256152,1113.914333,459.852056,0.0
2025-04-05,正式期,2025-04-04,2025-04-04,否,否,10.0,5.0,1.3952,LP已验证互斥及全部原约束,Optimization terminated successfully. (HiGHS Status 7: Optimal),0,0.001422,0.003005,0.015027,6459.852056,6000.000000,6321.551056,15263.544196,735.012866,15998.557062,marginal,5.0,52.099725,13.227895,0.763889,0.045942,232.253300,737.183967,364.821776,14667.373003,1239.124403,1293.086717,321.551056,-9.094947017729282e-13
2025-04-06,正式期,2025-04-05,2025-04-05,否,否,7.0,5.0,1.3952,LP已验证互斥及全部原约束,Optimization terminated successfully. (HiGHS Status 7: Optimal),0,0.002446,0.003410,0.019928,6321.551056,6000.000000,6214.812852,40610.891496,535.950786,41146.842282,marginal,5.0,68.322703,14.188009,0.937500,0.013025,125.632550,1195.776700,667.912391,8760.564067,2299.135267,2055.631133,214.812852,-1.3642420526593924e-12
2025-04-07,正式期,2025-04-06,2025-04-06,否,否,7.0,5.0,1.3952,LP已验证互斥及全部原约束,Optimization terminated successfully. (HiGHS Status 7: Optimal),0,0.002049,0.003301,0.016947,6214.812852,6000.000000,6411.154162,39909.713741,359.432843,40269.146584,marginal,5.0,68.108798,14.309256,0.875000,0.008926,117.439800,982.196183,553.284630,8784.460181,2850.456631,2678.908617,411.154162,4.547473508864641e-12
2025-04-08,正式期,2025-04-07,2025-04-07,否,否,7.0,5.0,1.3952,LP已验证互斥及全部原约束,Optimization terminated successfully. (HiGHS Status 7: Optimal),0,0.002147,0.003190,0.025068,6411.154162,6000.000000,6173.350441,39436.326294,638.111612,40074.437906,marginal,5.0,56.850978,12.138446,0.875000,0.015923,157.332500,933.121767,467.157278,7155.892573,1420.614057,1306.712783,173.350441,6.366462912410498e-12
2025-04-09,正式期,2025-04-08,2025-04-08,否,否,10.0,5.0,1.3952,LP已验证互斥及全部原约束,Optimization terminated successfully. (HiGHS Status 7: Optimal),0,0.003714,0.003301,0.019692,6173.350441,6000.000000,6150.504531,39234.403483,867.474911,40101.878394,marginal,5.0,33.275986,11.422430,0.736111,0.021632,203.000983,1024.025383,557.375334,1817.309480,1422.725830,1287.862000,150.504531,9.094947017729282e-13
2025-04-10,正式期,2025-04-09,2025-04-09,否,否,10.0,5.0,1.3952,LP已验证互斥及全部原约束,Optimization terminated successfully. (HiGHS Status 7: Optimal),0,0.002132,0.003210,0.016772,6150.504531,6000.000000,6249.083593,39771.658331,1777.675332,41549.333663,marginal,7.0,63.475741,14.541281,0.833333,0.042785,401.160833,1199.550267,595.925369,7562.394330,1739.980247,1633.559233,249.083593,-2.2737367544323206e-13
2025-04-11,正式期,2025-04-10,2025-04-10,否,否,10.0,5.0,1.3952,LP已验证互斥及全部原约束,Optimization terminated successfully. (HiGHS Status 7: Optimal),0,0.001335,0.003058,0.015361,6249.083593,6000.000000,6420.214673,14960.097804,1110.653417,16070.751221,marginal,5.0,87.417069,18.758063,0.847222,0.069110,246.914433,980.253900,493.362142,20480.891486,902.394520,1109.132767,420.214673,3.637978807091713e-12
2025-04-12,正式期,2025-04-11,2025-04-11,否,否,10.0,5.0,1.3952,LP已验证互斥及全部原约束,Optimization terminated successfully. (HiGHS Status 7: Optimal),0,0.001380,0.002976,0.015022,6420.214673,6000.000000,6485.175722,15032.536299,445.744981,15478.281280,marginal,5.0,56.912670,12.562349,0.888889,0.028798,148.726033,983.601400,472.965984,16921.793537,1611.926070,1742.318267,485.175722,2.7284841053187847e-12
2025-04-13,正式期,2025-04-12,2025-04-12,否,否,10.0,5.0,1.3952,LP已验证互斥及全部原约束,Optimization terminated successfully. (HiGHS Status 7: Optimal),0,0.002263,0.003154,0.016729,6485.175722,6000.000000,6282.860667,38757.977699,475.901622,39233.879322,marginal,7.0,50.869515,10.674711,0.930556,0.012130,120.194000,1339.928700,697.645428,5938.949669,1728.614835,1654.752617,282.860667,3.183231456205249e-12
2025-04-14,正式期,2025-04-13,2025-04-13,否,否,10.0,5.0,1.3952,LP已验证互斥及全部原约束,Optimization terminated successfully. (HiGHS Status 7: Optimal),0,0.002271,0.003193,0.016746,6282.860667,6000.000000,6225.962074,38592.664009,706.601854,39299.265863,marginal,7.0,61.236078,13.110234,0.909722,0.017980,159.822017,963.203167,558.043597,7794.837433,2093.883333,1899.411367,225.962074,3.183231456205249e-12
2025-04-15,正式期,2025-04-14,2025-04-14,否,否,10.0,5.0,1.3952,LP已验证互斥及全部原约束,Optimization terminated successfully. (HiGHS Status 7: Optimal),0,0.002299,0.003345,0.016772,6225.962074,6000.000000,6152.213056,38107.886334,257.254916,38365.141250,marginal,7.0,71.093206,14.707624,0.923611,0.006705,45.802050,1425.643583,714.182595,9050.483035,2971.611502,2543.997067,152.213056,5.002220859751105e-12
2025-04-16,正式期,2025-04-15,2025-04-15,否,否,10.0,5.0,1.3952,LP已验证互斥及全部原约束,Optimization terminated successfully. (HiGHS Status 7: Optimal),0,0.002250,0.003452,0.016827,6152.213056,6000.000000,6267.880935,37889.308674,583.280998,38472.589671,marginal,7.0,36.682257,10.026730,0.826389,0.015161,191.951600,773.845917,421.555481,3497.661311,1735.458694,1646.814383,267.880935,9.094947017729282e-13
2025-04-17,正式期,2025-04-16,2025-04-16,否,否,10.0,5.0,1.3952,LP已验证互斥及全部原约束,Optimization terminated successfully. (HiGHS Status 7: Optimal),0,0.002259,0.003333,0.016886,6267.880935,6000.000000,6116.472981,37878.422739,243.570003,38121.992742,marginal,7.0,51.887089,11.122169,0.916667,0.006389,53.454600,1343.575033,705.494077,6068.849757,1839.661091,1594.951167,116.472981,4.547473508864641e-13
2025-04-18,正式期,2025-04-17,2025-04-17,否,否,14.0,5.0,1.3952,LP已验证互斥及全部原约束,Optimization terminated successfully. (HiGHS Status 7: Optimal),0,0.001484,0.002970,0.014941,6116.472981,6000.000000,6618.819667,14817.658964,433.856983,15251.515947,marginal,7.0,59.377975,12.747532,0.875000,0.028447,146.473817,1196.467883,600.089229,18675.644703,1096.295720,1444.937233,618.819667,0.0
2025-04-19,正式期,2025-04-18,2025-04-18,否,否,14.0,5.0,1.3952,LP已验证互斥及全部原约束,Optimization terminated successfully. (HiGHS Status 7: Optimal),0,0.001373,0.003127,0.015039,6618.819667,6000.000000,6513.002250,14310.031233,502.208330,14812.239563,marginal,7.0,52.026739,11.726988,0.881944,0.033905,182.828483,1073.212483,512.391301,18096.834453,1043.288920,1306.766050,513.002250,-1.5916157281026244e-12
2025-04-20,正式期,2025-04-19,2025-04-19,否,否,14.0,5.0,1.3952,LP已验证互斥及全部原约束,Optimization terminated successfully. (HiGHS Status 7: Optimal),0,0.002354,0.003253,0.017027,6513.002250,6000.000000,6405.402130,37176.331446,581.912827,37758.244274,marginal,7.0,51.675545,11.092028,0.916667,0.015412,139.640833,1103.070883,627.919979,6024.337593,1445.641893,1535.831850,405.402130,7.73070496506989e-12
2025-04-21,正式期,2025-04-20,2025-04-20,否,否,14.0,5.0,1.3952,LP已验证互斥及全部原约束,Optimization terminated successfully. (HiGHS Status 7: Optimal),0,0.002549,0.003272,0.017164,6405.402130,6000.000000,6197.424200,37031.578278,600.516607,37632.094885,marginal,7.0,74.104548,15.865773,0.840278,0.015958,200.762433,713.252167,414.513474,10045.240981,2978.378481,2590.168350,197.424200,6.821210263296962e-12
2025-04-22,正式期,2025-04-21,2025-04-21,否,否,14.0,5.0,1.3952,LP已验证互斥及全部原约束,Optimization terminated successfully. (HiGHS Status 7: Optimal),0,0.002389,0.003218,0.016905,6197.424200,6000.000000,6331.285037,36966.168358,835.849904,37802.018262,marginal,5.0,49.506640,11.698595,0.847222,0.022111,214.577217,774.042517,394.810627,5826.036466,2196.791049,2077.557283,331.285037,9.549694368615746e-12
2025-04-23,正式期,2025-04-22,2025-04-22,否,否,14.0,5.0,1.3952,LP已验证互斥及全部原约束,Optimization terminated successfully. (HiGHS Status 7: Optimal),0,0.002403,0.003309,0.017129,6331.285037,6000.000000,6387.754093,36811.392285,575.474878,37386.867163,marginal,5.0,52.519849,11.840924,0.847222,0.015392,135.378650,792.561683,408.820571,6371.568820,2403.213086,2295.581283,387.754093,4.547473508864641e-12
2025-04-24,正式期,2025-04-23,2025-04-23,否,否,14.0,5.0,1.3952,LP已验证互斥及全部原约束,Optimization terminated successfully. (HiGHS Status 7: Optimal),0,0.002464,0.003602,0.017895,6387.754093,6000.000000,6246.826056,36518.466940,344.222294,36862.689234,marginal,5.0,76.463381,15.678638,0.916667,0.009338,77.924200,1248.136167,610.535184,9889.867298,2403.986831,2169.372783,246.826056,4.092726157978177e-12
2025-04-25,正式期,2025-04-24,2025-04-24,否,否,14.0,3.0,1.3952,LP已验证互斥及全部原约束,Optimization terminated successfully. (HiGHS Status 7: Optimal),0,0.001570,0.002928,0.015043,6246.826056,6000.000000,6381.677701,13721.942428,758.586717,14480.529144,marginal,7.0,63.688584,13.660524,0.881944,0.052387,179.281767,1357.777317,631.770823,21711.408077,928.315394,1095.445400,381.677701,5.9117155615240335e-12
2025-04-26,正式期,2025-04-25,2025-04-25,否,否,14.0,3.0,1.3952,LP已验证互斥及全部原约束,Optimization terminated successfully. (HiGHS Status 7: Optimal),0,0.001587,0.002975,0.015116,6381.677701,6000.000000,6342.691977,13412.007671,733.536811,14145.544481,marginal,5.0,68.419314,14.962406,0.798611,0.051856,171.129917,743.858917,359.176174,23909.809461,1123.685911,1218.608367,342.691977,-2.0463630789890885e-12
2025-04-27,正式期,2025-04-26,2025-04-26,否,否,14.0,3.0,1.3952,LP已验证互斥及全部原约束,Optimization terminated successfully. (HiGHS Status 7: Optimal),0,0.002543,0.003202,0.017412,6342.691977,6000.000000,6229.665944,34739.263373,1014.812806,35754.076179,marginal,5.0,49.087088,11.167256,0.854167,0.028383,268.701400,1385.084000,763.121729,5219.670081,642.808148,727.373950,229.665944,5.4569682106375694e-12
2025-04-28,正式期,2025-04-27,2025-04-27,否,否,14.0,3.0,1.3952,LP已验证互斥及全部原约束,Optimization terminated successfully. (HiGHS Status 7: Optimal),0,0.002639,0.003713,0.017839,6229.665944,6000.000000,5988.020670,34565.364240,18261.573880,52826.938121,marginal,5.0,53.524793,31.438364,0.569444,0.345687,3100.542158,965.282667,499.829286,597.076533,3660.525764,2954.244472,-11.979330,7.73070496506989e-12
2025-04-29,正式期,2025-04-28,2025-04-28,否,否,14.0,5.0,1.3952,LP已验证互斥及全部原约束,Optimization terminated successfully. (HiGHS Status 7: Optimal),0,0.002697,0.003422,0.017965,5988.020670,6000.000000,6130.875886,36999.462006,955.765091,37955.227097,marginal,7.0,82.232063,17.363746,0.902778,0.025181,216.226967,1239.243483,682.477552,10962.980652,3698.359469,3113.459467,130.875886,4.547473508864641e-12
2025-04-30,正式期,2025-04-29,2025-04-29,否,否,14.0,5.0,1.3952,LP已验证互斥及全部原约束,Optimization terminated successfully. (HiGHS Status 7: Optimal),0,0.002812,0.003200,0.017273,6130.875886,6000.000000,6246.996296,36441.061153,787.479997,37228.541150,marginal,7.0,71.036516,15.665265,0.840278,0.021153,228.996317,1108.635467,560.737204,8975.527220,2884.348436,2558.618900,246.996296,2.2737367544323206e-12
2025-05-01,正式期,2025-04-30,2025-04-30,否,否,14.0,5.0,1.3952,LP已验证互斥及全部原约束,Optimization terminated successfully. (HiGHS Status 7: Optimal),0,0.002741,0.003292,0.017700,6246.996296,6000.000000,5631.769721,35879.375310,10206.368393,46085.743703,marginal,7.0,73.408558,24.422855,0.611111,0.221465,1890.904750,822.111817,353.646037,7581.305685,1505.378252,887.949133,-368.230279,2.9558577807620168e-12
2025-05-02,正式期,2025-05-01,2025-05-01,否,否,21.0,5.0,1.3952,LP已验证互斥及全部原约束,Optimization terminated successfully. (HiGHS Status 7: Optimal),0,0.001723,0.003055,0.015313,5631.769721,6000.000000,5833.407360,14021.452668,15922.234634,29943.687302,marginal,5.0,39.219570,26.614042,0.354167,0.531739,2867.288609,628.494933,273.189932,13487.638967,1760.400167,1275.990759,-166.592640,9.094947017729282e-13
2025-05-03,正式期,2025-05-02,2025-05-02,否,否,21.0,7.0,1.3952,LP已验证互斥及全部原约束,Optimization terminated successfully. (HiGHS Status 7: Optimal),0,0.001810,0.003078,0.015555,5833.407360,6000.000000,6070.373704,14655.783128,6637.303978,21293.087106,marginal,14.0,54.722522,17.136517,0.687500,0.311712,1245.229283,667.966633,287.930855,17711.396920,981.837036,858.624333,70.373704,2.3874235921539366e-12
2025-05-04,正式期,2025-05-03,2025-05-03,否,否,14.0,7.0,1.3952,LP已验证互斥及全部原约束,Optimization terminated successfully. (HiGHS Status 7: Optimal),0,0.002635,0.003252,0.017330,6070.373704,6000.000000,5769.775785,36953.443877,7029.902655,43983.346532,marginal,7.0,72.966544,22.332050,0.666667,0.159831,1300.425633,647.264167,299.734298,8328.103385,3553.440568,2671.085067,-230.224215,1.8189894035458565e-12
2025-05-05,正式期,2025-05-04,2025-05-04,否,否,5.0,7.0,1.3952,LP已验证互斥及全部原约束,Optimization terminated successfully. (HiGHS Status 7: Optimal),0,0.002783,0.003127,0.017325,5769.775785,6000.000000,6140.072003,38718.949069,3542.658781,42261.607850,marginal,5.0,49.745294,14.593987,0.701389,0.083827,821.292817,982.999883,545.469102,4763.118802,616.493885,625.424850,140.072003,5.7980287238024175e-12
2025-05-06,正式期,2025-05-05,2025-05-05,否,否,5.0,7.0,1.3952,LP已验证互斥及全部原约束,Optimization terminated successfully. (HiGHS Status 7: Optimal),0,0.002810,0.003293,0.017456,6140.072003,6000.000000,6050.151574,39203.993649,2456.983020,41660.976669,marginal,7.0,68.365099,17.544716,0.784722,0.058976,579.674433,835.843583,462.160025,7898.148311,1122.600145,954.442533,50.151574,-3.410605131648481e-12
2025-05-07,正式期,2025-05-06,2025-05-06,否,否,5.0,7.0,1.3952,LP已验证互斥及全部原约束,Optimization terminated successfully. (HiGHS Status 7: Optimal),0,0.002706,0.003472,0.017363,6050.151574,6000.000000,6126.098093,39398.009304,1610.231001,41008.240305,marginal,7.0,47.376727,10.987287,0.812500,0.039266,335.504500,1358.062083,820.392455,5193.809317,1228.098333,1108.247933,126.098093,-2.5011104298755527e-12
2025-05-08,正式期,2025-05-07,2025-05-07,否,否,5.0,7.0,1.3952,LP已验证互斥及全部原约束,Optimization terminated successfully. (HiGHS Status 7: Optimal),0,0.002705,0.003254,0.017259,6126.098093,6000.000000,6143.066557,39221.656487,2689.412656,41911.069143,marginal,7.0,47.904702,13.782785,0.812500,0.064170,537.718483,1506.965667,893.275364,4129.583284,1822.099217,1604.660267,143.066557,-6.821210263296962e-13
2025-05-09,正式期,2025-05-08,2025-05-08,否,否,14.0,7.0,1.3952,LP已验证互斥及全部原约束,Optimization terminated successfully. (HiGHS Status 7: Optimal),0,0.001719,0.003026,0.015299,6143.066557,6000.000000,6525.888111,15839.274578,1987.881933,17827.156511,marginal,14.0,52.461009,12.913800,0.798611,0.111509,420.245633,1142.347667,565.114564,17574.686845,700.304095,1040.545617,525.888111,-6.821210263296962e-13
2025-05-10,正式期,2025-05-09,2025-05-09,否,否,14.0,7.0,1.3952,LP已验证互斥及全部原约束,Optimization terminated successfully. (HiGHS Status 7: Optimal),0,0.001765,0.003031,0.015334,6525.888111,6000.000000,6290.449434,15541.341212,1928.990236,17470.331448,marginal,14.0,43.819490,17.227791,0.631944,0.110415,465.214917,868.946683,382.126561,14338.374345,1035.366328,1100.051217,290.449434,6.821210263296962e-13
2025-05-11,正式期,2025-05-10,2025-05-10,否,否,5.0,7.0,1.3952,LP已验证互斥及全部原约束,Optimization terminated successfully. (HiGHS Status 7: Optimal),0,0.002983,0.003164,0.017426,6290.449434,6000.000000,6259.137667,39727.037868,1994.583959,41721.621827,marginal,10.0,54.101491,14.179855,0.756944,0.047807,410.219193,1048.688367,577.554491,5820.593106,2706.624979,2425.590133,259.137667,3.183231456205249e-12
2025-05-12,正式期,2025-05-11,2025-05-11,否,否,5.0,7.0,1.3952,LP已验证互斥及全部原约束,Optimization terminated successfully. (HiGHS Status 7: Optimal),0,0.002985,0.003184,0.017575,6259.137667,6000.000000,6422.623185,39574.827500,610.502690,40185.330191,marginal,10.0,77.843405,19.004002,0.854167,0.015192,198.774100,1425.006900,842.185583,8805.627807,4482.765123,4011.400617,422.623185,6.366462912410498e-12
2025-05-13,正式期,2025-05-12,2025-05-12,否,否,5.0,7.0,1.3952,LP已验证互斥及全部原约束,Optimization terminated successfully. (HiGHS Status 7: Optimal),0,0.002922,0.003153,0.017397,6422.623185,6000.000000,6235.771648,39475.870155,605.779228,40081.649383,marginal,10.0,61.876082,13.355122,0.916667,0.015114,131.856717,1775.226267,1033.924121,7056.854101,2487.457284,2227.034883,235.771648,7.73070496506989e-12
2025-05-14,正式期,2025-05-13,2025-05-13,否,否,5.0,7.0,1.3952,LP已验证互斥及全部原约束,Optimization terminated successfully. (HiGHS Status 7: Optimal),0,0.002927,0.003163,0.017408,6235.771648,6000.000000,6347.687531,39312.784880,789.428149,40102.213029,marginal,10.0,61.153642,13.617273,0.868056,0.019685,252.078483,1253.776717,706.456148,7332.594827,2666.467744,2472.757650,347.687531,-3.637978807091713e-12
2025-05-15,正式期,2025-05-14,2025-05-14,否,否,7.0,7.0,1.3952,LP已验证互斥及全部原约束,Optimization terminated successfully. (HiGHS Status 7: Optimal),0,0.002978,0.003156,0.017329,6347.687531,6000.000000,6473.662389,38754.656494,759.221179,39513.877673,marginal,10.0,56.672831,12.205744,0.881944,0.019214,201.937767,1366.636917,693.711349,6522.958498,1953.850514,2008.915067,473.662389,-9.094947017729282e-13
2025-05-16,正式期,2025-05-15,2025-05-15,否,否,14.0,7.0,1.3952,LP已验证互斥及全部原约束,Optimization terminated successfully. (HiGHS Status 7: Optimal),0,0.001972,0.003155,0.015715,6473.662389,6000.000000,6584.862368,15606.719695,1105.683056,16712.402751,marginal,14.0,86.286765,18.632019,0.888889,0.066159,271.524333,1017.810333,527.215095,23346.022437,1378.814570,1643.215933,584.862368,-1.1368683772161603e-12
2025-05-17,正式期,2025-05-16,2025-05-16,否,否,14.0,7.0,1.3952,LP已验证互斥及全部原约束,Optimization terminated successfully. (HiGHS Status 7: Optimal),0,0.002022,0.003127,0.016240,6584.862368,6000.000000,6263.290712,15633.212712,1762.337280,17395.549992,marginal,14.0,51.334353,18.037420,0.694444,0.101310,392.150133,912.604867,552.601641,16152.399273,1374.550423,1350.347483,263.290712,7.048583938740194e-12
2025-05-18,正式期,2025-05-17,2025-05-17,否,否,7.0,7.0,1.3952,LP已验证互斥及全部原约束,Optimization terminated successfully. (HiGHS Status 7: Optimal),0,0.003022,0.003305,0.017650,6263.290712,6000.000000,6392.469516,38563.088824,1076.775805,39639.864630,marginal,10.0,58.537424,15.742820,0.777778,0.027164,332.218500,738.798250,417.099013,6016.166808,1492.321875,1562.003283,392.469516,-5.6843418860808015e-12
2025-05-19,正式期,2025-05-18,2025-05-18,否,否,10.0,7.0,1.3952,LP已验证互斥及全部原约束,Optimization terminated successfully. (HiGHS Status 7: Optimal),0,0.003138,0.003283,0.017662,6392.469516,6000.000000,6233.023556,38482.143912,1134.981464,39617.125376,marginal,10.0,92.037112,19.337020,0.930556,0.028649,180.973900,1296.250233,748.868818,12000.141437,2726.325370,2418.044750,233.023556,-2.2737367544323206e-12
2025-05-20,正式期,2025-05-19,2025-05-19,否,否,10.0,7.0,1.3952,LP已验证互斥及全部原约束,Optimization terminated successfully. (HiGHS Status 7: Optimal),0,0.003361,0.003235,0.017925,6233.023556,6000.000000,6151.271531,38366.055739,1598.583227,39964.638966,marginal,10.0,51.823893,14.633461,0.819444,0.040000,312.640567,1103.296833,591.723568,4919.489415,2276.931715,1980.459067,151.271531,9.094947017729282e-13
2025-05-21,正式期,2025-05-20,2025-05-20,否,否,10.0,7.0,1.3952,LP已验证互斥及全部原约束,Optimization terminated successfully. (HiGHS Status 7: Optimal),0,0.003109,0.003310,0.018011,6151.271531,6000.000000,6307.340281,38458.945501,1578.186523,40037.132024,marginal,10.0,70.990367,17.144381,0.791667,0.039418,415.624367,1114.759917,560.388734,8389.710229,2931.930695,2651.470117,307.340281,4.092726157978177e-12
2025-05-22,正式期,2025-05-21,2025-05-21,否,否,10.0,7.0,1.3952,LP已验证互斥及全部原约束,Optimization terminated successfully. (HiGHS Status 7: Optimal),0,0.003070,0.003244,0.018032,6307.340281,6000.000000,6318.678933,38415.593460,330.458978,38746.052438,marginal,10.0,66.514420,13.792762,0.944444,0.008529,69.231217,1812.415917,1076.872791,7696.255883,2017.456350,1920.950683,318.678933,0.0
2025-05-23,正式期,2025-05-22,2025-05-22,否,否,14.0,7.0,1.3952,LP已验证互斥及全部原约束,Optimization terminated successfully. (HiGHS Status 7: Optimal),0,0.002030,0.002968,0.015619,6318.678933,6000.000000,6663.632538,15650.807531,748.904600,16399.712131,marginal,14.0,59.259668,12.823983,0.902778,0.045666,189.816867,1236.980967,652.872104,18952.506161,912.455328,1336.358100,663.632538,5.6843418860808015e-12
2025-05-24,正式期,2025-05-23,2025-05-23,否,否,14.0,7.0,1.3952,LP已验证互斥及全部原约束,Optimization terminated successfully. (HiGHS Status 7: Optimal),0,0.002055,0.003071,0.015456,6663.632538,6000.000000,6630.309536,15394.190524,399.803711,15793.994235,marginal,14.0,73.102785,16.030346,0.812500,0.025314,142.644000,708.480216,329.742680,21909.781138,890.885888,1288.896151,630.309536,-1.8189894035458565e-12
2025-05-25,正式期,2025-05-24,2025-05-24,否,否,10.0,7.0,1.3952,LP已验证互斥及全部原约束,Optimization terminated successfully. (HiGHS Status 7: Optimal),0,0.003227,0.003462,0.017916,6630.309536,6000.000000,6332.842370,37449.392914,842.672866,38292.065780,marginal,10.0,72.680176,15.326577,0.923611,0.022006,183.493683,1075.667467,522.965023,9348.036670,2385.702037,2231.976783,332.842370,-9.094947017729282e-13
2025-05-26,正式期,2025-05-25,2025-05-25,否,否,10.0,7.0,1.3952,LP已验证互斥及全部原约束,Optimization terminated successfully. (HiGHS Status 7: Optimal),0,0.003158,0.003264,0.017774,6332.842370,6000.000000,5985.972000,37375.247482,2358.351512,39733.598994,marginal,10.0,49.587539,17.255439,0.777778,0.059354,479.780123,1273.864833,649.674692,3096.406483,1365.617600,1093.525056,-14.028000,2.0463630789890885e-12
2025-05-27,正式期,2025-05-26,2025-05-26,否,否,10.0,7.0,1.3952,LP已验证互斥及全部原约束,Optimization terminated successfully. (HiGHS Status 7: Optimal),0,0.003195,0.003190,0.017615,5985.972000,6000.000000,6075.922598,37843.739805,709.038035,38552.777839,marginal,10.0,70.140976,15.156326,0.840278,0.018391,199.608067,1104.664100,658.930223,9029.073725,2335.064541,1959.732617,75.922598,4.092726157978177e-12
2025-05-28,正式期,2025-05-27,2025-05-27,否,否,10.0,7.0,1.3952,LP已验证互斥及全部原约束,Optimization terminated successfully. (HiGHS Status 7: Optimal),0,0.003420,0.003118,0.017447,6075.922598,6000.000000,6334.149704,37505.870436,753.093002,38258.963438,marginal,10.0,55.223859,14.777102,0.784722,0.019684,171.836150,1114.284933,645.796791,5100.900989,965.091523,1082.458867,334.149704,2.2737367544323206e-12
2025-05-29,正式期,2025-05-28,2025-05-28,否,否,10.0,7.0,1.3952,LP已验证互斥及全部原约束,Optimization terminated successfully. (HiGHS Status 7: Optimal),0,0.003211,0.003214,0.017874,6334.149704,6000.000000,6249.707296,37501.558429,2891.889931,40393.448360,marginal,10.0,43.614516,11.912245,0.770833,0.071593,560.536883,1324.683117,707.463591,3887.408586,666.763436,764.814950,249.707296,2.7284841053187847e-12
2025-05-30,正式期,2025-05-29,2025-05-29,否,否,14.0,7.0,1.3952,LP已验证互斥及全部原约束,Optimization terminated successfully. (HiGHS Status 7: Optimal),0,0.002135,0.003090,0.015739,6249.707296,6000.000000,6716.612419,15259.903014,1157.590253,16417.493267,marginal,14.0,60.986348,16.010638,0.756944,0.070510,303.068750,1303.268600,689.615839,18245.447632,742.989082,1246.772333,716.612419,-9.094947017729282e-13
2025-05-31,正式期,2025-05-30,2025-05-30,否,否,14.0,7.0,1.3952,LP已验证互斥及全部原约束,Optimization terminated successfully. (HiGHS Status 7: Optimal),0,0.002152,0.002917,0.016014,6716.612419,6000.000000,6410.461796,14958.862090,1416.963778,16375.825867,marginal,10.0,50.702151,14.005228,0.784722,0.086528,446.441583,1091.857167,569.047758,16919.625026,388.801893,684.345150,410.461796,1.7053025658242404e-12
2025-06-01,正式期,2025-05-31,2025-05-31,否,否,10.0,7.0,1.3952,LP已验证互斥及全部原约束,Optimization terminated successfully. (HiGHS Status 7: Optimal),0,0.003389,0.003165,0.018110,6410.461796,6000.000000,5554.139835,37911.135281,55109.107763,93020.243044,marginal,10.0,91.685579,70.594477,0.187500,0.592442,10724.181829,59.428150,26.013826,138.013200,5014.712400,3660.642895,-445.860165,9.094947017729282e-13
2025-06-02,正式期,2025-06-01,2025-06-01,否,否,10.0,7.0,1.3952,LP已验证互斥及全部原约束,Optimization terminated successfully. (HiGHS Status 7: Optimal),0,0.003478,0.003340,0.017777,5554.139835,6000.000000,5623.939995,40050.104892,39152.336744,79202.441636,marginal,10.0,78.794612,53.186785,0.194444,0.494332,8102.147091,93.860517,41.081855,2150.490917,2224.737916,1463.583708,-376.060005,-4.547473508864641e-13
2025-06-03,正式期,2025-06-02,2025-06-02,否,否,7.0,3.0,1.3952,LP已验证互斥及全部原约束,Optimization terminated successfully. (HiGHS Status 7: Optimal),0,0.003430,0.003195,0.017587,5623.939995,6000.000000,6184.332315,48257.308030,5085.229599,53342.537629,marginal,7.0,56.485293,16.378030,0.618056,0.095332,1062.441833,484.127300,253.296774,6450.058395,1803.300412,1626.572417,184.332315,-3.183231456205249e-12
2025-06-04,正式期,2025-06-03,2025-06-03,否,否,5.0,3.0,1.3952,LP已验证互斥及全部原约束,Optimization terminated successfully. (HiGHS Status 7: Optimal),0,0.003403,0.003097,0.017645,6184.332315,6000.000000,6274.558101,48402.900619,3215.599623,51618.500242,marginal,5.0,52.914046,18.127719,0.638889,0.062295,906.947817,614.118367,316.435880,4587.872388,2863.575505,2566.598450,274.558101,4.092726157978177e-12
2025-06-05,正式期,2025-06-04,2025-06-04,否,否,5.0,3.0,1.3952,LP已验证互斥及全部原约束,Optimization terminated successfully. (HiGHS Status 7: Optimal),0,0.003628,0.003316,0.018606,6274.558101,6000.000000,6081.143180,48064.395199,5901.084651,53965.479850,marginal,5.0,44.280597,16.324498,0.645833,0.109349,1403.121650,1166.050383,603.835522,3291.800134,1769.333401,1506.188917,81.143180,1.8189894035458565e-12
2025-06-06,正式期,2025-06-05,2025-06-05,否,否,28.0,3.0,1.3952,LP已验证互斥及全部原约束,Optimization terminated successfully. (HiGHS Status 7: Optimal),0,0.002171,0.003035,0.016099,6081.143180,6000.000000,5517.040380,15671.743558,39410.832723,55082.576281,marginal,14.0,75.672282,55.596488,0.277778,0.715486,7982.997915,261.646750,113.144356,4993.776933,3349.264617,2278.240681,-482.959620,1.3642420526593924e-12
2025-06-07,正式期,2025-06-06,2025-06-06,否,否,14.0,3.0,1.3952,LP已验证互斥及全部原约束,Optimization terminated successfully. (HiGHS Status 7: Optimal),0,0.002190,0.003150,0.016424,5517.040380,6000.000000,5919.254820,21271.402746,6284.231564,27555.634310,marginal,42.0,47.442335,21.515221,0.562500,0.228056,1203.588613,683.636033,365.619520,3464.432650,1442.862850,1096.048246,-80.745180,3.410605131648481e-12
2025-06-08,正式期,2025-06-07,2025-06-07,否,否,5.0,3.0,1.3952,LP已验证互斥及全部原约束,Optimization terminated successfully. (HiGHS Status 7: Optimal),0,0.003537,0.003221,0.018275,5919.254820,6000.000000,6232.327500,53783.761587,911.562189,54695.323776,marginal,5.0,114.112057,24.188590,0.881944,0.016666,246.046267,1550.508433,800.012092,15826.379801,8229.295617,6874.824200,232.327500,7.275957614183426e-12
2025-06-09,正式期,2025-06-08,2025-06-08,否,否,5.0,3.0,1.3952,LP已验证互斥及全部原约束,Optimization terminated successfully. (HiGHS Status 7: Optimal),0,0.003653,0.003262,0.017858,6232.327500,6000.000000,6116.711887,52239.488585,3338.605150,55578.093735,marginal,5.0,70.786490,17.891313,0.756944,0.060071,815.714517,1355.575683,742.900036,8672.976077,4826.056277,4014.146283,116.711887,3.637978807091713e-12
2025-06-10,正式期,2025-06-09,2025-06-09,否,否,5.0,3.0,1.3952,LP已验证互斥及全部原约束,Optimization terminated successfully. (HiGHS Status 7: Optimal),0,0.003589,0.003211,0.018262,6116.711887,6000.000000,6315.083426,51450.097959,1114.293542,52564.391501,marginal,5.0,51.736089,12.199961,0.840278,0.021199,283.269517,1240.690750,622.015802,5749.052653,2259.837737,2114.043650,315.083426,5.9117155615240335e-12
2025-06-11,正式期,2025-06-10,2025-06-10,否,否,5.0,3.0,1.3952,LP已验证互斥及全部原约束,Optimization terminated successfully. (HiGHS Status 7: Optimal),0,0.003570,0.003140,0.017842,6315.083426,6000.000000,6283.949364,51140.723639,8980.736513,60121.460152,marginal,5.0,43.148551,17.754800,0.659722,0.149377,1976.777617,1426.099050,693.515187,2209.600694,426.991077,601.417200,283.949364,1.0231815394945443e-12
2025-06-12,正式期,2025-06-11,2025-06-11,否,否,5.0,3.0,1.3952,LP已验证互斥及全部原约束,Optimization terminated successfully. (HiGHS Status 7: Optimal),0,0.003790,0.003198,0.018260,6283.949364,6000.000000,6380.221857,52824.406383,2097.839059,54922.245441,marginal,5.0,58.962039,14.121864,0.861111,0.038197,458.199000,1722.605383,811.817279,6486.655836,3794.037052,3415.369683,380.221857,-9.094947017729282e-13
2025-06-13,正式期,2025-06-12,2025-06-12,否,否,14.0,3.0,1.3952,LP已验证互斥及全部原约束,Optimization terminated successfully. (HiGHS Status 7: Optimal),0,0.002297,0.003152,0.016819,6380.221857,6000.000000,6334.314574,20544.505902,2538.825117,23083.331019,marginal,14.0,50.977399,16.032840,0.701389,0.109985,580.019233,993.979467,472.269495,4326.073307,731.860741,893.690317,334.314574,3.069544618483633e-12
2025-06-14,正式期,2025-06-13,2025-06-13,否,否,10.0,3.0,1.3952,LP已验证互斥及全部原约束,Optimization terminated successfully. (HiGHS Status 7: Optimal),0,0.002455,0.003062,0.016965,6334.314574,6000.000000,6109.402122,20629.449017,1521.492811,22150.941828,marginal,10.0,60.147745,16.995293,0.708333,0.068687,499.676217,585.928100,320.547889,7135.461048,1293.276531,1146.015900,109.402122,1.1368683772161603e-12
2025-06-15,正式期,2025-06-14,2025-06-14,否,否,5.0,5.0,1.3952,LP已验证互斥及全部原约束,Optimization terminated successfully. (HiGHS Status 7: Optimal),0,0.003799,0.003201,0.018739,6109.402122,6000.000000,6470.354981,52766.911666,881.009302,53647.920967,marginal,5.0,67.566112,14.288006,0.930556,0.016422,168.233667,1806.685517,904.576457,7959.614409,3493.484609,3253.042017,470.354981,1.8189894035458565e-12
2025-06-16,正式期,2025-06-15,2025-06-15,否,否,5.0,5.0,1.3952,LP已验证互斥及全部原约束,Optimization terminated successfully. (HiGHS Status 7: Optimal),0,0.003704,0.003373,0.018365,6470.354981,6000.000000,6252.233167,51746.951521,1080.190701,52827.142222,marginal,5.0,47.777705,11.396822,0.812500,0.020448,244.847317,1507.158733,759.062067,4863.075409,1874.851975,1745.639950,252.233167,-4.092726157978177e-12
2025-06-17,正式期,2025-06-16,2025-06-16,否,否,5.0,5.0,1.3952,LP已验证互斥及全部原约束,Optimization terminated successfully. (HiGHS Status 7: Optimal),0,0.003761,0.003088,0.017962,6252.233167,6000.000000,6163.320545,51719.133751,6743.736158,58462.869909,marginal,5.0,52.162097,17.939771,0.722222,0.115351,1560.494483,1088.454450,561.057992,4769.948108,2826.754292,2436.659467,163.320545,1.3642420526593924e-12
2025-06-18,正式期,2025-06-17,2025-06-17,否,否,5.0,5.0,1.3952,LP已验证互斥及全部原约束,Optimization terminated successfully. (HiGHS Status 7: Optimal),0,0.003943,0.003180,0.018527,6163.320545,6000.000000,6436.815177,52135.732569,242.351217,52378.083786,marginal,5.0,58.064767,12.118603,0.909722,0.004627,83.031967,1721.141250,937.132922,6883.713348,4191.270832,3788.063033,436.815177,6.366462912410498e-12
2025-06-19,正式期,2025-06-18,2025-06-18,否,否,5.0,5.0,1.3952,LP已验证互斥及全部原约束,Optimization terminated successfully. (HiGHS Status 7: Optimal),0,0.003839,0.003108,0.018240,6436.815177,6000.000000,6358.739407,51475.044901,1738.037001,53213.081903,marginal,5.0,75.368171,16.502476,0.868056,0.032662,327.988667,1813.832192,930.725612,8972.378358,3231.129300,2940.080200,358.739407,6.366462912410498e-12
2025-06-20,正式期,2025-06-19,2025-06-19,否,否,10.0,5.0,1.3952,LP已验证互斥及全部原约束,Optimization terminated successfully. (HiGHS Status 7: Optimal),0,0.002339,0.003079,0.016574,6358.739407,6000.000000,6691.317474,20875.646378,838.366645,21714.013023,marginal,10.0,70.460027,15.024147,0.902778,0.038609,215.312433,1436.838450,655.413569,9693.535064,1259.895214,1642.700850,691.317474,2.2737367544323206e-13
2025-06-21,正式期,2025-06-20,2025-06-20,否,否,10.0,5.0,1.3952,LP已验证互斥及全部原约束,Optimization terminated successfully. (HiGHS Status 7: Optimal),0,0.002336,0.003083,0.016548,6691.317474,6000.000000,6604.955388,20465.384494,1384.953146,21850.337640,marginal,14.0,89.103367,19.579990,0.833333,0.063384,339.412550,1026.020683,643.309071,12756.241850,760.621750,1160.563467,604.955388,2.2737367544323206e-12
2025-06-22,正式期,2025-06-21,2025-06-21,否,否,7.0,5.0,1.3952,LP已验证互斥及全部原约束,Optimization terminated successfully. (HiGHS Status 7: Optimal),0,0.003860,0.003443,0.018505,6604.955388,6000.000000,6383.387317,50439.608508,1217.522734,51657.131242,marginal,5.0,71.477825,15.737002,0.895833,0.023569,286.864517,1365.461833,712.248489,8850.948648,3545.671315,3217.042350,383.387317,-1.3642420526593924e-12
2025-06-23,正式期,2025-06-22,2025-06-22,否,否,7.0,5.0,1.3952,LP已验证互斥及全部原约束,Optimization terminated successfully. (HiGHS Status 7: Optimal),0,0.003831,0.003275,0.018459,6383.387317,6000.000000,6358.065646,50374.514241,712.624618,51087.138859,marginal,5.0,70.743740,14.992427,0.909722,0.013949,194.301450,1629.668700,769.524820,8524.442970,2631.246320,2453.568600,358.065646,3.637978807091713e-12
2025-06-24,正式期,2025-06-23,2025-06-23,否,否,7.0,5.0,1.3952,LP已验证互斥及全部原约束,Optimization terminated successfully. (HiGHS Status 7: Optimal),0,0.004001,0.003092,0.018180,6358.065646,6000.000000,6271.718750,49927.307678,11838.644895,61765.952574,marginal,5.0,47.141203,23.752380,0.604167,0.191669,2501.427083,1294.328317,632.012181,1053.328319,937.000142,1003.516990,271.718750,5.6843418860808015e-12
2025-06-25,正式期,2025-06-24,2025-06-24,否,否,7.0,7.0,1.3952,LP已验证互斥及全部原约束,Optimization terminated successfully. (HiGHS Status 7: Optimal),0,0.004004,0.003197,0.019011,6271.718750,6000.000000,6336.594111,51410.005186,1998.723164,53408.728350,marginal,7.0,66.089037,16.777700,0.854167,0.037423,424.718583,1593.409729,843.984662,6897.651959,2953.709938,2695.439750,336.594111,5.002220859751105e-12
2025-06-26,正式期,2025-06-25,2025-06-25,否,否,7.0,5.0,1.3952,LP已验证互斥及全部原约束,Optimization terminated successfully. (HiGHS Status 7: Optimal),0,0.003907,0.003073,0.018619,6336.594111,6000.000000,6209.812212,51116.139496,1077.137509,52193.277005,marginal,5.0,75.891223,16.169551,0.888889,0.020637,196.158300,1791.228581,931.364266,9245.052959,3033.922090,2646.307883,209.812212,2.7284841053187847e-12
2025-06-27,正式期,2025-06-26,2025-06-26,否,否,10.0,5.0,1.3952,LP已验证互斥及全部原约束,Optimization terminated successfully. (HiGHS Status 7: Optimal),0,0.002667,0.004171,0.018092,6209.812212,6000.000000,6617.231463,20559.149946,714.931392,21274.081338,marginal,14.0,86.950910,18.209496,0.923611,0.033606,189.542867,1839.492933,954.787445,11235.330280,700.515247,1122.925667,617.231463,-4.092726157978177e-12
2025-06-28,正式期,2025-06-27,2025-06-27,否,否,10.0,5.0,1.3952,LP已验证互斥及全部原约束,Optimization terminated successfully. (HiGHS Status 7: Optimal),0,0.002580,0.003239,0.017237,6617.231463,6000.000000,6719.360799,19980.079355,910.749923,20890.829278,marginal,5.0,69.428728,16.184709,0.798611,0.043596,347.025900,1147.974233,605.183718,9372.213051,686.162301,1203.216183,719.360799,-3.410605131648481e-12
2025-06-29,正式期,2025-06-28,2025-06-28,否,否,7.0,5.0,1.3952,LP已验证互斥及全部原约束,Optimization terminated successfully. (HiGHS Status 7: Optimal),0,0.004168,0.008406,0.033025,6719.360799,6000.000000,6456.435611,50058.706741,1378.368577,51437.075318,marginal,7.0,62.750221,16.063323,0.812500,0.026797,363.426717,1406.638583,707.566203,6550.547286,3446.805802,3202.704750,456.435611,1.8189894035458565e-12
2025-06-30,正式期,2025-06-29,2025-06-29,否,否,7.0,7.0,1.3952,LP已验证互斥及全部原约束,Optimization terminated successfully. (HiGHS Status 7: Optimal),0,0.004522,0.003274,0.019796,6456.435611,6000.000000,6366.425944,50199.170146,2881.568415,53080.738561,marginal,7.0,58.967664,15.128894,0.826389,0.054287,768.423333,1729.952550,967.852061,6139.165131,2842.670514,2632.346467,366.425944,0.0
2025-07-01,正式期,2025-06-30,2025-06-30,否,否,10.0,7.0,1.3952,LP已验证互斥及全部原约束,Optimization terminated successfully. (HiGHS Status 7: Optimal),0,0.004079,0.003315,0.019500,6366.425944,6000.000000,5515.437000,50306.799104,19121.498710,69428.297815,marginal,10.0,74.083308,41.264298,0.368056,0.275414,5144.378800,0.000000,0.000000,4090.478862,2825.591379,1852.622317,-484.563000,2.2737367544323206e-12
2025-07-02,正式期,2025-07-01,2025-07-01,否,否,10.0,7.0,1.3952,LP已验证互斥及全部原约束,Optimization terminated successfully. (HiGHS Status 7: Optimal),0,0.004235,0.003553,0.019285,5515.437000,6000.000000,5523.036390,51840.460087,14949.444025,66789.904112,marginal,10.0,107.885386,42.595445,0.458333,0.223828,4048.536317,67.087833,37.504285,11000.140253,6014.450986,4442.438050,-476.963610,0.0
2025-07-03,正式期,2025-07-02,2025-07-02,否,否,5.0,7.0,1.3952,LP已验证互斥及全部原约束,Optimization terminated successfully. (HiGHS Status 7: Optimal),0,0.004105,0.003117,0.018446,5523.036390,6000.000000,6217.639346,58223.872792,5736.334334,63960.207126,marginal,5.0,73.952832,21.511045,0.687500,0.089686,1290.725800,1021.387997,479.566043,8212.435959,3766.293423,3246.573083,217.639346,-5.4569682106375694e-12
2025-07-04,正式期,2025-07-03,2025-07-03,否,否,14.0,5.0,1.3952,LP已验证互斥及全部原约束,Optimization terminated successfully. (HiGHS Status 7: Optimal),0,0.002769,0.003028,0.016779,6217.639346,6000.000000,5403.365565,19738.842209,23043.382554,42782.224763,marginal,14.0,93.241107,47.726785,0.319444,0.538620,6105.365815,63.536667,27.168279,10036.313017,853.302950,154.204398,-596.634435,-2.7000623958883807e-12
2025-07-05,正式期,2025-07-04,2025-07-04,否,否,14.0,5.0,1.3952,LP已验证互斥及全部原约束,Optimization terminated successfully. (HiGHS Status 7: Optimal),0,0.002971,0.003062,0.017111,5403.365565,6000.000000,6253.813615,26027.426811,2810.852641,28838.279453,marginal,14.0,87.827374,21.720426,0.729167,0.097469,955.503967,811.367100,410.620370,11787.318064,721.468864,812.822033,253.813615,2.7284841053187847e-12
2025-07-06,正式期,2025-07-05,2025-07-05,否,否,5.0,3.0,1.3952,LP已验证互斥及全部原约束,Optimization terminated successfully. (HiGHS Status 7: Optimal),0,0.004210,0.003304,0.018995,6253.813615,6000.000000,5974.370233,54225.159219,9008.078239,63233.237458,marginal,5.0,51.824507,21.066896,0.562500,0.142458,2024.189989,1241.563750,725.191367,3510.398227,1994.387971,1592.387467,-25.629767,4.774847184307873e-12
2025-07-07,正式期,2025-07-06,2025-07-06,否,否,5.0,5.0,1.3952,LP已验证互斥及全部原约束,Optimization terminated successfully. (HiGHS Status 7: Optimal),0,0.004309,0.003274,0.018911,5974.370233,6000.000000,6140.867319,57235.414788,1338.535290,58573.950078,marginal,5.0,96.083841,22.156459,0.805556,0.022852,479.713783,1014.420155,502.114870,12892.228546,5940.493617,4938.580417,140.867319,9.094947017729282e-13
2025-07-08,正式期,2025-07-07,2025-07-07,否,否,5.0,5.0,1.3952,LP已验证互斥及全部原约束,Optimization terminated successfully. (HiGHS Status 7: Optimal),0,0.004273,0.003383,0.018782,6140.867319,6000.000000,6212.380259,57371.495193,1530.840007,58902.335200,marginal,5.0,81.186776,18.180799,0.805556,0.025989,419.216567,1631.930020,793.520323,10034.137301,3578.684321,3089.876533,212.380259,-5.4569682106375694e-12
2025-07-09,正式期,2025-07-08,2025-07-08,否,否,5.0,5.0,1.3952,LP已验证互斥及全部原约束,Optimization terminated successfully. (HiGHS Status 7: Optimal),0,0.004373,0.003144,0.018815,6212.380259,6000.000000,6355.207050,56756.957400,1132.818974,57889.776374,marginal,5.0,83.515851,17.786808,0.902778,0.019569,231.117817,1648.891600,778.086033,10549.133199,4107.666899,3646.896533,355.207050,-1.3642420526593924e-12
2025-07-10,正式期,2025-07-09,2025-07-09,否,否,5.0,3.0,1.3952,LP已验证互斥及全部原约束,Optimization terminated successfully. (HiGHS Status 7: Optimal),0,0.004367,0.003178,0.018652,6355.207050,6000.000000,6129.616494,54148.314864,1368.462224,55516.777089,marginal,5.0,68.313210,15.467169,0.868056,0.024650,313.343533,1740.147183,813.009448,7986.065731,2939.973731,2498.033567,129.616494,2.2737367544323206e-12
2025-07-11,正式期,2025-07-10,2025-07-10,否,否,14.0,3.0,1.3952,LP已验证互斥及全部原约束,Optimization terminated successfully. (HiGHS Status 7: Optimal),0,0.002736,0.003096,0.016771,6129.616494,6000.000000,5933.317335,25307.421377,7760.697227,33068.118603,marginal,10.0,51.739551,24.830538,0.513889,0.234688,1638.068130,782.136350,388.207016,8546.484333,1109.284850,838.506330,-66.682665,6.821210263296962e-12
2025-07-12,正式期,2025-07-11,2025-07-11,否,否,10.0,5.0,1.3952,LP已验证互斥及全部原约束,Optimization terminated successfully. (HiGHS Status 7: Optimal),0,0.002780,0.003007,0.016884,5933.317335,6000.000000,6042.104048,25726.147417,1785.059138,27511.206556,marginal,14.0,48.091484,13.113525,0.743056,0.064885,522.945317,777.898332,458.991488,9246.072522,767.926739,659.914301,42.104048,2.1600499167107046e-12
2025-07-13,正式期,2025-07-12,2025-07-12,否,否,5.0,5.0,1.3952,LP已验证互斥及全部原约束,Optimization terminated successfully. (HiGHS Status 7: Optimal),0,0.004437,0.003303,0.018607,6042.104048,6000.000000,6268.332011,55536.834199,862.873650,56399.707849,marginal,5.0,104.350350,21.777455,0.916667,0.015299,146.939933,1729.373450,840.739624,13546.131981,4100.835215,3563.175333,268.332011,-9.094947017729282e-13
2025-07-14,正式期,2025-07-13,2025-07-13,否,否,5.0,5.0,1.3952,LP已验证互斥及全部原约束,Optimization terminated successfully. (HiGHS Status 7: Optimal),0,0.004495,0.003137,0.018565,6268.332011,6000.000000,6188.853963,54440.331073,1638.979590,56079.310663,marginal,5.0,79.691981,17.495928,0.868056,0.029226,326.137033,1360.740600,652.565371,10339.855042,4296.826360,3650.397918,188.853963,0.0
2025-07-15,正式期,2025-07-14,2025-07-14,否,否,5.0,5.0,1.3952,LP已验证互斥及全部原约束,Optimization terminated successfully. (HiGHS Status 7: Optimal),0,0.004607,0.003023,0.018587,6188.853963,6000.000000,6437.309741,54127.134948,1078.447762,55205.582710,marginal,3.0,74.501656,18.638832,0.833333,0.019535,303.223283,1750.671950,850.862497,7825.216555,3855.188971,3516.281833,437.309741,-7.73070496506989e-12
2025-07-16,正式期,2025-07-15,2025-07-15,否,否,5.0,5.0,1.3952,LP已验证互斥及全部原约束,Optimization terminated successfully. (HiGHS Status 7: Optimal),0,0.004468,0.003242,0.018925,6437.309741,6000.000000,6340.577150,54207.827559,1633.579983,55841.407542,marginal,5.0,77.649368,17.707292,0.854167,0.029254,411.827483,1777.106233,1053.882995,9246.241106,4114.163022,3638.991483,340.577150,-3.637978807091713e-12
2025-07-17,正式期,2025-07-16,2025-07-16,否,否,5.0,5.0,1.3952,LP已验证互斥及全部原约束,Optimization terminated successfully. (HiGHS Status 7: Optimal),0,0.004553,0.003092,0.018956,6340.577150,6000.000000,6377.805081,54090.821058,1852.163316,55942.984375,marginal,5.0,71.936500,16.641688,0.812500,0.033108,468.191483,1631.983783,776.437865,8170.436134,2092.123717,2034.644783,377.805081,2.7284841053187847e-12
2025-07-18,正式期,2025-07-17,2025-07-17,否,否,10.0,5.0,1.3952,LP已验证互斥及全部原约束,Optimization terminated successfully. (HiGHS Status 7: Optimal),0,0.002942,0.003224,0.016840,6377.805081,6000.000000,6420.351614,25944.126383,723.531575,26667.657958,marginal,14.0,44.384769,13.857164,0.687500,0.027131,181.151167,1513.991083,846.054506,8207.328228,910.589812,1115.894200,420.351614,-2.0463630789890885e-12
2025-07-19,正式期,2025-07-18,2025-07-18,否,否,10.0,5.0,1.3952,LP已验证互斥及全部原约束,Optimization terminated successfully. (HiGHS Status 7: Optimal),0,0.002943,0.003309,0.016687,6420.351614,6000.000000,6208.830490,25524.319026,1630.640514,27154.959541,marginal,14.0,65.919291,15.226884,0.819444,0.060049,456.749733,976.440567,459.436541,12809.762685,1199.903385,1159.869183,208.830490,-2.2737367544323206e-12
2025-07-20,正式期,2025-07-19,2025-07-19,否,否,5.0,5.0,1.3952,LP已验证互斥及全部原约束,Optimization terminated successfully. (HiGHS Status 7: Optimal),0,0.004565,0.003111,0.018679,6208.830490,6000.000000,6442.464535,54118.924678,871.648185,54990.572863,marginal,5.0,71.752123,15.421195,0.909722,0.015851,236.956700,2032.959533,1059.574656,8305.872457,3588.196608,3304.657334,442.464535,1.3642420526593924e-12
2025-07-21,正式期,2025-07-20,2025-07-20,否,否,5.0,5.0,1.3952,LP已验证互斥及全部原约束,Optimization terminated successfully. (HiGHS Status 7: Optimal),0,0.004845,0.003007,0.019003,6442.464535,6000.000000,6390.401000,53333.446639,1257.748492,54591.195131,marginal,5.0,55.099576,12.974680,0.826389,0.023039,297.659517,1867.482183,941.132291,5500.184054,2238.504408,2164.549470,390.401000,0.0
2025-07-22,正式期,2025-07-21,2025-07-21,否,否,5.0,5.0,1.3952,LP已验证互斥及全部原约束,Optimization terminated successfully. (HiGHS Status 7: Optimal),0,0.004651,0.003115,0.019199,6390.401000,6000.000000,6289.959407,53389.769881,3292.263634,56682.033515,marginal,5.0,64.102658,17.163070,0.763889,0.058083,799.656817,1299.289650,736.575646,6894.937715,2679.840165,2431.634000,289.959407,-6.366462912410498e-12
2025-07-23,正式期,2025-07-22,2025-07-22,否,否,5.0,5.0,1.3952,LP已验证互斥及全部原约束,Optimization terminated successfully. (HiGHS Status 7: Optimal),0,0.004837,0.003704,0.020353,6289.959407,6000.000000,6261.050073,53952.625933,1933.616244,55886.242176,marginal,5.0,60.082914,14.501095,0.812500,0.034599,437.870817,1676.201617,893.744870,6417.617203,2271.155186,2074.580767,261.050073,2.7284841053187847e-12
2025-07-24,正式期,2025-07-23,2025-07-23,否,否,5.0,5.0,1.3952,LP已验证互斥及全部原约束,Optimization terminated successfully. (HiGHS Status 7: Optimal),0,0.004782,0.003143,0.019138,6261.050073,6000.000000,6436.847852,53569.986514,2641.328302,56211.314816,marginal,5.0,63.425289,15.941343,0.826389,0.046989,632.856383,1734.487817,976.746069,6693.093687,3250.859493,3026.359256,436.847852,-3.183231456205249e-12
2025-07-25,正式期,2025-07-24,2025-07-24,否,否,10.0,5.0,1.3952,LP已验证互斥及全部原约束,Optimization terminated successfully. (HiGHS Status 7: Optimal),0,0.003341,0.003077,0.017325,6436.847852,6000.000000,6518.974296,26183.767273,1020.396797,27204.164070,marginal,14.0,71.976574,15.944200,0.888889,0.037509,231.128000,1684.476250,831.539547,13202.799202,978.066152,1259.310450,518.974296,-6.821210263296962e-13
2025-07-26,正式期,2025-07-25,2025-07-25,否,否,10.0,5.0,1.3952,LP已验证互斥及全部原约束,Optimization terminated successfully. (HiGHS Status 7: Optimal),0,0.002963,0.003085,0.016836,6518.974296,6000.000000,6280.146422,25764.035666,944.576301,26708.611966,marginal,14.0,54.969836,14.118545,0.840278,0.035366,288.468250,1362.750333,657.204034,11179.135638,758.090005,866.184683,280.146422,2.2737367544323206e-12
2025-07-27,正式期,2025-07-26,2025-07-26,否,否,5.0,7.0,1.3952,LP已验证互斥及全部原约束,Optimization terminated successfully. (HiGHS Status 7: Optimal),0,0.004653,0.003167,0.019031,6280.146422,6000.000000,6420.521278,53783.712767,3216.672998,57000.385765,marginal,5.0,64.605090,16.116053,0.819444,0.056432,732.192319,1454.245983,737.734746,6932.240082,1385.510597,1500.732733,420.521278,-6.366462912410498e-12
2025-07-28,正式期,2025-07-27,2025-07-27,否,否,5.0,7.0,1.3952,LP已验证互斥及全部原约束,Optimization terminated successfully. (HiGHS Status 7: Optimal),0,0.004835,0.003472,0.019230,6420.521278,6000.000000,6437.812630,53197.229304,4065.463294,57262.692597,marginal,10.0,42.514527,15.419846,0.701389,0.070997,896.067067,1569.501883,769.690948,1978.061663,1281.934280,1432.398133,437.812630,-1.5916157281026244e-12
2025-07-29,正式期,2025-07-28,2025-07-28,否,否,5.0,7.0,1.3952,LP已验证互斥及全部原约束,Optimization terminated successfully. (HiGHS Status 7: Optimal),0,0.004686,0.003107,0.018996,6437.812630,6000.000000,6187.487627,53853.222601,2544.504601,56397.727201,marginal,10.0,54.263281,15.452911,0.784722,0.045117,529.552283,1859.880383,1006.955741,4564.483463,2409.263563,2120.242350,187.487627,0.0
2025-07-30,正式期,2025-07-29,2025-07-29,否,否,5.0,7.0,1.3952,LP已验证互斥及全部原约束,Optimization terminated successfully. (HiGHS Status 7: Optimal),0,0.005096,0.003130,0.019461,6187.487627,6000.000000,6436.332500,54200.357015,1397.891982,55598.248998,marginal,10.0,60.254160,13.575563,0.861111,0.025143,351.953383,1685.088717,895.194448,6678.966502,2421.435802,2354.062250,436.332500,2.7284841053187847e-12
2025-07-31,正式期,2025-07-30,2025-07-30,否,否,10.0,7.0,1.3952,LP已验证互斥及全部原约束,Optimization terminated successfully. (HiGHS Status 7: Optimal),0,0.004868,0.003284,0.019351,6436.332500,6000.000000,6268.200739,54191.031067,1236.194320,55427.225387,marginal,10.0,56.361459,12.563568,0.875000,0.022303,298.434733,2182.053517,1108.600660,5750.489174,1996.057924,1858.187583,268.200739,-4.547473508864641e-12
2025-08-01,正式期,2025-07-31,2025-07-31,否,否,10.0,7.0,1.3952,LP已验证互斥及全部原约束,Optimization terminated successfully. (HiGHS Status 7: Optimal),0,0.003086,0.003091,0.017228,6268.200739,6000.000000,6384.648685,25907.104003,688.170986,26595.274989,marginal,14.0,110.892327,23.495456,0.888889,0.025876,273.989317,1858.656300,968.699364,18175.786011,1679.771111,1706.798417,384.648685,-2.2737367544323206e-12
2025-08-02,正式期,2025-08-01,2025-08-01,否,否,10.0,7.0,1.3952,LP已验证互斥及全部原约束,Optimization terminated successfully. (HiGHS Status 7: Optimal),0,0.003072,0.003432,0.017054,6384.648685,6000.000000,6298.630685,25570.352305,688.472538,26258.824843,marginal,7.0,105.201034,21.809186,0.923611,0.026219,184.554917,2235.289717,1179.652086,17576.148072,1189.552572,1232.305200,298.630685,-1.3642420526593924e-12
2025-08-03,正式期,2025-08-02,2025-08-02,否,否,10.0,7.0,1.3952,LP已验证互斥及全部原约束,Optimization terminated successfully. (HiGHS Status 7: Optimal),0,0.004844,0.003144,0.018851,6298.630685,6000.000000,6111.593604,53610.348941,940.591585,54550.940526,marginal,10.0,130.756699,27.154825,0.909722,0.017242,188.165267,1543.132617,739.742178,17880.610436,5203.791036,4315.504983,111.593604,3.637978807091713e-12
2025-08-04,正式期,2025-08-03,2025-08-03,否,否,10.0,7.0,1.3952,LP已验证互斥及全部原约束,Optimization terminated successfully. (HiGHS Status 7: Optimal),0,0.005293,0.003100,0.019731,6111.593604,6000.000000,6635.555833,53337.897907,229.979919,53567.877827,marginal,14.0,107.005377,21.815044,0.944444,0.004293,99.352367,1764.820867,908.702762,13899.606529,4878.977695,4523.972183,635.555833,0.0
2025-08-05,正式期,2025-08-04,2025-08-04,否,否,10.0,7.0,1.3952,LP已验证互斥及全部原约束,Optimization terminated successfully. (HiGHS Status 7: Optimal),0,0.004920,0.003094,0.019061,6635.555833,6000.000000,6489.888926,52569.691058,152.014522,52721.705580,marginal,14.0,103.484744,20.985939,0.937500,0.002883,42.444117,1719.934133,930.859572,13419.904363,4080.034979,3745.728367,489.888926,9.094947017729282e-13
2025-08-06,正式期,2025-08-05,2025-08-05,否,否,10.0,7.0,1.3952,LP已验证互斥及全部原约束,Optimization terminated successfully. (HiGHS Status 7: Optimal),0,0.005060,0.003474,0.019386,6489.888926,6000.000000,6749.049593,52068.101718,1479.723330,53547.825048,marginal,14.0,83.067002,18.736610,0.847222,0.027634,363.469200,1721.045833,856.431163,9609.390125,3676.861362,3652.402336,749.049593,1.3642420526593924e-12
2025-08-07,正式期,2025-08-06,2025-08-06,否,否,21.0,7.0,1.3952,LP已验证互斥及全部原约束,Optimization terminated successfully. (HiGHS Status 7: Optimal),0,0.004942,0.003078,0.019001,6749.049593,6000.000000,6358.608735,51975.615647,455.027177,52430.642824,marginal,10.0,112.149170,23.388139,0.916667,0.008679,132.003983,1984.784067,1109.531676,14230.398645,3770.696529,3377.012050,358.608735,3.183231456205249e-12
2025-08-08,正式期,2025-08-07,2025-08-07,否,否,10.0,5.0,1.3952,LP已验证互斥及全部原约束,Optimization terminated successfully. (HiGHS Status 7: Optimal),0,0.003402,0.003087,0.017296,6358.608735,6000.000000,6510.025074,25169.742216,306.922084,25476.664300,marginal,7.0,106.221812,21.641603,0.937500,0.012047,66.604400,2227.412217,1150.210106,21684.731294,652.794177,987.785850,510.025074,-4.547473508864641e-13
2025-08-09,正式期,2025-08-08,2025-08-08,否,否,28.0,5.0,1.3952,LP已验证互斥及全部原约束,Optimization terminated successfully. (HiGHS Status 7: Optimal),0,0.003360,0.002972,0.017013,6510.025074,6000.000000,6615.972167,24936.183437,676.869903,25613.053340,marginal,5.0,76.386111,16.141886,0.916667,0.026427,175.593033,1682.966867,830.143328,18863.672777,815.861811,1215.223017,615.972167,0.0
2025-08-10,正式期,2025-08-09,2025-08-09,否,否,21.0,5.0,1.3952,LP已验证互斥及全部原约束,Optimization terminated successfully. (HiGHS Status 7: Optimal),0,0.004991,0.003259,0.019342,6615.972167,6000.000000,6379.822778,49768.066754,123.252986,49891.319740,marginal,10.0,72.659632,15.536221,0.930556,0.002470,54.585300,2020.007767,1080.884371,8295.436755,3272.496255,2992.562467,379.822778,4.547473508864641e-13
2025-08-11,正式期,2025-08-10,2025-08-10,否,否,28.0,5.0,1.3952,LP已验证互斥及全部原约束,Optimization terminated successfully. (HiGHS Status 7: Optimal),0,0.005162,0.003506,0.019604,6379.822778,6000.000000,6314.475924,49113.475077,1417.868198,50531.343275,marginal,5.0,72.643326,16.225990,0.909722,0.028059,316.543133,1960.327783,1164.818104,8026.549700,1618.103500,1593.692167,314.475924,-4.547473508864641e-12
2025-08-12,正式期,2025-08-11,2025-08-11,否,否,28.0,3.0,1.3952,LP已验证互斥及全部原约束,Optimization terminated successfully. (HiGHS Status 7: Optimal),0,0.005098,0.003052,0.018963,6314.475924,6000.000000,6258.274975,48357.322812,2203.234930,50560.557742,marginal,7.0,52.110037,15.285982,0.791667,0.043576,489.885950,1926.900533,1000.801520,3964.598632,2446.963999,2214.488317,258.274975,4.547473508864641e-13
2025-08-13,正式期,2025-08-12,2025-08-12,否,否,28.0,5.0,1.3952,LP已验证互斥及全部原约束,Optimization terminated successfully. (HiGHS Status 7: Optimal),0,0.005219,0.003103,0.019350,6258.274975,6000.000000,6635.563833,49567.338565,716.441770,50283.780335,marginal,7.0,65.287215,14.549145,0.868056,0.014248,215.029300,2023.225400,958.614233,6765.393690,2422.395123,2534.147500,635.563833,-4.092726157978177e-12
2025-08-14,正式期,2025-08-13,2025-08-13,否,否,28.0,5.0,1.3952,LP已验证互斥及全部原约束,Optimization terminated successfully. (HiGHS Status 7: Optimal),0,0.005044,0.003058,0.019050,6635.563833,6000.000000,6319.351204,49233.606832,3094.764071,52328.370903,marginal,7.0,68.613827,16.348102,0.854167,0.059141,625.184050,2285.788533,1144.267131,6857.320880,974.272613,1076.576900,319.351204,-1.5916157281026244e-12
2025-08-15,正式期,2025-08-14,2025-08-14,否,否,28.0,7.0,1.3952,LP已验证互斥及全部原约束,Optimization terminated successfully. (HiGHS Status 7: Optimal),0,0.003349,0.002943,0.017005,6319.351204,6000.000000,6611.749556,25109.794363,291.691180,25401.485543,marginal,5.0,88.310957,18.019742,0.958333,0.011483,85.812067,1920.349917,1012.174654,20337.350051,411.546584,883.927333,611.749556,3.183231456205249e-12
2025-08-16,正式期,2025-08-15,2025-08-15,否,否,56.0,3.0,1.3952,LP已验证互斥及全部原约束,Optimization terminated successfully. (HiGHS Status 7: Optimal),0,0.003388,0.003740,0.017980,6611.749556,6000.000000,6365.010676,24549.279549,847.531243,25396.810791,marginal,5.0,74.557051,15.969478,0.875000,0.033372,172.786883,1630.125117,863.954433,20760.298176,932.641142,1083.948933,365.010676,2.9558577807620168e-12
2025-08-17,正式期,2025-08-16,2025-08-16,否,否,42.0,5.0,1.3952,LP已验证互斥及全部原约束,Optimization terminated successfully. (HiGHS Status 7: Optimal),0,0.005132,0.003158,0.019490,6365.010676,6000.000000,6325.365111,48379.838418,1092.796305,49472.634723,marginal,7.0,71.529607,15.319300,0.909722,0.022089,216.448083,1972.494883,1036.831841,8091.281982,1717.452798,1683.965367,325.365111,-2.5011104298755527e-12
2025-08-18,正式期,2025-08-17,2025-08-17,否,否,42.0,3.0,1.3952,LP已验证互斥及全部原约束,Optimization terminated successfully. (HiGHS Status 7: Optimal),0,0.005229,0.003039,0.018850,6325.365111,6000.000000,6361.609352,47744.457164,1924.023640,49668.480804,marginal,7.0,56.195294,12.902494,0.888889,0.038737,378.453083,2079.823000,1168.192163,5543.175839,1454.320206,1503.447783,361.609352,2.2737367544323206e-13
2025-08-19,正式期,2025-08-18,2025-08-18,否,否,42.0,3.0,1.3952,LP已验证互斥及全部原约束,Optimization terminated successfully. (HiGHS Status 7: Optimal),0,0.005160,0.003294,0.019552,6361.609352,6000.000000,6426.884426,47997.033395,1460.838371,49457.871766,marginal,7.0,58.647712,13.292007,0.895833,0.029537,291.871100,1678.546200,884.005466,6464.183066,2840.877716,2685.306933,426.884426,2.2737367544323206e-12
2025-08-20,正式期,2025-08-19,2025-08-19,否,否,56.0,3.0,1.3952,LP已验证互斥及全部原约束,Optimization terminated successfully. (HiGHS Status 7: Optimal),0,0.005322,0.003273,0.019393,6426.884426,6000.000000,6000.000000,48091.126739,10896.384634,58987.511373,marginal,7.0,48.565209,21.111907,0.652778,0.184724,1949.565706,2080.043550,1150.093805,1660.094217,1413.879617,1145.242489,0.000000,5.6843418860808015e-12
2025-08-21,正式期,2025-08-20,2025-08-20,否,否,56.0,7.0,1.3952,LP已验证互斥及全部原约束,Optimization terminated successfully. (HiGHS Status 7: Optimal),0,0.005353,0.003185,0.019707,6000.000000,6000.000000,6373.964093,49546.436234,553.078214,50099.514449,marginal,7.0,64.834271,14.264311,0.923611,0.011040,112.828350,1862.593283,1032.419076,7315.709921,3624.666955,3272.547917,373.964093,-1.3642420526593924e-12
2025-08-22,正式期,2025-08-21,2025-08-21,否,否,56.0,7.0,1.3952,LP已验证互斥及全部原约束,Optimization terminated successfully. (HiGHS Status 7: Optimal),0,0.003571,0.002964,0.017034,6373.964093,6000.000000,6321.568203,24806.757433,2051.989972,26858.747405,marginal,7.0,64.131731,16.295297,0.770833,0.076399,506.896850,1728.752017,882.032573,17004.581718,1060.295268,1148.250550,321.568203,5.002220859751105e-12
2025-08-23,正式期,2025-08-22,2025-08-22,否,否,56.0,7.0,1.3952,LP已验证互斥及全部原约束,Optimization terminated successfully. (HiGHS Status 7: Optimal),0,0.003527,0.002951,0.017094,6321.568203,6000.000000,6394.658333,24985.100097,240.573892,25225.673989,marginal,7.0,52.512171,13.372908,0.847222,0.009537,77.202900,1721.061017,894.786108,15288.421199,930.348416,1108.774717,394.658333,6.59383658785373e-12
2025-08-24,正式期,2025-08-23,2025-08-23,否,否,56.0,7.0,1.3952,LP已验证互斥及全部原约束,Optimization terminated successfully. (HiGHS Status 7: Optimal),0,0.005320,0.003098,0.019567,6394.658333,6000.000000,6605.585333,49485.152673,396.419498,49881.572171,marginal,7.0,77.707660,15.889468,0.916667,0.007947,83.504683,1854.217083,889.210581,9051.793801,1813.890885,2014.278417,605.585333,0.0
2025-08-25,正式期,2025-08-24,2025-08-24,否,否,56.0,7.0,1.3952,LP已验证互斥及全部原约束,Optimization terminated successfully. (HiGHS Status 7: Optimal),0,0.005375,0.003248,0.019419,6605.585333,6000.000000,6377.269473,49462.455648,2987.215268,52449.670916,marginal,7.0,47.505057,15.466816,0.729167,0.056954,738.834600,2358.167450,1339.696796,2324.129437,1609.803137,1643.483067,377.269473,2.2737367544323206e-12
2025-08-26,正式期,2025-08-25,2025-08-25,否,否,84.0,7.0,1.3952,LP已验证互斥及全部原约束,Optimization terminated successfully. (HiGHS Status 7: Optimal),0,0.005368,0.003059,0.019476,6377.269473,6000.000000,6452.518907,49827.504655,571.438106,50398.942761,marginal,7.0,69.375009,14.422746,0.909722,0.011338,128.404317,2267.799150,1177.628393,7563.502076,2016.210926,2040.397867,452.518907,2.7284841053187847e-12
2025-08-27,正式期,2025-08-26,2025-08-26,否,否,84.0,7.0,1.3952,LP已验证互斥及全部原约束,Optimization terminated successfully. (HiGHS Status 7: Optimal),0,0.005657,0.003065,0.019687,6452.518907,6000.000000,6434.865630,49809.216695,2361.195127,52170.411822,marginal,7.0,56.694778,13.392619,0.888889,0.045259,474.089983,2137.219833,1138.711512,5351.268306,1197.302490,1361.194083,434.865630,-4.547473508864641e-13
2025-08-28,正式期,2025-08-27,2025-08-27,否,否,84.0,7.0,1.3952,LP已验证互斥及全部原约束,Optimization terminated successfully. (HiGHS Status 7: Optimal),0,0.005406,0.003245,0.019753,6434.865630,6000.000000,6369.042111,50204.412369,2755.620086,52960.032456,marginal,7.0,62.859845,21.492401,0.784722,0.052032,583.001217,2211.830533,1091.761304,3204.899558,2083.455391,2019.736767,369.042111,-1.3642420526593924e-12
2025-08-29,正式期,2025-08-28,2025-08-28,否,否,56.0,7.0,1.3952,LP已验证互斥及全部原约束,Optimization terminated successfully. (HiGHS Status 7: Optimal),0,0.003622,0.003141,0.017600,6369.042111,6000.000000,6523.302492,25818.471935,990.188816,26808.660751,marginal,10.0,65.328115,14.574823,0.875000,0.036935,231.511083,2551.182217,1336.710090,15412.256357,212.772107,643.317650,523.302492,1.5916157281026244e-12
2025-08-30,正式期,2025-08-29,2025-08-29,否,否,84.0,7.0,1.3952,LP已验证互斥及全部原约束,Optimization terminated successfully. (HiGHS Status 7: Optimal),0,0.003508,0.003170,0.017234,6523.302492,6000.000000,6275.654565,25421.531032,292.079006,25713.610038,marginal,21.0,87.616219,18.273068,0.868056,0.011359,78.180300,1451.985350,803.878360,20433.745599,1529.277232,1486.803667,275.654565,-1.5916157281026244e-12
2025-08-31,正式期,2025-08-30,2025-08-30,否,否,84.0,7.0,1.3952,LP已验证互斥及全部原约束,Optimization terminated successfully. (HiGHS Status 7: Optimal),0,0.005645,0.003049,0.019703,6275.654565,6000.000000,6330.052296,50587.353000,309.130844,50896.483844,marginal,7.0,66.920828,13.761456,0.944444,0.006074,73.739600,2906.064850,1511.257145,6822.065506,2610.198539,2411.307883,330.052296,6.821210263296962e-12
2025-09-01,正式期,2025-08-31,2025-08-31,否,否,84.0,7.0,1.3952,LP已验证互斥及全部原约束,Optimization terminated successfully. (HiGHS Status 7: Optimal),0,0.005610,0.003100,0.019666,6330.052296,6000.000000,7997.418315,50497.358103,0.000000,50497.358103,marginal,7.0,155.229268,31.069754,0.993056,0.000000,0.000000,8582.356983,5191.829744,12767.902195,4244.176029,5235.459067,1997.418315,5.4569682106375694e-12
2025-09-02,正式期,2025-09-01,2025-09-01,否,否,7.0,7.0,1.3952,LP已验证互斥及全部原约束,Optimization terminated successfully. (HiGHS Status 7: Optimal),0,0.005576,0.003130,0.019684,7997.418315,6000.000000,7757.278759,48345.173498,0.000000,48345.173498,marginal,7.0,137.848288,27.569658,1.000000,0.000000,0.000000,7616.631600,4575.391035,11043.707252,2061.769835,3251.584450,1757.278759,-1.3642420526593924e-12
2025-09-03,正式期,2025-09-02,2025-09-02,否,否,7.0,7.0,1.3952,LP已验证互斥及全部原约束,Optimization terminated successfully. (HiGHS Status 7: Optimal),0,0.005609,0.003205,0.020068,7757.278759,6000.000000,7908.276630,47854.391016,6.997282,47861.388299,marginal,7.0,120.869419,24.181338,0.993056,0.000146,1.788900,6884.746267,4064.209367,9494.638948,3649.614198,4673.636467,1908.276630,-2.7284841053187847e-12
2025-09-04,正式期,2025-09-03,2025-09-03,否,否,3.0,7.0,1.3952,LP已验证互斥及全部原约束,Optimization terminated successfully. (HiGHS Status 7: Optimal),0,0.005824,0.003083,0.019755,7908.276630,6000.000000,7374.433722,45306.590757,327.114690,45633.705448,marginal,7.0,106.246856,21.581565,0.965278,0.007168,79.726617,5568.620233,3360.297759,8755.424942,1795.867942,2691.643383,1374.433722,-9.094947017729282e-13
2025-09-05,正式期,2025-09-04,2025-09-04,否,否,84.0,7.0,1.3952,LP已验证互斥及全部原约束,Optimization terminated successfully. (HiGHS Status 7: Optimal),0,0.003702,0.003018,0.017367,7374.433722,6000.000000,8027.059815,25501.389783,27.035581,25528.425364,marginal,21.0,164.594711,32.944667,0.993056,0.001059,6.173917,8003.243317,4630.437449,24441.655787,1576.359671,3101.205167,2027.059815,3.183231456205249e-12
2025-09-06,正式期,2025-09-05,2025-09-05,否,否,7.0,7.0,1.3952,LP已验证互斥及全部原约束,Optimization terminated successfully. (HiGHS Status 7: Optimal),0,0.003480,0.002960,0.017277,8027.059815,6000.000000,8185.308537,24315.416399,8.947486,24324.363885,marginal,14.0,145.664806,31.555283,0.916667,0.000368,2.593850,6596.144017,3783.576517,23274.116224,1148.700391,2897.225000,2185.308537,-4.547473508864641e-13
2025-09-07,正式期,2025-09-06,2025-09-06,否,否,3.0,7.0,1.3952,LP已验证互斥及全部原约束,Optimization terminated successfully. (HiGHS Status 7: Optimal),0,0.005687,0.003396,0.020223,8185.308537,6000.000000,6355.834685,39324.764906,629.423963,39954.188870,marginal,7.0,53.031874,13.305897,0.833333,0.015754,205.508350,1839.862433,1036.270958,4642.034286,1346.422469,1410.853417,355.834685,3.637978807091713e-12
2025-09-08,正式期,2025-09-07,2025-09-07,否,否,3.0,7.0,1.3952,LP已验证互斥及全部原约束,Optimization terminated successfully. (HiGHS Status 7: Optimal),0,0.005576,0.003127,0.019880,6355.834685,6000.000000,6519.686593,39821.559983,6270.928619,46092.488602,marginal,3.0,45.747647,20.112277,0.618056,0.136051,1542.226653,1331.641000,761.908596,1386.512229,1674.221276,1823.837167,519.686593,4.547473508864641e-13
2025-09-09,正式期,2025-09-08,2025-09-08,否,否,3.0,10.0,1.3952,LP已验证互斥及全部原约束,Optimization terminated successfully. (HiGHS Status 7: Optimal),0,0.005946,0.003210,0.020558,6519.686593,6000.000000,6213.642718,39873.623109,2279.946001,42153.569110,marginal,3.0,62.726861,14.950282,0.736111,0.054087,545.843100,1261.167950,737.471587,7259.955498,1522.354881,1425.385900,213.642718,3.637978807091713e-12
2025-09-10,正式期,2025-09-09,2025-09-09,否,否,3.0,7.0,1.3952,LP已验证互斥及全部原约束,Optimization terminated successfully. (HiGHS Status 7: Optimal),0,0.005962,0.003534,0.020939,6213.642718,6000.000000,5978.922000,40203.322903,14192.034972,54395.357875,marginal,3.0,41.914355,21.279846,0.576389,0.260905,2526.710768,1360.417183,832.470828,1341.475500,1637.329817,1307.266951,-21.078000,2.9558577807620168e-12
2025-09-11,正式期,2025-09-10,2025-09-10,否,否,3.0,7.0,1.3952,LP已验证互斥及全部原约束,Optimization terminated successfully. (HiGHS Status 7: Optimal),0,0.005708,0.003246,0.020376,5978.922000,6000.000000,6301.870278,41390.556832,1943.270612,43333.827444,marginal,3.0,71.934504,16.065498,0.833333,0.044844,378.449400,1631.839267,873.583069,8342.671111,1657.381811,1614.162517,301.870278,-5.229594535194337e-12
2025-09-12,正式期,2025-09-11,2025-09-11,否,否,3.0,7.0,1.3952,LP已验证互斥及全部原约束,Optimization terminated successfully. (HiGHS Status 7: Optimal),0,0.003865,0.002914,0.017307,6301.870278,6000.000000,6546.029523,17823.450373,3034.103021,20857.553393,marginal,21.0,47.298256,13.125621,0.694444,0.145468,780.332100,837.527000,407.313537,17463.011833,171.517300,630.355583,546.029523,0.0
2025-09-13,正式期,2025-09-12,2025-09-12,否,否,3.0,10.0,1.3952,LP已验证互斥及全部原约束,Optimization terminated successfully. (HiGHS Status 7: Optimal),0,0.003662,0.003018,0.017477,6546.029523,6000.000000,6464.301944,17244.961524,4471.992593,21716.954117,marginal,10.0,64.831881,18.666464,0.659722,0.205922,1185.311017,940.419950,476.133451,20654.681050,76.770700,480.056017,464.301944,4.092726157978177e-12
2025-09-14,正式期,2025-09-13,2025-09-13,否,否,3.0,7.0,1.3952,LP已验证互斥及全部原约束,Optimization terminated successfully. (HiGHS Status 7: Optimal),0,0.005939,0.003324,0.020713,6464.301944,6000.000000,6184.548708,40844.341585,2180.468506,43024.810091,marginal,3.0,36.527033,13.974187,0.666667,0.050679,489.579717,1441.992200,834.389832,1151.447900,1110.927650,1065.945233,184.548708,2.5011104298755527e-12
2025-09-15,正式期,2025-09-14,2025-09-14,否,否,3.0,7.0,1.3952,LP已验证互斥及全部原约束,Optimization terminated successfully. (HiGHS Status 7: Optimal),0,0.005870,0.003247,0.020453,6184.548708,6000.000000,6205.541485,41285.676868,2666.195191,43951.872058,marginal,3.0,64.650454,16.246071,0.791667,0.060662,648.653233,1582.864933,989.327461,6776.788969,936.806519,943.800617,205.541485,3.183231456205249e-12
2025-09-16,正式期,2025-09-15,2025-09-15,否,否,3.0,7.0,1.3952,LP已验证互斥及全部原约束,Optimization terminated successfully. (HiGHS Status 7: Optimal),0,0.006112,0.003226,0.020743,6205.541485,6000.000000,6160.786352,41372.603025,2186.118229,43558.721254,marginal,3.0,41.526464,13.494335,0.708333,0.050188,578.005483,891.456467,533.832655,3332.640816,1588.047366,1431.026083,160.786352,2.0463630789890885e-12
2025-09-17,正式期,2025-09-16,2025-09-16,否,否,3.0,7.0,1.3952,LP已验证互斥及全部原约束,Optimization terminated successfully. (HiGHS Status 7: Optimal),0,0.005912,0.003394,0.029191,6160.786352,6000.000000,6330.819557,41867.572037,2481.764641,44349.336678,marginal,3.0,41.009122,12.727393,0.673611,0.055959,574.273667,1634.699000,1010.780443,2500.476331,661.044648,833.183767,330.819557,4.661160346586257e-12
2025-09-18,正式期,2025-09-17,2025-09-17,否,否,3.0,7.0,1.3952,LP已验证互斥及全部原约束,Optimization terminated successfully. (HiGHS Status 7: Optimal),0,0.008090,0.003351,0.023449,6330.819557,6000.000000,6124.422240,42041.530398,1469.430395,43510.960793,marginal,3.0,42.327615,10.211486,0.819444,0.033771,318.653583,1931.906000,1028.316425,3661.414349,681.750083,664.197583,124.422240,3.637978807091713e-12
2025-09-19,正式期,2025-09-18,2025-09-18,否,否,3.0,7.0,1.3952,LP已验证互斥及全部原约束,Optimization terminated successfully. (HiGHS Status 7: Optimal),0,0.004014,0.003877,0.018992,6124.422240,6000.000000,6349.555661,18079.954368,3317.231764,21397.186132,marginal,5.0,35.617372,15.230396,0.597222,0.155031,877.684700,1293.957467,688.785514,13199.000892,253.325459,519.793717,349.555661,7.958078640513122e-13
2025-09-20,正式期,2025-09-19,2025-09-19,否,否,3.0,7.0,1.3952,LP已验证互斥及全部原约束,Optimization terminated successfully. (HiGHS Status 7: Optimal),0,0.003973,0.002997,0.017728,6349.555661,6000.000000,5993.647125,17581.515582,6531.321380,24112.836962,marginal,5.0,48.405154,21.678390,0.541667,0.270865,1586.309003,1218.152517,729.587382,14249.829700,574.163733,459.355036,-6.352875,2.3305801732931286e-12
2025-09-21,正式期,2025-09-20,2025-09-20,否,否,3.0,5.0,1.3952,LP已验证互斥及全部原约束,Optimization terminated successfully. (HiGHS Status 7: Optimal),0,0.006353,0.003388,0.021185,5993.647125,6000.000000,6264.199593,43217.607313,960.316654,44177.923967,marginal,3.0,54.336569,12.172599,0.812500,0.021737,236.329117,1581.658450,869.537111,6087.454788,2487.550638,2252.695650,264.199593,7.73070496506989e-12
2025-09-22,正式期,2025-09-21,2025-09-21,否,否,3.0,5.0,1.3952,LP已验证互斥及全部原约束,Optimization terminated successfully. (HiGHS Status 7: Optimal),0,0.006253,0.003251,0.020792,6264.199593,6000.000000,6200.644648,42321.945791,2490.561779,44812.507570,marginal,3.0,37.461422,11.154410,0.708333,0.055577,610.988067,1204.466983,822.764081,3139.301381,1456.505165,1360.349367,200.644648,2.5011104298755527e-12
2025-09-23,正式期,2025-09-22,2025-09-22,否,否,3.0,5.0,1.3952,LP已验证互斥及全部原约束,Optimization terminated successfully. (HiGHS Status 7: Optimal),0,0.006128,0.003222,0.021009,6200.644648,6000.000000,6121.619297,42534.541006,4006.305036,46540.846042,marginal,3.0,36.853573,13.420685,0.652778,0.086081,855.428117,1443.389000,750.415136,1887.709853,958.944053,886.202050,121.619297,-1.1368683772161603e-12
2025-09-24,正式期,2025-09-23,2025-09-23,否,否,3.0,5.0,1.3952,LP已验证互斥及全部原约束,Optimization terminated successfully. (HiGHS Status 7: Optimal),0,0.006447,0.003294,0.020670,6121.619297,6000.000000,6436.574247,43341.153956,2289.715104,45630.869060,marginal,5.0,43.069982,12.148823,0.708333,0.050179,594.888667,1471.721033,971.870749,3357.159608,639.728141,911.096617,436.574247,2.0463630789890885e-12
2025-09-25,正式期,2025-09-24,2025-09-24,否,否,3.0,7.0,1.3952,LP已验证互斥及全部原约束,Optimization terminated successfully. (HiGHS Status 7: Optimal),0,0.006314,0.003338,0.020800,6436.574247,6000.000000,6409.692200,43163.951310,1378.900169,44542.851479,marginal,5.0,42.812469,10.421807,0.805556,0.030957,331.323350,1518.031033,861.476150,3957.728982,1266.497082,1394.585617,409.692200,-2.7284841053187847e-12
2025-09-26,正式期,2025-09-25,2025-09-25,否,否,5.0,7.0,1.3952,LP已验证互斥及全部原约束,Optimization terminated successfully. (HiGHS Status 7: Optimal),0,0.004095,0.003105,0.017908,6409.692200,6000.000000,6433.577258,18897.641233,608.483150,19506.124382,marginal,7.0,36.714263,14.770435,0.666667,0.031194,156.022783,1762.246250,1025.762030,11718.329769,351.606236,675.020583,433.577258,4.661160346586257e-12
2025-09-27,正式期,2025-09-26,2025-09-26,否,否,5.0,7.0,1.3952,LP已验证互斥及全部原约束,Optimization terminated successfully. (HiGHS Status 7: Optimal),0,0.004095,0.002956,0.017435,6433.577258,6000.000000,5973.951075,18594.361118,8858.250691,27452.611809,marginal,7.0,48.114616,20.054933,0.534722,0.322674,1771.578350,955.810483,539.977814,14188.021183,1381.893950,1095.890067,-26.048925,2.0463630789890885e-12
2025-09-28,正式期,2025-09-27,2025-09-27,否,否,3.0,5.0,1.3952,LP已验证互斥及全部原约束,Optimization terminated successfully. (HiGHS Status 7: Optimal),0,0.006536,0.003254,0.021227,5973.951075,6000.000000,6340.383369,44707.002887,1757.661658,46464.664545,marginal,5.0,39.263009,10.954029,0.770833,0.037828,395.848283,1802.690350,1278.697869,2634.770440,961.942306,1085.518300,340.383369,3.865352482534945e-12
2025-09-29,正式期,2025-09-28,2025-09-28,否,否,3.0,5.0,1.3952,LP已验证互斥及全部原约束,Optimization terminated successfully. (HiGHS Status 7: Optimal),0,0.006394,0.003466,0.021119,6340.383369,6000.000000,6192.513078,44058.654922,1666.710278,45725.365200,marginal,5.0,36.089255,9.188507,0.784722,0.036450,405.796817,1315.603583,828.145507,3320.010313,800.742279,821.863017,192.513078,-4.092726157978177e-12
2025-09-30,正式期,2025-09-29,2025-09-29,否,否,3.0,5.0,1.3952,LP已验证互斥及全部原约束,Optimization terminated successfully. (HiGHS Status 7: Optimal),0,0.006391,0.003244,0.020884,6192.513078,6000.000000,6182.479845,43876.914406,6603.751322,50480.665727,marginal,5.0,35.411486,15.176015,0.569444,0.130817,1440.207167,1179.791050,721.991569,1408.363766,515.317683,581.639183,182.479845,1.7053025658242404e-12
2025-10-01,正式期,2025-09-30,2025-09-30,否,否,3.0,5.0,1.3952,LP已验证互斥及全部原约束,Optimization terminated successfully. (HiGHS Status 7: Optimal),0,0.006567,0.003183,0.020846,6182.479845,6000.000000,7277.401444,45136.764825,106.539660,45243.304485,marginal,5.0,130.354859,26.274048,0.965278,0.002355,48.738333,3208.315467,2381.488746,15050.132687,3609.200720,4073.113883,1277.401444,1.8189894035458565e-12
2025-10-02,正式期,2025-10-01,2025-10-01,否,否,5.0,5.0,1.3952,LP已验证互斥及全部原约束,Optimization terminated successfully. (HiGHS Status 7: Optimal),0,0.006562,0.003455,0.021179,7277.401444,6000.000000,7271.175685,44204.396566,201.241054,44405.637620,marginal,5.0,112.158675,22.753236,0.937500,0.004532,77.160233,3104.551933,2260.424078,12318.538438,2597.155638,3247.754183,1271.175685,2.7284841053187847e-12
2025-10-03,正式期,2025-10-02,2025-10-02,否,否,5.0,5.0,1.3952,LP已验证互斥及全部原约束,Optimization terminated successfully. (HiGHS Status 7: Optimal),0,0.004501,0.003144,0.018808,7271.175685,6000.000000,7613.660315,18498.156539,175.073034,18673.229573,marginal,10.0,95.756193,19.390584,0.965278,0.009376,57.442983,2683.680233,1634.415240,19677.364799,750.218765,2059.971483,1613.660315,-1.8189894035458565e-12
2025-10-04,正式期,2025-10-03,2025-10-03,否,否,5.0,5.0,1.3952,LP已验证互斥及全部原约束,Optimization terminated successfully. (HiGHS Status 7: Optimal),0,0.004440,0.002944,0.018094,7613.660315,6000.000000,7443.912481,17902.891774,1380.207095,19283.098869,marginal,10.0,51.335497,11.990381,0.840278,0.071576,362.587467,1707.913867,1083.848989,14978.235271,128.351337,1403.485817,1443.912481,1.8189894035458565e-12
2025-10-05,正式期,2025-10-04,2025-10-04,否,否,5.0,5.0,1.3952,LP已验证互斥及全部原约束,Optimization terminated successfully. (HiGHS Status 7: Optimal),0,0.006481,0.003294,0.021208,7443.912481,6000.000000,7167.846519,42821.306738,264.645665,43085.952403,marginal,5.0,78.369673,16.162044,0.923611,0.006142,117.146383,2625.970533,1980.171214,7853.566256,1907.958889,2596.508567,1167.846519,9.094947017729282e-13
2025-10-06,正式期,2025-10-05,2025-10-05,否,否,5.0,5.0,1.3952,LP已验证互斥及全部原约束,Optimization terminated successfully. (HiGHS Status 7: Optimal),0,0.006603,0.003347,0.021014,7167.846519,6000.000000,6844.044389,42087.142911,227.946624,42315.089535,marginal,5.0,49.437472,10.402980,0.909722,0.005387,68.018200,2356.852833,1755.273422,4082.919333,1367.532716,1867.341450,844.044389,1.8189894035458565e-12
2025-10-07,正式期,2025-10-06,2025-10-06,否,否,5.0,5.0,1.3952,LP已验证互斥及全部原约束,Optimization terminated successfully. (HiGHS Status 7: Optimal),0,0.006621,0.003352,0.021102,6844.044389,6000.000000,6945.125111,41504.248585,1031.063835,42535.312420,marginal,5.0,43.867423,9.714470,0.916667,0.024240,223.637100,2123.837117,1528.783248,3213.625008,522.113025,1273.524150,945.125111,4.774847184307873e-12
2025-10-08,正式期,2025-10-07,2025-10-07,否,否,3.0,5.0,1.3952,LP已验证互斥及全部原约束,Optimization terminated successfully. (HiGHS Status 7: Optimal),0,0.006615,0.003279,0.021250,6945.125111,6000.000000,6183.282963,39405.064242,1389.924154,40794.988396,marginal,5.0,41.678745,10.481988,0.756944,0.034071,338.142000,1096.877517,606.233021,4277.168153,1206.913436,1142.554550,183.282963,6.821210263296962e-13
2025-10-09,正式期,2025-10-08,2025-10-08,否,否,3.0,5.0,1.3952,LP已验证互斥及全部原约束,Optimization terminated successfully. (HiGHS Status 7: Optimal),0,0.006627,0.003327,0.021565,6183.282963,6000.000000,6184.736667,39853.629909,1529.269625,41382.899534,marginal,5.0,45.985732,10.716310,0.819444,0.036954,324.177500,1062.261583,525.124936,5171.438924,963.364424,946.588183,184.736667,4.547473508864641e-12
2025-10-10,正式期,2025-10-09,2025-10-09,否,否,5.0,5.0,1.3952,LP已验证互斥及全部原约束,Optimization terminated successfully. (HiGHS Status 7: Optimal),0,0.004690,0.003061,0.018903,6184.736667,6000.000000,7109.926315,17735.057903,1171.676460,18906.734363,marginal,5.0,62.317760,14.422394,0.770833,0.061971,361.770183,1264.729167,731.693259,18962.382166,508.558066,1410.865717,1109.926315,0.0
2025-10-11,正式期,2025-10-10,2025-10-10,否,否,5.0,5.0,1.3952,LP已验证互斥及全部原约束,Optimization terminated successfully. (HiGHS Status 7: Optimal),0,0.004256,0.002980,0.018079,7109.926315,6000.000000,6223.234852,16109.984361,1517.988801,17627.973162,marginal,5.0,28.491257,10.834351,0.659722,0.086112,297.225417,954.824617,494.751408,13904.562642,177.723992,344.867800,223.234852,2.3305801732931286e-12
2025-10-12,正式期,2025-10-11,2025-10-11,否,否,3.0,5.0,1.3952,LP已验证互斥及全部原约束,Optimization terminated successfully. (HiGHS Status 7: Optimal),0,0.006867,0.003490,0.021887,6223.234852,6000.000000,6098.755340,40388.042417,1598.386288,41986.428705,marginal,5.0,36.612088,10.558574,0.687500,0.038069,378.933567,1092.773250,624.306558,3172.609098,1350.227298,1182.563917,98.755340,-1.1368683772161603e-12
2025-10-13,正式期,2025-10-12,2025-10-12,否,否,3.0,7.0,1.3952,LP已验证互斥及全部原约束,Optimization terminated successfully. (HiGHS Status 7: Optimal),0,0.006731,0.003168,0.020868,6098.755340,6000.000000,6145.962074,40386.557500,1390.830817,41777.388317,marginal,5.0,40.082555,9.404707,0.833333,0.033291,315.118050,1132.057100,652.110123,4321.000125,861.848642,829.463267,145.962074,-3.979039320256561e-12
2025-10-14,正式期,2025-10-13,2025-10-13,否,否,3.0,7.0,1.3952,LP已验证互斥及全部原约束,Optimization terminated successfully. (HiGHS Status 7: Optimal),0,0.006859,0.003333,0.021674,6145.962074,6000.000000,6180.023484,40267.719543,4019.593056,44287.312598,marginal,5.0,25.875031,10.610400,0.590278,0.090762,981.508533,700.468533,394.724740,1297.401467,322.986067,423.639850,180.023484,-1.3073986337985843e-12
2025-10-15,正式期,2025-10-14,2025-10-14,否,否,3.0,7.0,1.3952,LP已验证互斥及全部原约束,Optimization terminated successfully. (HiGHS Status 7: Optimal),0,0.006758,0.003483,0.021437,6180.023484,6000.000000,6000.000000,40776.600071,3354.323676,44130.923747,marginal,5.0,28.190816,12.553578,0.645833,0.076008,703.851921,968.045433,545.979463,681.767783,1083.593750,877.710937,0.000000,1.0231815394945443e-12
2025-10-16,正式期,2025-10-15,2025-10-15,否,否,3.0,7.0,1.3952,LP已验证互斥及全部原约束,Optimization terminated successfully. (HiGHS Status 7: Optimal),0,0.007036,0.003168,0.021441,6000.000000,6000.000000,5983.393095,41237.853166,7992.691509,49230.544675,marginal,5.0,35.204012,16.659600,0.583333,0.162352,1839.450259,1151.188450,584.816422,1250.427817,499.288383,389.477376,-16.606905,-6.252776074688882e-13
2025-10-17,正式期,2025-10-16,2025-10-16,否,否,5.0,5.0,1.3952,LP已验证互斥及全部原约束,Optimization terminated successfully. (HiGHS Status 7: Optimal),0,0.004239,0.003042,0.018318,5983.393095,6000.000000,6355.767898,16968.339159,1287.927204,18256.266363,marginal,10.0,28.881608,8.599507,0.722222,0.070547,321.319617,943.998533,451.084216,12495.249765,452.688981,686.869183,355.767898,3.410605131648481e-13
2025-10-18,正式期,2025-10-17,2025-10-17,否,否,7.0,5.0,1.3952,LP已验证互斥及全部原约束,Optimization terminated successfully. (HiGHS Status 7: Optimal),0,0.004261,0.002975,0.018298,6355.767898,6000.000000,6631.793760,17066.832947,1279.816295,18346.649242,marginal,10.0,31.198136,9.004533,0.750000,0.069757,381.537250,846.600967,419.803050,12691.842357,501.991707,975.227667,631.793760,-6.821210263296962e-13
2025-10-19,正式期,2025-10-18,2025-10-18,否,否,5.0,5.0,1.3952,LP已验证互斥及全部原约束,Optimization terminated successfully. (HiGHS Status 7: Optimal),0,0.006774,0.003197,0.021459,6631.793760,6000.000000,6173.528947,42266.173052,5208.992051,47475.165104,marginal,5.0,31.014453,12.531495,0.604167,0.109720,1210.314883,1021.177750,545.153750,1553.079516,482.985183,547.394050,173.528947,1.3642420526593924e-12
2025-10-20,正式期,2025-10-19,2025-10-19,否,否,5.0,5.0,1.3952,LP已验证互斥及全部原约束,Optimization terminated successfully. (HiGHS Status 7: Optimal),0,0.006843,0.003330,0.021510,6173.528947,6000.000000,6083.440099,43235.329696,5443.669920,48678.999617,marginal,5.0,37.159014,14.764765,0.729167,0.111828,1115.705067,1082.099533,644.339963,1941.790200,801.077133,723.968567,83.440099,3.296918293926865e-12
2025-10-21,正式期,2025-10-20,2025-10-20,否,否,5.0,5.0,1.3952,LP已验证互斥及全部原约束,Optimization terminated successfully. (HiGHS Status 7: Optimal),0,0.006968,0.003343,0.021463,6083.440099,6000.000000,5982.546705,43707.070425,6262.626810,49969.697236,marginal,5.0,31.888477,15.108305,0.611111,0.125328,1195.135211,974.771833,586.943072,889.404933,1326.764683,1058.971428,-17.453295,0.0
2025-10-22,正式期,2025-10-21,2025-10-21,否,否,5.0,3.0,1.3952,LP已验证互斥及全部原约束,Optimization terminated successfully. (HiGHS Status 7: Optimal),0,0.007173,0.003240,0.021562,5982.546705,6000.000000,6305.354981,45509.054693,3243.158815,48752.213509,marginal,5.0,38.456755,10.725123,0.736111,0.066523,708.062267,1224.111217,613.425666,3519.890529,1206.298313,1251.921117,305.354981,-6.821210263296962e-13
2025-10-23,正式期,2025-10-22,2025-10-22,否,否,5.0,3.0,1.3952,LP已验证互斥及全部原约束,Optimization terminated successfully. (HiGHS Status 7: Optimal),0,0.006695,0.003228,0.021296,6305.354981,6000.000000,6244.115111,45577.353825,573.207586,46150.561412,marginal,5.0,46.594241,9.941187,0.875000,0.012420,145.333917,1437.930367,890.810587,5263.619962,1921.432695,1776.064083,244.115111,-2.9558577807620168e-12
2025-10-24,正式期,2025-10-23,2025-10-23,否,否,7.0,3.0,1.3952,LP已验证互斥及全部原约束,Optimization terminated successfully. (HiGHS Status 7: Optimal),0,0.004542,0.003262,0.018513,6244.115111,6000.000000,6227.822278,17379.409356,2493.555821,19872.965176,marginal,10.0,43.973800,12.069790,0.743056,0.125475,589.813117,1127.658983,534.775658,11147.921787,285.425370,436.234600,227.822278,2.8421709430404007e-12
2025-10-25,正式期,2025-10-24,2025-10-24,否,否,7.0,3.0,1.3952,LP已验证互斥及全部原约束,Optimization terminated successfully. (HiGHS Status 7: Optimal),0,0.004415,0.003067,0.018358,6227.822278,6000.000000,6330.229648,17682.571297,1221.745402,18904.316699,marginal,10.0,31.398766,8.235595,0.791667,0.064628,318.519617,946.276433,456.835290,10439.059787,698.367737,862.884550,330.229648,-1.2505552149377763e-12
2025-10-26,正式期,2025-10-25,2025-10-25,否,否,5.0,3.0,1.3952,LP已验证互斥及全部原约束,Optimization terminated successfully. (HiGHS Status 7: Optimal),0,0.007787,0.003253,0.022569,6330.229648,6000.000000,6435.510463,45042.627723,558.265490,45600.893213,marginal,5.0,33.941989,8.159700,0.833333,0.012242,137.019750,996.643167,578.474629,3341.790589,1915.536872,1943.544283,435.510463,0.0
2025-10-27,正式期,2025-10-26,2025-10-26,否,否,5.0,3.0,1.3952,LP已验证互斥及全部原约束,Optimization terminated successfully. (HiGHS Status 7: Optimal),0,0.007059,0.003411,0.021614,6435.510463,6000.000000,6109.005094,44783.513151,2595.399565,47378.912716,marginal,5.0,46.256409,12.869943,0.729167,0.054780,639.447900,1159.919067,764.459929,4656.849070,1849.784237,1596.429817,109.005094,2.2737367544323206e-12
2025-10-28,正式期,2025-10-27,2025-10-27,否,否,5.0,3.0,1.3952,LP已验证互斥及全部原约束,Optimization terminated successfully. (HiGHS Status 7: Optimal),0,0.007210,0.003252,0.021812,6109.005094,6000.000000,6233.939833,45391.084992,1899.486321,47290.571312,marginal,5.0,34.718469,10.844014,0.750000,0.040166,382.953933,1120.142767,711.022652,2444.188034,1392.720267,1338.649267,233.939833,3.865352482534945e-12
2025-10-29,正式期,2025-10-28,2025-10-28,否,否,5.0,3.0,1.3952,LP已验证互斥及全部原约束,Optimization terminated successfully. (HiGHS Status 7: Optimal),0,0.007142,0.003294,0.021784,6233.939833,6000.000000,5977.581255,45640.375491,8802.137016,54442.512507,marginal,5.0,35.209968,16.929880,0.659722,0.161678,1591.178755,1015.700233,491.698669,1180.681417,1373.558900,1092.405839,-22.418745,-1.8189894035458565e-12
2025-10-30,正式期,2025-10-29,2025-10-29,否,否,7.0,3.0,1.3952,LP已验证互斥及全部原约束,Optimization terminated successfully. (HiGHS Status 7: Optimal),0,0.007137,0.003285,0.021807,5977.581255,6000.000000,6311.434370,47082.731947,1220.888354,48303.620301,marginal,5.0,52.060763,11.702364,0.777778,0.025275,292.654517,1416.507967,774.538840,5961.309419,2568.449136,2360.734733,311.434370,-9.094947017729282e-13
2025-10-31,正式期,2025-10-30,2025-10-30,否,否,7.0,5.0,1.3952,LP已验证互斥及全部原约束,Optimization terminated successfully. (HiGHS Status 7: Optimal),0,0.004602,0.003038,0.018417,6311.434370,6000.000000,5972.249025,17967.472633,3119.378589,21086.851221,marginal,10.0,28.424828,13.441408,0.555556,0.147930,662.416559,1148.270733,570.191731,6909.306100,1003.262617,787.666842,-27.750975,-6.821210263296962e-13
2025-11-01,正式期,2025-10-31,2025-10-31,否,否,10.0,3.0,1.3952,LP已验证互斥及全部原约束,Optimization terminated successfully. (HiGHS Status 7: Optimal),0,0.004631,0.003184,0.018983,5972.249025,6000.000000,6663.602833,18603.003096,620.999859,19224.002954,marginal,10.0,34.502382,8.652241,0.798611,0.032303,227.572583,893.871333,480.913346,7932.236404,528.733004,1025.516283,663.602833,6.366462912410498e-12
2025-11-02,正式期,2025-11-01,2025-11-01,否,否,7.0,3.0,1.3952,LP已验证互斥及全部原约束,Optimization terminated successfully. (HiGHS Status 7: Optimal),0,0.007173,0.003458,0.022033,6663.602833,6000.000000,6061.166741,47156.362002,2031.682772,49188.044774,marginal,5.0,32.670277,8.984903,0.750000,0.041304,492.499350,1060.651794,651.588082,3068.907419,863.141914,754.195017,61.166741,5.115907697472721e-12
2025-11-03,正式期,2025-11-02,2025-11-02,否,否,7.0,3.0,1.3952,LP已验证互斥及全部原约束,Optimization terminated successfully. (HiGHS Status 7: Optimal),0,0.007258,0.003226,0.021850,6061.166741,6000.000000,6316.571094,47456.324413,845.430886,48301.755299,marginal,5.0,28.956010,8.865792,0.743056,0.017503,220.560000,1106.752667,685.180153,1840.091849,1670.191669,1637.769237,316.571094,1.3642420526593924e-12
2025-11-04,正式期,2025-11-03,2025-11-03,否,否,7.0,3.0,1.3952,LP已验证互斥及全部原约束,Optimization terminated successfully. (HiGHS Status 7: Optimal),0,0.007167,0.003208,0.021694,6316.571094,6000.000000,6070.986902,47697.349604,1273.005992,48970.355596,marginal,5.0,42.250076,10.017249,0.770833,0.025995,286.709400,1363.857533,769.545893,4519.072135,1728.262352,1463.780717,70.986902,1.5916157281026244e-12
2025-11-05,正式期,2025-11-04,2025-11-04,否,否,7.0,3.0,1.3952,LP已验证互斥及全部原约束,Optimization terminated successfully. (HiGHS Status 7: Optimal),0,0.007215,0.003294,0.021907,6070.986902,6000.000000,6340.527275,47768.556572,1755.417920,49523.974492,marginal,5.0,29.671658,8.277847,0.750000,0.035446,383.525100,1107.949990,656.662842,2276.307500,838.818707,985.917700,340.527275,2.2737367544323206e-13
2025-11-06,正式期,2025-11-05,2025-11-05,否,否,10.0,3.0,1.3952,LP已验证互斥及全部原约束,Optimization terminated successfully. (HiGHS Status 7: Optimal),0,0.007680,0.003352,0.022383,6340.527275,6000.000000,6349.516950,47766.784342,6558.641797,54325.426139,marginal,5.0,34.040231,13.812822,0.631944,0.120729,1334.562033,1114.900300,569.166402,1592.742124,779.708574,946.129200,349.516950,6.821210263296962e-12
2025-11-07,正式期,2025-11-06,2025-11-06,否,否,10.0,3.0,1.3952,LP已验证互斥及全部原约束,Optimization terminated successfully. (HiGHS Status 7: Optimal),0,0.004640,0.003265,0.019095,6349.516950,6000.000000,6267.784078,18778.734748,1456.615430,20235.350178,marginal,10.0,43.999077,10.509933,0.770833,0.071984,364.650817,1124.275733,597.111456,8053.985845,214.853946,415.037367,267.784078,-6.252776074688882e-13
2025-11-08,正式期,2025-11-07,2025-11-07,否,否,10.0,3.0,1.3952,LP已验证互斥及全部原约束,Optimization terminated successfully. (HiGHS Status 7: Optimal),0,0.004630,0.003287,0.018751,6267.784078,6000.000000,6471.269648,18819.333994,409.977575,19229.311568,marginal,10.0,37.958873,8.515060,0.888889,0.021320,94.102067,1117.878750,577.200388,7321.447169,938.096811,1184.001100,471.269648,2.2737367544323206e-13
2025-11-09,正式期,2025-11-08,2025-11-08,否,否,10.0,3.0,1.3952,LP已验证互斥及全部原约束,Optimization terminated successfully. (HiGHS Status 7: Optimal),0,0.007485,0.003220,0.022032,6471.269648,6000.000000,6201.223352,48554.618708,3126.770762,51681.389470,marginal,5.0,31.082746,10.273760,0.763889,0.060501,669.301950,1240.443950,689.995139,2044.985124,1414.598724,1326.925983,201.223352,2.5011104298755527e-12
2025-11-10,正式期,2025-11-09,2025-11-09,否,否,10.0,3.0,1.3952,LP已验证互斥及全部原约束,Optimization terminated successfully. (HiGHS Status 7: Optimal),0,0.007211,0.003228,0.021663,6201.223352,6000.000000,6149.075815,49356.929086,2561.122089,51918.051175,marginal,5.0,24.523163,10.350268,0.638889,0.049330,594.157300,1148.086633,626.265668,399.505843,895.647243,859.642500,149.075815,1.4779288903810084e-12
2025-11-11,正式期,2025-11-10,2025-11-10,否,否,10.0,3.0,1.3952,LP已验证互斥及全部原约束,Optimization terminated successfully. (HiGHS Status 7: Optimal),0,0.007798,0.003195,0.022370,6149.075815,6000.000000,6190.467613,50145.765090,795.777320,50941.542410,marginal,5.0,34.217046,7.862915,0.826389,0.015621,204.958433,1221.974317,730.313933,3526.819023,1459.810656,1353.867483,190.467613,4.547473508864641e-13
2025-11-12,正式期,2025-11-11,2025-11-11,否,否,10.0,3.0,1.3952,LP已验证互斥及全部原约束,Optimization terminated successfully. (HiGHS Status 7: Optimal),0,0.007455,0.003383,0.022179,6190.467613,6000.000000,6134.113804,50049.022151,999.488202,51048.510353,marginal,5.0,37.519957,8.474693,0.833333,0.019579,215.947917,1430.914167,882.109139,3771.454096,895.713962,846.230733,134.113804,-1.3642420526593924e-12
2025-11-13,正式期,2025-11-12,2025-11-12,否,否,10.0,3.0,1.3952,LP已验证互斥及全部原约束,Optimization terminated successfully. (HiGHS Status 7: Optimal),0,0.007531,0.003299,0.022187,6134.113804,6000.000000,6065.774944,49837.843408,1867.607165,51705.450573,marginal,5.0,33.182534,10.494420,0.750000,0.036120,413.228383,1442.644767,868.252886,2199.907457,1905.446440,1602.609067,65.774944,-4.547473508864641e-12
2025-11-14,正式期,2025-11-13,2025-11-13,否,否,10.0,3.0,1.3952,LP已验证互斥及全部原约束,Optimization terminated successfully. (HiGHS Status 7: Optimal),0,0.004918,0.003132,0.019139,6065.774944,6000.000000,6291.772882,19067.271180,1004.623073,20071.894253,marginal,10.0,27.586435,8.174126,0.770833,0.050051,241.370667,1221.501883,630.665724,3808.814933,571.979966,725.899367,291.772882,2.1600499167107046e-12
2025-11-15,正式期,2025-11-14,2025-11-14,否,否,14.0,3.0,1.3952,LP已验证互斥及全部原约束,Optimization terminated successfully. (HiGHS Status 7: Optimal),0,0.004664,0.003228,0.019299,6291.772882,6000.000000,6326.792426,19126.308282,915.391154,20041.699435,marginal,10.0,29.313753,8.955596,0.798611,0.045674,249.149400,855.552233,457.998564,3652.341316,220.928416,473.065200,326.792426,2.2737367544323206e-12
2025-11-16,正式期,2025-11-15,2025-11-15,否,否,10.0,3.0,1.3952,LP已验证互斥及全部原约束,Optimization terminated successfully. (HiGHS Status 7: Optimal),0,0.007458,0.003465,0.022413,6326.792426,6000.000000,6222.575963,50864.181675,2456.942903,53321.124578,marginal,5.0,28.315197,8.798978,0.729167,0.046078,555.185267,1213.072967,695.866595,1802.892050,468.212366,579.570383,222.575963,-1.3642420526593924e-12
2025-11-17,正式期,2025-11-16,2025-11-16,否,否,10.0,3.0,1.3952,LP已验证互斥及全部原约束,Optimization terminated successfully. (HiGHS Status 7: Optimal),0,0.007527,0.003265,0.022335,6222.575963,6000.000000,6236.520472,51319.074985,1305.084795,52624.159780,marginal,7.0,38.422878,9.224853,0.840278,0.024800,332.257700,1479.624550,935.957878,3724.816381,1534.160381,1455.538333,236.520472,-6.59383658785373e-12
2025-11-18,正式期,2025-11-17,2025-11-17,否,否,10.0,3.0,1.3952,LP已验证互斥及全部原约束,Optimization terminated successfully. (HiGHS Status 7: Optimal),0,0.007905,0.003631,0.022980,6236.520472,6000.000000,6192.117260,51393.174210,2200.915907,53594.090117,marginal,7.0,33.310889,11.106927,0.729167,0.041066,472.901583,1341.560250,834.847138,1962.813193,1795.204177,1627.020917,192.117260,-4.547473508864641e-12
2025-11-19,正式期,2025-11-18,2025-11-18,否,否,10.0,3.0,1.3952,LP已验证互斥及全部原约束,Optimization terminated successfully. (HiGHS Status 7: Optimal),0,0.007715,0.003245,0.022421,6192.117260,6000.000000,6158.327841,51907.394475,1924.900958,53832.295433,marginal,7.0,28.064086,7.752103,0.729167,0.035757,460.035250,942.426650,565.532728,2506.603791,616.417008,641.792833,158.327841,3.637978807091713e-12
2025-11-20,正式期,2025-11-19,2025-11-19,否,否,14.0,3.0,1.3952,LP已验证互斥及全部原约束,Optimization terminated successfully. (HiGHS Status 7: Optimal),0,0.007550,0.003359,0.022223,6158.327841,6000.000000,6211.786321,52420.102569,1599.304046,54019.406615,marginal,7.0,34.413445,8.547891,0.798611,0.029606,361.267850,1300.140517,717.445586,3417.880098,2058.531948,1858.018567,211.786321,-3.637978807091713e-12
2025-11-21,正式期,2025-11-20,2025-11-20,否,否,14.0,3.0,1.3952,LP已验证互斥及全部原约束,Optimization terminated successfully. (HiGHS Status 7: Optimal),0,0.004817,0.003491,0.019443,6211.786321,6000.000000,6512.491414,19459.135660,1126.267661,20585.403321,marginal,10.0,35.943824,9.139539,0.763889,0.054712,384.874700,886.044517,419.160210,3598.294125,651.505775,988.961950,512.491414,6.821210263296962e-13
2025-11-22,正式期,2025-11-21,2025-11-21,否,否,14.0,3.0,1.3952,LP已验证互斥及全部原约束,Optimization terminated successfully. (HiGHS Status 7: Optimal),0,0.005003,0.003154,0.019403,6512.491414,6000.000000,6284.385815,19354.765778,1349.201870,20703.967648,marginal,10.0,27.075741,7.696628,0.680556,0.065166,357.978850,926.020317,486.303028,2372.788271,252.801337,460.716317,284.385815,3.240074875066057e-12
2025-11-23,正式期,2025-11-22,2025-11-22,否,否,14.0,3.0,1.3952,LP已验证互斥及全部原约束,Optimization terminated successfully. (HiGHS Status 7: Optimal),0,0.007788,0.003239,0.022359,6284.385815,6000.000000,6283.199278,52400.757587,2618.928810,55019.686397,marginal,7.0,36.540058,10.509156,0.736111,0.047600,555.205200,1302.056820,753.083449,2902.209701,940.641337,1016.798833,283.199278,5.9117155615240335e-12
2025-11-24,正式期,2025-11-23,2025-11-23,否,否,14.0,3.0,1.3952,LP已验证互斥及全部原约束,Optimization terminated successfully. (HiGHS Status 7: Optimal),0,0.007820,0.003295,0.022649,6283.199278,6000.000000,6100.197963,52758.249465,1634.979451,54393.228916,marginal,7.0,42.600070,10.426674,0.763889,0.030059,399.529450,1553.110526,1055.918173,4500.098220,2761.284979,2326.819000,100.197963,-4.547473508864641e-13
2025-11-25,正式期,2025-11-24,2025-11-24,否,否,14.0,3.0,1.3952,LP已验证互斥及全部原约束,Optimization terminated successfully. (HiGHS Status 7: Optimal),0,0.007885,0.003348,0.022510,6100.197963,6000.000000,6234.557988,53128.250182,1034.962566,54163.212748,marginal,7.0,28.752615,7.019965,0.826389,0.019108,255.423467,1578.281500,1068.210176,2321.648665,1708.234231,1594.771917,234.557988,-4.092726157978177e-12
2025-11-26,正式期,2025-11-25,2025-11-25,否,否,14.0,3.0,1.3952,LP已验证互斥及全部原约束,Optimization terminated successfully. (HiGHS Status 7: Optimal),0,0.007754,0.003466,0.022432,6234.557988,6000.000000,6304.775037,52800.924587,1722.569503,54523.494090,marginal,7.0,28.626177,8.942525,0.784722,0.031593,410.876317,1758.111450,1117.451351,1138.114949,956.722449,1049.242717,304.775037,-5.6843418860808015e-12
2025-11-27,正式期,2025-11-26,2025-11-26,否,否,14.0,3.0,1.3952,LP已验证互斥及全部原约束,Optimization terminated successfully. (HiGHS Status 7: Optimal),0,0.007844,0.003237,0.022319,6304.775037,6000.000000,6273.661352,53147.146588,1319.256765,54466.403353,marginal,7.0,35.713390,9.175297,0.805556,0.024221,303.026533,1686.631983,993.705030,2882.843770,1819.333704,1719.955517,273.661352,-4.547473508864641e-12
2025-11-28,正式期,2025-11-27,2025-11-27,否,否,14.0,3.0,1.3952,LP已验证互斥及全部原约束,Optimization terminated successfully. (HiGHS Status 7: Optimal),0,0.004893,0.003358,0.019751,6273.661352,6000.000000,6261.450870,20356.263527,1275.986636,21632.250163,marginal,10.0,33.238551,8.499368,0.784722,0.058985,268.722850,1522.471950,761.715723,2494.548208,452.881008,602.139400,261.450870,1.2505552149377763e-12
2025-11-29,正式期,2025-11-28,2025-11-28,否,否,21.0,3.0,1.3952,LP已验证互斥及全部原约束,Optimization terminated successfully. (HiGHS Status 7: Optimal),0,0.004992,0.003346,0.019754,6261.450870,6000.000000,5979.294000,20456.405728,8760.706226,29217.111954,marginal,10.0,36.009855,18.201172,0.618056,0.299848,1497.482897,1243.153333,670.838684,617.665750,2309.989050,1852.455731,-20.706000,-3.183231456205249e-12
2025-11-30,正式期,2025-11-29,2025-11-29,否,否,14.0,3.0,1.3952,LP已验证互斥及全部原约束,Optimization terminated successfully. (HiGHS Status 7: Optimal),0,0.007964,0.003239,0.022564,5979.294000,6000.000000,6145.178039,55296.852496,1945.303613,57242.156110,marginal,7.0,25.727365,7.213248,0.770833,0.033984,423.003300,1265.575182,824.330610,1841.983633,542.142549,569.795700,145.178039,-1.4779288903810084e-12
2025-12-01,正式期,2025-11-30,2025-11-30,否,否,21.0,3.0,1.3952,LP已验证互斥及全部原约束,Optimization terminated successfully. (HiGHS Status 7: Optimal),0,0.008113,0.003319,0.022816,6145.178039,6000.000000,6167.852780,55788.133729,17118.497938,72906.631667,marginal,7.0,46.218762,28.694612,0.409722,0.234800,4492.141134,471.287550,414.691910,1268.777033,420.536500,491.702067,167.852780,-2.2737367544323206e-13
2025-12-02,正式期,2025-12-01,2025-12-01,否,否,21.0,3.0,1.3952,LP已验证互斥及全部原约束,Optimization terminated successfully. (HiGHS Status 7: Optimal),0,0.008055,0.003188,0.022499,6167.852780,6000.000000,5961.671565,55850.602463,22769.286572,78619.889035,marginal,7.0,45.209052,33.108739,0.236111,0.289612,5324.401265,289.295250,212.656987,211.244600,966.659000,748.498198,-38.328435,4.547473508864641e-13
2025-12-03,正式期,2025-12-02,2025-12-02,否,否,5.0,3.0,1.3952,LP已验证互斥及全部原约束,Optimization terminated successfully. (HiGHS Status 7: Optimal),0,0.007880,0.003148,0.022138,5961.671565,6000.000000,6467.279870,61222.269759,1941.937104,63164.206863,marginal,5.0,36.097359,10.201776,0.756944,0.030744,498.776717,1656.498015,1077.284133,2465.684238,1460.229753,1603.337983,467.279870,2.2737367544323206e-13
2025-12-04,正式期,2025-12-03,2025-12-03,否,否,5.0,3.0,1.3952,LP已验证互斥及全部原约束,Optimization terminated successfully. (HiGHS Status 7: Optimal),0,0.007897,0.003198,0.022181,6467.279870,6000.000000,6120.796997,60641.050975,4001.444298,64642.495272,marginal,3.0,40.291511,12.364955,0.659722,0.061901,983.087200,1341.297329,823.740782,3443.722743,925.610188,858.461550,120.796997,-9.094947017729282e-13
2025-12-05,正式期,2025-12-04,2025-12-04,否,否,21.0,3.0,1.3952,LP已验证互斥及全部原约束,Optimization terminated successfully. (HiGHS Status 7: Optimal),0,0.005230,0.003267,0.019958,6120.796997,6000.000000,5922.055530,22138.042919,15675.503875,37813.546794,marginal,10.0,41.551359,26.802009,0.368056,0.414547,3845.101960,556.015267,319.714464,681.580633,1131.483600,846.351693,-77.944470,-1.7053025658242404e-12
2025-12-06,正式期,2025-12-05,2025-12-05,否,否,28.0,3.0,1.3952,LP已验证互斥及全部原约束,Optimization terminated successfully. (HiGHS Status 7: Optimal),0,0.004949,0.003295,0.019880,5922.055530,6000.000000,5951.336535,23002.152685,20459.574744,43461.727429,marginal,10.0,45.711431,30.907544,0.326389,0.470749,4353.285554,483.966900,368.333551,492.178517,2336.527600,1848.790237,-48.663465,3.637978807091713e-12
2025-12-07,正式期,2025-12-06,2025-12-06,否,否,5.0,3.0,1.3952,LP已验证互斥及全部原约束,Optimization terminated successfully. (HiGHS Status 7: Optimal),0,0.008063,0.003205,0.022327,5951.336535,6000.000000,6193.989158,61949.166244,1937.648415,63886.814659,marginal,3.0,38.228167,10.345798,0.736111,0.030329,389.553617,1344.089425,890.976673,3399.237513,1682.033055,1537.037017,193.989158,6.821210263296962e-13
2025-12-08,正式期,2025-12-07,2025-12-07,否,否,5.0,3.0,1.3952,LP已验证互斥及全部原约束,Optimization terminated successfully. (HiGHS Status 7: Optimal),0,0.008190,0.003303,0.022806,6193.989158,6000.000000,6290.973185,61727.258264,2402.181572,64129.439836,marginal,3.0,36.491065,10.065141,0.819444,0.037458,582.127617,1614.550157,1069.688507,2906.395137,1442.662160,1430.432217,290.973185,-6.821210263296962e-13
2025-12-09,正式期,2025-12-08,2025-12-08,否,否,5.0,3.0,1.3952,LP已验证互斥及全部原约束,Optimization terminated successfully. (HiGHS Status 7: Optimal),0,0.008203,0.003128,0.028118,6290.973185,6000.000000,6237.415757,61606.104501,2313.238374,63919.342874,marginal,3.0,36.817913,9.664670,0.763889,0.036190,482.236683,1496.234221,858.904275,3135.688171,874.223192,921.794967,237.415757,9.094947017729282e-13
2025-12-10,正式期,2025-12-09,2025-12-09,否,否,5.0,3.0,1.3952,LP已验证互斥及全部原约束,Optimization terminated successfully. (HiGHS Status 7: Optimal),0,0.011153,0.003235,0.026098,6237.415757,6000.000000,6427.549167,61735.549095,1844.974432,63580.523527,marginal,5.0,32.222591,9.534464,0.756944,0.029018,457.838583,1757.087453,1246.921068,1788.391839,1660.821276,1730.059483,427.549167,-7.958078640513122e-12
2025-12-11,正式期,2025-12-10,2025-12-10,否,否,5.0,3.0,1.3952,LP已验证互斥及全部原约束,Optimization terminated successfully. (HiGHS Status 7: Optimal),0,0.008264,0.003256,0.022883,6427.549167,6000.000000,6327.778852,61858.976615,645.745042,62504.721657,marginal,3.0,46.639058,10.764406,0.840278,0.010331,143.391233,2668.449850,1644.008075,3543.186211,1772.561461,1730.775750,327.778852,-1.3642420526593924e-12
2025-12-12,正式期,2025-12-11,2025-12-11,否,否,14.0,3.0,1.3952,LP已验证互斥及全部原约束,Optimization terminated successfully. (HiGHS Status 7: Optimal),0,0.005139,0.003730,0.020478,6327.778852,6000.000000,6205.028885,25900.242792,2294.867143,28195.109935,marginal,10.0,33.032684,12.452552,0.631944,0.081392,580.189950,1486.698033,798.747010,1015.927400,822.853667,851.037467,205.028885,-2.1600499167107046e-12
2025-12-13,正式期,2025-12-12,2025-12-12,否,否,10.0,3.0,1.3952,LP已验证互斥及全部原约束,Optimization terminated successfully. (HiGHS Status 7: Optimal),0,0.005118,0.003315,0.020027,6205.028885,6000.000000,6338.267476,26115.751574,1891.783868,28007.535442,marginal,10.0,29.739118,9.948363,0.708333,0.067546,437.816617,928.992750,513.276514,1665.796583,522.312867,727.514150,338.267476,3.296918293926865e-12
2025-12-14,正式期,2025-12-13,2025-12-13,否,否,5.0,3.0,1.3952,LP已验证互斥及全部原约束,Optimization terminated successfully. (HiGHS Status 7: Optimal),0,0.008243,0.003123,0.022302,6338.267476,6000.000000,6236.765448,62640.284488,1185.211341,63825.495829,marginal,5.0,36.298501,9.064054,0.812500,0.018570,278.756917,1844.401047,1153.895373,2815.580499,1228.522362,1208.192017,236.765448,2.2737367544323206e-13
2025-12-15,正式期,2025-12-14,2025-12-14,否,否,5.0,3.0,1.3952,LP已验证互斥及全部原约束,Optimization terminated successfully. (HiGHS Status 7: Optimal),0,0.008352,0.003122,0.022823,6236.765448,6000.000000,6215.478398,62581.949588,992.221189,63574.170777,marginal,5.0,32.371082,9.342120,0.798611,0.015607,255.331467,1820.410254,1240.168822,1742.260091,1139.091862,1116.594967,215.478398,1.3642420526593924e-12
2025-12-16,正式期,2025-12-15,2025-12-15,否,否,5.0,3.0,1.3952,LP已验证互斥及全部原约束,Optimization terminated successfully. (HiGHS Status 7: Optimal),0,0.008343,0.003126,0.022474,6215.478398,6000.000000,6271.803504,62601.038402,879.641096,63480.679497,marginal,5.0,29.122437,7.227754,0.791667,0.013857,209.742017,1252.861438,733.813833,2416.161244,967.583782,1028.366017,271.803504,4.547473508864641e-13
2025-12-17,正式期,2025-12-16,2025-12-16,否,否,5.0,3.0,1.3952,LP已验证互斥及全部原约束,Optimization terminated successfully. (HiGHS Status 7: Optimal),0,0.008445,0.003153,0.022725,6271.803504,6000.000000,6446.218224,62442.521326,1313.901450,63756.422777,marginal,5.0,38.850694,9.692900,0.812500,0.020608,342.557717,1614.947190,1040.475553,3276.363321,1467.234978,1590.056733,446.218224,2.2737367544323206e-12
2025-12-18,正式期,2025-12-17,2025-12-17,否,否,5.0,3.0,1.3952,LP已验证互斥及全部原约束,Optimization terminated successfully. (HiGHS Status 7: Optimal),0,0.008295,0.003124,0.022489,6446.218224,6000.000000,6299.601509,62086.560871,995.091736,63081.652607,marginal,5.0,40.721795,9.682485,0.847222,0.015775,331.359817,1777.664478,1100.900509,3542.133740,697.063385,834.262700,299.601509,-1.4779288903810084e-12
2025-12-19,正式期,2025-12-18,2025-12-18,否,否,10.0,3.0,1.3952,LP已验证互斥及全部原约束,Optimization terminated successfully. (HiGHS Status 7: Optimal),0,0.005255,0.003294,0.020230,6299.601509,6000.000000,6328.347523,26240.376705,1922.967936,28163.344641,marginal,10.0,35.226561,10.402173,0.701389,0.068279,455.566167,1215.141817,586.658098,2610.832987,1076.786970,1167.710217,328.347523,2.5011104298755527e-12
2025-12-20,正式期,2025-12-19,2025-12-19,否,否,14.0,3.0,1.3952,LP已验证互斥及全部原约束,Optimization terminated successfully. (HiGHS Status 7: Optimal),0,0.005461,0.003499,0.020376,6328.347523,6000.000000,6374.338093,26281.707441,1745.004036,28026.711477,marginal,10.0,32.031020,8.549033,0.770833,0.062262,419.996617,762.516733,409.920199,3010.835122,559.740206,790.293850,374.338093,-1.7053025658242404e-12
2025-12-21,正式期,2025-12-20,2025-12-20,否,否,5.0,3.0,1.3952,LP已验证互斥及全部原约束,Optimization terminated successfully. (HiGHS Status 7: Optimal),0,0.008446,0.003202,0.022773,6374.338093,6000.000000,6174.909630,62477.170356,1911.515456,64388.685812,marginal,5.0,38.181808,11.143972,0.784722,0.029687,429.007333,2288.708433,1410.702886,2117.246363,1683.361646,1520.941600,174.909630,2.0463630789890885e-12
2025-12-22,正式期,2025-12-21,2025-12-21,否,否,5.0,5.0,1.3952,LP已验证互斥及全部原约束,Optimization terminated successfully. (HiGHS Status 7: Optimal),0,0.008381,0.003362,0.022733,6174.909630,6000.000000,6117.146410,62575.118432,1257.866960,63832.985393,marginal,5.0,34.277669,8.796878,0.756944,0.019706,372.716300,1482.000229,922.050345,2999.975970,1108.171849,1003.050967,117.146410,-1.1368683772161603e-12
2025-12-23,正式期,2025-12-22,2025-12-22,否,否,5.0,5.0,1.3952,LP已验证互斥及全部原约束,Optimization terminated successfully. (HiGHS Status 7: Optimal),0,0.008634,0.003072,0.022685,6117.146410,6000.000000,6327.744272,62695.601653,833.068450,63528.670102,marginal,5.0,43.677256,9.686014,0.895833,0.013113,203.098533,2106.034290,1264.895891,3924.080833,1519.641056,1525.879100,327.744272,-3.637978807091713e-12
2025-12-24,正式期,2025-12-23,2025-12-23,否,否,5.0,5.0,1.3952,LP已验证互斥及全部原约束,Optimization terminated successfully. (HiGHS Status 7: Optimal),0,0.008576,0.003312,0.022853,6327.744272,6000.000000,6211.923596,62312.843709,949.134989,63261.978698,marginal,5.0,37.638265,8.812242,0.833333,0.015003,256.288233,2116.597656,1335.246398,2988.257608,1242.057548,1196.797850,211.923596,-5.4569682106375694e-12
2025-12-25,正式期,2025-12-24,2025-12-24,否,否,5.0,5.0,1.3952,LP已验证互斥及全部原约束,Optimization terminated successfully. (HiGHS Status 7: Optimal),0,0.008743,0.003024,0.022679,6211.923596,6000.000000,6165.229831,62299.590425,1279.260459,63578.850885,marginal,5.0,39.867817,10.294987,0.812500,0.020121,306.367050,2488.201843,1471.206273,2659.521707,1912.531916,1697.857700,165.229831,-4.547473508864641e-13
2025-12-26,正式期,2025-12-25,2025-12-25,否,否,14.0,5.0,1.3952,LP已验证互斥及全部原约束,Optimization terminated successfully. (HiGHS Status 7: Optimal),0,0.005360,0.003332,0.020498,6165.229831,6000.000000,6576.118941,26331.499588,1046.937577,27378.437165,marginal,10.0,30.641253,8.301279,0.763889,0.038239,269.470317,1315.273300,691.696117,1924.411610,628.605827,1027.677767,576.118941,4.320099833421409e-12
2025-12-27,正式期,2025-12-26,2025-12-26,否,否,14.0,5.0,1.3952,LP已验证互斥及全部原约束,Optimization terminated successfully. (HiGHS Status 7: Optimal),0,0.005326,0.003672,0.020427,6576.118941,6000.000000,6295.857862,26138.811842,1196.878936,27335.690778,marginal,10.0,29.585329,8.210574,0.812500,0.043784,292.999967,1308.420633,654.219954,2083.578777,1083.516594,1143.920517,295.857862,3.865352482534945e-12
2025-12-28,正式期,2025-12-27,2025-12-27,否,否,5.0,7.0,1.3952,LP已验证互斥及全部原约束,Optimization terminated successfully. (HiGHS Status 7: Optimal),0,0.008760,0.003095,0.022959,6295.857862,6000.000000,6392.074370,62342.073775,867.116977,63209.190752,marginal,5.0,43.514077,9.707609,0.861111,0.013718,191.583817,2342.495890,1462.147426,3659.893787,1999.718128,1972.638617,392.074370,3.183231456205249e-12
2025-12-29,正式期,2025-12-28,2025-12-28,否,否,5.0,7.0,1.3952,LP已验证互斥及全部原约束,Optimization terminated successfully. (HiGHS Status 7: Optimal),0,0.008561,0.003251,0.022549,6392.074370,6000.000000,6174.139877,61929.209149,1114.432807,63043.641956,marginal,5.0,36.254894,8.642007,0.840278,0.017677,304.530617,1792.859961,1240.437241,3295.562676,2040.035487,1809.154633,174.139877,1.8189894035458565e-12
2025-12-30,正式期,2025-12-29,2025-12-29,否,否,5.0,7.0,1.3952,LP已验证互斥及全部原约束,Optimization terminated successfully. (HiGHS Status 7: Optimal),0,0.008914,0.003054,0.023089,6174.139877,6000.000000,6311.268400,61943.465765,1006.462302,62949.928067,marginal,5.0,43.692999,9.724746,0.868056,0.015988,230.039100,2325.985266,1521.402659,3744.750753,1591.562436,1569.307133,311.268400,-2.2737367544323206e-13
2025-12-31,正式期,2025-12-30,2025-12-30,否,否,10.0,7.0,1.3952,LP已验证互斥及全部原约束,Optimization terminated successfully. (HiGHS Status 7: Optimal),0,0.008885,0.004558,0.014759,6311.268400,6000.000000,6220.055672,61970.064332,1725.675842,63695.740173,marginal,7.0,31.617936,8.512280,0.819444,0.027092,452.362650,1765.686755,1065.466195,2175.199963,969.284068,983.170200,220.055672,1.3642420526593924e-12
