日期,阶段,预测历史截止,调参历史截止,负载先验回退,光伏先验回退,负载衰减天数,光伏衰减天数,终端惩罚,求解路径,求解状态,MIP相对间隙,日内滚动求解次数,日初储电量,计划日末储电量,实际日末储电量,计划购电费,紧急购电费,实际总购电费,净负荷MAE,净负荷0.8分位数损失,净负荷覆盖率,紧急购电费占比,紧急购电量,未利用计划购电量,未利用计划购电对应费用（已含在计划费用中）,实际弃光量,计划与实际充电量之差,计划与实际放电量之差,实际减计划日末储电量,计划与实际末态偏差恒等式残差
2025-01-01,初始化,附件1,预设参数,是,是,14.0,14.0,1.3952,LP已验证互斥及全部原约束,Optimization terminated successfully. (HiGHS Status 7: Optimal),0,144,6000.000000,6000.000000,5661.136373,35127.262348,164386.490226,199513.752574,253.718142,202.886108,0.020833,0.823936,34593.412341,18.814533,7.948820,0.000000,8491.593482,6573.213456,-338.863627,6.366462912410498e-12
2025-01-02,初始化,2025-01-01,2025-01-01,否,否,14.0,14.0,1.3952,LP已验证互斥及全部原约束,Optimization terminated successfully. (HiGHS Status 7: Optimal),0,144,5661.136373,6000.000000,6000.000000,61939.473719,6529.600640,68469.074360,28.586379,16.064192,0.416667,0.095366,1522.629535,674.664107,359.811939,0.000000,11.135291,9.019585,0.000000,-1.7479351299698465e-12
2025-01-03,初始化,2025-01-02,2025-01-02,是,否,14.0,14.0,1.3952,LP已验证互斥及全部原约束,Optimization terminated successfully. (HiGHS Status 7: Optimal),0,144,6000.000000,6000.000000,6000.000000,50269.616037,0.000000,50269.616037,217.598469,43.711170,0.986111,0.000000,0.000000,27418.391901,16414.764023,6078.784213,11867.921914,9613.016750,0.000000,7.275957614183426e-12
2025-01-04,初始化,2025-01-03,2025-01-03,否,否,14.0,14.0,1.3952,LP已验证互斥及全部原约束,Optimization terminated successfully. (HiGHS Status 7: Optimal),0,144,6000.000000,6000.000000,5747.405454,27018.592048,3109.772548,30128.364596,40.534086,14.023877,0.597222,0.103217,774.422155,3509.167803,1706.933845,613.721633,654.802486,303.054922,-252.594546,3.694822225952521e-12
2025-01-05,初始化,2025-01-04,2025-01-04,否,否,14.0,14.0,1.3952,LP已验证互斥及全部原约束,Optimization terminated successfully. (HiGHS Status 7: Optimal),0,144,5747.405454,6000.000000,5994.696426,64240.109403,990.454594,65230.563996,34.847673,9.061434,0.756944,0.015184,297.546308,4486.449681,2710.048502,3.025000,911.589331,733.614142,-5.303574,2.6147972675971687e-12
2025-01-06,初始化,2025-01-05,2025-01-05,否,否,14.0,3.0,1.3952,LP已验证互斥及全部原约束,Optimization terminated successfully. (HiGHS Status 7: Optimal),0,144,5994.696426,6000.000000,6000.000000,64119.922087,659.779711,64779.701798,36.439601,8.895760,0.812500,0.010185,150.259284,4786.845070,3000.932929,5.084767,874.374836,708.243617,0.000000,2.3874235921539366e-12
2025-01-07,初始化,2025-01-06,2025-01-06,否,否,14.0,3.0,1.3952,LP已验证互斥及全部原约束,Optimization terminated successfully. (HiGHS Status 7: Optimal),0,144,6000.000000,6000.000000,6000.000000,64243.776351,5396.263045,69640.039396,36.930177,13.478297,0.756944,0.077488,1201.047621,3942.463174,2337.659222,5.929000,1861.497207,1507.812738,0.000000,2.9558577807620168e-12
2025-01-08,初始化,2025-01-07,2025-01-07,否,否,14.0,5.0,1.3952,LP已验证互斥及全部原约束,Optimization terminated successfully. (HiGHS Status 7: Optimal),0,144,6000.000000,6000.000000,5997.346296,64887.434605,565.885009,65453.319614,50.703132,11.899392,0.819444,0.008646,145.604832,6824.966316,4224.458728,48.234967,1411.393516,1140.840415,-2.653704,4.547473508864641e-13
2025-01-09,初始化,2025-01-08,2025-01-08,否,否,14.0,14.0,1.3952,LP已验证互斥及全部原约束,Optimization terminated successfully. (HiGHS Status 7: Optimal),0,144,5997.346296,6000.000000,6000.000000,64206.590356,549.710985,64756.301341,34.607717,8.779929,0.791667,0.008489,189.747911,4482.504064,2564.587214,7.652400,1099.590981,890.668695,0.000000,-1.5916157281026244e-12
2025-01-10,初始化,2025-01-09,2025-01-09,否,否,14.0,14.0,1.3952,LP已验证互斥及全部原约束,Optimization terminated successfully. (HiGHS Status 7: Optimal),0,144,6000.000000,6000.000000,6000.000000,28237.098349,418.063360,28655.161709,34.854231,9.003458,0.805556,0.014589,91.600389,3750.672349,1869.730245,556.050800,904.038999,732.271589,0.000000,-5.5706550483591855e-12
2025-01-11,初始化,2025-01-10,2025-01-10,否,否,14.0,14.0,1.3952,LP已验证互斥及全部原约束,Optimization terminated successfully. (HiGHS Status 7: Optimal),0,144,6000.000000,6000.000000,5953.305315,28692.087622,133.267475,28825.355097,40.230192,9.136894,0.854167,0.004623,28.356750,4341.433580,2267.980730,1279.093665,1476.884712,1154.251400,-46.694685,2.0463630789890885e-12
2025-01-12,初始化,2025-01-11,2025-01-11,否,否,21.0,14.0,1.3952,LP已验证互斥及全部原约束,Optimization terminated successfully. (HiGHS Status 7: Optimal),0,144,5953.305315,6000.000000,6000.000000,64183.273710,235.623921,64418.897631,32.661258,7.480239,0.847222,0.003658,49.994731,4561.477113,2784.620735,0.000000,1385.763763,1122.468648,0.000000,4.774847184307873e-12
2025-01-13,初始化,2025-01-12,2025-01-12,否,否,21.0,14.0,1.3952,LP已验证互斥及全部原约束,Optimization terminated successfully. (HiGHS Status 7: Optimal),0,144,6000.000000,6000.000000,6000.000000,64088.996313,0.000000,64088.996313,50.753703,11.364288,0.881944,0.000000,0.000000,7085.740385,4492.134803,13.338417,1963.410885,1590.362817,0.000000,4.547473508864641e-12
2025-01-14,初始化,2025-01-13,2025-01-13,否,否,21.0,14.0,1.3952,LP已验证互斥及全部原约束,Optimization terminated successfully. (HiGHS Status 7: Optimal),0,144,6000.000000,6000.000000,5995.670370,64090.075291,289.358358,64379.433649,43.748744,9.895175,0.888889,0.004495,71.357827,6013.694786,3730.659230,71.709483,1369.132502,1105.100660,-4.329630,5.4569682106375694e-12
2025-01-15,初始化,2025-01-14,2025-01-14,否,否,21.0,5.0,1.3952,LP已验证互斥及全部原约束,Optimization terminated successfully. (HiGHS Status 7: Optimal),0,144,5995.670370,6000.000000,6000.000000,63657.696881,549.034142,64206.731022,34.715947,8.251396,0.881944,0.008551,123.676500,4670.134437,2817.668358,1.499467,930.527037,753.726900,0.000000,-3.410605131648481e-12
2025-01-16,初始化,2025-01-15,2025-01-15,否,否,21.0,5.0,1.3952,LP已验证互斥及全部原约束,Optimization terminated successfully. (HiGHS Status 7: Optimal),0,144,6000.000000,6000.000000,6000.000000,63571.858022,897.181925,64469.039947,42.306821,10.333418,0.798611,0.013916,188.963217,5645.961409,3501.825035,2.243183,1398.130926,1132.486050,0.000000,2.2737367544323206e-13
2025-01-17,初始化,2025-01-16,2025-01-16,否,否,14.0,5.0,1.3952,LP已验证互斥及全部原约束,Optimization terminated successfully. (HiGHS Status 7: Optimal),0,144,6000.000000,6000.000000,6000.000000,27558.411570,104.305222,27662.716792,43.024252,10.086731,0.819444,0.003771,42.977906,3934.554842,2148.255880,1947.319810,1866.879452,1512.172356,0.000000,2.0463630789890885e-12
2025-01-18,初始化,2025-01-17,2025-01-17,否,否,14.0,5.0,1.3952,LP已验证互斥及全部原约束,Optimization terminated successfully. (HiGHS Status 7: Optimal),0,144,6000.000000,6000.000000,5969.300037,27672.392772,404.904112,28077.296884,41.723141,10.186276,0.812500,0.014421,128.300783,3737.867265,1944.836083,1980.006467,2304.217449,1838.786167,-30.699963,2.2737367544323206e-13
2025-01-19,初始化,2025-01-18,2025-01-18,否,否,42.0,5.0,1.3952,LP已验证互斥及全部原约束,Optimization terminated successfully. (HiGHS Status 7: Optimal),0,144,5969.300037,6000.000000,6000.000000,62975.314040,305.119998,63280.434038,36.161980,8.185604,0.868056,0.004822,68.261367,5056.127750,2836.885917,27.429250,1397.422984,1131.912617,0.000000,1.1368683772161603e-12
2025-01-20,初始化,2025-01-19,2025-01-19,否,否,21.0,7.0,1.3952,LP已验证互斥及全部原约束,Optimization terminated successfully. (HiGHS Status 7: Optimal),0,144,6000.000000,6000.000000,5988.276889,63230.824556,221.194059,63452.018615,41.380995,8.901781,0.909722,0.003486,65.111183,6007.279302,3719.773100,0.229967,1438.226852,1154.412950,-11.723111,1.3642420526593924e-12
2025-01-21,初始化,2025-01-20,2025-01-20,否,否,21.0,7.0,1.3952,LP已验证互斥及全部原约束,Optimization terminated successfully. (HiGHS Status 7: Optimal),0,144,5988.276889,6000.000000,6000.000000,63163.037606,208.015444,63371.053050,73.480467,15.620610,0.902778,0.003282,43.879467,10811.794348,6456.366167,32.485233,3489.373148,2826.392250,0.000000,-1.8189894035458565e-12
2025-01-22,初始化,2025-01-21,2025-01-21,否,否,42.0,7.0,1.3952,LP已验证互斥及全部原约束,Optimization terminated successfully. (HiGHS Status 7: Optimal),0,144,6000.000000,6000.000000,6000.000000,63129.271707,219.090068,63348.361775,36.996297,8.769835,0.847222,0.003458,60.346925,4978.081480,3138.279115,6.088683,1338.067047,1083.834308,0.000000,-2.0463630789890885e-12
2025-01-23,初始化,2025-01-22,2025-01-22,否,否,42.0,5.0,1.3952,LP已验证互斥及全部原约束,Optimization terminated successfully. (HiGHS Status 7: Optimal),0,144,6000.000000,6000.000000,6000.000000,62734.443691,241.605736,62976.049427,30.951736,8.260556,0.812500,0.003836,56.593933,3773.173845,2301.398611,6.665817,1367.872428,1107.976667,0.000000,3.183231456205249e-12
2025-01-24,初始化,2025-01-23,2025-01-23,否,否,10.0,7.0,1.3952,LP已验证互斥及全部原约束,Optimization terminated successfully. (HiGHS Status 7: Optimal),0,144,6000.000000,6000.000000,6000.000000,27383.811862,53.018102,27436.829965,59.756994,12.677898,0.923611,0.001932,24.385190,6218.460353,3210.487452,2414.358126,1853.397313,1501.251823,0.000000,7.503331289626658e-12
2025-01-25,初始化,2025-01-24,2025-01-24,否,否,42.0,7.0,1.3952,LP已验证互斥及全部原约束,Optimization terminated successfully. (HiGHS Status 7: Optimal),0,144,6000.000000,6000.000000,6000.000000,27091.450057,32.093404,27123.543460,65.579464,13.728566,0.847222,0.001183,14.865133,5402.215693,2866.365464,4119.258361,1880.258970,1523.009766,0.000000,3.865352482534945e-12
2025-01-26,初始化,2025-01-25,2025-01-25,否,否,42.0,5.0,1.3952,LP已验证互斥及全部原约束,Optimization terminated successfully. (HiGHS Status 7: Optimal),0,144,6000.000000,6000.000000,5989.190741,62409.442345,245.534185,62654.976530,39.376830,9.209374,0.868056,0.003919,55.254117,5497.761291,3234.083847,8.671350,2165.844691,1744.605867,-10.809259,-6.821210263296962e-13
2025-01-27,初始化,2025-01-26,2025-01-26,否,否,21.0,5.0,1.3952,LP已验证互斥及全部原约束,Optimization terminated successfully. (HiGHS Status 7: Optimal),0,144,5989.190741,6000.000000,6000.000000,62081.892594,108.185365,62190.077959,59.159102,12.462787,0.916667,0.001740,24.703417,8772.902926,5299.024083,54.883067,3089.662942,2502.626983,0.000000,-4.092726157978177e-12
2025-01-28,初始化,2025-01-27,2025-01-27,否,否,42.0,5.0,1.3952,LP已验证互斥及全部原约束,Optimization terminated successfully. (HiGHS Status 7: Optimal),0,144,6000.000000,6000.000000,6000.000000,61858.736208,490.957748,62349.693956,38.899075,8.663620,0.868056,0.007874,172.644015,5605.331506,3389.674733,60.402400,1662.366006,1346.516465,0.000000,4.320099833421409e-12
2025-01-29,初始化,2025-01-28,2025-01-28,否,否,42.0,5.0,1.3952,LP已验证互斥及全部原约束,Optimization terminated successfully. (HiGHS Status 7: Optimal),0,144,6000.000000,6000.000000,6000.000000,61624.265667,0.000000,61624.265667,74.056424,15.234105,0.937500,0.000000,0.000000,11265.828831,6955.613239,11.962083,4297.997181,3481.377717,0.000000,-4.547473508864641e-13
2025-01-30,初始化,2025-01-29,2025-01-29,否,否,28.0,3.0,1.3952,LP已验证互斥及全部原约束,Optimization terminated successfully. (HiGHS Status 7: Optimal),0,144,6000.000000,6000.000000,6000.000000,60421.257246,48.758669,60470.015915,47.337756,10.034640,0.916667,0.000806,7.801800,6841.993519,4193.591080,19.640917,1628.411852,1319.013600,0.000000,4.547473508864641e-13
2025-01-31,初始化,2025-01-30,2025-01-30,否,否,14.0,3.0,1.3952,LP已验证互斥及全部原约束,Optimization terminated successfully. (HiGHS Status 7: Optimal),0,144,6000.000000,6000.000000,6000.000000,25103.636054,179.360414,25282.996468,42.574293,9.962954,0.833333,0.007094,69.780360,4110.018233,2071.993726,1629.931650,1234.511699,999.954476,0.000000,3.410605131648481e-12
2025-02-01,正式期,2025-01-31,2025-01-31,否,否,42.0,3.0,1.3952,LP已验证互斥及全部原约束,Optimization terminated successfully. (HiGHS Status 7: Optimal),0,144,6000.000000,6000.000000,6000.000000,25127.935313,0.000000,25127.935313,68.924995,13.839567,0.993056,0.000000,0.000000,6969.199063,3382.166355,3445.799983,2715.750597,2199.757983,0.000000,3.183231456205249e-12
2025-02-02,正式期,2025-02-01,2025-02-01,否,否,28.0,3.0,1.3952,LP已验证互斥及全部原约束,Optimization terminated successfully. (HiGHS Status 7: Optimal),0,144,6000.000000,6000.000000,6000.000000,59642.939288,56.714305,59699.653593,75.781137,15.193935,0.986111,0.000950,9.049900,11538.422421,6777.125867,82.753250,3777.588621,3059.846783,0.000000,-3.637978807091713e-12
2025-02-03,正式期,2025-02-02,2025-02-02,否,否,21.0,3.0,1.3952,LP已验证互斥及全部原约束,Optimization terminated successfully. (HiGHS Status 7: Optimal),0,144,6000.000000,6000.000000,6000.000000,59072.709503,0.000000,59072.709503,57.976864,11.730590,0.972222,0.000000,0.000000,8933.562362,5061.651294,21.256133,3531.865412,2860.810983,0.000000,3.637978807091713e-12
2025-02-04,正式期,2025-02-03,2025-02-03,否,否,14.0,3.0,1.3952,LP已验证互斥及全部原约束,Optimization terminated successfully. (HiGHS Status 7: Optimal),0,144,6000.000000,6000.000000,6000.000000,58660.721971,216.806722,58877.528693,48.888107,10.391540,0.944444,0.003682,50.304683,7156.821928,3976.633370,25.475367,2035.715761,1648.929767,0.000000,-1.5916157281026244e-12
2025-02-05,正式期,2025-02-04,2025-02-04,否,否,7.0,3.0,1.3952,LP已验证互斥及全部原约束,Optimization terminated successfully. (HiGHS Status 7: Optimal),0,144,6000.000000,6000.000000,6000.000000,58523.375278,46.088088,58569.463367,49.884589,10.649665,0.965278,0.000787,7.338283,7276.378022,4557.977726,30.559333,2311.245905,1872.109183,0.000000,4.092726157978177e-12
2025-02-06,正式期,2025-02-05,2025-02-05,否,否,3.0,3.0,1.3952,LP已验证互斥及全部原约束,Optimization terminated successfully. (HiGHS Status 7: Optimal),0,144,6000.000000,6000.000000,6000.000000,56795.134659,261.152601,57056.287260,39.568260,9.080143,0.819444,0.004577,73.344800,5610.620024,3385.201564,0.000000,2101.902407,1702.540950,0.000000,1.8189894035458565e-12
2025-02-07,正式期,2025-02-06,2025-02-06,否,否,10.0,3.0,1.3952,LP已验证互斥及全部原约束,Optimization terminated successfully. (HiGHS Status 7: Optimal),0,144,6000.000000,6000.000000,6000.000000,24121.489600,0.000000,24121.489600,74.724550,15.021043,0.979167,0.000000,0.000000,6621.359129,3267.788815,4477.120292,1972.042305,1597.354267,0.000000,3.410605131648481e-12
2025-02-08,正式期,2025-02-07,2025-02-07,否,否,7.0,3.0,1.3952,LP已验证互斥及全部原约束,Optimization terminated successfully. (HiGHS Status 7: Optimal),0,144,6000.000000,6000.000000,6000.000000,22911.327608,4.980772,22916.308380,61.863332,12.676015,0.944444,0.000217,1.020650,5359.558188,2600.331951,3911.981612,2672.665700,2164.859217,0.000000,-4.092726157978177e-12
2025-02-09,正式期,2025-02-08,2025-02-08,否,否,3.0,3.0,1.3952,LP已验证互斥及全部原约束,Optimization terminated successfully. (HiGHS Status 7: Optimal),0,144,6000.000000,6000.000000,6000.000000,55888.572838,546.125558,56434.698396,38.814336,9.964655,0.854167,0.009677,125.407850,5057.045902,2971.763992,10.501917,2156.491502,1746.758117,0.000000,4.547473508864641e-12
2025-02-10,正式期,2025-02-09,2025-02-09,否,否,3.0,3.0,1.3952,LP已验证互斥及全部原约束,Optimization terminated successfully. (HiGHS Status 7: Optimal),0,144,6000.000000,6000.000000,5954.511741,55498.373689,258.438292,55756.811980,69.037098,15.045464,0.854167,0.004635,64.199984,10025.253658,5783.094365,283.075283,4505.836091,3608.787800,-45.488259,3.183231456205249e-12
2025-02-11,正式期,2025-02-10,2025-02-10,否,否,3.0,3.0,1.3952,LP已验证互斥及全部原约束,Optimization terminated successfully. (HiGHS Status 7: Optimal),0,144,5954.511741,6000.000000,6000.000000,55005.192100,56.778221,55061.970321,56.591842,11.981577,0.868056,0.001031,12.168500,8203.771060,4851.278445,213.604433,3022.746193,2448.424417,0.000000,-9.094947017729282e-13
2025-02-12,正式期,2025-02-11,2025-02-11,否,否,3.0,3.0,1.3952,LP已验证互斥及全部原约束,Optimization terminated successfully. (HiGHS Status 7: Optimal),0,144,6000.000000,6000.000000,6000.000000,54220.354042,258.724602,54479.078644,49.528604,10.793156,0.833333,0.004749,59.727533,7199.027107,3936.176701,111.621983,2867.217407,2322.446100,0.000000,-5.002220859751105e-12
2025-02-13,正式期,2025-02-12,2025-02-12,否,否,3.0,3.0,1.3952,LP已验证互斥及全部原约束,Optimization terminated successfully. (HiGHS Status 7: Optimal),0,144,6000.000000,6000.000000,6000.000000,53488.570005,260.669414,53749.239419,71.229380,15.785758,0.819444,0.004850,111.165341,9904.966839,5711.258779,662.107950,4936.958672,3998.936525,0.000000,0.0
2025-02-14,正式期,2025-02-13,2025-02-13,否,否,5.0,3.0,1.3952,LP已验证互斥及全部原约束,Optimization terminated successfully. (HiGHS Status 7: Optimal),0,144,6000.000000,6000.000000,6000.000000,19741.927912,457.248869,20199.176782,41.259144,11.389651,0.791667,0.022637,106.765617,1776.485995,970.191856,2936.150399,894.887778,724.859100,0.000000,9.094947017729282e-13
2025-02-15,正式期,2025-02-14,2025-02-14,否,否,5.0,3.0,1.3952,LP已验证互斥及全部原约束,Optimization terminated successfully. (HiGHS Status 7: Optimal),0,144,6000.000000,6000.000000,5972.802667,19620.789908,37.190561,19657.980469,38.725939,9.630049,0.770833,0.001892,7.621017,1113.130722,621.607459,3911.965578,1166.721667,920.566950,-27.197333,2.2737367544323206e-12
2025-02-16,正式期,2025-02-15,2025-02-15,否,否,3.0,3.0,1.3952,LP已验证互斥及全部原约束,Optimization terminated successfully. (HiGHS Status 7: Optimal),0,144,5972.802667,6000.000000,6000.000000,52135.293618,523.606024,52658.899642,32.271799,8.121503,0.819444,0.009943,111.923317,4225.907221,2597.354436,24.286883,1533.475988,1242.115550,0.000000,1.5916157281026244e-12
2025-02-17,正式期,2025-02-16,2025-02-16,否,否,3.0,3.0,1.3952,LP已验证互斥及全部原约束,Optimization terminated successfully. (HiGHS Status 7: Optimal),0,144,6000.000000,6000.000000,5984.207407,51527.515645,282.484244,51809.999889,54.383533,12.092486,0.840278,0.005452,66.374598,6571.622065,3783.533980,1421.005093,3496.760842,2818.162948,-15.792593,1.8189894035458565e-12
2025-02-18,正式期,2025-02-17,2025-02-17,否,否,3.0,3.0,1.3952,LP已验证互斥及全部原约束,Optimization terminated successfully. (HiGHS Status 7: Optimal),0,144,5984.207407,6000.000000,6000.000000,51135.581153,543.244008,51678.825161,44.506050,9.991892,0.826389,0.010512,125.888963,6444.396624,3583.055375,87.274383,2739.148391,2218.710196,0.000000,4.092726157978177e-12
2025-02-19,正式期,2025-02-18,2025-02-18,否,否,3.0,3.0,1.3952,LP已验证互斥及全部原约束,Optimization terminated successfully. (HiGHS Status 7: Optimal),0,144,6000.000000,6000.000000,5937.878655,50984.281833,853.790717,51838.072549,44.924305,12.258892,0.701389,0.016470,295.687323,5247.994587,3012.694347,223.794100,1171.721337,893.185073,-62.121345,-5.002220859751105e-12
2025-02-20,正式期,2025-02-19,2025-02-19,否,否,5.0,3.0,1.3952,LP已验证互斥及全部原约束,Optimization terminated successfully. (HiGHS Status 7: Optimal),0,144,5937.878655,6000.000000,6000.000000,51107.676293,531.972812,51639.649105,52.768975,12.011012,0.833333,0.010302,128.095157,6532.165784,3810.602993,1009.782578,2708.342045,2193.757057,0.000000,-2.2737367544323206e-12
2025-02-21,正式期,2025-02-20,2025-02-20,否,否,5.0,3.0,1.3952,LP已验证互斥及全部原约束,Optimization terminated successfully. (HiGHS Status 7: Optimal),0,144,6000.000000,6000.000000,6000.000000,19036.982624,142.096560,19179.079184,44.229832,10.224829,0.847222,0.007409,27.261483,1774.855866,1014.301682,5941.778002,899.011543,728.199350,0.000000,-3.524291969370097e-12
2025-02-22,正式期,2025-02-21,2025-02-21,否,否,7.0,3.0,1.3952,LP已验证互斥及全部原约束,Optimization terminated successfully. (HiGHS Status 7: Optimal),0,144,6000.000000,6000.000000,5933.329648,18989.543505,208.999158,19198.542663,28.517468,8.006798,0.701389,0.010886,44.811100,1500.556066,781.022866,4059.205932,1068.219465,805.254450,-66.670352,6.821210263296962e-13
2025-02-23,正式期,2025-02-22,2025-02-22,否,否,5.0,3.0,1.3952,LP已验证互斥及全部原约束,Optimization terminated successfully. (HiGHS Status 7: Optimal),0,144,5933.329648,6000.000000,6000.000000,50334.861433,115.716681,50450.578114,44.330444,11.282047,0.847222,0.002294,52.820570,5312.695874,3262.859196,336.872367,1962.231074,1589.407170,0.000000,1.5916157281026244e-12
2025-02-24,正式期,2025-02-23,2025-02-23,否,否,5.0,3.0,1.3952,LP已验证互斥及全部原约束,Optimization terminated successfully. (HiGHS Status 7: Optimal),0,144,6000.000000,6000.000000,6000.000000,50022.522418,168.781496,50191.303914,60.354844,12.781327,0.909722,0.003363,32.140833,7578.170084,4079.813430,1506.211643,3695.343827,2993.228500,0.000000,-3.183231456205249e-12
2025-02-25,正式期,2025-02-24,2025-02-24,否,否,5.0,3.0,1.3952,LP已验证互斥及全部原约束,Optimization terminated successfully. (HiGHS Status 7: Optimal),0,144,6000.000000,6000.000000,6000.000000,49753.812689,244.113600,49997.926289,74.193346,15.722781,0.895833,0.004882,56.549800,8676.875883,4658.969459,2473.489076,4391.300926,3556.953750,0.000000,-4.547473508864641e-13
2025-02-26,正式期,2025-02-25,2025-02-25,否,否,7.0,3.0,1.3952,LP已验证互斥及全部原约束,Optimization terminated successfully. (HiGHS Status 7: Optimal),0,144,6000.000000,6000.000000,6000.000000,49180.135520,269.216908,49449.352428,47.142031,10.231833,0.875000,0.005444,77.636622,6578.135861,3595.361686,535.855696,3334.458340,2700.911255,0.000000,-1.8189894035458565e-12
2025-02-27,正式期,2025-02-26,2025-02-26,否,否,7.0,3.0,1.3952,LP已验证互斥及全部原约束,Optimization terminated successfully. (HiGHS Status 7: Optimal),0,144,6000.000000,6000.000000,6000.000000,48849.188802,337.788040,49186.976842,56.033858,11.817278,0.923611,0.006867,59.464342,7351.207423,4098.337069,807.015117,1699.609290,1376.683525,0.000000,3.183231456205249e-12
2025-02-28,正式期,2025-02-27,2025-02-27,否,否,7.0,3.0,1.3952,LP已验证互斥及全部原约束,Optimization terminated successfully. (HiGHS Status 7: Optimal),0,144,6000.000000,6000.000000,6000.000000,18552.086074,9.280503,18561.366577,43.011610,11.162833,0.777778,0.000500,4.347858,1986.396597,1097.536093,7297.948926,1007.524290,816.094674,0.000000,8.86757334228605e-12
2025-03-01,正式期,2025-02-28,2025-02-28,否,否,7.0,3.0,1.3952,LP已验证互斥及全部原约束,Optimization terminated successfully. (HiGHS Status 7: Optimal),0,144,6000.000000,6000.000000,6000.000000,18409.177646,0.000000,18409.177646,45.635546,13.855517,0.812500,0.000000,0.000000,960.702002,539.236440,7828.726563,1555.061399,1259.599733,0.000000,-4.320099833421409e-12
2025-03-02,正式期,2025-03-01,2025-03-01,否,否,7.0,3.0,1.3952,LP已验证互斥及全部原约束,Optimization terminated successfully. (HiGHS Status 7: Optimal),0,144,6000.000000,6000.000000,5974.688574,49692.441646,12462.511505,62154.953151,63.880256,24.794677,0.756944,0.200507,2563.739122,6811.698183,3820.244754,27.869967,4332.801200,3486.788688,-25.311426,-4.092726157978177e-12
2025-03-03,正式期,2025-03-02,2025-03-02,否,否,7.0,3.0,1.3952,LP已验证互斥及全部原约束,Optimization terminated successfully. (HiGHS Status 7: Optimal),0,144,5974.688574,6000.000000,5996.351685,52052.367131,447.619630,52499.986761,58.323526,14.245367,0.777778,0.008526,105.771717,7494.169858,4488.958604,220.813733,2347.675391,1898.333583,-3.648315,3.637978807091713e-12
2025-03-04,正式期,2025-03-03,2025-03-03,否,否,7.0,3.0,1.3952,LP已验证互斥及全部原约束,Optimization terminated successfully. (HiGHS Status 7: Optimal),0,144,5996.351685,6000.000000,5993.841611,52400.696335,0.000000,52400.696335,73.714814,15.161595,0.923611,0.000000,0.000000,10636.747147,6489.148182,631.221250,4465.452613,3611.474067,-6.158389,-5.9117155615240335e-12
2025-03-05,正式期,2025-03-04,2025-03-04,否,否,5.0,5.0,1.3952,LP已验证互斥及全部原约束,Optimization terminated successfully. (HiGHS Status 7: Optimal),0,144,5993.841611,6000.000000,5979.759259,49843.168588,393.420317,50236.588905,71.972912,15.296428,0.888889,0.007831,90.971200,9917.218408,5735.494208,964.631867,4428.680041,3569.014167,-20.240741,-8.640199666842818e-12
2025-03-06,正式期,2025-03-05,2025-03-05,否,否,3.0,5.0,1.3952,LP已验证互斥及全部原约束,Optimization terminated successfully. (HiGHS Status 7: Optimal),0,144,5979.759259,6000.000000,6000.000000,48523.115838,384.800414,48907.916252,59.708997,12.679572,0.881944,0.007868,70.189967,8243.578706,4634.763604,832.391567,4009.556523,3247.740783,0.000000,4.547473508864641e-13
2025-03-07,正式期,2025-03-06,2025-03-06,否,否,7.0,5.0,1.3952,LP已验证互斥及全部原约束,Optimization terminated successfully. (HiGHS Status 7: Optimal),0,144,6000.000000,6000.000000,6000.000000,18309.765910,0.000000,18309.765910,67.275081,14.128426,0.875000,0.000000,0.000000,1510.276052,909.654427,9933.756761,2481.563930,2010.066783,0.000000,-9.094947017729282e-13
2025-03-08,正式期,2025-03-07,2025-03-07,否,否,5.0,5.0,1.3952,LP已验证互斥及全部原约束,Optimization terminated successfully. (HiGHS Status 7: Optimal),0,144,6000.000000,6000.000000,5994.475815,17662.944488,0.000000,17662.944488,67.300887,14.403067,0.888889,0.000000,0.000000,1675.146721,981.130325,10417.289940,1699.825144,1371.886600,-5.524185,1.8189894035458565e-12
2025-03-09,正式期,2025-03-08,2025-03-08,否,否,3.0,3.0,1.3952,LP已验证互斥及全部原约束,Optimization terminated successfully. (HiGHS Status 7: Optimal),0,144,5994.475815,6000.000000,6000.000000,46379.953387,592.808422,46972.761810,58.057861,12.730801,0.868056,0.012620,120.021056,6423.548802,3794.769488,2044.148300,2760.915419,2236.341489,0.000000,9.094947017729282e-13
2025-03-10,正式期,2025-03-09,2025-03-09,否,否,3.0,3.0,1.3952,LP已验证互斥及全部原约束,Optimization terminated successfully. (HiGHS Status 7: Optimal),0,144,6000.000000,6000.000000,5991.874074,45447.773007,242.773182,45690.546188,40.571605,16.461902,0.604167,0.005313,101.896303,2163.915893,1561.639251,36.449799,1345.705209,1082.707886,-8.125926,-1.5916157281026244e-12
2025-03-11,正式期,2025-03-10,2025-03-10,否,否,3.0,5.0,1.3952,LP已验证互斥及全部原约束,Optimization terminated successfully. (HiGHS Status 7: Optimal),0,144,5991.874074,6000.000000,6000.000000,46677.603494,224.433035,46902.036529,59.208389,12.792334,0.875000,0.004785,42.425836,7128.794288,3810.139211,1639.247001,3452.223522,2796.301053,0.000000,4.092726157978177e-12
2025-03-12,正式期,2025-03-11,2025-03-11,否,否,3.0,5.0,1.3952,LP已验证互斥及全部原约束,Optimization terminated successfully. (HiGHS Status 7: Optimal),0,144,6000.000000,6000.000000,5993.153704,46285.030066,313.829941,46598.860007,66.999853,14.870893,0.819444,0.006735,69.614167,7359.867412,4043.894718,2294.898567,3352.916728,2709.700883,-6.846296,2.2737367544323206e-12
2025-03-13,正式期,2025-03-12,2025-03-12,否,否,3.0,5.0,1.3952,LP已验证互斥及全部原约束,Optimization terminated successfully. (HiGHS Status 7: Optimal),0,144,5993.153704,6000.000000,6000.000000,45973.652055,895.573592,46869.225647,45.670135,15.793143,0.673611,0.019108,187.095083,3852.387095,2464.501649,0.379133,1502.881029,1217.333633,0.000000,1.3642420526593924e-12
2025-03-14,正式期,2025-03-13,2025-03-13,否,否,5.0,5.0,1.3952,LP已验证互斥及全部原约束,Optimization terminated successfully. (HiGHS Status 7: Optimal),0,144,6000.000000,6000.000000,6000.000000,16662.301221,30.705748,16693.006968,74.517123,16.462781,0.812500,0.001839,6.227083,1394.657729,814.114878,11795.920087,749.184733,606.839633,0.000000,5.343281372915953e-12
2025-03-15,正式期,2025-03-14,2025-03-14,否,否,5.0,5.0,1.3952,LP已验证互斥及全部原约束,Optimization terminated successfully. (HiGHS Status 7: Optimal),0,144,6000.000000,6000.000000,5828.154918,16656.834058,765.691998,17422.526056,43.454649,12.951196,0.666667,0.043948,217.245010,1029.796750,811.079824,7459.204740,473.646173,228.992827,-171.845082,-2.8421709430404007e-13
2025-03-16,正式期,2025-03-15,2025-03-15,否,否,3.0,5.0,1.3952,LP已验证互斥及全部原约束,Optimization terminated successfully. (HiGHS Status 7: Optimal),0,144,5828.154918,6000.000000,5944.405481,46277.321688,379.609959,46656.931647,59.509042,12.989244,0.861111,0.008136,101.469330,8048.614050,4335.092284,829.409628,3574.664111,2845.442863,-55.594519,1.8189894035458565e-12
2025-03-17,正式期,2025-03-16,2025-03-16,否,否,5.0,5.0,1.3952,LP已验证互斥及全部原约束,Optimization terminated successfully. (HiGHS Status 7: Optimal),0,144,5944.405481,6000.000000,6000.000000,45784.876107,71.317374,45856.193481,92.169506,19.209693,0.909722,0.001555,11.073267,9987.026566,5416.248278,3876.802065,5014.351481,4061.624700,0.000000,1.8189894035458565e-12
2025-03-18,正式期,2025-03-17,2025-03-17,否,否,5.0,5.0,1.3952,LP已验证互斥及全部原约束,Optimization terminated successfully. (HiGHS Status 7: Optimal),0,144,6000.000000,6000.000000,6000.000000,45632.233254,82.953868,45715.187122,70.075687,15.447815,0.861111,0.001815,13.253550,7921.738687,4559.271921,1978.595650,2546.669053,2062.801933,0.000000,-1.3642420526593924e-12
2025-03-19,正式期,2025-03-18,2025-03-18,否,否,5.0,5.0,1.3952,LP已验证互斥及全部原约束,Optimization terminated successfully. (HiGHS Status 7: Optimal),0,144,6000.000000,6000.000000,6000.000000,45045.475399,0.000000,45045.475399,73.045351,14.880122,0.937500,0.000000,0.000000,8293.363805,4790.643936,2558.088231,2436.981070,1973.954667,0.000000,4.547473508864641e-12
2025-03-20,正式期,2025-03-19,2025-03-19,否,否,5.0,3.0,1.3952,LP已验证互斥及全部原约束,Optimization terminated successfully. (HiGHS Status 7: Optimal),0,144,6000.000000,6000.000000,6000.000000,42747.368278,879.463723,43626.832001,35.718253,9.416960,0.743056,0.020159,193.021884,3873.713835,2167.260582,750.045367,1992.090269,1613.593118,0.000000,1.5916157281026244e-12
2025-03-21,正式期,2025-03-20,2025-03-20,否,否,7.0,3.0,1.3952,LP已验证互斥及全部原约束,Optimization terminated successfully. (HiGHS Status 7: Optimal),0,144,6000.000000,6000.000000,6000.000000,16541.621062,0.000000,16541.621062,63.812122,13.728751,0.881944,0.000000,0.000000,1604.816242,1087.557006,15246.423936,707.229095,572.855567,0.000000,-2.1600499167107046e-12
2025-03-22,正式期,2025-03-21,2025-03-21,否,否,7.0,3.0,1.3952,LP已验证互斥及全部原约束,Optimization terminated successfully. (HiGHS Status 7: Optimal),0,144,6000.000000,6000.000000,5950.714556,16296.198811,0.000000,16296.198811,36.382234,9.406797,0.868056,0.000000,0.000000,1300.300580,792.580915,11470.181227,1100.983724,847.439917,-49.285444,1.2505552149377763e-12
2025-03-23,正式期,2025-03-22,2025-03-22,否,否,5.0,3.0,1.3952,LP已验证互斥及全部原约束,Optimization terminated successfully. (HiGHS Status 7: Optimal),0,144,5950.714556,6000.000000,6000.000000,42206.510747,170.507574,42377.018321,52.870382,12.326590,0.840278,0.004024,51.396995,5075.267058,3193.393329,2072.243444,1705.184768,1381.199662,0.000000,6.821210263296962e-13
2025-03-24,正式期,2025-03-23,2025-03-23,否,否,5.0,3.0,1.3952,LP已验证互斥及全部原约束,Optimization terminated successfully. (HiGHS Status 7: Optimal),0,144,6000.000000,6000.000000,5923.169963,41946.335992,88.006563,42034.342555,54.334050,12.299178,0.861111,0.002094,17.464829,4985.488877,2759.569545,2576.714617,1784.342793,1376.170629,-76.830037,-1.1368683772161603e-12
2025-03-25,正式期,2025-03-24,2025-03-24,否,否,5.0,3.0,1.3952,LP已验证互斥及全部原约束,Optimization terminated successfully. (HiGHS Status 7: Optimal),0,144,5923.169963,6000.000000,6000.000000,41675.416524,110.314915,41785.731439,42.120797,13.147160,0.715278,0.002640,41.014188,2625.912551,1690.727601,1365.507150,800.269451,648.218255,0.000000,3.410605131648481e-13
2025-03-26,正式期,2025-03-25,2025-03-25,否,否,7.0,3.0,1.3952,LP已验证互斥及全部原约束,Optimization terminated successfully. (HiGHS Status 7: Optimal),0,144,6000.000000,6000.000000,6000.000000,41853.201229,61.496850,41914.698079,69.495829,14.722270,0.909722,0.001467,21.547600,7007.809357,4041.451335,3060.863050,2288.501790,1853.686450,0.000000,3.183231456205249e-12
2025-03-27,正式期,2025-03-26,2025-03-26,否,否,7.0,3.0,1.3952,LP已验证互斥及全部原约束,Optimization terminated successfully. (HiGHS Status 7: Optimal),0,144,6000.000000,6000.000000,6000.000000,41383.193458,601.424375,41984.617834,49.073988,12.377303,0.756944,0.014325,201.453817,5425.270646,2941.884382,996.403950,2018.785679,1635.216400,0.000000,1.1368683772161603e-12
2025-03-28,正式期,2025-03-27,2025-03-27,否,否,7.0,3.0,1.3952,LP已验证互斥及全部原约束,Optimization terminated successfully. (HiGHS Status 7: Optimal),0,144,6000.000000,6000.000000,6000.000000,15562.864776,0.000000,15562.864776,56.372909,13.223838,0.798611,0.000000,0.000000,1314.442966,820.614250,15329.640121,414.708704,335.914050,0.000000,-5.115907697472721e-12
2025-03-29,正式期,2025-03-28,2025-03-28,否,否,10.0,3.0,1.3952,LP已验证互斥及全部原约束,Optimization terminated successfully. (HiGHS Status 7: Optimal),0,144,6000.000000,6000.000000,6000.000000,15707.223794,88.887318,15796.111112,73.070880,15.345015,0.861111,0.005627,27.914250,801.831153,459.792693,19395.807242,1154.862428,935.438567,0.000000,6.366462912410498e-12
2025-03-30,正式期,2025-03-29,2025-03-29,否,否,7.0,3.0,1.3952,LP已验证互斥及全部原约束,Optimization terminated successfully. (HiGHS Status 7: Optimal),0,144,6000.000000,6000.000000,5990.266667,39841.179267,555.069390,40396.248657,51.130317,11.826947,0.833333,0.013741,128.035293,4782.584970,2798.736219,2305.913075,1880.847645,1514.726593,-9.733333,4.547473508864641e-13
2025-03-31,正式期,2025-03-30,2025-03-30,否,否,7.0,3.0,1.3952,LP已验证互斥及全部原约束,Optimization terminated successfully. (HiGHS Status 7: Optimal),0,144,5990.266667,6000.000000,6000.000000,39533.497416,2263.942788,41797.440204,47.938338,14.590545,0.784722,0.054165,473.090450,3725.059445,1881.575971,1897.731383,3410.320412,2762.359533,0.000000,-4.547473508864641e-13
2025-04-01,正式期,2025-03-31,2025-03-31,否,否,7.0,3.0,1.3952,LP已验证互斥及全部原约束,Optimization terminated successfully. (HiGHS Status 7: Optimal),0,144,6000.000000,6000.000000,6000.000000,39762.194805,1391.299880,41153.494685,48.797519,20.481867,0.701389,0.033808,350.458042,2171.281754,1198.728285,568.051867,2677.722171,2168.954958,0.000000,-6.821210263296962e-12
2025-04-02,正式期,2025-04-01,2025-04-01,否,否,7.0,3.0,1.3952,LP已验证互斥及全部原约束,Optimization terminated successfully. (HiGHS Status 7: Optimal),0,144,6000.000000,6000.000000,6000.000000,40978.709804,3792.664600,44771.374404,51.933741,17.258074,0.729167,0.084712,787.494964,4414.696486,2872.050745,684.366683,691.294503,559.948547,0.000000,-3.865352482534945e-12
2025-04-03,正式期,2025-04-02,2025-04-02,否,否,7.0,5.0,1.3952,LP已验证互斥及全部原约束,Optimization terminated successfully. (HiGHS Status 7: Optimal),0,144,6000.000000,6000.000000,6000.000000,41681.248268,1.737969,41682.986237,68.206115,14.806010,0.854167,0.000042,0.269850,6801.368626,3769.404332,2926.129686,2445.503395,1980.857750,0.000000,2.7284841053187847e-12
2025-04-04,正式期,2025-04-03,2025-04-03,否,否,10.0,5.0,1.3952,LP已验证互斥及全部原约束,Optimization terminated successfully. (HiGHS Status 7: Optimal),0,144,6000.000000,6000.000000,6000.000000,15523.159285,0.000000,15523.159285,87.744318,18.242629,0.888889,0.000000,0.000000,1734.360571,1112.937510,19440.449967,1175.595638,952.232467,0.000000,-3.183231456205249e-12
2025-04-05,正式期,2025-04-04,2025-04-04,否,否,10.0,5.0,1.3952,LP已验证互斥及全部原约束,Optimization terminated successfully. (HiGHS Status 7: Optimal),0,144,6000.000000,6000.000000,6000.000000,15411.343881,0.000000,15411.343881,50.260844,13.050415,0.756944,0.000000,0.000000,950.386388,655.802050,14434.315643,1230.455514,996.668967,0.000000,4.547473508864641e-13
2025-04-06,正式期,2025-04-05,2025-04-05,否,否,7.0,5.0,1.3952,LP已验证互斥及全部原约束,Optimization terminated successfully. (HiGHS Status 7: Optimal),0,144,6000.000000,6000.000000,6000.000000,40550.279246,55.096483,40605.375729,65.904153,13.716848,0.930556,0.001357,25.133194,6269.287012,3592.601425,3436.926950,2358.794746,1910.623744,0.000000,-5.002220859751105e-12
2025-04-07,正式期,2025-04-06,2025-04-06,否,否,7.0,5.0,1.3952,LP已验证互斥及全部原约束,Optimization terminated successfully. (HiGHS Status 7: Optimal),0,144,6000.000000,6000.000000,5992.183333,39816.699215,53.501178,39870.200392,65.995562,13.915258,0.875000,0.001342,22.012083,6068.048473,3538.730408,3718.871783,3148.748457,2543.451250,-7.816667,2.7284841053187847e-12
2025-04-08,正式期,2025-04-07,2025-04-07,否,否,7.0,5.0,1.3952,LP已验证互斥及全部原约束,Optimization terminated successfully. (HiGHS Status 7: Optimal),0,144,5992.183333,6000.000000,5986.595630,39544.168338,133.151345,39677.319684,55.990465,11.986961,0.875000,0.003356,22.140933,5306.494922,2825.313788,2680.319517,1413.892222,1133.188767,-13.404370,7.275957614183426e-12
2025-04-09,正式期,2025-04-08,2025-04-08,否,否,7.0,5.0,1.3952,LP已验证互斥及全部原约束,Optimization terminated successfully. (HiGHS Status 7: Optimal),0,144,5986.595630,6000.000000,6000.000000,39007.884467,1697.236548,40705.121015,32.178296,11.821499,0.701389,0.041696,368.125100,2425.390754,1286.237321,282.417545,1532.693416,1241.481667,0.000000,2.9558577807620168e-12
2025-04-10,正式期,2025-04-09,2025-04-09,否,否,10.0,5.0,1.3952,LP已验证互斥及全部原约束,Optimization terminated successfully. (HiGHS Status 7: Optimal),0,144,6000.000000,6000.000000,6000.000000,39717.031984,599.788223,40316.820207,62.376607,14.405077,0.826389,0.014877,169.033668,6440.207494,3462.437970,2104.751217,1684.086278,1364.109885,0.000000,1.8189894035458565e-12
2025-04-11,正式期,2025-04-10,2025-04-10,否,否,10.0,5.0,1.3952,LP已验证互斥及全部原约束,Optimization terminated successfully. (HiGHS Status 7: Optimal),0,144,6000.000000,6000.000000,6000.000000,15043.857863,0.000000,15043.857863,86.740715,18.672546,0.840278,0.000000,0.000000,1352.399582,889.330281,20243.027388,1040.119671,842.496933,0.000000,-5.002220859751105e-12
2025-04-12,正式期,2025-04-11,2025-04-11,否,否,10.0,5.0,1.3952,LP已验证互斥及全部原约束,Optimization terminated successfully. (HiGHS Status 7: Optimal),0,144,6000.000000,6000.000000,5976.816667,15150.205186,16.526252,15166.731438,55.226808,12.795570,0.875000,0.001090,7.778824,1402.532458,879.204989,16809.666286,1953.922828,1561.812490,-23.183333,5.229594535194337e-12
2025-04-13,正式期,2025-04-12,2025-04-12,否,否,10.0,5.0,1.3952,LP已验证互斥及全部原约束,Optimization terminated successfully. (HiGHS Status 7: Optimal),0,144,5976.816667,6000.000000,6000.000000,38885.521329,96.084513,38981.605843,49.979632,10.559096,0.916667,0.002465,33.943333,5011.824915,2841.061310,2309.468179,1897.915061,1537.311199,0.000000,6.366462912410498e-12
2025-04-14,正式期,2025-04-13,2025-04-13,否,否,10.0,5.0,1.3952,LP已验证互斥及全部原约束,Optimization terminated successfully. (HiGHS Status 7: Optimal),0,144,6000.000000,6000.000000,6000.000000,38470.595714,507.874969,38978.470683,58.615997,12.661387,0.902778,0.013030,134.330017,5664.156659,3519.613093,2884.031344,2228.866420,1805.381800,0.000000,-1.1368683772161603e-12
2025-04-15,正式期,2025-04-14,2025-04-14,否,否,10.0,5.0,1.3952,LP已验证互斥及全部原约束,Optimization terminated successfully. (HiGHS Status 7: Optimal),0,144,6000.000000,6000.000000,6000.000000,38129.801178,0.000000,38129.801178,70.368249,14.588806,0.923611,0.000000,0.000000,6268.588154,3439.981083,4198.430090,3059.290494,2478.025300,0.000000,2.2737367544323206e-12
2025-04-16,正式期,2025-04-15,2025-04-15,否,否,10.0,5.0,1.3952,LP已验证互斥及全部原约束,Optimization terminated successfully. (HiGHS Status 7: Optimal),0,144,6000.000000,6000.000000,5977.082630,37821.309415,390.652271,38211.961686,35.880174,10.093445,0.812500,0.010223,110.255093,3128.567797,1986.743045,1127.066017,1886.130897,1507.140393,-22.917370,-1.5916157281026244e-12
2025-04-17,正式期,2025-04-16,2025-04-16,否,否,10.0,5.0,1.3952,LP已验证互斥及全部原约束,Optimization terminated successfully. (HiGHS Status 7: Optimal),0,144,5977.082630,6000.000000,6000.000000,37891.189857,22.456502,37913.646359,50.694100,10.960066,0.909722,0.000592,10.452500,5266.686666,2889.598287,1998.045944,1834.355494,1485.827950,0.000000,-2.0463630789890885e-12
2025-04-18,正式期,2025-04-17,2025-04-17,否,否,10.0,5.0,1.3952,LP已验证互斥及全部原约束,Optimization terminated successfully. (HiGHS Status 7: Optimal),0,144,6000.000000,6000.000000,6000.000000,14742.124561,40.133697,14782.258257,58.088948,12.896560,0.861111,0.002715,18.905933,2200.133201,1314.789867,17978.312707,1450.500658,1174.905533,0.000000,1.8189894035458565e-12
2025-04-19,正式期,2025-04-18,2025-04-18,否,否,14.0,5.0,1.3952,LP已验证互斥及全部原约束,Optimization terminated successfully. (HiGHS Status 7: Optimal),0,144,6000.000000,6000.000000,5978.107093,14516.221348,62.067776,14578.289124,51.138027,11.628448,0.875000,0.004258,29.222117,1678.680663,1095.791721,17803.987028,1346.295391,1070.795650,-21.892907,-6.139089236967266e-12
2025-04-20,正式期,2025-04-19,2025-04-19,否,否,14.0,5.0,1.3952,LP已验证互斥及全部原约束,Optimization terminated successfully. (HiGHS Status 7: Optimal),0,144,5978.107093,6000.000000,5978.451852,37322.982453,0.000000,37322.982453,50.832434,11.035593,0.902778,0.000000,0.000000,5064.010980,2833.611495,2178.007438,1683.818169,1344.499383,-21.548148,2.7284841053187847e-12
2025-04-21,正式期,2025-04-20,2025-04-20,否,否,14.0,5.0,1.3952,LP已验证互斥及全部原约束,Optimization terminated successfully. (HiGHS Status 7: Optimal),0,144,5978.451852,6000.000000,6000.000000,37108.735990,247.871888,37356.607877,72.756628,15.621528,0.840278,0.006635,106.934327,5919.182339,3576.060609,4725.267967,3022.413222,2448.154710,0.000000,5.002220859751105e-12
2025-04-22,正式期,2025-04-21,2025-04-21,否,否,14.0,5.0,1.3952,LP已验证互斥及全部原约束,Optimization terminated successfully. (HiGHS Status 7: Optimal),0,144,6000.000000,6000.000000,5963.396296,36941.929149,407.855938,37349.785087,48.441916,11.583054,0.833333,0.010920,87.090283,4396.351955,2691.733815,2233.693766,2335.886255,1859.124533,-36.603704,2.7284841053187847e-12
2025-04-23,正式期,2025-04-22,2025-04-22,否,否,14.0,5.0,1.3952,LP已验证互斥及全部原约束,Optimization terminated successfully. (HiGHS Status 7: Optimal),0,144,5963.396296,6000.000000,6000.000000,36866.435068,319.631399,37186.066467,51.378835,11.675434,0.840278,0.008595,92.979994,4673.876807,2882.531391,2665.186715,2733.532956,2214.161694,0.000000,7.275957614183426e-12
2025-04-24,正式期,2025-04-23,2025-04-23,否,否,14.0,5.0,1.3952,LP已验证互斥及全部原约束,Optimization terminated successfully. (HiGHS Status 7: Optimal),0,144,6000.000000,6000.000000,6000.000000,36599.995853,18.205931,36618.201785,75.430701,15.489874,0.916667,0.000497,2.902500,6186.662025,3570.677822,4964.885210,2528.503868,2048.088133,0.000000,3.183231456205249e-12
2025-04-25,正式期,2025-04-24,2025-04-24,否,否,14.0,3.0,1.3952,LP已验证互斥及全部原约束,Optimization terminated successfully. (HiGHS Status 7: Optimal),0,144,6000.000000,6000.000000,6000.000000,13736.870334,0.000000,13736.870334,62.060879,13.370229,0.881944,0.000000,0.000000,1335.835906,781.349104,21805.995744,1113.572984,901.994117,0.000000,1.2505552149377763e-12
2025-04-26,正式期,2025-04-25,2025-04-25,否,否,21.0,3.0,1.3952,LP已验证互斥及全部原约束,Optimization terminated successfully. (HiGHS Status 7: Optimal),0,144,6000.000000,6000.000000,5993.174056,13630.515129,175.530725,13806.045854,68.867812,14.939183,0.826389,0.012714,38.226767,731.781497,327.580709,24257.782259,1359.878539,1095.358267,-6.825944,6.821210263296962e-13
2025-04-27,正式期,2025-04-26,2025-04-26,否,否,14.0,3.0,1.3952,LP已验证互斥及全部原约束,Optimization terminated successfully. (HiGHS Status 7: Optimal),0,144,5993.174056,6000.000000,5978.735185,34778.225747,599.263293,35377.489040,47.745458,10.969299,0.847222,0.016939,143.736366,3709.122200,1803.585187,2781.858282,707.681399,554.083599,-21.264815,8.29913915367797e-12
2025-04-28,正式期,2025-04-27,2025-04-27,否,否,14.0,3.0,1.3952,LP已验证互斥及全部原约束,Optimization terminated successfully. (HiGHS Status 7: Optimal),0,144,5978.735185,6000.000000,6000.000000,34593.277022,16577.537108,51170.814130,53.709426,31.851417,0.569444,0.323965,2693.198090,838.479344,359.970574,42.188150,3083.617125,2497.729871,0.000000,8.640199666842818e-12
2025-04-29,正式期,2025-04-28,2025-04-28,否,否,14.0,5.0,1.3952,LP已验证互斥及全部原约束,Optimization terminated successfully. (HiGHS Status 7: Optimal),0,144,6000.000000,6000.000000,6000.000000,36819.972013,745.504517,37565.476530,80.217954,16.987615,0.895833,0.019845,185.122717,5592.853996,2913.714226,6386.616200,3663.651296,2967.557550,0.000000,-2.7284841053187847e-12
2025-04-30,正式期,2025-04-29,2025-04-29,否,否,14.0,5.0,1.3952,LP已验证互斥及全部原约束,Optimization terminated successfully. (HiGHS Status 7: Optimal),0,144,6000.000000,6000.000000,5917.545685,36251.853050,14.910018,36266.763068,68.501301,15.334723,0.833333,0.000411,6.844407,5738.303964,3613.096619,3965.410762,2857.980626,2240.755424,-82.454315,3.183231456205249e-12
2025-05-01,正式期,2025-04-30,2025-04-30,否,否,14.0,5.0,1.3952,LP已验证互斥及全部原约束,Optimization terminated successfully. (HiGHS Status 7: Optimal),0,144,5917.545685,6000.000000,5603.651290,35789.278212,9312.886293,45102.164505,71.560941,24.342429,0.597222,0.206484,1570.274570,3793.531031,1930.711959,3784.660347,847.069744,329.412654,-396.348710,6.195932655828074e-12
2025-05-02,正式期,2025-05-01,2025-05-01,否,否,21.0,5.0,1.3952,LP已验证互斥及全部原约束,Optimization terminated successfully. (HiGHS Status 7: Optimal),0,144,5603.651290,6000.000000,5791.816913,13990.697382,8968.303245,22959.000627,39.542395,27.141166,0.333333,0.390623,1694.907383,76.427917,30.079957,12556.348821,318.907421,70.950233,-208.183087,3.083755473198835e-12
2025-05-03,正式期,2025-05-02,2025-05-02,否,否,21.0,7.0,1.3952,LP已验证互斥及全部原约束,Optimization terminated successfully. (HiGHS Status 7: Optimal),0,144,5791.816913,6000.000000,5873.021673,14603.482450,5178.571139,19782.053588,54.232754,17.314933,0.673611,0.261781,955.917045,451.265767,360.240268,17658.666516,752.908299,495.575228,-126.978327,-5.684341886080801e-13
2025-05-04,正式期,2025-05-03,2025-05-03,否,否,14.0,7.0,1.3952,LP已验证互斥及全部原约束,Optimization terminated successfully. (HiGHS Status 7: Optimal),0,144,5873.021673,6000.000000,5622.157328,36853.304002,6819.240841,43672.544843,71.645572,22.311054,0.659722,0.156145,1166.919312,4256.473603,2439.520706,4397.602829,3481.407798,2479.881912,-377.842672,9.094947017729282e-13
2025-05-05,正式期,2025-05-04,2025-05-04,否,否,5.0,7.0,1.3952,LP已验证互斥及全部原约束,Optimization terminated successfully. (HiGHS Status 7: Optimal),0,144,5622.157328,6000.000000,6000.000000,38654.055018,1555.800917,40209.855935,48.601345,14.506834,0.694444,0.038692,383.524356,4537.526267,2660.519563,574.910469,146.682435,118.812773,0.000000,-2.8421709430404007e-13
2025-05-06,正式期,2025-05-05,2025-05-05,否,否,5.0,7.0,1.3952,LP已验证互斥及全部原约束,Optimization terminated successfully. (HiGHS Status 7: Optimal),0,144,6000.000000,6000.000000,5968.805556,39186.697853,486.724055,39673.421908,67.552963,17.416354,0.784722,0.012268,169.784714,5114.604677,3160.870343,3061.284983,658.781560,505.538064,-31.194444,-1.3642420526593924e-12
2025-05-07,正式期,2025-05-06,2025-05-06,否,否,5.0,7.0,1.3952,LP已验证互斥及全部原约束,Optimization terminated successfully. (HiGHS Status 7: Optimal),0,144,5968.805556,6000.000000,5983.554759,39031.143595,1081.511231,40112.654826,45.804954,11.350111,0.770833,0.026962,210.711939,3959.784463,2157.794043,1991.694135,951.737682,756.106806,-16.445241,-4.547473508864641e-12
2025-05-08,正式期,2025-05-07,2025-05-07,否,否,5.0,7.0,1.3952,LP已验证互斥及全部原约束,Optimization terminated successfully. (HiGHS Status 7: Optimal),0,144,5983.554759,6000.000000,6000.000000,39126.896044,1764.631533,40891.527577,46.843293,13.711560,0.798611,0.043154,359.047761,4690.041009,3013.007329,647.179355,1670.164397,1352.833161,0.000000,3.637978807091713e-12
2025-05-09,正式期,2025-05-08,2025-05-08,否,否,14.0,7.0,1.3952,LP已验证互斥及全部原约束,Optimization terminated successfully. (HiGHS Status 7: Optimal),0,144,6000.000000,6000.000000,6000.000000,15816.593647,324.354709,16140.948356,50.554345,12.705432,0.798611,0.020095,116.107050,1449.667047,834.405738,17358.351702,847.705782,686.641684,0.000000,3.296918293926865e-12
2025-05-10,正式期,2025-05-09,2025-05-09,否,否,10.0,7.0,1.3952,LP已验证互斥及全部原约束,Optimization terminated successfully. (HiGHS Status 7: Optimal),0,144,6000.000000,6000.000000,5985.587037,15701.030100,150.115419,15851.145519,43.612863,17.871518,0.618056,0.009470,34.222950,604.839001,561.086551,14303.204295,747.711296,592.674483,-14.412963,-3.751665644813329e-12
2025-05-11,正式期,2025-05-10,2025-05-10,否,否,5.0,7.0,1.3952,LP已验证互斥及全部原约束,Optimization terminated successfully. (HiGHS Status 7: Optimal),0,144,5985.587037,6000.000000,5969.874778,39727.473968,1230.188668,40957.662636,53.293317,14.183969,0.750000,0.030036,247.791819,4882.501734,3033.536699,1900.321883,2767.515517,2214.574869,-30.125222,4.092726157978177e-12
2025-05-12,正式期,2025-05-11,2025-05-11,否,否,5.0,5.0,1.3952,LP已验证互斥及全部原约束,Optimization terminated successfully. (HiGHS Status 7: Optimal),0,144,5969.874778,6000.000000,6000.000000,39525.028238,317.409217,39842.437455,77.147580,19.049388,0.840278,0.007967,121.982405,6218.728141,3483.755694,4215.634000,4950.877558,4010.210822,0.000000,6.366462912410498e-12
2025-05-13,正式期,2025-05-12,2025-05-12,否,否,5.0,7.0,1.3952,LP已验证互斥及全部原约束,Optimization terminated successfully. (HiGHS Status 7: Optimal),0,144,6000.000000,6000.000000,6000.000000,39560.666427,4.884900,39565.551327,60.841545,13.247278,0.909722,0.000123,2.280000,6109.955660,3762.047318,2606.095982,2476.285926,2005.791600,0.000000,5.002220859751105e-12
2025-05-14,正式期,2025-05-13,2025-05-13,否,否,5.0,7.0,1.3952,LP已验证互斥及全部原约束,Optimization terminated successfully. (HiGHS Status 7: Optimal),0,144,6000.000000,6000.000000,5974.872130,39217.585925,37.581944,39255.167868,59.312518,13.282523,0.861111,0.000957,16.957837,5593.432071,3396.067805,2805.448635,2631.129572,2108.599870,-25.127870,2.2737367544323206e-12
2025-05-15,正式期,2025-05-14,2025-05-14,否,否,5.0,7.0,1.3952,LP已验证互斥及全部原约束,Optimization terminated successfully. (HiGHS Status 7: Optimal),0,144,5974.872130,6000.000000,6000.000000,38849.719198,283.932700,39133.651899,56.251519,12.433702,0.847222,0.007255,65.553783,5150.240561,2909.760262,2857.479607,2157.783868,1747.804933,0.000000,0.0
2025-05-16,正式期,2025-05-15,2025-05-15,否,否,14.0,7.0,1.3952,LP已验证互斥及全部原约束,Optimization terminated successfully. (HiGHS Status 7: Optimal),0,144,6000.000000,6000.000000,6000.000000,15725.023103,104.856186,15829.879290,84.991197,18.386918,0.888889,0.006624,49.120105,1693.566385,1056.224106,22929.045229,1682.175397,1362.562072,0.000000,1.1368683772161603e-12
2025-05-17,正式期,2025-05-16,2025-05-16,否,否,14.0,5.0,1.3952,LP已验证互斥及全部原约束,Optimization terminated successfully. (HiGHS Status 7: Optimal),0,144,6000.000000,6000.000000,5976.142593,15709.972617,290.079044,16000.051661,49.229824,18.582197,0.666667,0.018130,66.942300,842.226327,509.222318,15908.702504,1172.795514,928.492700,-23.857407,6.821210263296962e-12
2025-05-18,正式期,2025-05-17,2025-05-17,否,否,7.0,5.0,1.3952,LP已验证互斥及全部原约束,Optimization terminated successfully. (HiGHS Status 7: Optimal),0,144,5976.142593,6000.000000,6000.000000,38647.694866,342.422356,38990.117222,59.455475,16.229893,0.770833,0.008782,146.351140,5050.845754,3388.875075,1882.146681,1619.346551,1311.670707,0.000000,-2.9558577807620168e-12
2025-05-19,正式期,2025-05-18,2025-05-18,否,否,10.0,7.0,1.3952,LP已验证互斥及全部原约束,Optimization terminated successfully. (HiGHS Status 7: Optimal),0,144,6000.000000,6000.000000,5998.341722,38535.483427,451.903982,38987.387409,90.621407,19.078463,0.923611,0.011591,67.003333,7322.745422,4302.572588,5860.880079,2756.076235,2230.929300,-1.658278,-1.3642420526593924e-12
2025-05-20,正式期,2025-05-19,2025-05-19,否,否,10.0,7.0,1.3952,LP已验证互斥及全部原约束,Optimization terminated successfully. (HiGHS Status 7: Optimal),0,144,5998.341722,6000.000000,6000.000000,38198.845430,1137.004033,39335.849464,49.504499,14.365120,0.798611,0.028905,224.203417,3813.182695,2286.396914,1803.373618,2139.634630,1733.104050,0.000000,2.2737367544323206e-13
2025-05-21,正式期,2025-05-20,2025-05-20,否,否,10.0,7.0,1.3952,LP已验证互斥及全部原约束,Optimization terminated successfully. (HiGHS Status 7: Optimal),0,144,6000.000000,6000.000000,5951.894574,38348.437961,768.531795,39116.969756,69.600705,17.078840,0.784722,0.019647,204.110310,4838.600288,2621.286495,4464.886751,2893.450939,2300.400377,-48.105426,-4.547473508864641e-13
2025-05-22,正式期,2025-05-21,2025-05-21,否,否,10.0,7.0,1.3952,LP已验证互斥及全部原约束,Optimization terminated successfully. (HiGHS Status 7: Optimal),0,144,5951.894574,6000.000000,6000.000000,38367.049030,294.355038,38661.404068,64.455382,13.395933,0.930556,0.007614,46.965133,5581.880016,3048.746226,3920.441037,2190.063436,1773.951383,0.000000,4.320099833421409e-12
2025-05-23,正式期,2025-05-22,2025-05-22,否,否,14.0,7.0,1.3952,LP已验证互斥及全部原约束,Optimization terminated successfully. (HiGHS Status 7: Optimal),0,144,6000.000000,6000.000000,6000.000000,15627.514823,18.113590,15645.628413,55.836880,12.340963,0.888889,0.001158,8.403428,2048.941660,1164.286785,18427.298183,1252.745776,1014.724078,0.000000,7.275957614183426e-12
2025-05-24,正式期,2025-05-23,2025-05-23,否,否,14.0,7.0,1.3952,LP已验证互斥及全部原约束,Optimization terminated successfully. (HiGHS Status 7: Optimal),0,144,6000.000000,6000.000000,6000.000000,15597.874699,10.020713,15607.895413,71.587079,15.926800,0.805556,0.000642,4.717850,2065.680267,1367.816542,20962.215493,1343.678210,1088.379350,0.000000,6.821210263296962e-13
2025-05-25,正式期,2025-05-24,2025-05-24,否,否,10.0,7.0,1.3952,LP已验证互斥及全部原约束,Optimization terminated successfully. (HiGHS Status 7: Optimal),0,144,6000.000000,6000.000000,6000.000000,37556.816114,2.990147,37559.806261,70.388794,14.889432,0.923611,0.000080,1.357687,4930.689698,2968.328933,5274.805541,2409.234223,1951.479721,0.000000,-4.547473508864641e-13
2025-05-26,正式期,2025-05-25,2025-05-25,否,否,10.0,5.0,1.3952,LP已验证互斥及全部原约束,Optimization terminated successfully. (HiGHS Status 7: Optimal),0,144,6000.000000,6000.000000,6000.000000,36930.420402,209.390011,37139.810413,48.655822,18.963369,0.736111,0.005638,45.454983,2721.392428,1707.402149,0.000000,531.353128,430.396033,0.000000,8.753886504564434e-12
2025-05-27,正式期,2025-05-26,2025-05-26,否,否,10.0,7.0,1.3952,LP已验证互斥及全部原约束,Optimization terminated successfully. (HiGHS Status 7: Optimal),0,144,6000.000000,6000.000000,6000.000000,37638.420087,91.930747,37730.350834,68.191039,14.868918,0.833333,0.002437,42.023905,5836.450142,3485.243541,3841.177868,2141.238360,1734.403072,0.000000,1.5916157281026244e-12
2025-05-28,正式期,2025-05-27,2025-05-27,否,否,10.0,7.0,1.3952,LP已验证互斥及全部原约束,Optimization terminated successfully. (HiGHS Status 7: Optimal),0,144,6000.000000,6000.000000,5994.535185,37383.992391,158.217004,37542.209395,54.236269,14.830804,0.770833,0.004214,50.702627,3418.476107,2194.704038,2740.185333,1079.588840,869.548627,-5.464815,6.934897101018578e-12
2025-05-29,正式期,2025-05-28,2025-05-28,否,否,10.0,7.0,1.3952,LP已验证互斥及全部原约束,Optimization terminated successfully. (HiGHS Status 7: Optimal),0,144,5994.535185,6000.000000,6000.000000,37429.558688,570.890850,38000.449538,42.293227,12.002380,0.750000,0.015023,125.573540,3272.145188,1795.996625,1290.597133,252.297272,204.360790,0.000000,5.144329406903125e-12
2025-05-30,正式期,2025-05-29,2025-05-29,否,否,14.0,7.0,1.3952,LP已验证互斥及全部原约束,Optimization terminated successfully. (HiGHS Status 7: Optimal),0,144,6000.000000,6000.000000,6000.000000,15248.304663,848.306105,16096.610768,60.185689,16.178113,0.756944,0.052701,184.964283,1599.300547,694.952335,18422.032143,1199.827490,971.860267,0.000000,5.002220859751105e-12
2025-05-31,正式期,2025-05-30,2025-05-30,否,否,21.0,7.0,1.3952,LP已验证互斥及全部原约束,Optimization terminated successfully. (HiGHS Status 7: Optimal),0,144,6000.000000,6000.000000,5830.330537,15181.937065,0.849246,15182.786311,48.286460,13.715088,0.750000,0.000056,0.399833,1830.801029,1194.615375,16176.995429,460.021008,219.914500,-169.669463,2.1884716261411086e-12
2025-06-01,正式期,2025-05-31,2025-05-31,否,否,10.0,7.0,1.3952,LP已验证互斥及全部原约束,Optimization terminated successfully. (HiGHS Status 7: Optimal),0,144,5830.330537,6000.000000,5015.465233,37966.850013,54957.627749,92924.477761,93.372254,72.172921,0.180556,0.591423,10390.065794,15.959317,5.925694,0.000000,5123.543067,3263.988594,-984.534767,-7.73070496506989e-12
2025-06-02,正式期,2025-06-01,2025-06-01,否,否,10.0,7.0,1.3952,LP已验证互斥及全部原约束,Optimization terminated successfully. (HiGHS Status 7: Optimal),0,144,5015.465233,6000.000000,5115.046113,40051.338288,36897.205383,76948.543672,79.122415,54.244127,0.187500,0.479505,7650.529929,1419.066170,660.208329,383.022343,2120.534046,921.174079,-884.953887,-3.410605131648481e-13
2025-06-03,正式期,2025-06-02,2025-06-02,否,否,7.0,3.0,1.3952,LP已验证互斥及全部原约束,Optimization terminated successfully. (HiGHS Status 7: Optimal),0,144,5115.046113,6000.000000,5946.285704,48360.164376,3653.516560,52013.680936,56.038059,16.588291,0.611111,0.070241,727.637258,5183.920665,3009.501950,1368.009584,1522.082232,1184.543741,-53.714296,-2.0463630789890885e-12
2025-06-04,正式期,2025-06-03,2025-06-03,否,否,5.0,3.0,1.3952,LP已验证互斥及全部原约束,Optimization terminated successfully. (HiGHS Status 7: Optimal),0,144,5946.285704,6000.000000,5998.098148,48099.795420,4669.084875,52768.880295,52.946347,19.372804,0.597222,0.088482,1235.040223,4851.276277,3100.742291,408.691817,3237.046427,2620.295939,-1.901852,3.637978807091713e-12
2025-06-05,正式期,2025-06-04,2025-06-04,否,否,5.0,3.0,1.3952,LP已验证互斥及全部原约束,Optimization terminated successfully. (HiGHS Status 7: Optimal),0,144,5998.098148,6000.000000,6000.000000,48129.687126,3745.773670,51875.460796,44.040971,16.366084,0.638889,0.072207,911.308356,3298.670504,1861.394420,559.651233,1225.793588,992.892806,0.000000,5.4569682106375694e-12
2025-06-06,正式期,2025-06-05,2025-06-05,否,否,21.0,3.0,1.3952,LP已验证互斥及全部原约束,Optimization terminated successfully. (HiGHS Status 7: Optimal),0,144,6000.000000,6000.000000,5249.717111,15685.177507,25380.071771,41065.249278,75.916023,55.943188,0.270833,0.618043,5608.948718,25.070850,10.863199,2553.888750,659.476133,-141.078932,-750.282889,-4.149569576838985e-12
2025-06-07,正式期,2025-06-06,2025-06-06,否,否,14.0,3.0,1.3952,LP已验证互斥及全部原约束,Optimization terminated successfully. (HiGHS Status 7: Optimal),0,144,5249.717111,6000.000000,5832.437963,21365.626064,1216.947865,22582.573930,47.557177,21.676470,0.555556,0.053889,195.129983,1604.691447,1280.539268,1363.133172,243.355453,46.312083,-167.562037,-3.552713678800501e-14
2025-06-08,正式期,2025-06-07,2025-06-07,否,否,5.0,3.0,1.3952,LP已验证互斥及全部原约束,Optimization terminated successfully. (HiGHS Status 7: Optimal),0,144,5832.437963,6000.000000,5992.485204,53812.794907,219.025949,54031.820857,114.013467,24.168933,0.881944,0.004054,50.263750,13649.558457,7929.888678,3734.550950,8236.516790,6664.815283,-7.514796,8.185452315956354e-12
2025-06-09,正式期,2025-06-08,2025-06-08,否,否,5.0,3.0,1.3952,LP已验证互斥及全部原约束,Optimization terminated successfully. (HiGHS Status 7: Optimal),0,144,5992.485204,6000.000000,5961.734741,52245.683787,3143.586485,55389.270271,70.283054,17.944726,0.750000,0.056754,756.898573,9586.781355,5188.008059,372.784883,4809.286572,3861.083390,-38.265259,7.275957614183426e-12
2025-06-10,正式期,2025-06-09,2025-06-09,否,否,5.0,3.0,1.3952,LP已验证互斥及全部原约束,Optimization terminated successfully. (HiGHS Status 7: Optimal),0,144,5961.734741,6000.000000,5998.875926,51476.626312,597.644297,52074.270609,51.337495,12.140894,0.826389,0.011477,139.957586,6671.030530,4057.917083,425.763233,2433.973130,1970.506569,-1.124074,2.7284841053187847e-12
2025-06-11,正式期,2025-06-10,2025-06-10,否,否,5.0,3.0,1.3952,LP已验证互斥及全部原约束,Optimization terminated successfully. (HiGHS Status 7: Optimal),0,144,5998.875926,6000.000000,6000.000000,50665.435813,9606.475998,60271.911811,43.665087,19.791649,0.645833,0.159386,2113.328297,3160.672122,1740.856148,17.533333,448.670922,363.423447,0.000000,3.865352482534945e-12
2025-06-12,正式期,2025-06-11,2025-06-11,否,否,5.0,5.0,1.3952,LP已验证互斥及全部原约束,Optimization terminated successfully. (HiGHS Status 7: Optimal),0,144,6000.000000,6000.000000,6000.000000,52409.844346,720.868402,53130.712748,55.221837,13.672668,0.847222,0.013568,130.502883,6994.249036,3895.324900,476.798783,3422.025103,2771.840333,0.000000,-9.094947017729282e-13
2025-06-13,正式期,2025-06-12,2025-06-12,否,否,14.0,5.0,1.3952,LP已验证互斥及全部原约束,Optimization terminated successfully. (HiGHS Status 7: Optimal),0,144,6000.000000,6000.000000,6000.000000,20592.421884,939.194384,21531.616268,48.140089,15.873919,0.673611,0.043619,198.242583,1063.199617,643.085006,3906.363186,411.974753,333.699550,0.000000,3.581135388230905e-12
2025-06-14,正式期,2025-06-13,2025-06-13,否,否,10.0,5.0,1.3952,LP已验证互斥及全部原约束,Optimization terminated successfully. (HiGHS Status 7: Optimal),0,144,6000.000000,6000.000000,5968.909019,20712.457535,236.110181,20948.567716,57.183978,16.096195,0.715278,0.011271,105.166883,738.996566,596.567592,6561.749680,905.388313,705.382650,-31.090981,-2.2737367544323206e-13
2025-06-15,正式期,2025-06-14,2025-06-14,否,否,5.0,5.0,1.3952,LP已验证互斥及全部原约束,Optimization terminated successfully. (HiGHS Status 7: Optimal),0,144,5968.909019,6000.000000,6000.000000,52436.991681,326.666251,52763.657932,63.827713,13.577259,0.923611,0.006191,53.865117,9393.198088,5751.377189,127.297250,3500.333272,2835.269950,0.000000,4.092726157978177e-12
2025-06-16,正式期,2025-06-15,2025-06-15,否,否,5.0,5.0,1.3952,LP已验证互斥及全部原约束,Optimization terminated successfully. (HiGHS Status 7: Optimal),0,144,6000.000000,6000.000000,6000.000000,51786.367615,715.111373,52501.478988,46.763455,11.414614,0.805556,0.013621,163.929969,5943.787351,3509.762355,341.822433,1986.658501,1609.193386,0.000000,-8.185452315956354e-12
2025-06-17,正式期,2025-06-16,2025-06-16,否,否,5.0,5.0,1.3952,LP已验证互斥及全部原约束,Optimization terminated successfully. (HiGHS Status 7: Optimal),0,144,6000.000000,6000.000000,6000.000000,51461.790588,6666.890030,58128.680619,49.768606,17.699886,0.722222,0.114692,1496.517993,5340.196391,3112.448195,78.376250,2492.287007,2018.752476,0.000000,2.2737367544323206e-12
2025-06-18,正式期,2025-06-17,2025-06-17,否,否,7.0,5.0,1.3952,LP已验证互斥及全部原约束,Optimization terminated successfully. (HiGHS Status 7: Optimal),0,144,6000.000000,6000.000000,6000.000000,52042.599325,75.711756,52118.311081,58.102235,12.648776,0.902778,0.001453,15.676483,8520.049419,4955.301474,232.473533,4545.907469,3682.185050,0.000000,9.094947017729282e-12
2025-06-19,正式期,2025-06-18,2025-06-18,否,否,7.0,5.0,1.3952,LP已验证互斥及全部原约束,Optimization terminated successfully. (HiGHS Status 7: Optimal),0,144,6000.000000,6000.000000,6000.000000,51485.353846,1207.599555,52692.953401,73.954388,16.254959,0.868056,0.022918,204.609400,9541.153123,5755.820398,1254.092167,3389.279506,2745.316400,0.000000,4.547473508864641e-12
2025-06-20,正式期,2025-06-19,2025-06-19,否,否,10.0,5.0,1.3952,LP已验证互斥及全部原约束,Optimization terminated successfully. (HiGHS Status 7: Optimal),0,144,6000.000000,6000.000000,6000.000000,20924.166545,116.921330,21041.087875,69.110151,14.754171,0.902778,0.005557,25.242083,2285.085023,1425.742774,9198.160164,1702.156687,1378.746917,0.000000,1.1368683772161603e-12
2025-06-21,正式期,2025-06-20,2025-06-20,否,否,10.0,5.0,1.3952,LP已验证互斥及全部原约束,Optimization terminated successfully. (HiGHS Status 7: Optimal),0,144,6000.000000,6000.000000,6000.000000,20733.754645,81.584617,20815.339262,87.737138,19.332479,0.833333,0.003919,38.221887,2936.454628,2068.985647,11134.807712,1049.033790,849.717370,0.000000,-2.2737367544323206e-12
2025-06-22,正式期,2025-06-21,2025-06-21,否,否,7.0,5.0,1.3952,LP已验证互斥及全部原约束,Optimization terminated successfully. (HiGHS Status 7: Optimal),0,144,6000.000000,6000.000000,6000.000000,50587.920328,812.290606,51400.210934,70.514468,15.585024,0.888889,0.015803,183.338331,9702.431908,5883.880382,640.606067,3773.889174,3056.850231,0.000000,-4.092726157978177e-12
2025-06-23,正式期,2025-06-22,2025-06-22,否,否,7.0,5.0,1.3952,LP已验证互斥及全部原约束,Optimization terminated successfully. (HiGHS Status 7: Optimal),0,144,6000.000000,6000.000000,6000.000000,50338.251059,105.048980,50443.300039,68.905268,14.660055,0.909722,0.002083,15.346650,8611.668052,4903.426186,1415.628874,2692.168560,2180.656533,0.000000,5.4569682106375694e-12
2025-06-24,正式期,2025-06-23,2025-06-23,否,否,7.0,5.0,1.3952,LP已验证互斥及全部原约束,Optimization terminated successfully. (HiGHS Status 7: Optimal),0,144,6000.000000,6000.000000,5980.944444,49934.120631,10408.787384,60342.908015,47.277332,24.300714,0.590278,0.172494,2232.704245,1977.612868,1113.190613,127.728100,911.945735,721.526045,-19.055556,4.547473508864641e-13
2025-06-25,正式期,2025-06-24,2025-06-24,否,否,7.0,5.0,1.3952,LP已验证互斥及全部原约束,Optimization terminated successfully. (HiGHS Status 7: Optimal),0,144,5980.944444,6000.000000,6000.000000,52130.162424,331.756659,52461.919083,67.858595,15.973592,0.861111,0.006324,50.722950,9203.324249,5623.947134,168.007317,3694.052449,2992.182483,0.000000,3.183231456205249e-12
2025-06-26,正式期,2025-06-25,2025-06-25,否,否,7.0,5.0,1.3952,LP已验证互斥及全部原约束,Optimization terminated successfully. (HiGHS Status 7: Optimal),0,144,6000.000000,6000.000000,6000.000000,51018.345169,729.236659,51747.581829,73.777268,15.879818,0.881944,0.014092,109.242317,9534.238440,5901.882251,1225.186200,2978.687840,2412.737150,0.000000,1.8189894035458565e-12
2025-06-27,正式期,2025-06-26,2025-06-26,否,否,10.0,5.0,1.3952,LP已验证互斥及全部原约束,Optimization terminated successfully. (HiGHS Status 7: Optimal),0,144,6000.000000,6000.000000,6000.000000,20484.889855,95.672786,20580.562641,84.630221,17.761225,0.916667,0.004649,45.061117,2561.188751,1639.547171,10764.012281,1126.119115,912.156483,0.000000,-6.0254023992456496e-12
2025-06-28,正式期,2025-06-27,2025-06-27,否,否,10.0,5.0,1.3952,LP已验证互斥及全部原约束,Optimization terminated successfully. (HiGHS Status 7: Optimal),0,144,6000.000000,6000.000000,5889.458093,20191.844187,46.956760,20238.800948,68.641678,16.104695,0.798611,0.002320,10.682917,2199.702328,1416.524471,8756.909581,1131.004959,816.626300,-110.541907,1.1368683772161603e-13
2025-06-29,正式期,2025-06-28,2025-06-28,否,否,7.0,5.0,1.3952,LP已验证互斥及全部原约束,Optimization terminated successfully. (HiGHS Status 7: Optimal),0,144,5889.458093,6000.000000,6000.000000,50068.963486,638.035476,50706.998962,59.271496,15.455574,0.805556,0.012583,165.979848,6305.733685,3704.564577,1329.011767,3485.695369,2823.413248,0.000000,3.183231456205249e-12
2025-06-30,正式期,2025-06-29,2025-06-29,否,否,7.0,5.0,1.3952,LP已验证互斥及全部原约束,Optimization terminated successfully. (HiGHS Status 7: Optimal),0,144,6000.000000,6000.000000,5821.739315,49865.349055,1585.514363,51450.863418,56.384669,15.183659,0.812500,0.030816,364.281700,6130.722983,3609.750768,1140.993433,2646.504033,1983.233650,-178.260685,-4.547473508864641e-13
2025-07-01,正式期,2025-06-30,2025-06-30,否,否,10.0,5.0,1.3952,LP已验证互斥及全部原约束,Optimization terminated successfully. (HiGHS Status 7: Optimal),0,144,5821.739315,6000.000000,4869.609413,50086.121160,18992.317830,69078.438991,72.031034,41.553923,0.347222,0.274938,4765.364544,3441.510435,1980.103423,229.315617,2876.551468,1312.655161,-1130.390587,3.865352482534945e-12
2025-07-02,正式期,2025-07-01,2025-07-01,否,否,10.0,5.0,1.3952,LP已验证互斥及全部原约束,Optimization terminated successfully. (HiGHS Status 7: Optimal),0,144,4869.609413,6000.000000,5094.166760,51622.566707,14710.138398,66332.705105,105.459135,42.880772,0.451389,0.221763,3771.208783,7378.015074,4184.342173,3056.805744,5899.686419,3963.496083,-905.833240,-9.094947017729282e-13
2025-07-03,正式期,2025-07-02,2025-07-02,否,否,5.0,5.0,1.3952,LP已验证互斥及全部原约束,Optimization terminated successfully. (HiGHS Status 7: Optimal),0,144,5094.166760,6000.000000,6000.000000,57963.801205,3877.403374,61841.204579,70.232824,20.944478,0.680556,0.062699,867.886936,7921.181903,4859.729680,377.727333,3307.863687,2679.369586,0.000000,9.094947017729282e-13
2025-07-04,正式期,2025-07-03,2025-07-03,否,否,14.0,5.0,1.3952,LP已验证互斥及全部原约束,Optimization terminated successfully. (HiGHS Status 7: Optimal),0,144,6000.000000,6000.000000,4937.591435,19720.803416,21939.308140,41660.111556,93.601144,48.750726,0.312500,0.526626,5638.639667,84.947683,73.977001,9769.509513,629.318179,-446.419983,-1062.408565,1.7053025658242404e-13
2025-07-05,正式期,2025-07-04,2025-07-04,否,否,14.0,5.0,1.3952,LP已验证互斥及全部原约束,Optimization terminated successfully. (HiGHS Status 7: Optimal),0,144,4937.591435,6000.000000,5849.408185,26186.744972,1049.446863,27236.191835,85.374016,21.312433,0.729167,0.038531,283.745483,1203.118198,841.377730,10961.322371,290.086770,99.437650,-150.591815,3.0269120543380268e-12
2025-07-06,正式期,2025-07-05,2025-07-05,否,否,5.0,5.0,1.3952,LP已验证互斥及全部原约束,Optimization terminated successfully. (HiGHS Status 7: Optimal),0,144,5849.408185,6000.000000,5988.078926,56644.086137,3361.103342,60005.189479,54.645831,16.176312,0.701389,0.056014,785.695114,5986.800501,3217.279999,587.362083,2249.310017,1811.212147,-11.921074,-4.547473508864641e-13
2025-07-07,正式期,2025-07-06,2025-07-06,否,否,5.0,5.0,1.3952,LP已验证互斥及全部原约束,Optimization terminated successfully. (HiGHS Status 7: Optimal),0,144,5988.078926,6000.000000,5991.943000,57069.308920,1093.735441,58163.044361,94.656278,21.870946,0.805556,0.018805,408.810441,10860.118089,6656.818957,2896.426533,5900.159022,4771.877508,-8.057000,2.7284841053187847e-12
2025-07-08,正式期,2025-07-07,2025-07-07,否,否,5.0,5.0,1.3952,LP已验证互斥及全部原约束,Optimization terminated successfully. (HiGHS Status 7: Optimal),0,144,5991.943000,6000.000000,6000.000000,57185.574166,1217.750941,58403.325107,79.522802,18.095473,0.798611,0.020851,295.396179,9660.716201,5347.047034,1704.023817,3524.729501,2855.030896,0.000000,-5.4569682106375694e-12
2025-07-09,正式期,2025-07-08,2025-07-08,否,否,5.0,5.0,1.3952,LP已验证互斥及全部原约束,Optimization terminated successfully. (HiGHS Status 7: Optimal),0,144,6000.000000,6000.000000,6000.000000,56347.203445,1085.467359,57432.670804,78.306132,16.852014,0.895833,0.018900,218.473283,9848.611185,5940.320599,1869.400900,4184.387202,3389.353633,0.000000,-4.092726157978177e-12
2025-07-10,正式期,2025-07-09,2025-07-09,否,否,5.0,3.0,1.3952,LP已验证互斥及全部原约束,Optimization terminated successfully. (HiGHS Status 7: Optimal),0,144,6000.000000,6000.000000,6000.000000,54096.077933,825.582686,54921.660619,66.680430,15.372724,0.847222,0.015032,146.739700,7198.601224,4215.295277,2094.646317,2747.958724,2225.846567,0.000000,9.094947017729282e-13
2025-07-11,正式期,2025-07-10,2025-07-10,否,否,14.0,3.0,1.3952,LP已验证互斥及全部原约束,Optimization terminated successfully. (HiGHS Status 7: Optimal),0,144,6000.000000,6000.000000,6000.000000,25342.772996,1795.757859,27138.530856,52.004576,25.508726,0.506944,0.066170,494.682300,1516.588293,1210.300881,6281.638467,-421.109074,-341.098350,0.000000,2.3874235921539366e-12
2025-07-12,正式期,2025-07-11,2025-07-11,否,否,10.0,5.0,1.3952,LP已验证互斥及全部原约束,Optimization terminated successfully. (HiGHS Status 7: Optimal),0,144,6000.000000,6000.000000,5899.068278,25688.440187,1024.103965,26712.544152,47.897463,13.096835,0.743056,0.038338,255.289248,981.162402,695.278643,8858.008936,602.508105,397.193015,-100.931722,2.0463630789890885e-12
2025-07-13,正式期,2025-07-12,2025-07-12,否,否,5.0,5.0,1.3952,LP已验证互斥及全部原约束,Optimization terminated successfully. (HiGHS Status 7: Optimal),0,144,5899.068278,6000.000000,6000.000000,55334.587118,712.393482,56046.980600,102.200411,21.368661,0.916667,0.012711,109.855867,11935.464540,6650.465347,3236.158200,4161.186440,3370.561017,0.000000,-1.8189894035458565e-12
2025-07-14,正式期,2025-07-13,2025-07-13,否,否,5.0,5.0,1.3952,LP已验证互斥及全部原约束,Optimization terminated successfully. (HiGHS Status 7: Optimal),0,144,6000.000000,6000.000000,6000.000000,54335.107795,1416.428291,55751.536086,77.898335,17.247993,0.861111,0.025406,228.326821,9950.916912,5638.149776,1497.764633,4230.479779,3426.688621,0.000000,-3.637978807091713e-12
2025-07-15,正式期,2025-07-14,2025-07-14,否,否,5.0,3.0,1.3952,LP已验证互斥及全部原约束,Optimization terminated successfully. (HiGHS Status 7: Optimal),0,144,6000.000000,6000.000000,6000.000000,53315.890485,2681.558026,55997.448511,74.270595,21.391121,0.805556,0.047887,565.731700,6909.891869,3979.704133,1994.249983,4111.607119,3330.401766,0.000000,-1.8189894035458565e-12
2025-07-16,正式期,2025-07-15,2025-07-15,否,否,5.0,5.0,1.3952,LP已验证互斥及全部原约束,Optimization terminated successfully. (HiGHS Status 7: Optimal),0,144,6000.000000,6000.000000,6000.000000,54215.014342,675.753795,54890.768138,76.580607,17.692178,0.854167,0.012311,141.575633,8320.487144,4578.210788,2464.660450,3981.430844,3224.958983,0.000000,-1.8189894035458565e-12
2025-07-17,正式期,2025-07-16,2025-07-16,否,否,5.0,5.0,1.3952,LP已验证互斥及全部原约束,Optimization terminated successfully. (HiGHS Status 7: Optimal),0,144,6000.000000,6000.000000,6000.000000,54035.643459,1295.326226,55330.969685,70.476031,16.589869,0.805556,0.023411,335.434798,7818.364880,4267.758203,1880.423836,2169.702199,1757.458781,0.000000,1.5916157281026244e-12
2025-07-18,正式期,2025-07-17,2025-07-17,否,否,10.0,5.0,1.3952,LP已验证互斥及全部原约束,Optimization terminated successfully. (HiGHS Status 7: Optimal),0,144,6000.000000,6000.000000,6000.000000,26011.876878,230.854573,26242.731452,44.413943,14.747011,0.673611,0.008797,56.457100,2189.078084,1403.485281,7719.042290,1152.324074,933.382500,0.000000,-1.1368683772161603e-12
2025-07-19,正式期,2025-07-18,2025-07-18,否,否,10.0,7.0,1.3952,LP已验证互斥及全部原约束,Optimization terminated successfully. (HiGHS Status 7: Optimal),0,144,6000.000000,6000.000000,5881.582463,25736.858670,640.899268,26377.757939,67.741814,15.591389,0.819444,0.024297,120.412283,1273.029790,831.706383,12555.820264,1196.622037,862.688067,-118.417537,-2.7284841053187847e-12
2025-07-20,正式期,2025-07-19,2025-07-19,否,否,5.0,7.0,1.3952,LP已验证互斥及全部原约束,Optimization terminated successfully. (HiGHS Status 7: Optimal),0,144,5881.582463,6000.000000,5998.213278,54363.798282,77.767452,54441.565733,73.017916,15.794000,0.909722,0.001428,12.857150,8029.733768,4620.783945,2649.541967,3798.056851,3074.818000,-1.786722,-1.8189894035458565e-12
2025-07-21,正式期,2025-07-20,2025-07-20,否,否,5.0,7.0,1.3952,LP已验证互斥及全部原约束,Optimization terminated successfully. (HiGHS Status 7: Optimal),0,144,5998.213278,6000.000000,5979.027778,53709.915343,855.569366,54565.484709,56.025519,13.017816,0.840278,0.015680,175.990029,6162.721188,3349.823426,1731.021750,2638.447505,2118.267479,-20.972222,-1.8189894035458565e-12
2025-07-22,正式期,2025-07-21,2025-07-21,否,否,5.0,7.0,1.3952,LP已验证互斥及全部原约束,Optimization terminated successfully. (HiGHS Status 7: Optimal),0,144,5979.027778,6000.000000,6000.000000,53693.763067,2495.496304,56189.259372,64.064727,16.719413,0.784722,0.044412,590.983059,7875.801351,4534.589156,620.428315,2921.213200,2366.182692,0.000000,-1.3642420526593924e-12
2025-07-23,正式期,2025-07-22,2025-07-22,否,否,5.0,7.0,1.3952,LP已验证互斥及全部原约束,Optimization terminated successfully. (HiGHS Status 7: Optimal),0,144,6000.000000,6000.000000,5992.357667,53780.233205,382.352709,54162.585914,57.669386,14.051956,0.812500,0.007059,65.252950,5942.045297,3178.540837,1586.574253,1898.812716,1531.160200,-7.642333,2.5011104298755527e-12
2025-07-24,正式期,2025-07-23,2025-07-23,否,否,5.0,7.0,1.3952,LP已验证互斥及全部原约束,Optimization terminated successfully. (HiGHS Status 7: Optimal),0,144,5992.357667,6000.000000,6000.000000,53659.732766,2177.767094,55837.499860,63.275425,15.876123,0.833333,0.039002,487.115406,7297.506599,3919.042597,1418.050600,3488.837155,2825.958096,0.000000,2.2737367544323206e-12
2025-07-25,正式期,2025-07-24,2025-07-24,否,否,10.0,7.0,1.3952,LP已验证互斥及全部原约束,Optimization terminated successfully. (HiGHS Status 7: Optimal),0,144,6000.000000,6000.000000,6000.000000,26169.833846,671.624706,26841.458553,70.272978,15.893256,0.875000,0.025022,118.884576,2977.190552,1918.335257,12052.714002,1315.687872,1065.707176,0.000000,-3.410605131648481e-12
2025-07-26,正式期,2025-07-25,2025-07-25,否,否,10.0,7.0,1.3952,LP已验证互斥及全部原约束,Optimization terminated successfully. (HiGHS Status 7: Optimal),0,144,6000.000000,6000.000000,5998.400000,25885.208011,0.000000,25885.208011,55.284413,14.098578,0.840278,0.000000,0.000000,2183.997180,1542.686286,10205.445918,670.159465,541.389167,-1.600000,-6.821210263296962e-12
2025-07-27,正式期,2025-07-26,2025-07-26,否,否,5.0,7.0,1.3952,LP已验证互斥及全部原约束,Optimization terminated successfully. (HiGHS Status 7: Optimal),0,144,5998.400000,6000.000000,5998.566667,53686.477412,214.125586,53900.602998,62.472491,15.740988,0.819444,0.003973,85.794734,6731.322420,3985.097270,992.820934,1049.132121,848.507018,-1.433333,-8.29913915367797e-12
2025-07-28,正式期,2025-07-27,2025-07-27,否,否,5.0,7.0,1.3952,LP已验证互斥及全部原约束,Optimization terminated successfully. (HiGHS Status 7: Optimal),0,144,5998.566667,6000.000000,6000.000000,53135.954466,1873.505560,55009.460026,41.894219,15.823185,0.694444,0.034058,392.275291,2903.798836,1668.687317,110.556317,855.770236,693.173891,0.000000,3.296918293926865e-12
2025-07-29,正式期,2025-07-28,2025-07-28,否,否,5.0,7.0,1.3952,LP已验证互斥及全部原约束,Optimization terminated successfully. (HiGHS Status 7: Optimal),0,144,6000.000000,6000.000000,6000.000000,53879.384982,870.202594,54749.587576,53.491345,15.494496,0.770833,0.015894,133.854150,5659.535782,3435.667938,259.434429,2023.955412,1639.403883,0.000000,-4.092726157978177e-12
2025-07-30,正式期,2025-07-29,2025-07-29,否,否,5.0,7.0,1.3952,LP已验证互斥及全部原约束,Optimization terminated successfully. (HiGHS Status 7: Optimal),0,144,6000.000000,6000.000000,6000.000000,54035.101735,862.372050,54897.473785,58.050647,13.177800,0.854167,0.015709,185.273948,6792.810950,3763.490438,1492.766896,2597.329463,2103.836865,0.000000,1.3642420526593924e-12
2025-07-31,正式期,2025-07-30,2025-07-30,否,否,7.0,7.0,1.3952,LP已验证互斥及全部原约束,Optimization terminated successfully. (HiGHS Status 7: Optimal),0,144,6000.000000,6000.000000,6000.000000,54000.210112,563.566189,54563.776301,53.456049,12.322622,0.833333,0.010329,102.108250,6803.922476,3779.555179,559.089350,1822.685226,1476.375033,0.000000,5.002220859751105e-12
2025-08-01,正式期,2025-07-31,2025-07-31,否,否,10.0,7.0,1.3952,LP已验证互斥及全部原约束,Optimization terminated successfully. (HiGHS Status 7: Optimal),0,144,6000.000000,6000.000000,6000.000000,25884.993093,61.788298,25946.781391,109.005395,23.171140,0.868056,0.002381,12.545267,2869.699497,1791.576795,17091.669030,1735.329794,1405.617133,0.000000,3.183231456205249e-12
2025-08-02,正式期,2025-08-01,2025-08-01,否,否,10.0,7.0,1.3952,LP已验证互斥及全部原约束,Optimization terminated successfully. (HiGHS Status 7: Optimal),0,144,6000.000000,6000.000000,5907.773296,25648.088833,0.000000,25648.088833,103.999748,21.752571,0.923611,0.000000,0.000000,2514.801458,1691.031599,17369.638184,1336.101975,999.238567,-92.226704,-3.865352482534945e-12
2025-08-03,正式期,2025-08-02,2025-08-02,否,否,10.0,7.0,1.3952,LP已验证互斥及全部原约束,Optimization terminated successfully. (HiGHS Status 7: Optimal),0,144,5907.773296,6000.000000,6000.000000,53588.751618,770.973438,54359.725056,129.032967,26.912207,0.902778,0.014183,114.385633,11831.230291,6962.059903,7301.680516,5097.224156,4128.751567,0.000000,0.0
2025-08-04,正式期,2025-08-03,2025-08-03,否,否,10.0,7.0,1.3952,LP已验证互斥及全部原约束,Optimization terminated successfully. (HiGHS Status 7: Optimal),0,144,6000.000000,6000.000000,5969.728370,53234.093665,25.797499,53259.891164,105.543969,21.528697,0.944444,0.000484,4.497100,11312.372554,6253.119421,4741.463633,5396.403704,4343.842533,-30.271630,3.637978807091713e-12
2025-08-05,正式期,2025-08-04,2025-08-04,否,否,14.0,7.0,1.3952,LP已验证互斥及全部原约束,Optimization terminated successfully. (HiGHS Status 7: Optimal),0,144,5969.728370,6000.000000,6000.000000,52682.088382,12.303737,52694.392119,101.328374,20.553229,0.937500,0.000233,4.311050,11218.079675,6591.846631,4097.999733,4518.465658,3659.957183,0.000000,5.002220859751105e-12
2025-08-06,正式期,2025-08-05,2025-08-05,否,否,14.0,7.0,1.3952,LP已验证互斥及全部原约束,Optimization terminated successfully. (HiGHS Status 7: Optimal),0,144,6000.000000,6000.000000,5947.821833,52319.451837,1065.290060,53384.741897,82.616324,18.491348,0.854167,0.019955,250.119000,8609.350939,4518.974365,3487.453017,4461.336962,3566.722589,-52.178167,4.547473508864641e-13
2025-08-07,正式期,2025-08-06,2025-08-06,否,否,21.0,5.0,1.3952,LP已验证互斥及全部原约束,Optimization terminated successfully. (HiGHS Status 7: Optimal),0,144,5947.821833,6000.000000,6000.000000,51349.150345,174.348851,51523.499196,101.755607,21.513791,0.902778,0.003384,26.024183,9683.528012,5531.041955,5073.724969,3350.013498,2713.510933,0.000000,6.821210263296962e-12
2025-08-08,正式期,2025-08-07,2025-08-07,否,否,14.0,5.0,1.3952,LP已验证互斥及全部原约束,Optimization terminated successfully. (HiGHS Status 7: Optimal),0,144,6000.000000,6000.000000,6000.000000,25312.283637,87.195260,25399.478897,104.446450,21.311062,0.937500,0.003433,13.943067,2847.302694,1773.995070,21554.141264,1096.655041,888.290583,0.000000,-3.865352482534945e-12
2025-08-09,正式期,2025-08-08,2025-08-08,否,否,21.0,5.0,1.3952,LP已验证互斥及全部原约束,Optimization terminated successfully. (HiGHS Status 7: Optimal),0,144,6000.000000,6000.000000,6000.000000,25076.411692,0.000000,25076.411692,75.379725,16.508616,0.909722,0.000000,0.000000,2102.312577,1313.851932,18833.239396,1210.330473,980.367683,0.000000,2.9558577807620168e-12
2025-08-10,正式期,2025-08-09,2025-08-09,否,否,21.0,5.0,1.3952,LP已验证互斥及全部原约束,Optimization terminated successfully. (HiGHS Status 7: Optimal),0,144,6000.000000,6000.000000,6000.000000,49804.816226,17.147730,49821.963956,70.503337,15.285506,0.916667,0.000344,2.470100,5626.304580,3220.068981,4626.741633,3509.569630,2842.751400,0.000000,-6.366462912410498e-12
2025-08-11,正式期,2025-08-10,2025-08-10,否,否,21.0,5.0,1.3952,LP已验证互斥及全部原约束,Optimization terminated successfully. (HiGHS Status 7: Optimal),0,144,6000.000000,6000.000000,6000.000000,49096.492868,221.149957,49317.642824,70.620786,15.857892,0.909722,0.004484,65.727833,6233.089426,3633.718245,3461.535854,1535.247263,1243.550283,0.000000,-4.547473508864641e-13
2025-08-12,正式期,2025-08-11,2025-08-11,否,否,28.0,5.0,1.3952,LP已验证互斥及全部原约束,Optimization terminated successfully. (HiGHS Status 7: Optimal),0,144,6000.000000,6000.000000,6000.000000,48738.293917,1341.265594,50079.559512,50.555441,13.611925,0.777778,0.026783,307.101117,4307.430917,2151.431576,2114.744444,2713.119095,2197.626467,0.000000,3.637978807091713e-12
2025-08-13,正式期,2025-08-12,2025-08-12,否,否,28.0,7.0,1.3952,LP已验证互斥及全部原约束,Optimization terminated successfully. (HiGHS Status 7: Optimal),0,144,6000.000000,6000.000000,6000.000000,49755.009829,395.059412,50150.069241,66.100132,14.592511,0.875000,0.007878,106.950624,7305.660274,4215.705611,2245.145026,3074.884433,2490.656391,0.000000,-9.094947017729282e-13
2025-08-14,正式期,2025-08-13,2025-08-13,否,否,28.0,7.0,1.3952,LP已验证互斥及全部原约束,Optimization terminated successfully. (HiGHS Status 7: Optimal),0,144,6000.000000,6000.000000,6000.000000,49693.131492,298.715963,49991.847455,70.270056,16.488217,0.861111,0.005975,50.862133,6664.162296,3741.100747,2490.413235,806.548498,653.304283,0.000000,5.684341886080801e-13
2025-08-15,正式期,2025-08-14,2025-08-14,否,否,42.0,7.0,1.3952,LP已验证互斥及全部原约束,Optimization terminated successfully. (HiGHS Status 7: Optimal),0,144,6000.000000,6000.000000,6000.000000,24948.941845,0.000000,24948.941845,82.161361,16.830833,0.951389,0.000000,0.000000,2276.762244,1410.660173,20130.806142,840.212119,680.571817,0.000000,-6.821210263296962e-13
2025-08-16,正式期,2025-08-15,2025-08-15,否,否,42.0,5.0,1.3952,LP已验证互斥及全部原约束,Optimization terminated successfully. (HiGHS Status 7: Optimal),0,144,6000.000000,6000.000000,6000.000000,24805.883176,151.975577,24957.858753,73.111714,15.465635,0.881944,0.006089,35.916317,1894.857257,1165.754066,20665.517257,997.619547,808.071833,0.000000,5.5706550483591855e-12
2025-08-17,正式期,2025-08-16,2025-08-16,否,否,42.0,5.0,1.3952,LP已验证互斥及全部原约束,Optimization terminated successfully. (HiGHS Status 7: Optimal),0,144,6000.000000,6000.000000,5967.910222,48348.700848,806.541080,49155.241927,69.820794,15.112364,0.895833,0.016408,125.712733,5769.625743,3188.857792,4251.201944,1911.466070,1519.406717,-32.089778,-4.547473508864641e-12
2025-08-18,正式期,2025-08-17,2025-08-17,否,否,42.0,3.0,1.3952,LP已验证互斥及全部原约束,Optimization terminated successfully. (HiGHS Status 7: Optimal),0,144,5967.910222,6000.000000,6000.000000,47806.943305,784.730461,48591.673766,55.215668,12.793083,0.888889,0.016149,141.229683,5607.108515,3050.301412,1929.630448,1496.994979,1212.565933,0.000000,1.8189894035458565e-12
2025-08-19,正式期,2025-08-18,2025-08-18,否,否,42.0,3.0,1.3952,LP已验证互斥及全部原约束,Optimization terminated successfully. (HiGHS Status 7: Optimal),0,144,6000.000000,6000.000000,6000.000000,47926.324092,1077.393198,49003.717291,56.884454,13.147582,0.881944,0.021986,182.081917,4824.758878,2794.103751,3264.831636,2979.363580,2413.284500,0.000000,-5.9117155615240335e-12
2025-08-20,正式期,2025-08-19,2025-08-19,否,否,56.0,3.0,1.3952,LP已验证互斥及全部原约束,Optimization terminated successfully. (HiGHS Status 7: Optimal),0,144,6000.000000,6000.000000,5990.835185,48100.864767,6362.689953,54463.554721,47.525609,21.222705,0.638889,0.116825,1310.029067,2564.727095,1324.150669,59.889600,458.375761,363.036033,-9.164815,-5.115907697472721e-13
2025-08-21,正式期,2025-08-20,2025-08-20,否,否,56.0,7.0,1.3952,LP已验证互斥及全部原约束,Optimization terminated successfully. (HiGHS Status 7: Optimal),0,144,5990.835185,6000.000000,6000.000000,49326.737071,475.100459,49801.837530,63.512975,14.327322,0.895833,0.009540,75.835033,6278.678551,3613.569444,2893.261619,3842.660370,3112.554900,0.000000,7.275957614183426e-12
2025-08-22,正式期,2025-08-21,2025-08-21,否,否,56.0,7.0,1.3952,LP已验证互斥及全部原约束,Optimization terminated successfully. (HiGHS Status 7: Optimal),0,144,6000.000000,6000.000000,6000.000000,24857.098681,875.965997,25733.064679,61.835260,16.164956,0.750000,0.034040,189.032533,1302.270287,654.822513,17155.838393,789.538930,639.526533,0.000000,5.343281372915953e-12
2025-08-23,正式期,2025-08-22,2025-08-22,否,否,42.0,7.0,1.3952,LP已验证互斥及全部原约束,Optimization terminated successfully. (HiGHS Status 7: Optimal),0,144,6000.000000,6000.000000,6000.000000,25138.009036,59.369240,25197.378276,52.687003,13.499708,0.854167,0.002356,12.040000,1709.075919,1010.800679,15701.405297,1290.917449,1045.643133,0.000000,2.9558577807620168e-12
2025-08-24,正式期,2025-08-23,2025-08-23,否,否,56.0,7.0,1.3952,LP已验证互斥及全部原约束,Optimization terminated successfully. (HiGHS Status 7: Optimal),0,144,6000.000000,6000.000000,6000.000000,49487.001121,296.074604,49783.075725,76.256841,15.716752,0.916667,0.005947,51.758867,6953.844240,3378.308380,4298.132450,2329.564156,1886.946967,0.000000,3.183231456205249e-12
2025-08-25,正式期,2025-08-24,2025-08-24,否,否,56.0,7.0,1.3952,LP已验证互斥及全部原约束,Optimization terminated successfully. (HiGHS Status 7: Optimal),0,144,6000.000000,6000.000000,6000.000000,49497.189205,4879.035442,54376.224647,46.189227,15.587584,0.729167,0.089727,1090.632967,3949.145313,1963.504260,1180.924442,2295.067922,1859.005017,0.000000,9.094947017729282e-12
2025-08-26,正式期,2025-08-25,2025-08-25,否,否,84.0,7.0,1.3952,LP已验证互斥及全部原约束,Optimization terminated successfully. (HiGHS Status 7: Optimal),0,144,6000.000000,6000.000000,6000.000000,49793.110318,459.940643,50253.050961,67.385335,14.122948,0.902778,0.009152,98.034533,7060.683756,3766.127653,2868.621340,2304.238045,1866.432817,0.000000,5.002220859751105e-12
2025-08-27,正式期,2025-08-26,2025-08-26,否,否,84.0,7.0,1.3952,LP已验证互斥及全部原约束,Optimization terminated successfully. (HiGHS Status 7: Optimal),0,144,6000.000000,6000.000000,6000.000000,49777.395195,243.874445,50021.269640,54.653776,13.181828,0.881944,0.004875,47.862550,5222.778553,2632.571613,1808.225152,1018.487222,824.974650,0.000000,3.296918293926865e-12
2025-08-28,正式期,2025-08-27,2025-08-27,否,否,84.0,7.0,1.3952,LP已验证互斥及全部原约束,Optimization terminated successfully. (HiGHS Status 7: Optimal),0,144,6000.000000,6000.000000,6000.000000,50218.312898,627.974746,50846.287644,61.989585,21.658744,0.777778,0.012350,118.310917,4888.662254,2907.769652,50.219800,1785.619321,1446.351650,0.000000,3.637978807091713e-12
2025-08-29,正式期,2025-08-28,2025-08-28,否,否,56.0,7.0,1.3952,LP已验证互斥及全部原约束,Optimization terminated successfully. (HiGHS Status 7: Optimal),0,144,6000.000000,6000.000000,6000.000000,25913.324116,80.509950,25993.834066,64.749136,14.580201,0.868056,0.003097,17.381250,2484.513707,1477.070037,15716.156515,460.745288,373.203683,0.000000,6.252776074688882e-13
2025-08-30,正式期,2025-08-29,2025-08-29,否,否,84.0,7.0,1.3952,LP已验证互斥及全部原约束,Optimization terminated successfully. (HiGHS Status 7: Optimal),0,144,6000.000000,6000.000000,5997.377778,25549.304336,49.798670,25599.103006,84.130437,17.630502,0.868056,0.001945,23.448650,1465.399419,950.121402,20505.242113,1653.386132,1336.882767,-2.622222,-6.366462912410498e-12
2025-08-31,正式期,2025-08-30,2025-08-30,否,否,84.0,7.0,1.3952,LP已验证互斥及全部原约束,Optimization terminated successfully. (HiGHS Status 7: Optimal),0,144,5997.377778,6000.000000,6000.000000,50561.379144,44.938905,50606.318049,65.417270,13.509500,0.937500,0.000888,9.646467,7022.434729,3808.492696,2736.061983,2806.660329,2273.394867,0.000000,-9.094947017729282e-13
2025-09-01,正式期,2025-08-31,2025-08-31,否,否,84.0,7.0,1.3952,LP已验证互斥及全部原约束,Optimization terminated successfully. (HiGHS Status 7: Optimal),0,144,6000.000000,6000.000000,6000.000000,50399.625935,0.000000,50399.625935,152.842393,30.592666,0.993056,0.000000,0.000000,18037.708137,10220.721822,5182.823267,6435.982737,5213.146017,0.000000,1.8189894035458565e-12
2025-09-02,正式期,2025-09-01,2025-09-01,否,否,7.0,7.0,1.3952,LP已验证互斥及全部原约束,Optimization terminated successfully. (HiGHS Status 7: Optimal),0,144,6000.000000,6000.000000,6000.000000,48987.957844,0.000000,48987.957844,134.781070,26.976236,0.993056,0.000000,0.000000,16675.389319,9459.517325,3440.094862,3771.686214,3055.065833,0.000000,-4.547473508864641e-13
2025-09-03,正式期,2025-09-02,2025-09-02,否,否,7.0,7.0,1.3952,LP已验证互斥及全部原约束,Optimization terminated successfully. (HiGHS Status 7: Optimal),0,144,6000.000000,6000.000000,6000.000000,48551.977326,13.363575,48565.340901,119.437747,23.901785,0.993056,0.000275,3.416483,14321.262540,7682.335412,3949.807650,5660.269156,4584.818017,0.000000,-2.7284841053187847e-12
2025-09-04,正式期,2025-09-03,2025-09-03,否,否,3.0,7.0,1.3952,LP已验证互斥及全部原约束,Optimization terminated successfully. (HiGHS Status 7: Optimal),0,144,6000.000000,6000.000000,6000.000000,45971.545668,68.120769,46039.666437,103.602785,21.177567,0.944444,0.001480,31.135933,11488.559548,6183.315392,3836.568349,3129.241914,2534.685950,0.000000,3.637978807091713e-12
2025-09-05,正式期,2025-09-04,2025-09-04,否,否,84.0,7.0,1.3952,LP已验证互斥及全部原约束,Optimization terminated successfully. (HiGHS Status 7: Optimal),0,144,6000.000000,6000.000000,6000.000000,25960.242646,0.000000,25960.242646,162.489701,32.523665,0.993056,0.000000,0.000000,8211.845919,4877.350789,26289.480569,3538.043354,2865.815117,0.000000,4.547473508864641e-13
2025-09-06,正式期,2025-09-05,2025-09-05,否,否,7.0,7.0,1.3952,LP已验证互斥及全部原约束,Optimization terminated successfully. (HiGHS Status 7: Optimal),0,144,6000.000000,6000.000000,6000.000000,24969.991385,0.000000,24969.991385,143.406965,31.280772,0.916667,0.000000,0.000000,7694.684077,4405.576525,24278.176108,3186.268519,2580.877500,0.000000,-5.4569682106375694e-12
2025-09-07,正式期,2025-09-06,2025-09-06,否,否,3.0,7.0,1.3952,LP已验证互斥及全部原约束,Optimization terminated successfully. (HiGHS Status 7: Optimal),0,144,6000.000000,6000.000000,5963.015352,40316.963535,230.034608,40546.998143,53.177935,13.568948,0.826389,0.005673,73.437440,5457.786094,3161.791255,1199.334432,1583.093342,1249.019424,-36.984648,4.092726157978177e-12
2025-09-08,正式期,2025-09-07,2025-09-07,否,否,3.0,7.0,1.3952,LP已验证互斥及全部原约束,Optimization terminated successfully. (HiGHS Status 7: Optimal),0,144,5963.015352,6000.000000,5930.670833,39912.118008,5983.442266,45895.560274,45.711230,20.490922,0.618056,0.130371,1420.901356,2335.964350,1028.717030,684.024567,2113.888477,1649.853417,-69.329167,1.8189894035458565e-12
2025-09-09,正式期,2025-09-08,2025-09-08,否,否,3.0,10.0,1.3952,LP已验证互斥及全部原约束,Optimization terminated successfully. (HiGHS Status 7: Optimal),0,144,5930.670833,6000.000000,6000.000000,40043.124540,1485.544323,41528.668863,61.396606,14.754305,0.736111,0.035772,319.921752,4120.093635,2001.284455,4125.672916,1435.398767,1162.673002,0.000000,7.503331289626658e-12
2025-09-10,正式期,2025-09-09,2025-09-09,否,否,3.0,7.0,1.3952,LP已验证互斥及全部原约束,Optimization terminated successfully. (HiGHS Status 7: Optimal),0,144,6000.000000,6000.000000,6000.000000,40173.049043,7106.892889,47279.941933,43.397581,22.578294,0.569444,0.150315,1544.205139,1181.091154,510.890040,6.455567,344.754554,279.251189,0.000000,2.1600499167107046e-12
2025-09-11,正式期,2025-09-10,2025-09-10,否,否,3.0,7.0,1.3952,LP已验证互斥及全部原约束,Optimization terminated successfully. (HiGHS Status 7: Optimal),0,144,6000.000000,6000.000000,6000.000000,41222.338537,328.197358,41550.535894,71.149369,16.162190,0.819444,0.007899,64.606683,5470.974212,2904.305110,4198.042070,1507.433066,1221.020783,0.000000,-1.3642420526593924e-12
2025-09-12,正式期,2025-09-11,2025-09-11,否,否,5.0,10.0,1.3952,LP已验证互斥及全部原约束,Optimization terminated successfully. (HiGHS Status 7: Optimal),0,144,6000.000000,6000.000000,6000.000000,23170.891391,0.000000,23170.891391,96.822666,20.688556,0.944444,0.000000,0.000000,5791.460156,3125.368836,19591.698221,2086.332860,1689.929617,0.000000,-1.8189894035458565e-12
2025-09-13,正式期,2025-09-12,2025-09-12,否,否,3.0,10.0,1.3952,LP已验证互斥及全部原约束,Optimization terminated successfully. (HiGHS Status 7: Optimal),0,144,6000.000000,6000.000000,5880.898148,17430.845532,2296.782983,19727.628515,64.741668,18.967110,0.659722,0.116425,543.306317,830.488737,370.203120,20573.461819,-129.217778,-211.858067,-119.101852,8.810729923425242e-13
2025-09-14,正式期,2025-09-13,2025-09-13,否,否,3.0,7.0,1.3952,LP已验证互斥及全部原约束,Optimization terminated successfully. (HiGHS Status 7: Optimal),0,144,5880.898148,6000.000000,6000.000000,40963.065982,421.101449,41384.167431,37.187172,14.936718,0.652778,0.010175,77.384950,1971.243431,1054.044736,5.583283,758.657531,614.512600,0.000000,1.5916157281026244e-12
2025-09-15,正式期,2025-09-14,2025-09-14,否,否,3.0,7.0,1.3952,LP已验证互斥及全部原约束,Optimization terminated successfully. (HiGHS Status 7: Optimal),0,144,6000.000000,6000.000000,6000.000000,41249.294355,1989.008593,43238.302949,63.847401,16.149880,0.784722,0.046001,503.128044,4799.283435,2573.502055,3453.691742,939.016227,760.603143,0.000000,-6.821210263296962e-13
2025-09-16,正式期,2025-09-15,2025-09-15,否,否,3.0,7.0,1.3952,LP已验证互斥及全部原约束,Optimization terminated successfully. (HiGHS Status 7: Optimal),0,144,6000.000000,6000.000000,5907.758241,41363.818725,1284.425750,42648.244475,40.833549,13.506634,0.701389,0.030117,382.210476,2510.945999,1438.312646,1569.764070,1571.654785,1190.022793,-92.241759,6.59383658785373e-12
2025-09-17,正式期,2025-09-16,2025-09-16,否,否,3.0,7.0,1.3952,LP已验证互斥及全部原约束,Optimization terminated successfully. (HiGHS Status 7: Optimal),0,144,5907.758241,6000.000000,6000.000000,41799.011239,692.622441,42491.633680,40.116137,12.896670,0.652778,0.016300,183.833483,3465.333612,2062.102640,249.251170,490.949115,397.668783,0.000000,1.5347723092418164e-12
2025-09-18,正式期,2025-09-17,2025-09-17,否,否,3.0,7.0,1.3952,LP已验证互斥及全部原约束,Optimization terminated successfully. (HiGHS Status 7: Optimal),0,144,6000.000000,6000.000000,6000.000000,42092.719332,360.461504,42453.180836,42.050482,10.448643,0.805556,0.008491,57.486200,4483.717714,2491.032693,737.568149,458.067346,371.034550,0.000000,-1.6484591469634324e-12
2025-09-19,正式期,2025-09-18,2025-09-18,否,否,3.0,7.0,1.3952,LP已验证互斥及全部原约束,Optimization terminated successfully. (HiGHS Status 7: Optimal),0,144,6000.000000,6000.000000,6000.000000,18123.419074,1197.108620,19320.527694,35.543591,15.613866,0.583333,0.061960,290.615783,1070.883316,504.956397,13077.227320,-91.522264,-74.133034,0.000000,4.177991286269389e-12
2025-09-20,正式期,2025-09-19,2025-09-19,否,否,3.0,5.0,1.3952,LP已验证互斥及全部原约束,Optimization terminated successfully. (HiGHS Status 7: Optimal),0,144,6000.000000,6000.000000,5720.111648,17513.655905,2961.089294,20474.745199,48.925314,22.440031,0.506944,0.144622,673.931648,755.273000,372.660257,13580.518533,-482.015867,-642.332369,-279.888352,6.707523425575346e-12
2025-09-21,正式期,2025-09-20,2025-09-20,否,否,3.0,5.0,1.3952,LP已验证互斥及全部原约束,Optimization terminated successfully. (HiGHS Status 7: Optimal),0,144,5720.111648,6000.000000,6000.000000,43177.007018,681.326659,43858.333677,52.988654,11.996887,0.812500,0.015535,129.240583,4839.533236,2796.495431,2728.283070,2525.288189,2045.483433,0.000000,7.275957614183426e-12
2025-09-22,正式期,2025-09-21,2025-09-21,否,否,3.0,5.0,1.3952,LP已验证互斥及全部原约束,Optimization terminated successfully. (HiGHS Status 7: Optimal),0,144,6000.000000,6000.000000,6000.000000,42309.295929,1417.414171,43726.710100,36.771397,11.175670,0.701389,0.032415,379.149107,3103.168083,1752.029054,987.137717,1317.595317,1067.252207,0.000000,-2.2737367544323206e-13
2025-09-23,正式期,2025-09-22,2025-09-22,否,否,3.0,5.0,1.3952,LP已验证互斥及全部原约束,Optimization terminated successfully. (HiGHS Status 7: Optimal),0,144,6000.000000,6000.000000,6000.000000,42561.868502,2827.325012,45389.193514,36.852374,13.610625,0.652778,0.062291,648.781000,2717.772213,1336.705886,391.158467,782.524979,633.845233,0.000000,2.6147972675971687e-12
2025-09-24,正式期,2025-09-23,2025-09-23,否,否,3.0,5.0,1.3952,LP已验证互斥及全部原约束,Optimization terminated successfully. (HiGHS Status 7: Optimal),0,144,6000.000000,6000.000000,5911.925204,43139.199283,1484.954899,44624.154182,40.868343,11.754572,0.708333,0.033277,400.492086,3890.623148,2268.212206,892.137456,719.964304,503.903769,-88.074796,5.229594535194337e-12
2025-09-25,正式期,2025-09-24,2025-09-24,否,否,3.0,5.0,1.3952,LP已验证互斥及全部原约束,Optimization terminated successfully. (HiGHS Status 7: Optimal),0,144,5911.925204,6000.000000,6000.000000,43431.905820,642.249961,44074.155780,43.138887,10.374195,0.805556,0.014572,146.982991,4423.813102,2350.007452,1381.287722,1496.834557,1212.435991,0.000000,3.183231456205249e-12
2025-09-26,正式期,2025-09-25,2025-09-25,否,否,5.0,5.0,1.3952,LP已验证互斥及全部原约束,Optimization terminated successfully. (HiGHS Status 7: Optimal),0,144,6000.000000,6000.000000,6000.000000,19072.921850,0.000000,19072.921850,36.346723,14.602352,0.680556,0.000000,0.000000,1681.230939,1044.057364,12124.799536,677.618992,548.871383,0.000000,2.2737367544323206e-12
2025-09-27,正式期,2025-09-26,2025-09-26,否,否,5.0,5.0,1.3952,LP已验证互斥及全部原约束,Optimization terminated successfully. (HiGHS Status 7: Optimal),0,144,6000.000000,6000.000000,5906.428500,18554.798587,1942.951025,20497.749612,49.866581,21.085948,0.520833,0.094789,434.368946,484.995751,257.169034,12743.998820,-467.955746,-463.258504,-93.571500,-2.9558577807620168e-12
2025-09-28,正式期,2025-09-27,2025-09-27,否,否,3.0,5.0,1.3952,LP已验证互斥及全部原约束,Optimization terminated successfully. (HiGHS Status 7: Optimal),0,144,5906.428500,6000.000000,5971.500556,44386.996044,564.155754,44951.151798,37.923967,11.220414,0.736111,0.012550,111.357833,3967.809485,2456.292518,0.603233,607.643519,466.541750,-28.499444,4.888534022029489e-12
2025-09-29,正式期,2025-09-28,2025-09-28,否,否,3.0,5.0,1.3952,LP已验证互斥及全部原约束,Optimization terminated successfully. (HiGHS Status 7: Optimal),0,144,5971.500556,6000.000000,5968.283333,44162.105682,646.956547,44809.062228,35.654700,9.230686,0.770833,0.014438,185.796872,3847.591782,2149.191082,634.816000,745.615316,575.403406,-31.716667,-5.5706550483591855e-12
2025-09-30,正式期,2025-09-29,2025-09-29,否,否,3.0,5.0,1.3952,LP已验证互斥及全部原约束,Optimization terminated successfully. (HiGHS Status 7: Optimal),0,144,5968.283333,6000.000000,6000.000000,43936.425481,4336.393072,48272.818553,35.411509,15.296736,0.555556,0.089831,997.861552,2081.345352,1033.240240,96.828767,126.229386,102.245802,0.000000,-9.521272659185342e-13
2025-10-01,正式期,2025-09-30,2025-09-30,否,否,3.0,5.0,1.3952,LP已验证互斥及全部原约束,Optimization terminated successfully. (HiGHS Status 7: Optimal),0,144,6000.000000,6000.000000,6000.000000,45133.371075,0.000000,45133.371075,129.351557,26.073388,0.965278,0.000000,0.000000,12250.230984,7021.317077,7218.240091,4943.808292,4004.484717,0.000000,0.0
2025-10-02,正式期,2025-10-01,2025-10-01,否,否,3.0,5.0,1.3952,LP已验证互斥及全部原约束,Optimization terminated successfully. (HiGHS Status 7: Optimal),0,144,6000.000000,6000.000000,6000.000000,44619.646336,105.502784,44725.149120,110.901065,22.717061,0.923611,0.002359,42.238324,11170.620717,6594.508907,5325.720967,3905.457334,3163.420440,0.000000,4.092726157978177e-12
2025-10-03,正式期,2025-10-02,2025-10-02,否,否,5.0,5.0,1.3952,LP已验证互斥及全部原约束,Optimization terminated successfully. (HiGHS Status 7: Optimal),0,144,6000.000000,6000.000000,6000.000000,18964.545735,0.000000,18964.545735,93.885470,19.016440,0.965278,0.000000,0.000000,4564.162748,2469.599030,19449.065618,2339.121049,1894.688050,0.000000,-3.183231456205249e-12
2025-10-04,正式期,2025-10-03,2025-10-03,否,否,5.0,5.0,1.3952,LP已验证互斥及全部原约束,Optimization terminated successfully. (HiGHS Status 7: Optimal),0,144,6000.000000,6000.000000,6000.000000,18364.298517,65.943072,18430.241589,50.141886,12.016687,0.833333,0.003578,16.433458,3312.860229,1734.310816,14284.283402,1138.488631,922.175791,0.000000,-1.5916157281026244e-12
2025-10-05,正式期,2025-10-04,2025-10-04,否,否,5.0,5.0,1.3952,LP已验证互斥及全部原约束,Optimization terminated successfully. (HiGHS Status 7: Optimal),0,144,6000.000000,6000.000000,6000.000000,43328.132332,187.964195,43516.096527,76.547503,15.824705,0.923611,0.004319,86.637133,8087.954153,4752.239292,3359.954529,3082.785432,2497.056200,0.000000,-9.094947017729282e-13
2025-10-06,正式期,2025-10-05,2025-10-05,否,否,5.0,5.0,1.3952,LP已验证互斥及全部原约束,Optimization terminated successfully. (HiGHS Status 7: Optimal),0,144,6000.000000,6000.000000,6000.000000,42417.216428,3.329250,42420.545678,47.777856,10.150657,0.909722,0.000078,0.718750,5547.222099,3103.044178,1450.804362,2120.723128,1717.785733,0.000000,-4.547473508864641e-13
2025-10-07,正式期,2025-10-06,2025-10-06,否,否,5.0,5.0,1.3952,LP已验证互斥及全部原约束,Optimization terminated successfully. (HiGHS Status 7: Optimal),0,144,6000.000000,6000.000000,6000.000000,41668.870130,0.000000,41668.870130,42.297826,9.706242,0.902778,0.000000,0.000000,4735.105123,2762.986730,975.339917,1147.173189,929.210283,0.000000,6.366462912410498e-12
2025-10-08,正式期,2025-10-07,2025-10-07,否,否,3.0,5.0,1.3952,LP已验证互斥及全部原约束,Optimization terminated successfully. (HiGHS Status 7: Optimal),0,144,6000.000000,6000.000000,6000.000000,39828.664031,1135.180848,40963.844880,41.568203,10.501900,0.756944,0.027712,272.940617,3629.245251,2016.207850,1827.986783,1309.656235,1060.821550,0.000000,1.3642420526593924e-12
2025-10-09,正式期,2025-10-08,2025-10-08,否,否,3.0,5.0,1.3952,LP已验证互斥及全部原约束,Optimization terminated successfully. (HiGHS Status 7: Optimal),0,144,6000.000000,6000.000000,6000.000000,39902.438555,480.791222,40383.229777,45.578574,10.656695,0.819444,0.011906,105.207233,3775.032820,1896.895043,2320.811450,878.910370,711.917399,0.000000,1.4779288903810084e-12
2025-10-10,正式期,2025-10-09,2025-10-09,否,否,5.0,3.0,1.3952,LP已验证互斥及全部原约束,Optimization terminated successfully. (HiGHS Status 7: Optimal),0,144,6000.000000,6000.000000,6000.000000,17714.692710,657.107823,18371.800532,60.398517,14.308470,0.770833,0.035767,178.738197,2141.603544,964.820389,19000.429708,1502.312836,1216.873397,0.000000,-1.3642420526593924e-12
2025-10-11,正式期,2025-10-10,2025-10-10,否,否,5.0,3.0,1.3952,LP已验证互斥及全部原约束,Optimization terminated successfully. (HiGHS Status 7: Optimal),0,144,6000.000000,6000.000000,5982.699574,16579.497163,58.306213,16637.803376,28.299129,12.171045,0.631944,0.003504,14.763100,692.355528,368.631034,14105.682576,64.927654,37.021017,-17.300426,-5.4782844927103724e-12
2025-10-12,正式期,2025-10-11,2025-10-11,否,否,3.0,5.0,1.3952,LP已验证互斥及全部原约束,Optimization terminated successfully. (HiGHS Status 7: Optimal),0,144,5982.699574,6000.000000,5981.547222,40330.190037,942.036321,41272.226358,35.134070,10.479360,0.680556,0.022825,170.992700,3295.784435,1818.451058,511.988150,1147.832202,913.136583,-18.452778,4.547473508864641e-13
2025-10-13,正式期,2025-10-12,2025-10-12,否,否,3.0,7.0,1.3952,LP已验证互斥及全部原约束,Optimization terminated successfully. (HiGHS Status 7: Optimal),0,144,5981.547222,6000.000000,6000.000000,40187.910572,608.281958,40796.192530,37.802345,9.025636,0.819444,0.014910,157.845917,3529.991970,1856.368075,1507.919100,735.828437,596.021034,0.000000,-6.366462912410498e-12
2025-10-14,正式期,2025-10-13,2025-10-13,否,否,3.0,7.0,1.3952,LP已验证互斥及全部原约束,Optimization terminated successfully. (HiGHS Status 7: Optimal),0,144,6000.000000,6000.000000,6000.000000,40235.173708,3289.064996,43524.238704,25.548733,10.811326,0.583333,0.075569,831.806201,1715.082808,841.947191,113.132983,285.000742,230.850601,0.000000,-2.0463630789890885e-12
2025-10-15,正式期,2025-10-14,2025-10-14,否,否,3.0,7.0,1.3952,LP已验证互斥及全部原约束,Optimization terminated successfully. (HiGHS Status 7: Optimal),0,144,6000.000000,6000.000000,6000.000000,40702.110928,4205.434228,44907.545157,27.514426,12.627161,0.631944,0.093646,847.573592,1615.693955,741.730941,0.167533,1188.752439,962.889475,0.000000,1.1368683772161603e-12
2025-10-16,正式期,2025-10-15,2025-10-15,否,否,3.0,7.0,1.3952,LP已验证互斥及全部原约束,Optimization terminated successfully. (HiGHS Status 7: Optimal),0,144,6000.000000,6000.000000,6000.000000,41117.650491,7993.737838,49111.388329,34.938845,16.920326,0.576389,0.162767,1837.699697,2174.901854,975.030630,0.000000,387.557671,313.921714,0.000000,1.9326762412674725e-12
2025-10-17,正式期,2025-10-16,2025-10-16,否,否,7.0,3.0,1.3952,LP已验证互斥及全部原约束,Optimization terminated successfully. (HiGHS Status 7: Optimal),0,144,6000.000000,6000.000000,6000.000000,17470.780565,0.000000,17470.780565,38.652049,9.386765,0.798611,0.000000,0.000000,1377.988685,820.949879,12801.160874,832.336626,674.192667,0.000000,-1.8189894035458565e-12
2025-10-18,正式期,2025-10-17,2025-10-17,否,否,7.0,5.0,1.3952,LP已验证互斥及全部原约束,Optimization terminated successfully. (HiGHS Status 7: Optimal),0,144,6000.000000,6000.000000,6000.000000,17190.607852,743.015404,17933.623256,30.485029,9.026927,0.743056,0.041431,185.464921,1410.715014,661.125598,12539.336681,936.284779,758.390671,0.000000,-4.320099833421409e-12
2025-10-19,正式期,2025-10-18,2025-10-18,否,否,5.0,3.0,1.3952,LP已验证互斥及全部原约束,Optimization terminated successfully. (HiGHS Status 7: Optimal),0,144,6000.000000,6000.000000,5985.831481,42610.622740,3789.457458,46400.080197,31.346804,12.583019,0.611111,0.081669,917.777817,2190.682191,1063.575088,290.632967,354.746708,274.593167,-14.168519,-1.1368683772161603e-13
2025-10-20,正式期,2025-10-19,2025-10-19,否,否,5.0,3.0,1.3952,LP已验证互斥及全部原约束,Optimization terminated successfully. (HiGHS Status 7: Optimal),0,144,5985.831481,6000.000000,5985.017796,43628.320754,4623.058181,48251.378935,40.833147,15.716554,0.729167,0.095812,952.995667,3358.649164,2112.805251,6.212633,749.332181,593.475083,-14.982204,2.8421709430404007e-12
2025-10-21,正式期,2025-10-20,2025-10-20,否,否,5.0,5.0,1.3952,LP已验证互斥及全部原约束,Optimization terminated successfully. (HiGHS Status 7: Optimal),0,144,5985.017796,6000.000000,6000.000000,43675.336887,5518.846913,49194.183800,32.439299,15.645320,0.604167,0.112185,1131.803700,1585.889084,961.135544,44.427633,1172.816317,949.981217,0.000000,2.9558577807620168e-12
2025-10-22,正式期,2025-10-21,2025-10-21,否,否,5.0,3.0,1.3952,LP已验证互斥及全部原约束,Optimization terminated successfully. (HiGHS Status 7: Optimal),0,144,6000.000000,6000.000000,6000.000000,45104.751492,2620.485016,47725.236507,35.746771,10.486687,0.708333,0.054908,609.764755,2806.449369,1440.360216,1583.096800,1232.452002,998.286122,0.000000,1.5916157281026244e-12
2025-10-23,正式期,2025-10-22,2025-10-22,否,否,5.0,3.0,1.3952,LP已验证互斥及全部原约束,Optimization terminated successfully. (HiGHS Status 7: Optimal),0,144,6000.000000,6000.000000,6000.000000,45661.884929,164.650450,45826.535379,46.007209,9.869049,0.875000,0.003593,32.975367,4973.094917,2712.472329,1751.643620,2037.770988,1650.594500,0.000000,-9.094947017729282e-13
2025-10-24,正式期,2025-10-23,2025-10-23,否,否,7.0,3.0,1.3952,LP已验证互斥及全部原约束,Optimization terminated successfully. (HiGHS Status 7: Optimal),0,144,6000.000000,6000.000000,6000.000000,17461.711878,933.360696,18395.072574,43.649855,12.048404,0.736111,0.050740,233.615017,1038.496364,437.589379,11006.928365,92.953313,75.292183,0.000000,1.1652900866465643e-12
2025-10-25,正式期,2025-10-24,2025-10-24,否,否,7.0,3.0,1.3952,LP已验证互斥及全部原约束,Optimization terminated successfully. (HiGHS Status 7: Optimal),0,144,6000.000000,6000.000000,6000.000000,17711.632022,337.412178,18049.044200,30.404626,8.165088,0.791667,0.018694,69.981217,1121.056469,554.753835,10215.385902,700.479671,567.388533,0.000000,2.1600499167107046e-12
2025-10-26,正式期,2025-10-25,2025-10-25,否,否,5.0,3.0,1.3952,LP已验证互斥及全部原约束,Optimization terminated successfully. (HiGHS Status 7: Optimal),0,144,6000.000000,6000.000000,6000.000000,45126.221124,508.583274,45634.804398,33.516990,8.177591,0.826389,0.011145,122.139525,4145.230211,2351.670515,538.869033,2332.240011,1889.114409,0.000000,-4.547473508864641e-13
2025-10-27,正式期,2025-10-26,2025-10-26,否,否,5.0,3.0,1.3952,LP已验证互斥及全部原约束,Optimization terminated successfully. (HiGHS Status 7: Optimal),0,144,6000.000000,6000.000000,6000.000000,44934.191163,2087.583193,47021.774356,45.955378,12.892838,0.701389,0.044396,509.329750,4420.772948,2311.028208,1267.475189,1779.948004,1441.757883,0.000000,-7.503331289626658e-12
2025-10-28,正式期,2025-10-27,2025-10-27,否,否,5.0,3.0,1.3952,LP已验证互斥及全部原约束,Optimization terminated successfully. (HiGHS Status 7: Optimal),0,144,6000.000000,6000.000000,5999.766667,45251.060617,598.828412,45849.889029,33.703684,10.851518,0.736111,0.013061,150.430756,3200.285612,1851.176334,49.796554,1154.136366,934.640456,-0.233333,4.092726157978177e-12
2025-10-29,正式期,2025-10-28,2025-10-28,否,否,5.0,3.0,1.3952,LP已验证互斥及全部原约束,Optimization terminated successfully. (HiGHS Status 7: Optimal),0,144,5999.766667,6000.000000,5998.564815,45626.885288,7565.093986,53191.979274,35.278574,17.313789,0.652778,0.142222,1521.583117,1898.809207,1140.384033,0.000000,1156.292757,935.305467,-1.435185,-1.3642420526593924e-12
2025-10-30,正式期,2025-10-29,2025-10-29,否,否,7.0,3.0,1.3952,LP已验证互斥及全部原约束,Optimization terminated successfully. (HiGHS Status 7: Optimal),0,144,5998.564815,6000.000000,6000.000000,47009.047365,788.577337,47797.624702,51.683629,11.701663,0.770833,0.016498,189.986667,5764.313325,3015.069744,1735.436219,2749.948478,2227.458267,0.000000,4.092726157978177e-12
2025-10-31,正式期,2025-10-30,2025-10-30,否,否,7.0,3.0,1.3952,LP已验证互斥及全部原约束,Optimization terminated successfully. (HiGHS Status 7: Optimal),0,144,6000.000000,6000.000000,6000.000000,18187.276559,775.786637,18963.063196,28.832388,10.465246,0.645833,0.040910,187.343900,1242.507903,558.264356,6304.325510,495.902963,401.681400,0.000000,1.0231815394945443e-12
2025-11-01,正式期,2025-10-31,2025-10-31,否,否,10.0,3.0,1.3952,LP已验证互斥及全部原约束,Optimization terminated successfully. (HiGHS Status 7: Optimal),0,144,6000.000000,6000.000000,5976.255037,18567.091060,83.428762,18650.519822,34.043546,8.708302,0.798611,0.004473,17.508383,1715.234914,865.038569,7567.135030,1000.878827,789.341383,-23.744963,5.343281372915953e-12
2025-11-02,正式期,2025-11-01,2025-11-01,否,否,7.0,3.0,1.3952,LP已验证互斥及全部原约束,Optimization terminated successfully. (HiGHS Status 7: Optimal),0,144,5976.255037,6000.000000,6000.000000,47406.265795,802.160426,48208.426222,32.229824,8.982264,0.743056,0.016639,226.195905,3650.872751,2123.733349,105.750567,561.874451,455.118305,0.000000,8.242295734817162e-12
2025-11-03,正式期,2025-11-02,2025-11-02,否,否,7.0,3.0,1.3952,LP已验证互斥及全部原约束,Optimization terminated successfully. (HiGHS Status 7: Optimal),0,144,6000.000000,6000.000000,5964.954889,47461.446792,238.920229,47700.367020,28.765963,8.839506,0.736111,0.005009,54.028158,3060.624106,1802.753405,37.771250,1852.411043,1468.912345,-35.045111,-5.6843418860808015e-12
2025-11-04,正式期,2025-11-03,2025-11-03,否,否,7.0,3.0,1.3952,LP已验证互斥及全部原约束,Optimization terminated successfully. (HiGHS Status 7: Optimal),0,144,5964.954889,6000.000000,6000.000000,47778.525442,601.131705,48379.657147,41.658630,9.985973,0.756944,0.012425,126.529467,4289.016076,2249.040592,1338.114695,1556.827654,1261.030400,0.000000,2.9558577807620168e-12
2025-11-05,正式期,2025-11-04,2025-11-04,否,否,7.0,3.0,1.3952,LP已验证互斥及全部原约束,Optimization terminated successfully. (HiGHS Status 7: Optimal),0,144,6000.000000,6000.000000,6000.000000,47700.353790,851.992268,48552.346059,28.990553,8.247338,0.743056,0.017548,178.450450,2926.256319,1552.782436,424.749690,913.395926,739.850700,0.000000,3.410605131648481e-12
2025-11-06,正式期,2025-11-05,2025-11-05,否,否,7.0,3.0,1.3952,LP已验证互斥及全部原约束,Optimization terminated successfully. (HiGHS Status 7: Optimal),0,144,6000.000000,6000.000000,6000.000000,47700.469817,5608.564433,53309.034250,34.363053,14.751544,0.618056,0.105209,1177.352567,2479.127164,1500.149217,26.457967,851.796214,689.954933,0.000000,7.958078640513122e-13
2025-11-07,正式期,2025-11-06,2025-11-06,否,否,10.0,3.0,1.3952,LP已验证互斥及全部原约束,Optimization terminated successfully. (HiGHS Status 7: Optimal),0,144,6000.000000,6000.000000,6000.000000,18920.582932,459.475887,19380.058819,43.839186,10.538207,0.763889,0.023709,127.958171,1901.686781,1040.484712,7239.912405,191.575170,155.175888,0.000000,-2.5579538487363607e-12
2025-11-08,正式期,2025-11-07,2025-11-07,否,否,10.0,3.0,1.3952,LP已验证互斥及全部原约束,Optimization terminated successfully. (HiGHS Status 7: Optimal),0,144,6000.000000,6000.000000,6000.000000,18848.821727,107.384881,18956.206608,37.127354,8.470496,0.875000,0.005665,24.274417,1735.619927,853.502657,7014.849290,1351.661008,1094.845417,0.000000,-5.002220859751105e-12
2025-11-09,正式期,2025-11-08,2025-11-08,否,否,10.0,3.0,1.3952,LP已验证互斥及全部原约束,Optimization terminated successfully. (HiGHS Status 7: Optimal),0,144,6000.000000,6000.000000,5995.503704,48699.413015,2448.905080,51148.318095,30.564927,10.232826,0.743056,0.047879,542.849179,3013.150709,1482.467002,232.877417,1448.979543,1169.626763,-4.496296,3.410605131648481e-12
2025-11-10,正式期,2025-11-09,2025-11-09,否,否,10.0,3.0,1.3952,LP已验证互斥及全部原约束,Optimization terminated successfully. (HiGHS Status 7: Optimal),0,144,5995.503704,6000.000000,6000.000000,49396.448427,3007.770362,52404.218789,24.312841,10.413576,0.618056,0.057396,685.969975,1736.869254,887.288945,0.797067,1132.267870,917.136975,0.000000,2.2737367544323206e-13
2025-11-11,正式期,2025-11-10,2025-11-10,否,否,10.0,3.0,1.3952,LP已验证互斥及全部原约束,Optimization terminated successfully. (HiGHS Status 7: Optimal),0,144,6000.000000,6000.000000,5984.137037,50153.839952,58.935303,50212.775255,33.718256,7.767326,0.826389,0.001174,11.901917,4517.215226,2467.649665,145.214900,1432.560576,1146.097400,-15.862963,2.2737367544323206e-12
2025-11-12,正式期,2025-11-11,2025-11-11,否,否,10.0,3.0,1.3952,LP已验证互斥及全部原约束,Optimization terminated successfully. (HiGHS Status 7: Optimal),0,144,5984.137037,6000.000000,6000.000000,50086.177632,247.666388,50333.844021,37.036645,8.408614,0.833333,0.004920,52.762213,4977.629547,2745.146540,81.115800,806.962197,653.639379,0.000000,-7.16227077646181e-12
2025-11-13,正式期,2025-11-12,2025-11-12,否,否,10.0,3.0,1.3952,LP已验证互斥及全部原约束,Optimization terminated successfully. (HiGHS Status 7: Optimal),0,144,6000.000000,6000.000000,6000.000000,49840.300944,2756.411438,52596.712382,32.724389,10.426451,0.743056,0.052407,603.258315,3597.756579,1934.471328,271.967067,2196.359545,1779.051232,0.000000,-5.229594535194337e-12
2025-11-14,正式期,2025-11-13,2025-11-13,否,否,10.0,3.0,1.3952,LP已验证互斥及全部原约束,Optimization terminated successfully. (HiGHS Status 7: Optimal),0,144,6000.000000,6000.000000,6000.000000,19074.424210,301.540052,19375.964262,27.279757,8.174844,0.756944,0.015563,73.233217,1426.093906,668.902648,3679.627055,675.850144,547.438617,0.000000,3.410605131648481e-13
2025-11-15,正式期,2025-11-14,2025-11-14,否,否,14.0,3.0,1.3952,LP已验证互斥及全部原约束,Optimization terminated successfully. (HiGHS Status 7: Optimal),0,144,6000.000000,6000.000000,6000.000000,19220.811668,21.370922,19242.182589,29.065272,8.997142,0.791667,0.001111,5.306250,1421.935533,781.735958,3080.798689,230.952572,187.071583,0.000000,5.5990767577895895e-12
2025-11-16,正式期,2025-11-15,2025-11-15,否,否,10.0,3.0,1.3952,LP已验证互斥及全部原约束,Optimization terminated successfully. (HiGHS Status 7: Optimal),0,144,6000.000000,6000.000000,5967.101315,50935.683660,740.456454,51676.140115,28.118361,8.928075,0.708333,0.014329,174.973900,2673.916789,1449.617628,31.532100,199.661523,132.117017,-32.898685,-3.893774191965349e-12
2025-11-17,正式期,2025-11-16,2025-11-16,否,否,10.0,3.0,1.3952,LP已验证互斥及全部原约束,Optimization terminated successfully. (HiGHS Status 7: Optimal),0,144,5967.101315,6000.000000,6000.000000,51349.545516,466.702439,51816.247955,37.893293,9.194997,0.840278,0.009007,152.181917,4982.094862,2906.267378,136.796600,1504.829712,1218.912067,0.000000,-1.1368683772161603e-12
2025-11-18,正式期,2025-11-17,2025-11-17,否,否,10.0,3.0,1.3952,LP已验证互斥及全部原约束,Optimization terminated successfully. (HiGHS Status 7: Optimal),0,144,6000.000000,6000.000000,6000.000000,51412.023593,3883.490297,55295.513890,33.364311,11.409843,0.708333,0.070232,831.770381,3810.188831,2126.201030,0.375383,2358.337281,1910.253198,0.000000,-5.9117155615240335e-12
2025-11-19,正式期,2025-11-18,2025-11-18,否,否,14.0,3.0,1.3952,LP已验证互斥及全部原约束,Optimization terminated successfully. (HiGHS Status 7: Optimal),0,144,6000.000000,6000.000000,5986.668519,51970.037406,333.967852,52304.005257,28.014141,7.838257,0.743056,0.006385,109.099300,3107.467505,1813.718031,39.918267,343.460905,266.205000,-13.331481,1.7621459846850485e-12
2025-11-20,正式期,2025-11-19,2025-11-19,否,否,14.0,3.0,1.3952,LP已验证互斥及全部原约束,Optimization terminated successfully. (HiGHS Status 7: Optimal),0,144,5986.668519,6000.000000,6000.000000,52427.072774,947.810466,53374.883240,34.071550,8.575430,0.791667,0.017758,217.626239,4629.956735,2478.185921,40.294450,2061.364719,1669.705422,0.000000,4.547473508864641e-13
2025-11-21,正式期,2025-11-20,2025-11-20,否,否,14.0,3.0,1.3952,LP已验证互斥及全部原约束,Optimization terminated successfully. (HiGHS Status 7: Optimal),0,144,6000.000000,6000.000000,6000.000000,19530.306318,299.306849,19829.613167,35.643578,9.129442,0.756944,0.015094,103.239504,1316.414639,650.006562,3333.512676,841.554799,681.659387,0.000000,3.069544618483633e-12
2025-11-22,正式期,2025-11-21,2025-11-21,否,否,14.0,3.0,1.3952,LP已验证互斥及全部原约束,Optimization terminated successfully. (HiGHS Status 7: Optimal),0,144,6000.000000,6000.000000,6000.000000,19561.791860,392.902367,19954.694227,27.150799,8.203246,0.659722,0.019690,94.127729,1236.833797,617.037778,1995.154333,206.655880,167.391263,0.000000,1.7621459846850485e-12
2025-11-23,正式期,2025-11-22,2025-11-22,否,否,14.0,3.0,1.3952,LP已验证互斥及全部原约束,Optimization terminated successfully. (HiGHS Status 7: Optimal),0,144,6000.000000,6000.000000,6000.000000,52482.203989,576.594537,53058.798526,36.231005,10.504986,0.736111,0.010867,125.126936,3646.305522,2170.411161,262.875340,689.504962,558.499019,0.000000,2.0463630789890885e-12
2025-11-24,正式期,2025-11-23,2025-11-23,否,否,14.0,3.0,1.3952,LP已验证互斥及全部原约束,Optimization terminated successfully. (HiGHS Status 7: Optimal),0,144,6000.000000,6000.000000,6000.000000,52824.248223,704.471203,53528.719426,42.104864,10.406427,0.763889,0.013161,172.058550,5437.991310,2975.540512,333.173800,2573.812860,2084.788416,0.000000,2.2737367544323206e-12
2025-11-25,正式期,2025-11-24,2025-11-24,否,否,14.0,3.0,1.3952,LP已验证互斥及全部原约束,Optimization terminated successfully. (HiGHS Status 7: Optimal),0,144,6000.000000,6000.000000,6000.000000,53102.019253,118.566656,53220.585910,28.368727,7.027317,0.826389,0.002228,26.544650,3749.449014,2225.701484,21.020533,1623.907531,1315.365100,0.000000,-5.6843418860808015e-12
2025-11-26,正式期,2025-11-25,2025-11-25,否,否,14.0,3.0,1.3952,LP已验证互斥及全部原约束,Optimization terminated successfully. (HiGHS Status 7: Optimal),0,144,6000.000000,6000.000000,5997.816667,52817.066093,1833.540235,54650.606328,28.678174,9.264080,0.736111,0.033550,407.118696,3058.599966,1676.493526,18.448483,1220.850983,986.924296,-2.183333,-1.5916157281026244e-12
2025-11-27,正式期,2025-11-26,2025-11-26,否,否,14.0,3.0,1.3952,LP已验证互斥及全部原约束,Optimization terminated successfully. (HiGHS Status 7: Optimal),0,144,5997.816667,6000.000000,6000.000000,53234.697749,979.592468,54214.290217,35.506068,9.237993,0.805556,0.018069,229.049917,4687.389852,2383.680689,8.564133,1998.338868,1618.654483,0.000000,-9.094947017729282e-13
2025-11-28,正式期,2025-11-27,2025-11-27,否,否,21.0,3.0,1.3952,LP已验证互斥及全部原约束,Optimization terminated successfully. (HiGHS Status 7: Optimal),0,144,6000.000000,6000.000000,6000.000000,20518.502944,40.035526,20558.538470,32.403307,8.113661,0.798611,0.001947,14.704067,2416.425178,1244.252017,1569.071529,466.086091,377.529733,0.000000,1.1937117960769683e-12
2025-11-29,正式期,2025-11-28,2025-11-28,否,否,21.0,3.0,1.3952,LP已验证互斥及全部原约束,Optimization terminated successfully. (HiGHS Status 7: Optimal),0,144,6000.000000,6000.000000,5918.386870,20533.572591,4615.491834,25149.064426,35.934640,18.335386,0.618056,0.183525,798.450085,977.062163,379.755901,0.000000,1483.325496,1128.041835,-81.613130,-2.0463630789890885e-12
2025-11-30,正式期,2025-11-29,2025-11-29,否,否,14.0,3.0,1.3952,LP已验证互斥及全部原约束,Optimization terminated successfully. (HiGHS Status 7: Optimal),0,144,5918.386870,6000.000000,5994.587037,55238.434413,659.070626,55897.505039,25.290250,7.221561,0.750000,0.011791,149.642327,2815.556705,1717.288732,0.338933,305.635239,242.692877,-5.412963,2.2737367544323206e-13
2025-12-01,正式期,2025-11-30,2025-11-30,否,否,21.0,3.0,1.3952,LP已验证互斥及全部原约束,Optimization terminated successfully. (HiGHS Status 7: Optimal),0,144,5994.587037,6000.000000,5923.500426,55785.532671,16545.034352,72330.567023,46.426700,28.998498,0.395833,0.228742,4408.518687,1788.465345,953.141756,8.239717,506.357845,341.300237,-76.499574,1.5347723092418164e-12
2025-12-02,正式期,2025-12-01,2025-12-01,否,否,21.0,3.0,1.3952,LP已验证互斥及全部原约束,Optimization terminated successfully. (HiGHS Status 7: Optimal),0,144,5923.500426,6000.000000,6000.000000,55875.533139,21387.392076,77262.925216,45.581445,33.555175,0.236111,0.276813,5297.679893,282.051256,120.804280,0.000000,796.361473,645.052793,0.000000,4.547473508864641e-13
2025-12-03,正式期,2025-12-02,2025-12-02,否,否,5.0,3.0,1.3952,LP已验证互斥及全部原约束,Optimization terminated successfully. (HiGHS Status 7: Optimal),0,144,6000.000000,6000.000000,5992.313815,60480.454796,2359.224180,62839.678976,33.319580,11.077659,0.701389,0.037544,672.041748,3673.247503,2153.084919,6.243483,1690.045203,1362.019048,-7.686185,-2.0463630789890885e-12
2025-12-04,正式期,2025-12-03,2025-12-03,否,否,5.0,3.0,1.3952,LP已验证互斥及全部原约束,Optimization terminated successfully. (HiGHS Status 7: Optimal),0,144,5992.313815,6000.000000,6000.000000,60806.474056,2528.177742,63334.651798,40.250493,12.481298,0.638889,0.039918,669.851811,4453.291906,2767.655982,4.631250,626.189972,507.213878,0.000000,1.9326762412674725e-12
2025-12-05,正式期,2025-12-04,2025-12-04,否,否,21.0,3.0,1.3952,LP已验证互斥及全部原约束,Optimization terminated successfully. (HiGHS Status 7: Optimal),0,144,6000.000000,6000.000000,6000.000000,22107.350694,12444.454768,34551.805463,41.357724,27.036808,0.361111,0.360168,3504.132225,560.788827,237.914613,0.000000,570.898077,462.427442,0.000000,1.2505552149377763e-12
2025-12-06,正式期,2025-12-05,2025-12-05,否,否,21.0,3.0,1.3952,LP已验证互斥及全部原约束,Optimization terminated successfully. (HiGHS Status 7: Optimal),0,144,6000.000000,6000.000000,5929.897000,22754.771633,16310.973302,39065.744935,46.183845,31.761702,0.319444,0.417526,3945.995863,174.754083,73.622974,0.000000,1721.893002,1331.640632,-70.103000,-2.2737367544323206e-12
2025-12-07,正式期,2025-12-06,2025-12-06,否,否,5.0,3.0,1.3952,LP已验证互斥及全部原约束,Optimization terminated successfully. (HiGHS Status 7: Optimal),0,144,5929.897000,6000.000000,6000.000000,61939.899624,1244.559222,63184.458846,38.123210,10.332302,0.736111,0.019697,255.711960,4772.654213,2752.999991,0.963983,1725.477646,1397.636893,0.000000,3.865352482534945e-12
2025-12-08,正式期,2025-12-07,2025-12-07,否,否,5.0,3.0,1.3952,LP已验证互斥及全部原约束,Optimization terminated successfully. (HiGHS Status 7: Optimal),0,144,6000.000000,6000.000000,6000.000000,61785.374979,1776.493958,63561.868937,36.340837,10.063033,0.812500,0.027949,460.172178,4651.933351,2749.765564,1.057217,1585.650384,1284.376811,0.000000,-9.094947017729282e-13
2025-12-09,正式期,2025-12-08,2025-12-08,否,否,5.0,3.0,1.3952,LP已验证互斥及全部原约束,Optimization terminated successfully. (HiGHS Status 7: Optimal),0,144,6000.000000,6000.000000,6000.000000,61657.075393,1111.025890,62768.101282,36.246049,9.604079,0.750000,0.017700,228.847433,4431.468172,2599.406848,34.443883,778.794239,630.823333,0.000000,3.069544618483633e-12
2025-12-10,正式期,2025-12-09,2025-12-09,否,否,5.0,3.0,1.3952,LP已验证互斥及全部原约束,Optimization terminated successfully. (HiGHS Status 7: Optimal),0,144,6000.000000,6000.000000,5960.879630,61729.184385,985.937948,62715.122333,31.327466,9.520224,0.750000,0.015721,242.308461,3572.932015,2124.838513,1.296333,1830.669149,1447.633677,-39.120370,-8.185452315956354e-12
2025-12-11,正式期,2025-12-10,2025-12-10,否,否,5.0,3.0,1.3952,LP已验证互斥及全部原约束,Optimization terminated successfully. (HiGHS Status 7: Optimal),0,144,5960.879630,6000.000000,6000.000000,62037.536655,138.999762,62176.536418,46.400314,10.770446,0.833333,0.002236,33.004819,6339.404073,3887.521019,35.144383,1975.169407,1599.887219,0.000000,-4.774847184307873e-12
2025-12-12,正式期,2025-12-11,2025-12-11,否,否,14.0,3.0,1.3952,LP已验证互斥及全部原约束,Optimization terminated successfully. (HiGHS Status 7: Optimal),0,144,6000.000000,6000.000000,6000.000000,25753.473467,734.564621,26488.038088,32.633934,13.356786,0.590278,0.027732,272.264517,1782.010213,916.428490,1.110533,473.522963,383.553600,0.000000,-4.263256414560601e-12
2025-12-13,正式期,2025-12-12,2025-12-12,否,否,10.0,3.0,1.3952,LP已验证互斥及全部原约束,Optimization terminated successfully. (HiGHS Status 7: Optimal),0,144,6000.000000,6000.000000,5986.055556,26107.174224,646.541108,26753.715332,29.045749,9.907798,0.708333,0.024166,183.810500,2523.401260,1314.626720,1.130550,594.390844,468.906583,-13.944444,3.979039320256561e-12
2025-12-14,正式期,2025-12-13,2025-12-13,否,否,5.0,3.0,1.3952,LP已验证互斥及全部原约束,Optimization terminated successfully. (HiGHS Status 7: Optimal),0,144,5986.055556,6000.000000,6000.000000,62756.953021,346.735007,63103.688028,35.800801,8.965645,0.812500,0.005495,79.161867,4601.043763,2777.074313,0.000000,1227.365329,994.165917,0.000000,-3.183231456205249e-12
2025-12-15,正式期,2025-12-14,2025-12-14,否,否,5.0,3.0,1.3952,LP已验证互斥及全部原约束,Optimization terminated successfully. (HiGHS Status 7: Optimal),0,144,6000.000000,6000.000000,6000.000000,62567.286093,321.177150,62888.463243,31.604621,9.269580,0.763889,0.005107,109.039306,3454.515707,2194.892231,1.057567,1109.597723,898.774156,0.000000,1.2505552149377763e-12
2025-12-16,正式期,2025-12-15,2025-12-15,否,否,5.0,3.0,1.3952,LP已验证互斥及全部原约束,Optimization terminated successfully. (HiGHS Status 7: Optimal),0,144,6000.000000,6000.000000,5986.944722,62644.626674,185.034490,62829.661164,28.789101,7.209742,0.791667,0.002945,32.138367,3656.679041,2308.076362,29.232583,1017.450741,812.385350,-13.055278,1.9326762412674725e-12
2025-12-17,正式期,2025-12-16,2025-12-16,否,否,5.0,3.0,1.3952,LP已验证互斥及全部原约束,Optimization terminated successfully. (HiGHS Status 7: Optimal),0,144,5986.944722,6000.000000,6000.000000,62390.877968,944.438883,63335.316851,37.573355,9.526455,0.812500,0.014912,255.892565,5037.183064,3004.301677,1.067917,1776.059998,1438.608598,0.000000,0.0
2025-12-18,正式期,2025-12-17,2025-12-17,否,否,5.0,3.0,1.3952,LP已验证互斥及全部原约束,Optimization terminated successfully. (HiGHS Status 7: Optimal),0,144,6000.000000,6000.000000,6000.000000,62173.100267,234.894544,62407.994811,39.405630,9.422995,0.840278,0.003764,97.588630,5166.155501,3049.897793,0.998950,711.854235,576.601930,0.000000,2.6147972675971687e-12
2025-12-19,正式期,2025-12-18,2025-12-18,否,否,10.0,3.0,1.3952,LP已验证互斥及全部原约束,Optimization terminated successfully. (HiGHS Status 7: Optimal),0,144,6000.000000,6000.000000,6000.000000,26317.484067,428.706391,26746.190458,34.833628,10.372179,0.687500,0.016029,116.346917,3111.996840,1491.426329,568.177609,960.014033,777.611367,0.000000,2.0463630789890885e-12
2025-12-20,正式期,2025-12-19,2025-12-19,否,否,10.0,3.0,1.3952,LP已验证互斥及全部原约束,Optimization terminated successfully. (HiGHS Status 7: Optimal),0,144,6000.000000,6000.000000,6000.000000,26380.273828,257.788183,26638.062011,31.654674,8.543643,0.770833,0.009677,90.634736,3011.080075,1544.004780,677.356367,534.886258,433.257869,0.000000,-5.684341886080801e-13
2025-12-21,正式期,2025-12-20,2025-12-20,否,否,5.0,3.0,1.3952,LP已验证互斥及全部原约束,Optimization terminated successfully. (HiGHS Status 7: Optimal),0,144,6000.000000,6000.000000,6000.000000,62552.381173,739.345517,63291.726689,37.736768,11.225244,0.784722,0.011682,148.818598,4072.965297,2371.742717,30.002233,1502.325697,1216.883815,0.000000,2.9558577807620168e-12
2025-12-22,正式期,2025-12-21,2025-12-21,否,否,5.0,5.0,1.3952,LP已验证互斥及全部原约束,Optimization terminated successfully. (HiGHS Status 7: Optimal),0,144,6000.000000,6000.000000,6000.000000,62547.344738,839.973220,63387.317959,33.817863,8.890194,0.736111,0.013251,308.836038,4367.748919,2712.684013,0.000000,1104.836302,894.917405,0.000000,-2.5011104298755527e-12
2025-12-23,正式期,2025-12-22,2025-12-22,否,否,5.0,3.0,1.3952,LP已验证互斥及全部原约束,Optimization terminated successfully. (HiGHS Status 7: Optimal),0,144,6000.000000,6000.000000,5994.174074,62703.505712,335.737209,63039.242921,43.792609,9.780104,0.888889,0.005326,65.117833,6196.403250,3689.298940,0.989417,1638.184300,1321.685950,-5.825926,-4.320099833421409e-12
2025-12-24,正式期,2025-12-23,2025-12-23,否,否,5.0,5.0,1.3952,LP已验证互斥及全部原约束,Optimization terminated successfully. (HiGHS Status 7: Optimal),0,144,5994.174074,6000.000000,6000.000000,62342.938198,650.668086,62993.606284,36.749192,8.749283,0.826389,0.010329,148.181283,5009.397279,2855.360605,1.044533,1274.263313,1032.153283,0.000000,-2.2737367544323206e-13
2025-12-25,正式期,2025-12-24,2025-12-24,否,否,5.0,5.0,1.3952,LP已验证互斥及全部原约束,Optimization terminated successfully. (HiGHS Status 7: Optimal),0,144,6000.000000,6000.000000,6000.000000,62259.362120,801.584266,63060.946386,38.745370,10.149519,0.791667,0.012711,199.605191,4951.087277,2923.522453,32.915667,1880.411944,1523.133675,0.000000,7.73070496506989e-12
2025-12-26,正式期,2025-12-25,2025-12-25,否,否,10.0,7.0,1.3952,LP已验证互斥及全部原约束,Optimization terminated successfully. (HiGHS Status 7: Optimal),0,144,6000.000000,6000.000000,6000.000000,26265.055734,1011.187502,27276.243236,29.738670,8.304461,0.756944,0.037072,241.800672,2985.671033,1391.686857,615.351179,1095.167229,887.085456,0.000000,-2.5011104298755527e-12
2025-12-27,正式期,2025-12-26,2025-12-26,否,否,14.0,7.0,1.3952,LP已验证互斥及全部原约束,Optimization terminated successfully. (HiGHS Status 7: Optimal),0,144,6000.000000,6000.000000,6000.000000,26275.278329,371.614046,26646.892375,28.185881,8.040793,0.798611,0.013946,130.021854,2903.040725,1441.555963,351.736083,1156.443709,936.719404,0.000000,2.9558577807620168e-12
2025-12-28,正式期,2025-12-27,2025-12-27,否,否,5.0,7.0,1.3952,LP已验证互斥及全部原约束,Optimization terminated successfully. (HiGHS Status 7: Optimal),0,144,6000.000000,6000.000000,6000.000000,62371.577780,622.462669,62994.040450,42.804059,9.632879,0.847222,0.009881,107.800800,6155.800551,3815.486444,32.237683,2268.660267,1837.614817,0.000000,-1.3642420526593924e-12
2025-12-29,正式期,2025-12-28,2025-12-28,否,否,5.0,7.0,1.3952,LP已验证互斥及全部原约束,Optimization terminated successfully. (HiGHS Status 7: Optimal),0,144,6000.000000,6000.000000,5978.370370,62016.277091,353.414087,62369.691178,35.615101,8.627474,0.840278,0.005666,108.527997,4877.790013,3088.779408,28.612017,1957.740263,1566.302947,-21.629630,2.2737367544323206e-13
2025-12-30,正式期,2025-12-29,2025-12-29,否,否,5.0,7.0,1.3952,LP已验证互斥及全部原约束,Optimization terminated successfully. (HiGHS Status 7: Optimal),0,144,5978.370370,6000.000000,6000.000000,61955.199059,279.648352,62234.847412,43.002063,9.602144,0.868056,0.004493,54.377833,6081.581488,3860.909030,1.093683,1667.534321,1350.702800,0.000000,2.0463630789890885e-12
2025-12-31,正式期,2025-12-30,2025-12-30,否,否,10.0,7.0,1.3952,LP已验证互斥及全部原约束,Optimization terminated successfully. (HiGHS Status 7: Optimal),0,144,6000.000000,5400.000000,5620.474641,61702.111553,71.547486,61773.659040,30.685938,8.431666,0.819444,0.001158,16.561450,3208.291692,2036.399166,1.207617,389.156325,513.643800,220.474641,5.115907697472721e-12
