日期,阶段,预测历史截止,调参历史截止,负载先验回退,光伏先验回退,电价先验回退,负载衰减天数,光伏衰减天数,价格水平权重,价格形态衰减天数,终端惩罚,求解路径,求解状态,MIP相对间隙,日内滚动求解次数,日初储电量,计划日末储电量,实际日末储电量,计划购电费（预测口径）,计划购电费（实际口径）,紧急购电费,实际总购电费,电价MAE,净负荷MAE,净负荷0.8分位数损失,净负荷覆盖率,紧急购电费占比,紧急购电量,未利用计划购电量,未利用计划购电对应费用（实际电价，已含在计划费用中）,实际弃光量,计划与实际充电量之差,计划与实际放电量之差,实际减计划日末储电量,计划与实际末态偏差恒等式残差
2025-01-01,初始化,附件1,预设参数,是,是,是,14.0,14.0,0.6-0.3-0.1,14,1.3952,LP已验证互斥及全部原约束,Optimization terminated successfully. (HiGHS Status 7: Optimal),0,144,6000.000000,6000.000000,5661.136373,35127.262348,39622.832641,205694.098398,245316.931039,0.162658,253.718142,202.886108,0.020833,0.838483,34593.412341,18.814533,7.742651,0.000000,8491.593482,6573.213456,-338.863627,5.4569682106375694e-12
2025-01-02,初始化,2025-01-01,2025-01-01,否,否,否,14.0,14.0,0.6-0.3-0.1,14,1.322558818939717,LP已验证互斥及全部原约束,Optimization terminated successfully. (HiGHS Status 7: Optimal),0,144,5661.136373,6000.000000,5944.373769,61386.097036,73848.322654,8158.136934,82006.459587,0.160938,28.586379,16.064192,0.416667,0.099482,1446.829931,643.580667,376.108638,0.000000,-17.009150,-63.841019,-55.626231,-1.5774048733874224e-12
2025-01-03,初始化,2025-01-02,2025-01-02,是,否,否,14.0,14.0,0.6-0.3-0.1,14,1.3269949046250435,LP已验证互斥及全部原约束,Optimization terminated successfully. (HiGHS Status 7: Optimal),0,144,5944.373769,6000.000000,6000.000000,49085.508999,46197.609086,0.000000,46197.609086,0.063632,217.598469,43.711170,0.986111,0.000000,0.000000,27132.952907,14926.477376,6305.779883,11560.325473,9363.863633,0.000000,3.637978807091713e-12
2025-01-04,初始化,2025-01-03,2025-01-03,否,否,否,14.0,14.0,1,7,1.3853907107136096,LP已验证互斥及全部原约束,Optimization terminated successfully. (HiGHS Status 7: Optimal),0,144,6000.000000,6000.000000,5735.461995,25683.355050,23868.584878,2766.259963,26634.844841,0.052932,40.534086,14.023877,0.597222,0.103859,720.407433,3481.914277,1591.833775,613.721633,739.076610,360.567850,-264.538005,5.002220859751105e-12
2025-01-05,初始化,2025-01-04,2025-01-04,否,否,否,14.0,14.0,1,7,1.425621544731699,LP已验证互斥及全部原约束,Optimization terminated successfully. (HiGHS Status 7: Optimal),0,144,5735.461995,6000.000000,5994.696426,62315.371473,76965.405651,948.476404,77913.882055,0.159226,34.847673,9.061434,0.756944,0.012173,256.682283,4465.770766,3399.229216,5.737500,1032.103066,831.230267,-5.303574,-2.2737367544323206e-12
2025-01-06,初始化,2025-01-05,2025-01-05,否,否,否,14.0,3.0,1,7,1.393911920432455,LP已验证互斥及全部原约束,Optimization terminated successfully. (HiGHS Status 7: Optimal),0,144,5994.696426,6000.000000,6000.000000,62514.461314,76895.686945,550.172776,77445.859721,0.163022,36.439601,8.895760,0.812500,0.007104,104.081500,4702.363240,3684.106995,45.330983,884.596790,716.523400,0.000000,-2.8421709430404007e-12
2025-01-07,初始化,2025-01-06,2025-01-06,否,否,否,14.0,3.0,1,7,1.3793054689018212,LP已验证互斥及全部原约束,Optimization terminated successfully. (HiGHS Status 7: Optimal),0,144,6000.000000,6000.000000,6000.000000,62774.119035,76852.059042,3518.603531,80370.662574,0.157376,36.930177,13.478297,0.756944,0.043780,632.182178,3221.624442,2211.489227,42.728383,1255.318759,1016.808195,0.000000,-3.183231456205249e-12
2025-01-08,初始化,2025-01-07,2025-01-07,否,否,否,14.0,5.0,1,7,1.64781706273176,LP已验证互斥及全部原约束,Optimization terminated successfully. (HiGHS Status 7: Optimal),0,144,6000.000000,6000.000000,5997.346296,77076.628875,76627.279634,1252.572082,77879.851716,0.031166,50.703132,11.899392,0.819444,0.016083,336.644800,6982.482172,5560.140772,83.482833,1420.465905,1148.189050,-2.653704,6.821210263296962e-13
2025-01-09,初始化,2025-01-08,2025-01-08,否,否,否,14.0,14.0,1,7,1.641101718029152,LP已验证互斥及全部原约束,Optimization terminated successfully. (HiGHS Status 7: Optimal),0,144,5997.346296,6000.000000,6000.000000,76273.798983,76363.080474,647.928166,77011.008640,0.032471,34.607717,8.779929,0.791667,0.008413,174.726462,4468.286357,3358.465819,15.167117,1143.372340,926.131595,0.000000,-4.774847184307873e-12
2025-01-10,初始化,2025-01-09,2025-01-09,否,否,否,14.0,14.0,1,7,1.2996320321383468,LP已验证互斥及全部原约束,Optimization terminated successfully. (HiGHS Status 7: Optimal),0,144,6000.000000,6000.000000,6000.000000,26111.896601,24685.388574,303.836034,24989.224607,0.049632,34.854231,9.003458,0.805556,0.012159,128.083450,3797.832505,1725.395043,556.050800,960.234239,777.789733,0.000000,-2.6147972675971687e-12
2025-01-11,初始化,2025-01-10,2025-01-10,否,否,否,14.0,14.0,1,7,1.3081348528361945,LP已验证互斥及全部原约束,Optimization terminated successfully. (HiGHS Status 7: Optimal),0,144,6000.000000,6000.000000,6000.000000,26046.952749,25352.799287,145.354288,25498.153575,0.051164,40.230192,9.136894,0.854167,0.005701,43.998667,4312.040782,2157.232876,1279.093665,1461.045247,1183.446650,0.000000,4.092726157978177e-12
2025-01-12,初始化,2025-01-11,2025-01-11,否,否,否,21.0,14.0,1,7,1.68622899847613,LP已验证互斥及全部原约束,Optimization terminated successfully. (HiGHS Status 7: Optimal),0,144,6000.000000,6000.000000,6000.000000,75476.762575,76610.088466,479.968258,77090.056724,0.040604,32.661258,7.480239,0.847222,0.006226,127.688617,4584.825383,3489.063083,56.814583,1398.758333,1132.994250,0.000000,5.6843418860808015e-12
2025-01-13,初始化,2025-01-12,2025-01-12,否,否,否,21.0,14.0,1,28,1.6763510108967934,LP已验证互斥及全部原约束,Optimization terminated successfully. (HiGHS Status 7: Optimal),0,144,6000.000000,6000.000000,6000.000000,75946.250934,75971.932385,180.366613,76152.298998,0.039846,50.753703,11.364288,0.881944,0.002368,65.526833,7188.807620,5893.962307,26.991083,2232.848086,1808.606950,0.000000,2.0463630789890885e-12
2025-01-14,初始化,2025-01-13,2025-01-13,否,否,否,21.0,14.0,1,28,1.65349990154614,LP已验证互斥及全部原约束,Optimization terminated successfully. (HiGHS Status 7: Optimal),0,144,6000.000000,6000.000000,5995.670370,75597.038194,75585.909138,715.671449,76301.580587,0.030188,43.748744,9.895175,0.888889,0.009380,173.719233,6127.180088,4951.331816,84.496983,1494.981955,1207.038717,-4.329630,-3.183231456205249e-12
2025-01-15,初始化,2025-01-14,2025-01-14,否,否,否,21.0,5.0,1,28,1.6372340244061407,LP已验证互斥及全部原约束,Optimization terminated successfully. (HiGHS Status 7: Optimal),0,144,5995.670370,6000.000000,6000.000000,74597.233609,75652.392418,1004.571667,76656.964086,0.030271,34.715947,8.251396,0.881944,0.013105,179.259317,4733.943399,3642.359591,17.962183,1060.468416,858.979417,0.000000,-6.0254023992456496e-12
2025-01-16,初始化,2025-01-15,2025-01-15,否,否,否,21.0,5.0,1,28,1.637743169707307,LP已验证互斥及全部原约束,Optimization terminated successfully. (HiGHS Status 7: Optimal),0,144,6000.000000,6000.000000,6000.000000,74787.799621,74830.876361,1226.800355,76057.676715,0.031023,42.306821,10.333418,0.798611,0.016130,224.199017,5695.116552,4373.752966,4.496117,1483.248169,1201.431017,0.000000,-3.410605131648481e-12
2025-01-17,初始化,2025-01-16,2025-01-16,否,否,否,14.0,5.0,1,28,1.2959115431136776,LP已验证互斥及全部原约束,Optimization terminated successfully. (HiGHS Status 7: Optimal),0,144,6000.000000,6000.000000,6000.000000,24989.346597,24262.455916,267.840425,24530.296341,0.045597,43.024252,10.086731,0.819444,0.010919,119.679283,4028.169650,1948.286188,1947.913560,1959.022510,1586.808233,0.000000,3.183231456205249e-12
2025-01-18,初始化,2025-01-17,2025-01-17,否,否,否,14.0,5.0,1,28,1.3160671503222476,LP已验证互斥及全部原约束,Optimization terminated successfully. (HiGHS Status 7: Optimal),0,144,6000.000000,6000.000000,5969.300037,25192.219643,24633.114946,438.082034,25071.196980,0.045449,41.723141,10.186276,0.812500,0.017474,154.961949,3770.782285,1734.592309,1980.006467,2337.132468,1865.447332,-30.699963,0.0
2025-01-19,初始化,2025-01-18,2025-01-18,否,否,否,42.0,5.0,1,28,1.6656558745016663,LP已验证互斥及全部原约束,Optimization terminated successfully. (HiGHS Status 7: Optimal),0,144,5969.300037,6000.000000,6000.000000,74224.898365,74494.292589,422.465666,74916.758255,0.035061,36.161980,8.185604,0.868056,0.005639,83.973983,5041.098070,3595.512876,55.528917,1383.514403,1120.646667,0.000000,2.2737367544323206e-13
2025-01-20,初始化,2025-01-19,2025-01-19,否,否,否,21.0,7.0,1,28,1.6426150949379752,LP已验证互斥及全部原约束,Optimization terminated successfully. (HiGHS Status 7: Optimal),0,144,6000.000000,6000.000000,5988.276889,73761.620730,74367.753598,429.322531,74797.076130,0.028767,41.380995,8.901781,0.909722,0.005740,99.998383,6089.710987,4695.474253,0.483500,1689.795370,1358.183450,-11.723111,4.092726157978177e-12
2025-01-21,初始化,2025-01-20,2025-01-20,否,否,否,21.0,7.0,1,28,1.6405872186390114,LP已验证互斥及全部原约束,Optimization terminated successfully. (HiGHS Status 7: Optimal),0,144,5988.276889,6000.000000,6000.000000,73896.528566,72735.778879,406.545196,73142.324075,0.034874,73.480467,15.620610,0.902778,0.005558,74.729067,10835.685612,7936.174407,100.494417,3810.693395,3086.661650,0.000000,9.094947017729282e-13
2025-01-22,初始化,2025-01-21,2025-01-21,否,否,否,42.0,7.0,1,28,1.648795918654758,LP已验证互斥及全部原约束,Optimization terminated successfully. (HiGHS Status 7: Optimal),0,144,6000.000000,6000.000000,6000.000000,74384.461172,74133.939002,380.537339,74514.476342,0.031578,36.996297,8.769835,0.847222,0.005107,106.891000,4942.017013,3937.062831,113.713417,1469.731213,1190.482283,0.000000,9.094947017729282e-13
2025-01-23,初始化,2025-01-22,2025-01-22,否,否,否,42.0,5.0,1,28,1.6302574264241323,LP已验证互斥及全部原约束,Optimization terminated successfully. (HiGHS Status 7: Optimal),0,144,6000.000000,6000.000000,6000.000000,73228.931225,74677.395055,475.900506,75153.295562,0.032452,30.951736,8.260556,0.812500,0.006332,98.227331,3841.464526,2912.871213,12.818800,1540.558042,1247.852014,0.000000,1.8189894035458565e-12
2025-01-24,初始化,2025-01-23,2025-01-23,否,否,否,10.0,7.0,1,28,1.290709790149973,LP已验证互斥及全部原约束,Optimization terminated successfully. (HiGHS Status 7: Optimal),0,144,6000.000000,6000.000000,6000.000000,24608.519088,23243.083564,110.613410,23353.696974,0.053861,59.756994,12.677898,0.923611,0.004736,55.672263,6257.086370,2619.381254,2414.358126,1892.023329,1532.538897,0.000000,6.139089236967266e-12
2025-01-25,初始化,2025-01-24,2025-01-24,否,否,否,42.0,7.0,1,28,1.2960861601376437,LP已验证互斥及全部原约束,Optimization terminated successfully. (HiGHS Status 7: Optimal),0,144,6000.000000,6000.000000,6000.000000,24203.857838,22950.775581,27.246295,22978.021876,0.060909,65.579464,13.728566,0.847222,0.001186,14.865133,5402.215693,2411.440323,4119.258361,1880.258970,1523.009766,0.000000,5.002220859751105e-12
2025-01-26,初始化,2025-01-25,2025-01-25,否,否,否,42.0,5.0,1,28,1.6569829344100075,LP已验证互斥及全部原约束,Optimization terminated successfully. (HiGHS Status 7: Optimal),0,144,6000.000000,6000.000000,5989.190741,72859.042119,73419.375836,305.644080,73725.019916,0.034659,39.376830,9.209374,0.868056,0.004146,57.357450,5534.216294,4101.334882,17.569717,2393.476461,1928.987600,-10.809259,9.094947017729282e-13
2025-01-27,初始化,2025-01-26,2025-01-26,否,否,否,21.0,5.0,1,28,1.646337855268301,LP已验证互斥及全部原约束,Optimization terminated successfully. (HiGHS Status 7: Optimal),0,144,5989.190741,6000.000000,6000.000000,72171.704394,71888.565802,195.824180,72084.389983,0.031505,59.159102,12.462787,0.916667,0.002717,36.230133,8848.725993,6703.278770,64.082000,3476.480226,2815.948983,0.000000,-6.821210263296962e-12
2025-01-28,初始化,2025-01-27,2025-01-27,否,否,否,42.0,5.0,1,28,1.6112145306389916,LP已验证互斥及全部原约束,Optimization terminated successfully. (HiGHS Status 7: Optimal),0,144,6000.000000,6000.000000,6000.000000,70522.937396,71675.915514,511.488739,72187.404254,0.032986,38.899075,8.663620,0.868056,0.007086,153.879657,5532.750076,4250.758026,118.084817,1682.709926,1362.995040,0.000000,2.0463630789890885e-12
2025-01-29,初始化,2025-01-28,2025-01-28,否,否,否,42.0,5.0,1,28,1.6486977817220354,LP已验证互斥及全部原约束,Optimization terminated successfully. (HiGHS Status 7: Optimal),0,144,6000.000000,6000.000000,6000.000000,72092.640515,70213.797099,47.711893,70261.508993,0.042872,74.056424,15.234105,0.937500,0.000679,9.332817,11269.525007,8549.658717,66.931317,4557.642407,3691.690350,0.000000,-9.094947017729282e-13
2025-01-30,初始化,2025-01-29,2025-01-29,否,否,否,28.0,3.0,1,28,1.6513389973054275,LP已验证互斥及全部原约束,Optimization terminated successfully. (HiGHS Status 7: Optimal),0,144,6000.000000,6000.000000,6000.000000,70797.819892,69307.466240,50.892864,69358.359105,0.038069,47.337756,10.034640,0.916667,0.000734,7.801800,6844.226513,5114.273495,32.387417,1707.251296,1382.873550,0.000000,-2.2737367544323206e-13
2025-01-31,初始化,2025-01-30,2025-01-30,否,否,否,14.0,3.0,1,28,1.2680243411757524,LP已验证互斥及全部原约束,Optimization terminated successfully. (HiGHS Status 7: Optimal),0,144,6000.000000,6000.000000,6000.000000,21763.465330,21368.056374,65.728498,21433.784872,0.050806,42.574293,9.962954,0.833333,0.003067,24.464248,4054.072416,1709.016863,1629.931650,1178.565883,954.638365,0.000000,4.320099833421409e-12
2025-02-01,正式期,2025-01-31,2025-01-31,否,否,否,42.0,3.0,1,28,1.2668047139617293,LP已验证互斥及全部原约束,Optimization terminated successfully. (HiGHS Status 7: Optimal),0,144,6000.000000,6000.000000,6000.000000,21613.400234,20422.693202,0.000000,20422.693202,0.073451,68.924995,13.839567,0.993056,0.000000,0.000000,6969.199063,2702.908525,3445.799983,2715.750597,2199.757983,0.000000,0.0
2025-02-02,正式期,2025-02-01,2025-02-01,否,否,否,28.0,3.0,1,28,1.6468317168219786,LP已验证互斥及全部原约束,Optimization terminated successfully. (HiGHS Status 7: Optimal),0,144,6000.000000,6000.000000,6000.000000,69395.935609,66156.086666,57.549807,66213.636472,0.082076,75.781137,15.193935,0.986111,0.000869,9.049900,11460.597262,7957.713007,166.806250,3810.366728,3086.397050,0.000000,-5.9117155615240335e-12
2025-02-03,正式期,2025-02-02,2025-02-02,否,否,否,21.0,3.0,1,28,1.602032714707226,LP已验证互斥及全部原约束,Optimization terminated successfully. (HiGHS Status 7: Optimal),0,144,6000.000000,6000.000000,6000.000000,67501.956495,66701.123912,0.000000,66701.123912,0.068237,57.976864,11.730590,0.972222,0.000000,0.000000,8902.607838,6137.406287,45.105267,3494.468621,2830.519583,0.000000,2.2737367544323206e-12
2025-02-04,正式期,2025-02-03,2025-02-03,否,否,否,14.0,3.0,1,28,1.6057482258836677,LP已验证互斥及全部原约束,Optimization terminated successfully. (HiGHS Status 7: Optimal),0,144,6000.000000,6000.000000,6000.000000,67723.839244,66084.301812,261.690551,66345.992362,0.067634,48.888107,10.391540,0.944444,0.003944,50.304683,7063.910984,4646.511874,107.596117,1978.925267,1602.929467,0.000000,6.821210263296962e-13
2025-02-05,正式期,2025-02-04,2025-02-04,否,否,否,7.0,3.0,1,28,1.5674544210062327,LP已验证互斥及全部原约束,Optimization terminated successfully. (HiGHS Status 7: Optimal),0,144,6000.000000,6000.000000,6000.000000,66548.963803,65842.503652,47.489701,65889.993352,0.060924,49.884589,10.649665,0.965278,0.000721,7.338283,7214.796958,5291.221468,124.975150,2484.060391,2012.088917,0.000000,5.002220859751105e-12
2025-02-06,正式期,2025-02-05,2025-02-05,否,否,否,3.0,3.0,1,28,1.5761479692840217,LP已验证互斥及全部原约束,Optimization terminated successfully. (HiGHS Status 7: Optimal),0,144,6000.000000,6000.000000,6000.000000,65451.319681,63970.519255,362.685834,64333.205089,0.068147,39.568260,9.080143,0.819444,0.005638,83.284150,5587.541641,4048.136105,33.109433,2102.385041,1702.931883,0.000000,2.7284841053187847e-12
2025-02-07,正式期,2025-02-06,2025-02-06,否,否,否,10.0,3.0,1,14,1.2240002008444757,LP已验证互斥及全部原约束,Optimization terminated successfully. (HiGHS Status 7: Optimal),0,144,6000.000000,6000.000000,6000.000000,21165.528194,19373.397686,0.000000,19373.397686,0.074283,74.724550,15.021043,0.979167,0.000000,0.000000,6621.359129,2502.466393,4477.120292,1972.042305,1597.354267,0.000000,2.5011104298755527e-12
2025-02-08,正式期,2025-02-07,2025-02-07,否,否,否,7.0,3.0,1,7,1.0997147992405174,LP已验证互斥及全部原约束,Optimization terminated successfully. (HiGHS Status 7: Optimal),0,144,6000.000000,6000.000000,6000.000000,18494.179756,18409.728918,3.514098,18413.243016,0.046144,61.863332,12.676015,0.944444,0.000191,1.020650,5124.910716,1997.197401,4139.358186,2634.397819,2133.862233,0.000000,1.3642420526593924e-12
2025-02-09,正式期,2025-02-08,2025-02-08,否,否,否,3.0,3.0,1,7,1.4262955942078839,LP已验证互斥及全部原约束,Optimization terminated successfully. (HiGHS Status 7: Optimal),0,144,6000.000000,6000.000000,6000.000000,60603.742240,62109.865946,75.070710,62184.936656,0.042770,38.814336,9.964655,0.854167,0.001207,14.676581,4914.854299,3533.555771,10.501917,1990.910799,1612.637747,0.000000,6.59383658785373e-12
2025-02-10,正式期,2025-02-09,2025-02-09,否,否,否,3.0,3.0,1,7,1.4258971326687113,LP已验证互斥及全部原约束,Optimization terminated successfully. (HiGHS Status 7: Optimal),0,144,6000.000000,6000.000000,5950.401741,60951.461622,60293.679752,247.441186,60541.120938,0.041661,69.037098,15.045464,0.854167,0.004087,87.364272,10060.896100,6735.301954,283.075283,4552.042167,3642.515722,-49.598259,4.547473508864641e-12
2025-02-11,正式期,2025-02-10,2025-02-10,否,否,否,3.0,3.0,1,7,1.4229722942180771,LP已验证互斥及全部原约束,Optimization terminated successfully. (HiGHS Status 7: Optimal),0,144,5950.401741,6000.000000,6000.000000,60866.032109,60449.030327,93.754158,60542.784485,0.035918,56.591842,11.981577,0.868056,0.001549,29.301818,8184.684271,5708.689146,213.604433,2832.114055,2294.012384,0.000000,0.0
2025-02-12,正式期,2025-02-11,2025-02-11,否,否,否,3.0,3.0,1,7,1.4148749495400572,LP已验证互斥及全部原约束,Optimization terminated successfully. (HiGHS Status 7: Optimal),0,144,6000.000000,6000.000000,6000.000000,60010.257597,59233.685950,331.274125,59564.960074,0.036607,49.528604,10.793156,0.833333,0.005562,69.827864,7186.759785,4636.534696,111.621983,2749.492918,2227.089263,0.000000,-5.9117155615240335e-12
2025-02-13,正式期,2025-02-12,2025-02-12,否,否,否,3.0,3.0,1,7,1.3951091715266584,LP已验证互斥及全部原约束,Optimization terminated successfully. (HiGHS Status 7: Optimal),0,144,6000.000000,6000.000000,6000.000000,58931.375933,57751.405461,305.583328,58056.988789,0.042588,71.229380,15.785758,0.819444,0.005264,116.580191,9906.250921,6272.347673,662.107950,4915.217788,3981.326408,0.000000,1.8189894035458565e-12
2025-02-14,正式期,2025-02-13,2025-02-13,否,否,否,5.0,3.0,1,7,1.0619791704380945,LP已验证互斥及全部原约束,Optimization terminated successfully. (HiGHS Status 7: Optimal),0,144,6000.000000,6000.000000,6000.000000,15867.274609,15749.145460,276.275412,16025.420871,0.055448,41.259144,11.389651,0.791667,0.017240,70.816417,1318.584101,611.383388,3348.780067,845.819218,685.113567,0.000000,6.821210263296962e-13
2025-02-15,正式期,2025-02-14,2025-02-14,否,否,否,5.0,3.0,1,7,1.0751099704142715,LP已验证互斥及全部原约束,Optimization terminated successfully. (HiGHS Status 7: Optimal),0,144,6000.000000,6000.000000,5964.819180,15746.030973,16196.800439,37.311014,16234.111454,0.045870,38.725939,9.630049,0.770833,0.002298,12.972383,594.281406,345.507765,4439.525421,1146.584944,897.071067,-35.180820,2.5011104298755527e-12
2025-02-16,正式期,2025-02-15,2025-02-15,否,否,否,3.0,3.0,1,7,1.4211451472191043,LP已验证互斥及全部原约束,Optimization terminated successfully. (HiGHS Status 7: Optimal),0,144,5964.819180,6000.000000,6000.000000,57271.892161,57109.146530,469.084346,57578.230876,0.039828,32.271799,8.121503,0.819444,0.008147,104.241336,4235.845927,2978.170742,24.286883,1626.216444,1317.235319,0.000000,1.1368683772161603e-12
2025-02-17,正式期,2025-02-16,2025-02-16,否,否,否,3.0,3.0,1,7,1.3730286974299752,LP已验证互斥及全部原约束,Optimization terminated successfully. (HiGHS Status 7: Optimal),0,144,6000.000000,6000.000000,5984.207407,55088.022202,56107.976265,204.577412,56312.553677,0.033290,54.383533,12.092486,0.840278,0.003633,84.149083,7534.449887,5024.209168,491.216900,3577.103704,2883.240667,-15.792593,1.8189894035458565e-12
2025-02-18,正式期,2025-02-17,2025-02-17,否,否,否,3.0,3.0,1,7,1.3814632025685405,LP已验证互斥及全部原约束,Optimization terminated successfully. (HiGHS Status 7: Optimal),0,144,5984.207407,6000.000000,6000.000000,55478.848946,54943.742996,534.217268,55477.960264,0.035261,44.506050,9.991892,0.826389,0.009629,116.739817,6421.327727,4128.407815,87.274383,2665.886543,2159.368100,0.000000,3.183231456205249e-12
2025-02-19,正式期,2025-02-18,2025-02-18,否,否,否,3.0,3.0,1,7,1.3733145764176842,LP已验证互斥及全部原约束,Optimization terminated successfully. (HiGHS Status 7: Optimal),0,144,6000.000000,6000.000000,5939.394370,55207.948641,54872.086651,631.822182,55503.908832,0.034250,44.924305,12.258892,0.701389,0.011383,206.546950,5137.444297,3288.105856,223.794100,1066.217263,809.090917,-60.605630,-3.296918293926865e-12
2025-02-20,正式期,2025-02-19,2025-02-19,否,否,否,5.0,3.0,1,7,1.3444354699667718,LP已验证互斥及全部原约束,Optimization terminated successfully. (HiGHS Status 7: Optimal),0,144,5939.394370,6000.000000,6000.000000,54536.441211,55474.689743,341.371759,55816.061502,0.031398,52.768975,12.011012,0.833333,0.006116,81.400602,7258.785570,4755.682327,226.636733,2656.597287,2151.843802,0.000000,4.547473508864641e-13
2025-02-21,正式期,2025-02-20,2025-02-20,否,否,否,5.0,3.0,1,7,1.0404675674536916,LP已验证互斥及全部原约束,Optimization terminated successfully. (HiGHS Status 7: Optimal),0,144,6000.000000,6000.000000,6000.000000,15154.406634,15491.658595,192.353486,15684.012081,0.058165,44.229832,10.224829,0.847222,0.012264,72.344250,1439.761639,680.108002,6331.625523,949.909053,769.426333,0.000000,-1.4779288903810084e-12
2025-02-22,正式期,2025-02-21,2025-02-21,否,否,否,7.0,3.0,1,7,1.0684006142646685,LP已验证互斥及全部原约束,Optimization terminated successfully. (HiGHS Status 7: Optimal),0,144,6000.000000,6000.000000,6000.000000,15347.823249,15617.404130,175.073010,15792.477140,0.048388,28.517468,8.006798,0.701389,0.011086,44.811100,986.772440,486.346625,4511.752414,1061.725638,859.997767,0.000000,9.094947017729282e-13
2025-02-23,正式期,2025-02-22,2025-02-22,否,否,否,5.0,3.0,1,7,1.4043404855635941,LP已验证互斥及全部原约束,Optimization terminated successfully. (HiGHS Status 7: Optimal),0,144,6000.000000,6000.000000,6000.000000,54647.573250,54298.053539,166.110414,54464.163953,0.040468,44.330444,11.282047,0.847222,0.003050,64.236319,5466.030486,3663.199354,208.689565,2034.526134,1647.966169,0.000000,5.4569682106375694e-12
2025-02-24,正式期,2025-02-23,2025-02-23,否,否,否,5.0,3.0,1,7,1.3746663351417074,LP已验证互斥及全部原约束,Optimization terminated successfully. (HiGHS Status 7: Optimal),0,144,6000.000000,6000.000000,6000.000000,53575.949688,53834.725809,134.277911,53969.003720,0.033095,60.354844,12.781327,0.909722,0.002488,24.781500,8298.932912,5193.684804,724.944183,3415.631728,2766.661700,0.000000,-3.183231456205249e-12
2025-02-25,正式期,2025-02-24,2025-02-24,否,否,否,5.0,3.0,1,7,1.369507923645486,LP已验证互斥及全部原约束,Optimization terminated successfully. (HiGHS Status 7: Optimal),0,144,6000.000000,6000.000000,6000.000000,53175.456363,52610.021209,205.021628,52815.042837,0.035414,74.193346,15.722781,0.895833,0.003882,43.434800,8816.740388,4971.516561,2293.098083,4247.029938,3440.094250,0.000000,1.3642420526593924e-12
2025-02-26,正式期,2025-02-25,2025-02-25,否,否,否,7.0,3.0,1,7,1.368038787399619,LP已验证互斥及全部原约束,Optimization terminated successfully. (HiGHS Status 7: Optimal),0,144,6000.000000,6000.000000,6000.000000,52748.242898,52666.864614,126.723362,52793.587977,0.035561,47.142031,10.231833,0.875000,0.002400,25.489883,6462.570767,4000.357396,507.303217,2850.401317,2308.825067,0.000000,-1.3642420526593924e-12
2025-02-27,正式期,2025-02-26,2025-02-26,否,否,否,7.0,3.0,1,7,1.360584302937985,LP已验证互斥及全部原约束,Optimization terminated successfully. (HiGHS Status 7: Optimal),0,144,6000.000000,6000.000000,6000.000000,52470.526277,51063.462192,207.082713,51270.544905,0.035001,56.033858,11.817278,0.923611,0.004039,36.840133,7318.996640,4403.530853,760.174266,1402.622840,1136.124500,0.000000,1.1368683772161603e-12
2025-02-28,正式期,2025-02-27,2025-02-27,否,否,否,7.0,3.0,1,7,1.035092940401225,LP已验证互斥及全部原约束,Optimization terminated successfully. (HiGHS Status 7: Optimal),0,144,6000.000000,6000.000000,6000.000000,14729.082702,14617.366396,38.603935,14655.970331,0.053346,43.011610,11.162833,0.777778,0.002634,20.788333,2006.693480,861.830608,7297.948926,1027.821173,832.535150,0.000000,7.617018127348274e-12
2025-03-01,正式期,2025-02-28,2025-02-28,否,否,否,7.0,3.0,1,7,1.0743232320460463,LP已验证互斥及全部原约束,Optimization terminated successfully. (HiGHS Status 7: Optimal),0,144,6000.000000,6000.000000,6000.000000,14948.748360,14696.491010,0.000000,14696.491010,0.051227,45.635546,13.855517,0.812500,0.000000,0.000000,958.205418,457.283676,7828.726563,1541.921481,1248.956400,0.000000,-2.5011104298755527e-12
2025-03-02,正式期,2025-03-01,2025-03-01,否,否,否,7.0,3.0,1,7,1.3960587047739657,LP已验证互斥及全部原约束,Optimization terminated successfully. (HiGHS Status 7: Optimal),0,144,6000.000000,6000.000000,5997.127778,53117.820192,52947.744476,13949.612241,66897.356717,0.055990,63.880256,24.794677,0.756944,0.208523,2563.739122,6714.605627,4424.206409,27.869967,3928.078710,3179.158755,-2.872222,-3.183231456205249e-12
2025-03-03,正式期,2025-03-02,2025-03-02,否,否,否,7.0,3.0,1,7,1.366513828332624,LP已验证互斥及全部原约束,Optimization terminated successfully. (HiGHS Status 7: Optimal),0,144,5997.127778,6000.000000,5996.351685,55183.125232,55593.616510,527.543937,56121.160447,0.045456,58.323526,14.245367,0.777778,0.009400,114.047250,7449.010809,5130.804640,194.979400,1930.470576,1560.397683,-3.648315,-6.821210263296962e-13
2025-03-04,正式期,2025-03-03,2025-03-03,否,否,否,7.0,3.0,1,7,1.3350972086424717,LP已验证互斥及全部原约束,Optimization terminated successfully. (HiGHS Status 7: Optimal),0,144,5996.351685,6000.000000,5993.841611,54622.844228,55714.696810,1.739725,55716.436535,0.031531,73.714814,15.161595,0.923611,0.000031,0.883333,10461.598216,7278.476304,702.746433,3915.415350,3165.943883,-6.158389,-5.002220859751105e-12
2025-03-05,正式期,2025-03-04,2025-03-04,否,否,否,5.0,5.0,1,7,1.3463262583331268,LP已验证互斥及全部原约束,Optimization terminated successfully. (HiGHS Status 7: Optimal),0,144,5993.841611,6000.000000,5979.759259,52692.362693,51940.313904,0.000000,51940.313904,0.027731,71.972912,15.296428,0.888889,0.000000,0.000000,9892.356589,6360.700259,804.307533,3932.811872,3167.360950,-20.240741,-7.275957614183426e-12
2025-03-06,正式期,2025-03-05,2025-03-05,否,否,否,3.0,5.0,1,7,1.333930453919188,LP已验证互斥及全部原约束,Optimization terminated successfully. (HiGHS Status 7: Optimal),0,144,5979.759259,6000.000000,6000.000000,50733.093876,50785.015989,406.038682,51191.054670,0.031041,59.708997,12.679572,0.881944,0.007932,69.474417,8253.024091,5132.675352,799.021217,3887.401708,3148.795383,0.000000,-2.7284841053187847e-12
2025-03-07,正式期,2025-03-06,2025-03-06,否,否,否,7.0,5.0,1,7,1.0329800954762212,LP已验证互斥及全部原约束,Optimization terminated successfully. (HiGHS Status 7: Optimal),0,144,6000.000000,6000.000000,6000.000000,14393.065944,14311.633094,0.000000,14311.633094,0.058163,67.275081,14.128426,0.875000,0.000000,0.000000,1505.468583,688.608512,9933.756761,2456.261461,1989.571783,0.000000,-4.547473508864641e-13
2025-03-08,正式期,2025-03-07,2025-03-07,否,否,否,5.0,5.0,1,7,1.0492138067363996,LP已验证互斥及全部原约束,Optimization terminated successfully. (HiGHS Status 7: Optimal),0,144,6000.000000,6000.000000,5994.475815,13829.098793,13959.023066,0.000000,13959.023066,0.057186,67.300887,14.403067,0.888889,0.000000,0.000000,1683.133962,740.793378,10417.289940,1741.863251,1405.937467,-5.524185,2.5011104298755527e-12
2025-03-09,正式期,2025-03-08,2025-03-08,否,否,否,3.0,3.0,1,7,1.4151983455775736,LP已验证互斥及全部原约束,Optimization terminated successfully. (HiGHS Status 7: Optimal),0,144,5994.475815,6000.000000,6000.000000,49121.326572,47668.247238,363.953395,48032.200633,0.042858,58.057861,12.730801,0.868056,0.007577,54.817400,6664.778806,4202.441988,1703.672867,2581.748189,2091.216033,0.000000,3.183231456205249e-12
2025-03-10,正式期,2025-03-09,2025-03-09,否,否,否,3.0,3.0,1,7,1.4078389228565609,LP已验证互斥及全部原约束,Optimization terminated successfully. (HiGHS Status 7: Optimal),0,144,6000.000000,6000.000000,5991.874074,48100.679807,48366.575431,326.956096,48693.531526,0.046015,40.571605,16.461902,0.604167,0.006715,111.422319,2192.693752,1592.233392,36.184066,1445.632102,1163.648669,-8.125926,9.094947017729282e-13
2025-03-11,正式期,2025-03-10,2025-03-10,否,否,否,3.0,5.0,1,7,1.3743862946657177,LP已验证互斥及全部原约束,Optimization terminated successfully. (HiGHS Status 7: Optimal),0,144,5991.874074,6000.000000,6000.000000,48864.236274,48967.674238,323.543126,49291.217364,0.035812,59.208389,12.792334,0.875000,0.006564,82.814300,8054.989999,4900.857827,744.450817,3404.913333,2757.979800,0.000000,4.547473508864641e-13
2025-03-12,正式期,2025-03-11,2025-03-11,否,否,否,3.0,5.0,1,7,1.3593662266357656,LP已验证互斥及全部原约束,Optimization terminated successfully. (HiGHS Status 7: Optimal),0,144,6000.000000,6000.000000,5993.153704,48167.433460,47669.963597,326.945398,47996.908996,0.033883,66.999853,14.870893,0.819444,0.006812,67.594580,7209.390286,4254.658407,2412.177317,3188.817836,2576.780780,-6.846296,-4.547473508864641e-13
2025-03-13,正式期,2025-03-12,2025-03-12,否,否,否,3.0,5.0,1,7,1.3517156544667364,LP已验证互斥及全部原约束,Optimization terminated successfully. (HiGHS Status 7: Optimal),0,144,5993.153704,6000.000000,6000.000000,47713.010845,48534.409720,622.943029,49157.352748,0.042080,45.670135,15.793143,0.673611,0.012672,128.361536,3787.294677,2508.209347,0.184917,1468.391094,1189.396786,0.000000,2.0463630789890885e-12
2025-03-14,正式期,2025-03-13,2025-03-13,否,否,否,5.0,5.0,1,14,1.0322086661547794,LP已验证互斥及全部原约束,Optimization terminated successfully. (HiGHS Status 7: Optimal),0,144,6000.000000,6000.000000,6000.000000,12908.854597,12860.210083,24.198446,12884.408529,0.066287,74.517123,16.462781,0.812500,0.001878,6.227083,1386.054615,626.985525,11795.920087,703.905185,570.163200,0.000000,5.5706550483591855e-12
2025-03-15,正式期,2025-03-14,2025-03-14,否,否,否,5.0,5.0,1,7,1.0350654080611403,LP已验证互斥及全部原约束,Optimization terminated successfully. (HiGHS Status 7: Optimal),0,144,6000.000000,6000.000000,5858.143121,12773.586070,13154.121964,640.616724,13794.738689,0.049959,43.454649,12.951196,0.666667,0.046439,219.184960,878.884000,546.972002,7591.629157,508.178273,283.953210,-141.856879,1.0800249583553523e-12
2025-03-16,正式期,2025-03-15,2025-03-15,否,否,否,3.0,5.0,1,7,1.3800951452928953,LP已验证互斥及全部原约束,Optimization terminated successfully. (HiGHS Status 7: Optimal),0,144,5858.143121,6000.000000,5944.405481,47434.837316,47907.643751,300.215702,48207.859453,0.036907,59.509042,12.989244,0.861111,0.006228,57.077600,7965.918559,4404.792290,829.409628,3373.065370,2682.147883,-55.594519,9.094947017729282e-13
2025-03-17,正式期,2025-03-16,2025-03-16,否,否,否,5.0,5.0,1,14,1.3856698816466189,LP已验证互斥及全部原约束,Optimization terminated successfully. (HiGHS Status 7: Optimal),0,144,5944.405481,6000.000000,6000.000000,48022.680194,46148.843776,13.717494,46162.561270,0.048950,92.169506,19.209693,0.909722,0.000297,5.616801,9981.137603,5352.032443,3866.388899,4957.269038,4015.387921,0.000000,-3.637978807091713e-12
2025-03-18,正式期,2025-03-17,2025-03-17,否,否,否,5.0,5.0,1,14,1.3635688719665686,LP已验证互斥及全部原约束,Optimization terminated successfully. (HiGHS Status 7: Optimal),0,144,6000.000000,6000.000000,6000.000000,47125.317178,46734.889946,0.000000,46734.889946,0.030782,70.075687,15.447815,0.861111,0.000000,0.000000,7928.350536,4802.864790,1978.595650,2651.223786,2147.491267,0.000000,4.547473508864641e-13
2025-03-19,正式期,2025-03-18,2025-03-18,否,否,否,5.0,5.0,1,14,1.344692843976486,LP已验证互斥及全部原约束,Optimization terminated successfully. (HiGHS Status 7: Optimal),0,144,6000.000000,6000.000000,6000.000000,45992.488110,45633.712672,0.000000,45633.712672,0.030808,73.045351,14.880122,0.937500,0.000000,0.000000,8294.692755,4861.389432,2557.121865,2438.889403,1975.500417,0.000000,5.002220859751105e-12
2025-03-20,正式期,2025-03-19,2025-03-19,否,否,否,5.0,3.0,1,14,1.379617044682759,LP已验证互斥及全部原约束,Optimization terminated successfully. (HiGHS Status 7: Optimal),0,144,6000.000000,6000.000000,6000.000000,44674.135351,43863.566102,657.876517,44521.442619,0.035412,35.718253,9.416960,0.743056,0.014777,149.953286,3822.815252,2237.242292,750.045367,1950.879819,1580.212653,0.000000,1.8189894035458565e-12
2025-03-21,正式期,2025-03-20,2025-03-20,否,否,否,7.0,3.0,1,14,1.0192397427920845,LP已验证互斥及全部原约束,Optimization terminated successfully. (HiGHS Status 7: Optimal),0,144,6000.000000,6000.000000,6000.000000,12567.328231,12646.531246,0.000000,12646.531246,0.071385,63.812122,13.728751,0.881944,0.000000,0.000000,1603.240727,774.296117,15246.423936,698.936914,566.138900,0.000000,9.094947017729282e-13
2025-03-22,正式期,2025-03-21,2025-03-21,否,否,否,7.0,3.0,1,14,1.0557845063403979,LP已验证互斥及全部原约束,Optimization terminated successfully. (HiGHS Status 7: Optimal),0,144,6000.000000,6000.000000,5950.714556,12693.256924,12793.764849,0.000000,12793.764849,0.055752,36.382234,9.406797,0.868056,0.000000,0.000000,1300.300580,598.403979,11470.181227,1100.983724,847.439917,-49.285444,1.2505552149377763e-12
2025-03-23,正式期,2025-03-22,2025-03-22,否,否,否,5.0,3.0,1,14,1.3821976631683874,LP已验证互斥及全部原约束,Optimization terminated successfully. (HiGHS Status 7: Optimal),0,144,5950.714556,6000.000000,6000.000000,43253.288939,42760.945379,247.660396,43008.605775,0.034749,52.870382,12.326590,0.840278,0.005758,82.313992,5142.989978,3285.805947,2044.423334,1752.478529,1419.507609,0.000000,4.547473508864641e-13
2025-03-24,正式期,2025-03-23,2025-03-23,否,否,否,5.0,3.0,1,14,1.3324947003297742,LP已验证互斥及全部原约束,Optimization terminated successfully. (HiGHS Status 7: Optimal),0,144,6000.000000,6000.000000,5983.659259,41663.588563,42647.299162,47.650490,42694.949652,0.030732,54.334050,12.299178,0.861111,0.001116,16.146431,4925.040641,2855.565090,2575.971417,1755.749791,1407.450664,-16.340741,9.094947017729282e-13
2025-03-25,正式期,2025-03-24,2025-03-24,否,否,否,5.0,3.0,1,14,1.3611699178422227,LP已验证互斥及全部原约束,Optimization terminated successfully. (HiGHS Status 7: Optimal),0,144,5983.659259,6000.000000,6000.000000,42252.996280,42390.182091,243.789422,42633.971513,0.029280,42.120797,13.147160,0.715278,0.005718,100.220247,2709.550280,1728.596991,1365.034067,926.367280,750.357497,0.000000,-1.7053025658242404e-12
2025-03-26,正式期,2025-03-25,2025-03-25,否,否,否,7.0,3.0,1,14,1.3507109600852525,LP已验证互斥及全部原约束,Optimization terminated successfully. (HiGHS Status 7: Optimal),0,144,6000.000000,6000.000000,6000.000000,42256.777137,41846.043099,66.528215,41912.571314,0.033169,69.495829,14.722270,0.909722,0.001587,21.547600,7023.681652,3699.826466,3060.863050,2372.040185,1921.352550,0.000000,1.8189894035458565e-12
2025-03-27,正式期,2025-03-26,2025-03-26,否,否,否,7.0,3.0,1,14,1.3600251492982665,LP已验证互斥及全部原约束,Optimization terminated successfully. (HiGHS Status 7: Optimal),0,144,6000.000000,6000.000000,6000.000000,42174.338092,41622.926900,514.420099,42137.346999,0.030913,49.073988,12.377303,0.756944,0.012208,156.137663,5392.375086,2864.537129,995.277983,2078.231086,1683.367180,0.000000,4.774847184307873e-12
2025-03-28,正式期,2025-03-27,2025-03-27,否,否,否,7.0,3.0,1,14,0.9931550818428813,LP已验证互斥及全部原约束,Optimization terminated successfully. (HiGHS Status 7: Optimal),0,144,6000.000000,6000.000000,6000.000000,11505.308049,12028.528675,0.000000,12028.528675,0.070443,56.372909,13.223838,0.798611,0.000000,0.000000,1313.132142,576.820048,15325.176567,384.317243,311.296967,0.000000,-5.229594535194337e-12
2025-03-29,正式期,2025-03-28,2025-03-28,否,否,否,10.0,3.0,1,14,1.0358314288034756,LP已验证互斥及全部原约束,Optimization terminated successfully. (HiGHS Status 7: Optimal),0,144,6000.000000,6000.000000,6000.000000,11992.656971,12335.145182,67.240206,12402.385388,0.071012,73.070880,15.345015,0.861111,0.005422,27.914250,801.831153,390.305960,19398.575483,1169.432119,947.240017,0.000000,5.002220859751105e-12
2025-03-30,正式期,2025-03-29,2025-03-29,否,否,否,7.0,3.0,1,14,1.37079229797342,LP已验证互斥及全部原约束,Optimization terminated successfully. (HiGHS Status 7: Optimal),0,144,6000.000000,6000.000000,5990.266667,40065.265885,39315.597917,691.500422,40007.098339,0.032775,51.130317,11.826947,0.833333,0.017284,200.982430,4865.252519,2791.768603,2301.655892,1909.601478,1538.017197,-9.733333,-4.547473508864641e-13
2025-03-31,正式期,2025-03-30,2025-03-30,否,否,否,7.0,3.0,1,14,1.3668300884914084,LP已验证互斥及全部原约束,Optimization terminated successfully. (HiGHS Status 7: Optimal),0,144,5990.266667,6000.000000,6000.000000,39775.421906,39626.535782,2207.856260,41834.392041,0.038033,47.938338,14.590545,0.784722,0.052776,477.798867,3735.111292,1791.765468,1897.459733,3437.013992,2783.981333,0.000000,4.547473508864641e-13
2025-04-01,正式期,2025-03-31,2025-03-31,否,否,否,7.0,3.0,1,14,1.3723992473008464,LP已验证互斥及全部原约束,Optimization terminated successfully. (HiGHS Status 7: Optimal),0,144,6000.000000,6000.000000,6000.000000,40173.151309,40943.216661,1416.199242,42359.415903,0.046205,48.797519,20.481867,0.701389,0.033433,358.052013,2193.365647,1223.631240,561.017983,2716.964480,2200.741229,0.000000,-6.821210263296962e-12
2025-04-02,正式期,2025-04-01,2025-04-01,否,否,否,7.0,3.0,1,14,1.3424970391137794,LP已验证互斥及全部原约束,Optimization terminated successfully. (HiGHS Status 7: Optimal),0,144,6000.000000,6000.000000,6000.000000,40592.751504,41626.786327,4206.771914,45833.558241,0.039157,51.933741,17.258074,0.729167,0.091784,824.068206,4460.987448,2851.039115,683.891867,739.941365,599.352506,0.000000,-2.5011104298755527e-12
2025-04-03,正式期,2025-04-02,2025-04-02,否,否,否,7.0,5.0,1,14,1.3572383358697966,LP已验证互斥及全部原约束,Optimization terminated successfully. (HiGHS Status 7: Optimal),0,144,6000.000000,6000.000000,6000.000000,41881.602936,42241.992209,0.000000,42241.992209,0.031141,68.206115,14.806010,0.854167,0.000000,0.000000,6859.475538,3628.042631,2869.689833,2455.697654,1989.115100,0.000000,4.547473508864641e-13
2025-04-04,正式期,2025-04-03,2025-04-03,否,否,否,10.0,5.0,1,14,1.0195593973151365,LP已验证互斥及全部原约束,Optimization terminated successfully. (HiGHS Status 7: Optimal),0,144,6000.000000,6000.000000,6000.000000,11661.672455,11931.610129,0.000000,11931.610129,0.067764,87.744318,18.242629,0.888889,0.000000,0.000000,1735.101556,765.601787,19441.368933,1184.332222,959.309100,0.000000,-9.094947017729282e-13
2025-04-05,正式期,2025-04-04,2025-04-04,否,否,否,10.0,5.0,1,14,1.0132603355091063,LP已验证互斥及全部原约束,Optimization terminated successfully. (HiGHS Status 7: Optimal),0,144,6000.000000,6000.000000,6000.000000,11379.489844,12087.924000,0.000000,12087.924000,0.057241,50.260844,13.050415,0.756944,0.000000,0.000000,962.084536,450.736487,14433.265424,1286.497243,1042.062767,0.000000,0.0
2025-04-06,正式期,2025-04-05,2025-04-05,否,否,否,7.0,5.0,1,14,1.365694015598997,LP已验证互斥及全部原约束,Optimization terminated successfully. (HiGHS Status 7: Optimal),0,144,6000.000000,6000.000000,6000.000000,40029.564707,40840.719014,24.159504,40864.878518,0.029764,65.904153,13.716848,0.930556,0.000591,9.463182,6258.982294,3534.454202,3424.581750,2322.058394,1880.867299,0.000000,-1.8189894035458565e-12
2025-04-07,正式期,2025-04-06,2025-04-06,否,否,否,7.0,5.0,1,14,1.377169730103521,LP已验证互斥及全部原约束,Optimization terminated successfully. (HiGHS Status 7: Optimal),0,144,6000.000000,6000.000000,5992.183333,39831.064059,39977.580428,0.000000,39977.580428,0.032764,65.995562,13.915258,0.875000,0.000000,0.000000,6051.991417,3458.613663,3705.722383,3110.883333,2512.780500,-7.816667,4.092726157978177e-12
2025-04-08,正式期,2025-04-07,2025-04-07,否,否,否,7.0,5.0,1,14,1.397782328144887,LP已验证互斥及全部原约束,Optimization terminated successfully. (HiGHS Status 7: Optimal),0,144,5992.183333,6000.000000,5986.595630,40251.825661,39300.824023,112.754032,39413.578055,0.032848,55.990465,11.986961,0.875000,0.002861,19.392006,5299.980041,2618.805271,2679.849317,1391.596674,1115.129373,-13.404370,3.183231456205249e-12
2025-04-09,正式期,2025-04-08,2025-04-08,否,否,否,7.0,5.0,1,14,1.3962096462359186,LP已验证互斥及全部原约束,Optimization terminated successfully. (HiGHS Status 7: Optimal),0,144,5986.595630,6000.000000,6000.000000,39692.171808,39486.382883,1622.170198,41108.553081,0.041874,32.178296,11.821499,0.701389,0.039461,353.689533,2436.107209,1373.632398,233.210550,1406.088292,1138.931517,0.000000,2.0463630789890885e-12
2025-04-10,正式期,2025-04-09,2025-04-09,否,否,否,10.0,5.0,1,21,1.3657743657339203,LP已验证互斥及全部原约束,Optimization terminated successfully. (HiGHS Status 7: Optimal),0,144,6000.000000,6000.000000,6000.000000,39823.550896,39674.192398,682.376553,40356.568952,0.033601,62.376607,14.405077,0.826389,0.016909,185.800378,6454.360455,3243.006491,2103.204300,1662.188038,1346.372311,0.000000,1.1368683772161603e-12
2025-04-11,正式期,2025-04-10,2025-04-10,否,否,否,10.0,5.0,1,21,0.9976609749295664,LP已验证互斥及全部原约束,Optimization terminated successfully. (HiGHS Status 7: Optimal),0,144,6000.000000,6000.000000,6000.000000,10999.586818,11659.298936,0.000000,11659.298936,0.076670,86.740715,18.672546,0.840278,0.000000,0.000000,1341.628259,570.165663,20239.300026,963.810802,780.686750,0.000000,-3.296918293926865e-12
2025-04-12,正式期,2025-04-11,2025-04-11,否,否,否,10.0,5.0,1,14,1.0423610391720923,LP已验证互斥及全部原约束,Optimization terminated successfully. (HiGHS Status 7: Optimal),0,144,6000.000000,6000.000000,6000.000000,11533.050428,11837.066654,10.048320,11847.114974,0.054186,55.226808,12.795570,0.875000,0.000848,7.778824,1387.214367,703.837266,16806.568688,1966.813939,1593.119290,0.000000,2.9558577807620168e-12
2025-04-13,正式期,2025-04-12,2025-04-12,否,否,否,10.0,5.0,1,14,1.3797336927997859,LP已验证互斥及全部原约束,Optimization terminated successfully. (HiGHS Status 7: Optimal),0,144,6000.000000,6000.000000,6000.000000,38769.670623,39291.982214,44.636146,39336.618360,0.041301,49.979632,10.559096,0.916667,0.001135,9.383717,5023.484763,2786.584118,2270.391795,1882.878642,1525.131700,0.000000,8.640199666842818e-12
2025-04-14,正式期,2025-04-13,2025-04-13,否,否,否,10.0,5.0,1,21,1.3551662465842211,LP已验证互斥及全部原约束,Optimization terminated successfully. (HiGHS Status 7: Optimal),0,144,6000.000000,6000.000000,6000.000000,38052.618682,38223.135753,105.603306,38328.739059,0.029872,58.615997,12.661387,0.902778,0.002755,45.067651,5625.773314,3294.315184,2832.622161,2226.076091,1803.121634,0.000000,0.0
2025-04-15,正式期,2025-04-14,2025-04-14,否,否,否,10.0,5.0,1,21,1.3534307469776714,LP已验证互斥及全部原约束,Optimization terminated successfully. (HiGHS Status 7: Optimal),0,144,6000.000000,6000.000000,6000.000000,37751.939053,37516.866448,0.000000,37516.866448,0.037046,70.368249,14.588806,0.923611,0.000000,0.000000,6329.422679,3201.229178,4138.879840,3066.049835,2483.500367,0.000000,1.3642420526593924e-12
2025-04-16,正式期,2025-04-15,2025-04-15,否,否,否,10.0,5.0,1,21,1.3779264348172806,LP已验证互斥及全部原约束,Optimization terminated successfully. (HiGHS Status 7: Optimal),0,144,6000.000000,6000.000000,5977.082630,38185.644722,38200.459270,242.374746,38442.834016,0.037416,35.880174,10.093445,0.812500,0.006305,100.004463,3375.592170,2096.892748,873.880150,1907.652670,1524.573029,-22.917370,-4.092726157978177e-12
2025-04-17,正式期,2025-04-16,2025-04-16,否,否,否,10.0,5.0,1,21,1.362781987656966,LP已验证互斥及全部原约束,Optimization terminated successfully. (HiGHS Status 7: Optimal),0,144,5977.082630,6000.000000,6000.000000,37843.941064,37688.892836,0.000000,37688.892836,0.030009,50.694100,10.960066,0.909722,0.000000,0.000000,5270.394614,2759.734123,1994.085482,1888.039630,1529.312100,0.000000,-1.5916157281026244e-12
2025-04-18,正式期,2025-04-17,2025-04-17,否,否,否,10.0,5.0,1,21,0.990153344771547,LP已验证互斥及全部原约束,Optimization terminated successfully. (HiGHS Status 7: Optimal),0,144,6000.000000,6000.000000,6000.000000,10718.955870,11286.083090,0.000000,11286.083090,0.059566,58.088948,12.896560,0.861111,0.000000,0.000000,2222.668673,891.267881,17937.795648,1455.365638,1178.846167,0.000000,3.410605131648481e-12
2025-04-19,正式期,2025-04-18,2025-04-18,否,否,否,14.0,5.0,1,21,1.0202560202957,LP已验证互斥及全部原约束,Optimization terminated successfully. (HiGHS Status 7: Optimal),0,144,6000.000000,6000.000000,5978.107093,10809.178676,11119.172187,0.000000,11119.172187,0.063936,51.138027,11.628448,0.875000,0.000000,0.000000,1680.501192,700.463514,17769.739133,1329.425658,1057.131167,-21.892907,-7.275957614183426e-12
2025-04-20,正式期,2025-04-19,2025-04-19,否,否,否,14.0,5.0,1,21,1.3782667050695503,LP已验证互斥及全部原约束,Optimization terminated successfully. (HiGHS Status 7: Optimal),0,144,5978.107093,6000.000000,5978.451852,37270.492190,37267.947640,0.000000,37267.947640,0.033805,50.832434,11.035593,0.902778,0.000000,0.000000,5204.506904,2853.415236,2044.174772,1718.887942,1372.905900,-21.548148,0.0
2025-04-21,正式期,2025-04-20,2025-04-20,否,否,否,14.0,5.0,1,21,1.358139384597716,LP已验证互斥及全部原约束,Optimization terminated successfully. (HiGHS Status 7: Optimal),0,144,5978.451852,6000.000000,6000.000000,36619.107534,36463.482045,242.767928,36706.249973,0.030680,72.756628,15.621528,0.840278,0.006614,104.367569,5925.859071,3224.269859,4725.267967,3071.063171,2487.561169,0.000000,2.2737367544323206e-12
2025-04-22,正式期,2025-04-21,2025-04-21,否,否,否,14.0,5.0,1,21,1.3408570921961094,LP已验证互斥及全部原约束,Optimization terminated successfully. (HiGHS Status 7: Optimal),0,144,6000.000000,6000.000000,5963.396296,36089.661336,36996.837045,230.269553,37227.106598,0.032514,48.441916,11.583054,0.833333,0.006186,57.761950,4191.103177,2508.122427,2420.778338,2394.644815,1906.718967,-36.603704,2.7284841053187847e-12
2025-04-23,正式期,2025-04-22,2025-04-22,否,否,否,14.0,5.0,1,21,1.3820234091236505,LP已验证互斥及全部原约束,Optimization terminated successfully. (HiGHS Status 7: Optimal),0,144,5963.396296,6000.000000,6000.000000,37182.832201,37243.624945,105.950440,37349.575384,0.037769,51.378835,11.675434,0.840278,0.002837,43.833767,4505.899872,2741.241577,2783.415406,2730.364444,2211.595200,0.000000,4.092726157978177e-12
2025-04-24,正式期,2025-04-23,2025-04-23,否,否,否,14.0,5.0,1,21,1.357324824886333,LP已验证互斥及全部原约束,Optimization terminated successfully. (HiGHS Status 7: Optimal),0,144,6000.000000,6000.000000,6000.000000,36245.452357,36426.568987,0.000000,36426.568987,0.035463,75.430701,15.489874,0.916667,0.000000,0.000000,6016.427747,3278.728216,5139.283112,2565.693992,2078.212133,0.000000,1.3642420526593924e-12
2025-04-25,正式期,2025-04-24,2025-04-24,否,否,否,14.0,3.0,1,21,1.0158933601643154,LP已验证互斥及全部原约束,Optimization terminated successfully. (HiGHS Status 7: Optimal),0,144,6000.000000,6000.000000,6000.000000,10207.657756,10484.013354,0.000000,10484.013354,0.069403,62.060879,13.370229,0.881944,0.000000,0.000000,1330.991533,553.005889,21808.638498,1101.985514,892.608267,0.000000,-2.2737367544323206e-13
2025-04-26,正式期,2025-04-25,2025-04-25,否,否,否,21.0,3.0,1,21,1.0212094821728155,LP已验证互斥及全部原约束,Optimization terminated successfully. (HiGHS Status 7: Optimal),0,144,6000.000000,6000.000000,6000.000000,10133.422740,10866.608080,116.449119,10983.057199,0.078059,68.867812,14.939183,0.826389,0.010603,38.226767,653.515987,269.584645,24332.370427,1372.857531,1112.014600,0.000000,1.5916157281026244e-12
2025-04-27,正式期,2025-04-26,2025-04-26,否,否,否,14.0,3.0,1,14,1.3952041986845367,LP已验证互斥及全部原约束,Optimization terminated successfully. (HiGHS Status 7: Optimal),0,144,6000.000000,6000.000000,5978.735185,34746.874616,34264.060131,552.421015,34816.481146,0.036477,47.745458,10.969299,0.847222,0.015867,117.918667,4508.577568,1754.310820,1967.542882,765.353333,600.797867,-21.264815,8.29913915367797e-12
2025-04-28,正式期,2025-04-27,2025-04-27,否,否,否,14.0,3.0,1,21,1.353168324912078,LP已验证互斥及全部原约束,Optimization terminated successfully. (HiGHS Status 7: Optimal),0,144,5978.735185,6000.000000,6000.000000,33885.806760,35043.984786,16168.043028,51212.027813,0.051450,53.709426,31.851417,0.569444,0.315708,2737.328744,898.912042,357.520457,42.188150,3169.417357,2567.228059,0.000000,5.9117155615240335e-12
2025-04-29,正式期,2025-04-28,2025-04-28,否,否,否,14.0,5.0,1,21,1.3812258053307094,LP已验证互斥及全部原约束,Optimization terminated successfully. (HiGHS Status 7: Optimal),0,144,6000.000000,6000.000000,6000.000000,36683.835962,35989.236292,755.437289,36744.673581,0.038065,80.217954,16.987615,0.895833,0.020559,185.122717,5922.585255,2839.416526,6065.840650,3710.786605,3005.737150,0.000000,-1.3642420526593924e-12
2025-04-30,正式期,2025-04-29,2025-04-29,否,否,否,14.0,5.0,1,21,1.3746784154475757,LP已验证互斥及全部原约束,Optimization terminated successfully. (HiGHS Status 7: Optimal),0,144,6000.000000,6000.000000,5917.545685,36033.831753,35649.126556,31.093069,35680.219625,0.042883,68.501301,15.334723,0.833333,0.000871,14.894883,5678.947435,3452.242293,4041.360033,2902.939918,2277.172450,-82.454315,4.092726157978177e-12
2025-05-01,正式期,2025-04-30,2025-04-30,否,否,否,14.0,5.0,1,21,1.3515106953619753,LP已验证互斥及全部原约束,Optimization terminated successfully. (HiGHS Status 7: Optimal),0,144,5917.545685,6000.000000,5598.210605,35075.242758,36626.351909,9263.004307,45889.356216,0.038073,71.560941,24.342429,0.597222,0.201855,1530.678100,4324.836536,2091.849021,3222.099022,865.196242,339.198500,-401.789395,2.8990143619012088e-12
2025-05-02,正式期,2025-05-01,2025-05-01,否,否,否,21.0,5.0,1,21,0.992234915105432,LP已验证互斥及全部原约束,Optimization terminated successfully. (HiGHS Status 7: Optimal),0,144,5598.210605,6000.000000,5665.951565,10138.777211,11376.812009,7444.226001,18821.038010,0.062268,39.542395,27.141166,0.333333,0.395527,1694.482217,202.340070,64.954293,12553.019726,370.114845,-0.850567,-334.048435,1.882161093647028e-12
2025-05-03,正式期,2025-05-02,2025-05-02,否,否,否,21.0,7.0,1,21,0.9929877357752617,LP已验证互斥及全部原约束,Optimization terminated successfully. (HiGHS Status 7: Optimal),0,144,5665.951565,6000.000000,5862.134636,10572.471056,11881.811752,4369.182143,16250.993895,0.059712,54.232754,17.314933,0.673611,0.268856,953.846450,512.938860,267.339275,17612.837391,795.625301,520.377667,-137.865364,-2.0463630789890885e-12
2025-05-04,正式期,2025-05-03,2025-05-03,否,否,否,14.0,7.0,0.6-0.3-0.1,21,1.3717536661460148,LP已验证互斥及全部原约束,Optimization terminated successfully. (HiGHS Status 7: Optimal),0,144,5862.134636,6000.000000,5624.318677,36318.578714,37939.651947,6377.566843,44317.218790,0.037049,71.645572,22.311054,0.659722,0.143907,1071.561500,4495.375591,2568.825227,4064.651883,3498.534474,2495.699733,-375.681323,4.547473508864641e-12
2025-05-05,正式期,2025-05-04,2025-05-04,否,否,否,5.0,7.0,0.6-0.3-0.1,21,1.3960893721633727,LP已验证互斥及全部原约束,Optimization terminated successfully. (HiGHS Status 7: Optimal),0,144,5624.318677,6000.000000,6000.000000,38981.065138,39350.335690,1121.746685,40472.082375,0.033367,48.601345,14.506834,0.694444,0.027717,258.842817,4444.680230,2495.727040,521.109100,31.072613,25.168817,0.000000,3.133493464702042e-12
2025-05-06,正式期,2025-05-05,2025-05-05,否,否,否,5.0,7.0,0.6-0.3-0.1,21,1.3616842988476014,LP已验证互斥及全部原约束,Optimization terminated successfully. (HiGHS Status 7: Optimal),0,144,6000.000000,6000.000000,5968.805556,38612.890174,40109.521790,54.137264,40163.659054,0.035063,67.552963,17.416354,0.784722,0.001348,23.854269,5149.378036,2922.753253,2835.556924,421.811793,313.592552,-31.194444,2.2737367544323206e-13
2025-05-07,正式期,2025-05-06,2025-05-06,否,否,否,5.0,7.0,0.6-0.3-0.1,21,1.3608052485749316,LP已验证互斥及全部原约束,Optimization terminated successfully. (HiGHS Status 7: Optimal),0,144,5968.805556,6000.000000,5983.554759,38553.016017,39918.876741,746.866685,40665.743427,0.033059,45.804954,11.350111,0.770833,0.018366,156.409006,4094.307783,2093.446988,1824.697737,1066.631653,849.170922,-16.445241,2.0463630789890885e-12
2025-05-08,正式期,2025-05-07,2025-05-07,否,否,否,5.0,7.0,0.6-0.3-0.1,21,1.370161824878957,LP已验证互斥及全部原约束,Optimization terminated successfully. (HiGHS Status 7: Optimal),0,144,5983.554759,6000.000000,6000.000000,38953.547807,40081.889181,1507.266321,41589.155502,0.038951,46.843293,13.711560,0.798611,0.036242,312.607583,4263.149369,2804.252603,1018.378068,1621.465720,1313.387233,0.000000,4.547473508864641e-12
2025-05-09,正式期,2025-05-08,2025-05-08,否,否,否,14.0,7.0,0.6-0.3-0.1,21,1.0469965733757212,LP已验证互斥及全部原约束,Optimization terminated successfully. (HiGHS Status 7: Optimal),0,144,6000.000000,6000.000000,6000.000000,12178.968471,12569.705348,93.448258,12663.153606,0.058851,50.554345,12.705432,0.798611,0.007380,29.853083,1513.783835,595.405086,17177.802993,688.874444,557.988300,0.000000,2.2737367544323206e-12
2025-05-10,正式期,2025-05-09,2025-05-09,否,否,否,10.0,7.0,0.6-0.3-0.1,21,1.0326055411737831,LP已验证互斥及全部原约束,Optimization terminated successfully. (HiGHS Status 7: Optimal),0,144,6000.000000,6000.000000,5896.619720,11867.861616,12889.446442,100.570066,12990.016508,0.057634,43.612863,17.871518,0.618056,0.007742,34.222950,713.761750,384.822358,14295.325966,858.099900,602.018667,-103.380280,-1.5916157281026244e-12
2025-05-11,正式期,2025-05-10,2025-05-10,否,否,否,5.0,7.0,0.6-0.3-0.1,21,1.379079411006587,LP已验证互斥及全部原约束,Optimization terminated successfully. (HiGHS Status 7: Optimal),0,144,5896.619720,6000.000000,6000.000000,39501.685010,40633.445936,1456.817018,42090.262954,0.037122,53.293317,14.183969,0.750000,0.034612,242.579217,4768.591155,3021.704621,1970.968883,2709.945638,2195.055967,0.000000,2.2737367544323206e-12
2025-05-12,正式期,2025-05-11,2025-05-11,否,否,否,5.0,5.0,0.6-0.3-0.1,21,1.4092255127537023,LP已验证互斥及全部原约束,Optimization terminated successfully. (HiGHS Status 7: Optimal),0,144,6000.000000,6000.000000,6000.000000,40139.930755,40560.632950,111.124967,40671.757917,0.044182,77.147580,19.049388,0.840278,0.002732,26.188315,6396.125546,3499.294173,3960.026217,5043.423413,4085.172965,0.000000,-9.094947017729282e-13
2025-05-13,正式期,2025-05-12,2025-05-12,否,否,否,5.0,7.0,0.5-0.3-0.2,21,1.3816030057132738,LP已验证互斥及全部原约束,Optimization terminated successfully. (HiGHS Status 7: Optimal),0,144,6000.000000,6000.000000,6000.000000,39513.796197,40070.016978,0.000000,40070.016978,0.038170,60.841545,13.247278,0.909722,0.000000,0.000000,6066.549244,3633.165578,2667.154235,2581.190329,2090.764167,0.000000,4.092726157978177e-12
2025-05-14,正式期,2025-05-13,2025-05-13,否,否,否,5.0,7.0,0.5-0.3-0.2,21,1.382645078833804,LP已验证互斥及全部原约束,Optimization terminated successfully. (HiGHS Status 7: Optimal),0,144,6000.000000,6000.000000,6000.000000,39274.751050,39500.683439,0.425838,39501.109276,0.031903,59.312518,13.282523,0.861111,0.000011,0.087450,5531.501622,3353.916240,2840.837249,2699.253971,2186.395717,0.000000,4.547473508864641e-12
2025-05-15,正式期,2025-05-14,2025-05-14,否,否,否,5.0,7.0,0.5-0.3-0.2,21,1.391690705232591,LP已验证互斥及全部原约束,Optimization terminated successfully. (HiGHS Status 7: Optimal),0,144,6000.000000,6000.000000,6000.000000,39154.183287,39434.157202,307.499782,39741.656984,0.037116,56.251519,12.433702,0.847222,0.007737,65.553783,5354.234231,2908.924977,2670.823570,2249.034568,1821.718000,0.000000,0.0
2025-05-16,正式期,2025-05-15,2025-05-15,否,否,否,14.0,7.0,0.5-0.3-0.2,21,1.047075459042343,LP已验证互斥及全部原约束,Optimization terminated successfully. (HiGHS Status 7: Optimal),0,144,6000.000000,6000.000000,6000.000000,12113.228685,12554.986190,80.361389,12635.347579,0.071960,84.991197,18.386918,0.888889,0.006360,49.120105,2265.256244,875.802172,22377.261619,1786.945130,1447.425555,0.000000,2.9558577807620168e-12
2025-05-17,正式期,2025-05-16,2025-05-16,否,否,否,14.0,5.0,0.5-0.3-0.2,21,1.0522391853119415,LP已验证互斥及全部原约束,Optimization terminated successfully. (HiGHS Status 7: Optimal),0,144,6000.000000,6000.000000,6000.000000,12119.833131,12818.409112,190.388361,13008.797472,0.055813,49.229824,18.582197,0.666667,0.014635,59.104433,1192.444304,493.480115,15535.408288,1205.602325,976.537883,0.000000,8.86757334228605e-12
2025-05-18,正式期,2025-05-17,2025-05-17,否,否,否,7.0,5.0,0.5-0.3-0.2,21,1.4034820758675248,LP已验证互斥及全部原约束,Optimization terminated successfully. (HiGHS Status 7: Optimal),0,144,6000.000000,6000.000000,6000.000000,38980.270094,39107.629836,211.087301,39318.717137,0.039634,59.455475,16.229893,0.770833,0.005369,89.495102,4875.552960,3151.519786,2001.397461,1623.630887,1315.141019,0.000000,3.637978807091713e-12
2025-05-19,正式期,2025-05-18,2025-05-18,否,否,否,10.0,7.0,0.25-0.25-0.25-0.25,21,1.4047429420948643,LP已验证互斥及全部原约束,Optimization terminated successfully. (HiGHS Status 7: Optimal),0,144,6000.000000,6000.000000,5999.544444,38999.585000,38395.983870,579.204596,38975.188466,0.036741,90.621407,19.078463,0.923611,0.014861,92.674100,7816.794593,4045.783853,5415.634561,2883.525370,2335.245550,-0.455556,1.3642420526593924e-12
2025-05-20,正式期,2025-05-19,2025-05-19,否,否,否,10.0,7.0,0.25-0.25-0.25-0.25,21,1.3953987685926532,LP已验证互斥及全部原约束,Optimization terminated successfully. (HiGHS Status 7: Optimal),0,144,5999.544444,6000.000000,6000.000000,38439.493200,38491.422745,1154.632122,39646.054867,0.042273,49.504499,14.365120,0.798611,0.029124,230.225272,3793.706538,2253.545699,1839.595119,2196.074040,1778.819972,0.000000,1.3642420526593924e-12
2025-05-21,正式期,2025-05-20,2025-05-20,否,否,否,10.0,7.0,0.25-0.25-0.25-0.25,21,1.388524548760513,LP已验证互斥及全部原约束,Optimization terminated successfully. (HiGHS Status 7: Optimal),0,144,6000.000000,6000.000000,5951.894574,38456.422401,38820.712631,717.188632,39537.901263,0.037424,69.600705,17.078840,0.784722,0.018139,173.619167,4961.040443,2519.900523,4323.019759,2951.684136,2347.569267,-48.105426,-1.8189894035458565e-12
2025-05-22,正式期,2025-05-21,2025-05-21,否,否,否,10.0,7.0,0.25-0.25-0.25-0.25,28,1.3867799139059909,LP已验证互斥及全部原约束,Optimization terminated successfully. (HiGHS Status 7: Optimal),0,144,5951.894574,6000.000000,6000.000000,38541.374786,38692.509289,304.994005,38997.503293,0.032157,64.455382,13.395933,0.930556,0.007821,46.965133,5263.726014,2774.921933,4255.396254,2278.490885,1845.577617,0.000000,4.547473508864641e-12
2025-05-23,正式期,2025-05-22,2025-05-22,否,否,否,14.0,7.0,0.25-0.25-0.25-0.25,28,1.0343311404905153,LP已验证互斥及全部原约束,Optimization terminated successfully. (HiGHS Status 7: Optimal),0,144,6000.000000,6000.000000,6000.000000,11870.802663,12435.752950,0.000000,12435.752950,0.063539,55.836880,12.340963,0.888889,0.000000,0.000000,2382.204846,917.565575,18089.899509,1275.208621,1032.918983,0.000000,8.185452315956354e-12
2025-05-24,正式期,2025-05-23,2025-05-23,否,否,否,14.0,7.0,0.25-0.25-0.25-0.25,21,1.0530436045838203,LP已验证互斥及全部原约束,Optimization terminated successfully. (HiGHS Status 7: Optimal),0,144,6000.000000,6000.000000,6000.000000,12029.369651,12727.423198,7.808042,12735.231239,0.064235,71.587079,15.926800,0.805556,0.000613,4.717850,2390.656800,1083.099777,20647.883546,1399.702346,1133.758900,0.000000,3.410605131648481e-12
2025-05-25,正式期,2025-05-24,2025-05-24,否,否,否,10.0,7.0,0.25-0.25-0.25-0.25,21,1.4050642264933435,LP已验证互斥及全部原约束,Optimization terminated successfully. (HiGHS Status 7: Optimal),0,144,6000.000000,6000.000000,6000.000000,37901.731364,37731.749955,14.278200,37746.028154,0.036583,70.388794,14.889432,0.923611,0.000378,6.236383,6072.428327,3213.850280,4136.686530,2402.607490,1946.112067,0.000000,4.092726157978177e-12
2025-05-26,正式期,2025-05-25,2025-05-25,否,否,否,10.0,5.0,0.25-0.25-0.25-0.25,21,1.41492861662429,LP已验证互斥及全部原约束,Optimization terminated successfully. (HiGHS Status 7: Optimal),0,144,6000.000000,6000.000000,6000.000000,37568.601550,37204.152018,419.540749,37623.692767,0.046713,48.655822,18.963369,0.736111,0.011151,76.653317,2760.781313,1691.592439,0.000000,574.461296,465.313650,0.000000,5.684341886080801e-13
2025-05-27,正式期,2025-05-26,2025-05-26,否,否,否,10.0,7.0,0.25-0.25-0.25-0.25,21,1.404167122713501,LP已验证互斥及全部原约束,Optimization terminated successfully. (HiGHS Status 7: Optimal),0,144,6000.000000,6000.000000,6000.000000,38035.713039,37607.953021,13.669614,37621.622635,0.032112,68.191039,14.868918,0.833333,0.000363,7.151250,6387.211814,3414.398401,3266.901920,2201.019300,1782.825633,0.000000,1.1368683772161603e-12
2025-05-28,正式期,2025-05-27,2025-05-27,否,否,否,10.0,7.0,0.25-0.25-0.25-0.25,28,1.3870609975004313,LP已验证互斥及全部原约束,Optimization terminated successfully. (HiGHS Status 7: Optimal),0,144,6000.000000,6000.000000,5994.535185,37493.841872,37964.946704,169.893505,38134.840209,0.040929,54.236269,14.830804,0.770833,0.004455,54.518450,3664.049144,2174.655239,2512.292417,1152.558827,928.654317,-5.464815,-6.59383658785373e-12
2025-05-29,正式期,2025-05-28,2025-05-28,否,否,否,10.0,7.0,0.25-0.25-0.25-0.25,28,1.3971262693431672,LP已验证互斥及全部原约束,Optimization terminated successfully. (HiGHS Status 7: Optimal),0,144,5994.535185,6000.000000,6000.000000,37860.854405,38101.949097,533.650527,38635.599624,0.035472,42.293227,12.002380,0.750000,0.013812,105.706533,3352.675422,1751.928219,1202.972317,319.520556,258.811650,0.000000,1.6484591469634324e-12
2025-05-30,正式期,2025-05-29,2025-05-29,否,否,否,14.0,7.0,0.25-0.25-0.25-0.25,28,1.046189041985991,LP已验证互斥及全部原约束,Optimization terminated successfully. (HiGHS Status 7: Optimal),0,144,6000.000000,6000.000000,6000.000000,11716.921220,12496.983986,597.518728,13094.502713,0.055955,60.185689,16.178113,0.756944,0.045631,184.964283,2268.476406,754.662149,17763.257467,1254.570556,1016.202150,0.000000,2.5011104298755527e-12
2025-05-31,正式期,2025-05-30,2025-05-30,否,否,否,21.0,7.0,0.25-0.25-0.25-0.25,28,1.0615367403479934,LP已验证互斥及全部原约束,Optimization terminated successfully. (HiGHS Status 7: Optimal),0,144,6000.000000,6000.000000,5869.687037,11771.350200,11932.566639,0.598551,11933.165189,0.055098,48.286460,13.715088,0.750000,0.000050,0.399833,2059.175766,924.966993,15922.428295,508.591811,294.677700,-130.312963,2.2737367544323206e-13
2025-06-01,正式期,2025-05-31,2025-05-31,否,否,否,10.0,7.0,0.25-0.25-0.25-0.25,28,1.4044038966400973,LP已验证互斥及全部原约束,Optimization terminated successfully. (HiGHS Status 7: Optimal),0,144,5869.687037,6000.000000,5044.224801,38182.829975,42248.352136,56678.960389,98927.312525,0.078604,93.372254,72.172921,0.180556,0.572935,10426.940381,32.282233,12.558277,0.000000,5151.605917,3312.603114,-955.775199,-9.094947017729282e-13
2025-06-02,正式期,2025-06-01,2025-06-01,否,否,否,10.0,7.0,0.25-0.25-0.25-0.25,28,1.3995241957881817,LP已验证互斥及全部原约束,Optimization terminated successfully. (HiGHS Status 7: Optimal),0,144,5044.224801,6000.000000,5134.827069,40235.607131,43912.861198,38686.557065,82599.418263,0.069759,79.122415,54.244127,0.187500,0.468364,7629.445953,1432.216100,644.177798,314.288750,2032.656017,867.795736,-865.172931,1.1368683772161603e-13
2025-06-03,正式期,2025-06-02,2025-06-02,否,否,否,7.0,3.0,0.25-0.25-0.25-0.25,28,1.4006222385078309,LP已验证互斥及全部原约束,Optimization terminated successfully. (HiGHS Status 7: Optimal),0,144,5134.827069,6000.000000,5946.285704,48279.892743,52625.936956,3457.173537,56083.110493,0.059304,56.038059,16.588291,0.611111,0.061644,623.511957,5017.588817,3164.879121,1423.150860,1484.896593,1154.423374,-53.714296,-4.547473508864641e-13
2025-06-04,正式期,2025-06-03,2025-06-03,否,否,否,5.0,3.0,0.25-0.25-0.25-0.25,28,1.3959503230382566,LP已验证互斥及全部原约束,Optimization terminated successfully. (HiGHS Status 7: Optimal),0,144,5946.285704,6000.000000,5998.098148,48066.962684,52725.547178,5240.603307,57966.150485,0.068368,52.946347,19.372804,0.597222,0.090408,1205.794785,4813.771860,3319.033053,408.691817,3193.578110,2585.086602,-1.901852,1.8189894035458565e-12
2025-06-05,正式期,2025-06-04,2025-06-04,否,否,否,5.0,3.0,0.25-0.25-0.25-0.25,28,1.400220016842439,LP已验证互斥及全部原约束,Optimization terminated successfully. (HiGHS Status 7: Optimal),0,144,5998.098148,6000.000000,6000.000000,48398.101811,53284.152874,3423.699500,56707.852375,0.074607,44.040971,16.366084,0.638889,0.060374,730.841031,3125.240598,1976.723231,559.651233,1262.832634,1022.894433,0.000000,4.092726157978177e-12
2025-06-06,正式期,2025-06-05,2025-06-05,否,否,否,21.0,3.0,0.25-0.25-0.25-0.25,28,1.0305695584943926,LP已验证互斥及全部原约束,Optimization terminated successfully. (HiGHS Status 7: Optimal),0,144,6000.000000,6000.000000,5242.365835,11943.263570,14071.202972,22394.181669,36465.384641,0.093972,75.916023,55.943188,0.270833,0.614122,5581.465683,40.313017,13.805311,2511.942017,628.751500,-172.582033,-757.634165,-1.3926637620897964e-12
2025-06-07,正式期,2025-06-06,2025-06-06,否,否,否,14.0,3.0,0.25-0.25-0.25-0.25,28,1.0493604428349756,LP已验证互斥及全部原约束,Optimization terminated successfully. (HiGHS Status 7: Optimal),0,144,5242.365835,6000.000000,5832.437963,16458.089969,18977.817772,1212.836207,20190.653978,0.085563,47.557177,21.676470,0.555556,0.060069,239.309267,1769.380954,1068.077415,1271.339416,394.494753,168.734917,-167.562037,1.9895196601282805e-13
2025-06-08,正式期,2025-06-07,2025-06-07,否,否,否,5.0,3.0,0.25-0.25-0.25-0.25,28,1.422775036218089,LP已验证互斥及全部原约束,Optimization terminated successfully. (HiGHS Status 7: Optimal),0,144,5832.437963,6000.000000,5992.485204,54664.108023,58197.023331,281.162877,58478.186207,0.051539,114.013467,24.168933,0.881944,0.004808,70.112696,12958.539245,8110.861647,4556.185617,8819.498411,7137.030396,-7.514796,9.094947017729282e-12
2025-06-09,正式期,2025-06-08,2025-06-08,否,否,否,5.0,3.0,0.25-0.25-0.25-0.25,28,1.410196898502402,LP已验证互斥及全部原约束,Optimization terminated successfully. (HiGHS Status 7: Optimal),0,144,5992.485204,6000.000000,5961.734741,52807.935861,57549.337111,2549.515493,60098.852604,0.063307,70.283054,17.944726,0.750000,0.042422,464.942500,9253.138533,6008.157461,391.155817,4686.571750,3761.684384,-38.265259,8.185452315956354e-12
2025-06-10,正式期,2025-06-09,2025-06-09,否,否,否,5.0,3.0,1,7,1.4706081153636248,LP已验证互斥及全部原约束,Optimization terminated successfully. (HiGHS Status 7: Optimal),0,144,5961.734741,6000.000000,5998.875926,55516.090347,56512.899920,567.340833,57080.240752,0.042332,51.337495,12.140894,0.826389,0.009939,127.289633,6700.718965,4460.795196,472.518817,2902.983498,2350.404967,-1.124074,-3.637978807091713e-12
2025-06-11,正式期,2025-06-10,2025-06-10,否,否,否,5.0,3.0,1,7,1.4770838484336004,LP已验证互斥及全部原约束,Optimization terminated successfully. (HiGHS Status 7: Optimal),0,144,5998.875926,6000.000000,6000.000000,55187.772055,55598.814264,10876.718198,66475.532462,0.049461,43.665087,19.791649,0.645833,0.163620,2057.607327,3106.677010,1915.724008,0.603667,368.650877,298.607210,0.000000,1.3642420526593924e-12
2025-06-12,正式期,2025-06-11,2025-06-11,否,否,否,5.0,5.0,1,7,1.483426839386361,LP已验证互斥及全部原约束,Optimization terminated successfully. (HiGHS Status 7: Optimal),0,144,6000.000000,6000.000000,6000.000000,57448.750223,57703.416451,527.567004,58230.983454,0.040226,55.221837,13.672668,0.847222,0.009060,81.668717,7035.976585,4340.269692,397.960400,3483.726852,2821.818750,0.000000,-4.547473508864641e-13
2025-06-13,正式期,2025-06-12,2025-06-12,否,否,否,14.0,5.0,1,7,1.1641065774115196,LP已验证互斥及全部原约束,Optimization terminated successfully. (HiGHS Status 7: Optimal),0,144,6000.000000,6000.000000,6000.000000,18002.814924,18048.348989,746.598961,18794.947950,0.047146,48.140089,15.873919,0.673611,0.039723,198.242583,1488.461705,677.113877,3488.960237,453.338642,367.204300,0.000000,3.353761712787673e-12
2025-06-14,正式期,2025-06-13,2025-06-13,否,否,否,10.0,5.0,1,7,1.1849242786714722,LP已验证互斥及全部原约束,Optimization terminated successfully. (HiGHS Status 7: Optimal),0,144,6000.000000,6000.000000,5996.591527,18174.639661,18852.566235,203.189161,19055.755396,0.049091,57.183978,16.096195,0.715278,0.010663,105.166883,1064.226019,559.798811,6219.512321,947.000690,764.002933,-3.408473,0.0
2025-06-15,正式期,2025-06-14,2025-06-14,否,否,否,5.0,5.0,1,7,1.4647674126226804,LP已验证互斥及全部原约束,Optimization terminated successfully. (HiGHS Status 7: Optimal),0,144,5996.591527,6000.000000,6000.000000,55765.404144,57246.444719,188.048688,57434.493407,0.046692,63.827713,13.577259,0.923611,0.003274,27.257383,9488.606638,6372.497310,7.506117,3512.044588,2844.756117,0.000000,0.0
2025-06-16,正式期,2025-06-15,2025-06-15,否,否,否,5.0,5.0,1,7,1.4887861637261464,LP已验证互斥及全部原约束,Optimization terminated successfully. (HiGHS Status 7: Optimal),0,144,6000.000000,6000.000000,6000.000000,56642.459090,57128.808929,506.706364,57635.515293,0.042218,46.763455,11.414614,0.805556,0.008792,114.873554,6080.805577,3961.456783,243.186317,2446.861260,1981.957621,0.000000,-1.3642420526593924e-12
2025-06-17,正式期,2025-06-16,2025-06-16,否,否,否,5.0,5.0,1,7,1.4689770908663957,LP已验证互斥及全部原约束,Optimization terminated successfully. (HiGHS Status 7: Optimal),0,144,6000.000000,6000.000000,6000.000000,56176.691599,56538.766976,7660.511699,64199.278674,0.043843,49.768606,17.699886,0.722222,0.119324,1384.189959,5233.877200,3473.614241,55.263083,2402.264250,1945.834043,0.000000,2.7284841053187847e-12
2025-06-18,正式期,2025-06-17,2025-06-17,否,否,否,7.0,5.0,1,7,1.4904818766986259,LP已验证互斥及全部原约束,Optimization terminated successfully. (HiGHS Status 7: Optimal),0,144,6000.000000,6000.000000,6000.000000,57830.405423,57402.638253,83.309995,57485.948247,0.036144,58.102235,12.648776,0.902778,0.001449,15.676483,8626.159465,5861.931658,164.652799,4747.430165,3845.418433,0.000000,4.547473508864641e-12
2025-06-19,正式期,2025-06-18,2025-06-18,否,否,否,7.0,5.0,1,7,1.4560470963481387,LP已验证互斥及全部原约束,Optimization terminated successfully. (HiGHS Status 7: Optimal),0,144,6000.000000,6000.000000,6000.000000,56600.653406,55913.946634,1306.637360,57220.583994,0.031444,73.954388,16.254959,0.868056,0.022835,212.027100,8015.542894,5114.406783,2864.055517,3794.202778,3073.304250,0.000000,8.185452315956354e-12
2025-06-20,正式期,2025-06-19,2025-06-19,否,否,否,10.0,5.0,1,7,1.1300646664608336,LP已验证互斥及全部原约束,Optimization terminated successfully. (HiGHS Status 7: Optimal),0,144,6000.000000,6000.000000,6000.000000,18021.473560,18513.432493,89.256007,18602.688500,0.057731,69.110151,14.754171,0.902778,0.004798,25.242083,3224.200155,1430.792171,8276.300574,1792.975329,1452.310017,0.000000,-3.410605131648481e-12
2025-06-21,正式期,2025-06-20,2025-06-20,否,否,否,10.0,5.0,1,7,1.1440214793433872,LP已验证互斥及全部原约束,Optimization terminated successfully. (HiGHS Status 7: Optimal),0,144,6000.000000,6000.000000,6000.000000,17899.191745,18145.765660,0.000000,18145.765660,0.065735,87.737138,19.332479,0.833333,0.000000,0.000000,3134.839602,1682.399159,10864.591462,872.142263,706.435233,0.000000,0.0
2025-06-22,正式期,2025-06-21,2025-06-21,否,否,否,7.0,5.0,1,7,1.4969112445619874,LP已验证互斥及全部原约束,Optimization terminated successfully. (HiGHS Status 7: Optimal),0,144,6000.000000,6000.000000,6000.000000,55328.497214,55193.877674,250.502301,55444.379975,0.050562,70.514468,15.585024,0.888889,0.004518,68.112467,9741.680564,6577.270852,505.349617,3875.036914,3138.779900,0.000000,-4.092726157978177e-12
2025-06-23,正式期,2025-06-22,2025-06-22,否,否,否,7.0,5.0,1,7,1.4953680266036014,LP已验证互斥及全部原约束,Optimization terminated successfully. (HiGHS Status 7: Optimal),0,144,6000.000000,6000.000000,6000.000000,55507.895294,54436.474013,107.055836,54543.529850,0.039942,68.905268,14.660055,0.909722,0.001963,15.346650,8947.005370,5490.655875,1160.790783,3115.848704,2523.837450,0.000000,8.185452315956354e-12
2025-06-24,正式期,2025-06-23,2025-06-23,否,否,否,7.0,5.0,1,7,1.4969669592165498,LP已验证互斥及全部原约束,Optimization terminated successfully. (HiGHS Status 7: Optimal),0,144,6000.000000,6000.000000,5980.944444,55468.890531,55814.155720,11247.260590,67061.416310,0.052747,47.277332,24.300714,0.590278,0.167716,2091.328299,1822.022715,1119.913486,109.919717,743.405781,585.008683,-19.055556,-1.4779288903810084e-12
2025-06-25,正式期,2025-06-24,2025-06-24,否,否,否,7.0,5.0,1,7,1.468137293366011,LP已验证互斥及全部原约束,Optimization terminated successfully. (HiGHS Status 7: Optimal),0,144,5980.944444,6000.000000,6000.000000,57025.751405,56663.440419,339.298557,57002.738976,0.038167,67.858595,15.973592,0.861111,0.005952,49.004200,9505.303563,6500.671969,0.000000,4408.214280,3570.653567,0.000000,5.9117155615240335e-12
2025-06-26,正式期,2025-06-25,2025-06-25,否,否,否,7.0,5.0,1,7,1.4353361549992725,LP已验证互斥及全部原约束,Optimization terminated successfully. (HiGHS Status 7: Optimal),0,144,6000.000000,6000.000000,6000.000000,55078.168666,54604.125023,762.276035,55366.401057,0.033030,73.777268,15.879818,0.881944,0.013768,109.934633,8869.398420,5698.592337,2067.422751,3908.710021,3166.055117,0.000000,4.547473508864641e-12
2025-06-27,正式期,2025-06-26,2025-06-26,否,否,否,10.0,5.0,1,7,1.1022871615655296,LP已验证互斥及全部原约束,Optimization terminated successfully. (HiGHS Status 7: Optimal),0,144,6000.000000,6000.000000,6000.000000,17162.356027,17636.973899,0.000000,17636.973899,0.061996,84.630221,17.761225,0.916667,0.000000,0.000000,3399.696541,1552.738617,9894.257477,1198.824918,971.048183,0.000000,-4.774847184307873e-12
2025-06-28,正式期,2025-06-27,2025-06-27,否,否,否,10.0,5.0,1,7,1.1041985670841559,LP已验证互斥及全部原约束,Optimization terminated successfully. (HiGHS Status 7: Optimal),0,144,6000.000000,6000.000000,6000.000000,16724.839225,17794.775636,36.631721,17831.407357,0.052922,68.641678,16.104695,0.798611,0.002054,10.682917,2629.198774,1298.688126,8282.127488,1416.279012,1147.186000,0.000000,-1.5916157281026244e-12
2025-06-29,正式期,2025-06-28,2025-06-28,否,否,否,7.0,5.0,1,7,1.4788940167560019,LP已验证互斥及全部原约束,Optimization terminated successfully. (HiGHS Status 7: Optimal),0,144,6000.000000,6000.000000,6000.000000,53770.563180,54812.275391,291.693079,55103.968471,0.049705,59.271496,15.455574,0.805556,0.005294,54.320750,7097.839009,4825.386050,509.897267,3931.221276,3184.289233,0.000000,-2.7284841053187847e-12
2025-06-30,正式期,2025-06-29,2025-06-29,否,否,否,7.0,5.0,1,7,1.4590725674683822,LP已验证互斥及全部原约束,Optimization terminated successfully. (HiGHS Status 7: Optimal),0,144,6000.000000,6000.000000,6000.000000,53548.288029,54051.390290,1558.217257,55609.607547,0.042536,56.384669,15.183659,0.812500,0.028021,325.826167,5992.966540,3952.441294,1129.507602,2907.808643,2355.325001,0.000000,-6.366462912410498e-12
2025-07-01,正式期,2025-06-30,2025-06-30,否,否,否,10.0,5.0,1,7,1.5180854430015722,LP已验证互斥及全部原约束,Optimization terminated successfully. (HiGHS Status 7: Optimal),0,144,6000.000000,6000.000000,4931.866777,56023.554902,58766.195652,23657.679411,82423.875063,0.065558,72.031034,41.553923,0.347222,0.287025,5074.564950,3794.599082,2588.569559,229.315617,3402.445515,1794.660966,-1068.133223,7.275957614183426e-12
2025-07-02,正式期,2025-07-01,2025-07-01,否,否,否,10.0,5.0,1,7,1.4894541443973102,LP已验证互斥及全部原约束,Optimization terminated successfully. (HiGHS Status 7: Optimal),0,144,4931.866777,6000.000000,5124.910256,56052.119871,60317.177232,18845.267013,79162.444245,0.070701,105.459135,42.880772,0.451389,0.238058,4024.931400,7707.291208,4757.412277,3078.162650,6555.368358,4522.267600,-875.089744,0.0
2025-07-03,正式期,2025-07-02,2025-07-02,否,否,否,5.0,5.0,1,7,1.482142916589701,LP已验证互斥及全部原约束,Optimization terminated successfully. (HiGHS Status 7: Optimal),0,144,5124.910256,6000.000000,6000.000000,62059.200509,68910.545043,4034.947222,72945.492265,0.096906,70.232824,20.944478,0.680556,0.055315,849.110014,7904.984294,5759.829233,349.387217,3172.280511,2569.547214,0.000000,-1.8189894035458565e-12
2025-07-04,正式期,2025-07-03,2025-07-03,否,否,否,14.0,5.0,1,7,1.1249281492054404,LP已验证互斥及全部原约束,Optimization terminated successfully. (HiGHS Status 7: Optimal),0,144,6000.000000,6000.000000,4926.038397,16147.985613,19480.198476,23056.642887,42536.841362,0.123074,93.601144,48.750726,0.312500,0.542039,5627.984080,84.947683,55.438504,9769.509513,630.675296,-455.718453,-1073.961603,6.252776074688882e-13
2025-07-05,正式期,2025-07-04,2025-07-04,否,否,否,14.0,5.0,0.6-0.3-0.1,7,1.1872410522423353,LP已验证互斥及全部原约束,Optimization terminated successfully. (HiGHS Status 7: Optimal),0,144,4926.038397,6000.000000,5909.077778,22075.499143,25467.522447,451.892516,25919.414963,0.089756,85.374016,21.312433,0.729167,0.017435,189.114597,1051.018186,640.169110,10947.998938,200.139791,80.283231,-90.922222,-2.5579538487363607e-13
2025-07-06,正式期,2025-07-05,2025-07-05,否,否,否,5.0,5.0,0.6-0.3-0.1,7,1.5876832846922286,LP已验证互斥及全部原约束,Optimization terminated successfully. (HiGHS Status 7: Optimal),0,144,5909.077778,6000.000000,5988.078926,60956.087253,67074.087451,3580.062565,70654.150017,0.088538,54.645831,16.176312,0.701389,0.050670,569.398150,5735.805898,3578.721167,587.362083,2066.690864,1663.290633,-11.921074,2.2737367544323206e-12
2025-07-07,正式期,2025-07-06,2025-07-06,否,否,否,5.0,5.0,0.5-0.3-0.2,7,1.5895246650574821,LP已验证互斥及全部原约束,Optimization terminated successfully. (HiGHS Status 7: Optimal),0,144,5988.078926,6000.000000,5991.943000,61386.413731,66511.908351,617.156229,67129.064580,0.068445,94.656278,21.870946,0.805556,0.009194,134.616651,10538.587539,7308.225413,2875.971088,5543.357944,4482.868635,-8.057000,1.8189894035458565e-12
2025-07-08,正式期,2025-07-07,2025-07-07,否,否,否,5.0,5.0,0.5-0.3-0.2,7,1.6897036738027271,LP已验证互斥及全部原约束,Optimization terminated successfully. (HiGHS Status 7: Optimal),0,144,5991.943000,6000.000000,6000.000000,65495.858861,66956.970750,1075.277272,68032.248022,0.042131,79.522802,18.095473,0.798611,0.015805,155.440474,9549.327450,5876.023256,1676.387397,3529.627046,2858.997908,0.000000,-5.9117155615240335e-12
2025-07-09,正式期,2025-07-08,2025-07-08,否,否,否,5.0,5.0,1,7,1.7160936807564922,LP已验证互斥及全部原约束,Optimization terminated successfully. (HiGHS Status 7: Optimal),0,144,6000.000000,6000.000000,6000.000000,65480.526014,65938.780174,1099.324022,67038.104196,0.032132,78.306132,16.852014,0.895833,0.016398,145.400900,9756.661377,6568.897172,1871.137889,4094.174383,3316.281250,0.000000,-3.637978807091713e-12
2025-07-10,正式期,2025-07-09,2025-07-09,否,否,否,5.0,3.0,1,7,1.767353157081891,LP已验证互斥及全部原约束,Optimization terminated successfully. (HiGHS Status 7: Optimal),0,144,6000.000000,6000.000000,6000.000000,64969.104671,63430.842812,1023.567905,64454.410717,0.043015,66.680430,15.372724,0.847222,0.015880,146.739700,7298.411047,4645.941712,1992.650450,2736.453230,2216.527117,0.000000,4.547473508864641e-13
2025-07-11,正式期,2025-07-10,2025-07-10,否,否,否,14.0,3.0,1,7,1.3573396420320105,LP已验证互斥及全部原约束,Optimization terminated successfully. (HiGHS Status 7: Optimal),0,144,6000.000000,6000.000000,6000.000000,23762.804791,25026.325807,2023.420687,27049.746494,0.067318,52.004576,25.508726,0.506944,0.074804,564.693642,1601.248930,1017.656501,6281.638467,-344.007520,-278.646092,0.000000,1.4210854715202004e-12
2025-07-12,正式期,2025-07-11,2025-07-11,否,否,否,10.0,5.0,1,7,1.3630547013335381,LP已验证互斥及全部原约束,Optimization terminated successfully. (HiGHS Status 7: Optimal),0,144,6000.000000,6000.000000,6000.000000,23995.353475,25392.242469,812.354264,26204.596733,0.062326,47.897463,13.096835,0.743056,0.031000,214.662284,1182.050453,665.731651,8509.804352,519.081688,420.456167,0.000000,2.8421709430404007e-12
2025-07-13,正式期,2025-07-12,2025-07-12,否,否,否,5.0,5.0,1,7,1.8236798964211631,LP已验证互斥及全部原约束,Optimization terminated successfully. (HiGHS Status 7: Optimal),0,144,6000.000000,6000.000000,6000.000000,66045.103343,62608.294223,670.771348,63279.065571,0.051609,102.200411,21.368661,0.916667,0.010600,102.810217,12094.557240,6960.110449,3064.073433,4129.889506,3345.210500,0.000000,4.547473508864641e-13
2025-07-14,正式期,2025-07-13,2025-07-13,否,否,否,5.0,5.0,1,7,1.7787160056606797,LP已验证互斥及全部原约束,Optimization terminated successfully. (HiGHS Status 7: Optimal),0,144,6000.000000,6000.000000,6000.000000,63450.980480,62862.880137,1585.365694,64448.245831,0.035290,77.898335,17.247993,0.861111,0.024599,219.519783,9887.075669,6081.947642,1528.829900,4104.327469,3324.505250,0.000000,-2.7284841053187847e-12
2025-07-15,正式期,2025-07-14,2025-07-14,否,否,否,5.0,3.0,1,7,1.7867637539706636,LP已验证互斥及全部原约束,Optimization terminated successfully. (HiGHS Status 7: Optimal),0,144,6000.000000,6000.000000,6000.000000,62832.427224,62075.170387,3183.711480,65258.881867,0.045642,74.270595,21.391121,0.805556,0.048786,533.622583,6848.730695,4389.719359,2006.980967,4025.706728,3260.822450,0.000000,-4.547473508864641e-13
2025-07-16,正式期,2025-07-15,2025-07-15,否,否,否,5.0,5.0,1,7,1.7711943354236164,LP已验证互斥及全部原约束,Optimization terminated successfully. (HiGHS Status 7: Optimal),0,144,6000.000000,6000.000000,6000.000000,63448.210258,64031.505589,794.551068,64826.056657,0.039590,76.580607,17.692178,0.854167,0.012257,141.575633,8314.542091,5380.016824,2464.660450,3950.141091,3199.614283,0.000000,9.094947017729282e-13
2025-07-17,正式期,2025-07-16,2025-07-16,否,否,否,5.0,5.0,1,7,1.7556139944847855,LP已验证互斥及全部原约束,Optimization terminated successfully. (HiGHS Status 7: Optimal),0,144,6000.000000,6000.000000,6000.000000,63262.472549,62990.399480,1174.629669,64165.029148,0.035598,70.476031,16.589869,0.805556,0.018306,210.450233,7605.631025,4522.819389,1934.367353,1991.777078,1613.339433,0.000000,1.8189894035458565e-12
2025-07-18,正式期,2025-07-17,2025-07-17,否,否,否,10.0,5.0,1,7,1.409960614110331,LP已验证互斥及全部原约束,Optimization terminated successfully. (HiGHS Status 7: Optimal),0,144,6000.000000,6000.000000,6000.000000,25073.016759,25054.520081,200.510549,25255.030631,0.054169,44.413943,14.747011,0.673611,0.007939,56.457100,3041.769790,1542.986911,6845.571340,1042.959630,844.797300,0.000000,-3.410605131648481e-12
2025-07-19,正式期,2025-07-18,2025-07-18,否,否,否,10.0,7.0,1,7,1.4111903557919079,LP已验证互斥及全部原约束,Optimization terminated successfully. (HiGHS Status 7: Optimal),0,144,6000.000000,6000.000000,6000.000000,24421.573521,25060.655716,321.169240,25381.824956,0.064983,67.741814,15.591389,0.819444,0.012654,82.661717,1494.852974,818.540470,12188.525190,1190.592881,964.380233,0.000000,-3.637978807091713e-12
2025-07-20,正式期,2025-07-19,2025-07-19,否,否,否,5.0,7.0,1,7,1.7693031477570225,LP已验证互斥及全部原约束,Optimization terminated successfully. (HiGHS Status 7: Optimal),0,144,6000.000000,6000.000000,5998.213278,61848.288440,62911.910694,90.170746,63002.081440,0.037001,73.017916,15.794000,0.909722,0.001431,12.857150,8137.437429,5226.729066,2544.207067,3810.524012,3084.916400,-1.786722,4.547473508864641e-13
2025-07-21,正式期,2025-07-20,2025-07-20,否,否,否,5.0,7.0,1,7,1.7937059990879025,LP已验证互斥及全部原约束,Optimization terminated successfully. (HiGHS Status 7: Optimal),0,144,5998.213278,6000.000000,5979.027778,62484.145002,63242.024954,942.864615,64184.889568,0.037683,56.025519,13.017816,0.840278,0.014690,161.396433,6139.624736,3760.421998,1738.898667,2635.153086,2115.599000,-20.972222,3.183231456205249e-12
2025-07-22,正式期,2025-07-21,2025-07-21,否,否,否,5.0,7.0,1,7,1.783406950327055,LP已验证互斥及全部原约束,Optimization terminated successfully. (HiGHS Status 7: Optimal),0,144,5979.027778,6000.000000,6000.000000,62443.933220,62757.388929,2923.303117,65680.692045,0.039369,64.064727,16.719413,0.784722,0.044508,560.891197,7821.839081,5106.311905,627.860332,2834.695346,2296.103231,0.000000,-1.3642420526593924e-12
2025-07-23,正式期,2025-07-22,2025-07-22,否,否,否,5.0,7.0,1,7,1.7785982143729362,LP已验证互斥及全部原约束,Optimization terminated successfully. (HiGHS Status 7: Optimal),0,144,6000.000000,6000.000000,6000.000000,62843.816367,62467.282274,426.394574,62893.676847,0.038850,57.669386,14.051956,0.812500,0.006780,65.252950,5898.709212,3601.898026,1607.374150,1816.401728,1471.285400,0.000000,5.002220859751105e-12
2025-07-24,正式期,2025-07-23,2025-07-23,否,否,否,5.0,7.0,1,7,1.7624861604491207,LP已验证互斥及全部原约束,Optimization terminated successfully. (HiGHS Status 7: Optimal),0,144,6000.000000,6000.000000,6000.000000,62583.025920,62819.885944,2584.286051,65404.171995,0.041038,63.275425,15.876123,0.833333,0.039513,497.717886,7317.769462,4334.826573,1418.050600,3539.681278,2867.141835,0.000000,1.3642420526593924e-12
2025-07-25,正式期,2025-07-24,2025-07-24,否,否,否,10.0,7.0,1,7,1.3928186630871864,LP已验证互斥及全部原约束,Optimization terminated successfully. (HiGHS Status 7: Optimal),0,144,6000.000000,6000.000000,6000.000000,24732.921645,25328.217712,392.431184,25720.648897,0.065839,70.272978,15.893256,0.875000,0.015257,75.344443,3655.404579,1800.620852,11338.392509,1354.807172,1097.393809,0.000000,-4.547473508864641e-12
2025-07-26,正式期,2025-07-25,2025-07-25,否,否,否,10.0,7.0,1,7,1.3849576414882598,LP已验证互斥及全部原约束,Optimization terminated successfully. (HiGHS Status 7: Optimal),0,144,6000.000000,6000.000000,6000.000000,24136.348080,25145.178552,16.429459,25161.608010,0.054237,55.284413,14.098578,0.840278,0.000653,6.807317,2762.349247,1635.464786,9628.572454,649.692551,526.250967,0.000000,-6.59383658785373e-12
2025-07-27,正式期,2025-07-26,2025-07-26,否,否,否,5.0,7.0,1,7,1.7960460591792091,LP已验证互斥及全部原约束,Optimization terminated successfully. (HiGHS Status 7: Optimal),0,144,6000.000000,6000.000000,5998.566667,62146.476319,62417.025328,141.872207,62558.897536,0.038775,62.472491,15.740988,0.819444,0.002268,26.545417,6633.183862,4360.187221,1002.853150,897.253045,725.484967,-1.433333,-6.707523425575346e-12
2025-07-28,正式期,2025-07-27,2025-07-27,否,否,否,5.0,7.0,1,7,1.8034377700718909,LP已验证互斥及全部原约束,Optimization terminated successfully. (HiGHS Status 7: Optimal),0,144,5998.566667,6000.000000,6000.000000,62254.660286,62496.079186,2293.289809,64789.368996,0.054495,41.894219,15.823185,0.694444,0.035396,406.725775,3011.003446,1980.144905,16.908850,851.068446,689.365441,0.000000,2.7284841053187847e-12
2025-07-29,正式期,2025-07-28,2025-07-28,否,否,否,5.0,7.0,1,14,1.7624903513378902,LP已验证互斥及全部原约束,Optimization terminated successfully. (HiGHS Status 7: Optimal),0,144,6000.000000,6000.000000,6000.000000,62763.816592,62706.830359,1063.476331,63770.306690,0.043085,53.491345,15.494496,0.770833,0.016677,133.694417,5733.422445,3956.760761,175.324533,1970.989621,1596.501593,0.000000,-6.59383658785373e-12
2025-07-30,正式期,2025-07-29,2025-07-29,否,否,否,5.0,7.0,1,14,1.758784710750823,LP已验证互斥及全部原约束,Optimization terminated successfully. (HiGHS Status 7: Optimal),0,144,6000.000000,6000.000000,6000.000000,62904.234387,63516.564410,971.527928,64488.092338,0.035484,58.050647,13.177800,0.854167,0.015065,168.768800,6592.848205,4224.249891,1672.367400,2577.028971,2087.393467,0.000000,3.637978807091713e-12
2025-07-31,正式期,2025-07-30,2025-07-30,否,否,否,7.0,7.0,1,14,1.7567592295399217,LP已验证互斥及全部原约束,Optimization terminated successfully. (HiGHS Status 7: Optimal),0,144,6000.000000,6000.000000,6000.000000,63018.369436,62632.750675,495.533995,63128.284670,0.036375,53.456049,12.322622,0.833333,0.007850,82.071367,6478.269972,3967.452918,866.457995,1831.911667,1483.848450,0.000000,0.0
2025-08-01,正式期,2025-07-31,2025-07-31,否,否,否,10.0,7.0,1,14,1.35427504588503,LP已验证互斥及全部原约束,Optimization terminated successfully. (HiGHS Status 7: Optimal),0,144,6000.000000,6000.000000,6000.000000,23871.165924,25026.235157,49.429002,25075.664159,0.074003,109.005395,23.171140,0.868056,0.001971,12.545267,3309.430781,1650.223709,16675.367960,1858.646708,1505.503833,0.000000,6.821210263296962e-13
2025-08-02,正式期,2025-08-01,2025-08-01,否,否,否,10.0,7.0,1,14,1.3945865914910054,LP已验证互斥及全部原约束,Optimization terminated successfully. (HiGHS Status 7: Optimal),0,144,6000.000000,6000.000000,6000.000000,24131.077918,24527.013787,0.000000,24527.013787,0.072908,103.999748,21.752571,0.923611,0.000000,0.000000,3399.913758,1843.792028,16422.896088,1448.597963,1173.364350,0.000000,-5.002220859751105e-12
2025-08-03,正式期,2025-08-02,2025-08-02,否,否,否,10.0,7.0,1,14,1.7957371922765581,LP已验证互斥及全部原约束,Optimization terminated successfully. (HiGHS Status 7: Optimal),0,144,6000.000000,6000.000000,6000.000000,62553.207366,60099.150894,955.361232,61054.512125,0.051561,129.032967,26.912207,0.902778,0.015648,114.385633,11714.464282,6988.918353,7407.867692,5041.546091,4083.652333,0.000000,1.8189894035458565e-12
2025-08-04,正式期,2025-08-03,2025-08-03,否,否,否,10.0,7.0,0.6-0.3-0.1,14,1.805797653013481,LP已验证互斥及全部原约束,Optimization terminated successfully. (HiGHS Status 7: Optimal),0,144,6000.000000,6000.000000,5976.998148,62701.777406,60567.165351,29.172424,60596.337775,0.048283,105.543969,21.528697,0.944444,0.000481,4.497100,11352.102253,6572.980174,4711.384583,5481.632387,4419.420567,-23.001852,1.8189894035458565e-12
2025-08-05,正式期,2025-08-04,2025-08-04,否,否,否,14.0,7.0,0.6-0.3-0.1,14,1.798530016543146,LP已验证互斥及全部原约束,Optimization terminated successfully. (HiGHS Status 7: Optimal),0,144,5976.998148,6000.000000,6000.000000,62006.911858,59593.186114,13.441854,59606.627968,0.044693,101.328374,20.553229,0.937500,0.000226,4.311050,11239.298279,6863.732105,4070.468067,4485.239012,3633.043599,0.000000,5.002220859751105e-12
2025-08-06,正式期,2025-08-05,2025-08-05,否,否,否,14.0,7.0,0.6-0.3-0.1,14,1.7918446466881337,LP已验证互斥及全部原约束,Optimization terminated successfully. (HiGHS Status 7: Optimal),0,144,6000.000000,6000.000000,5956.924074,61456.018237,60356.170402,1234.015503,61590.185904,0.041305,82.616324,18.491348,0.854167,0.020036,250.119000,8662.210281,4771.441368,3424.694000,4452.349287,3567.634589,-43.075926,0.0
2025-08-07,正式期,2025-08-06,2025-08-06,否,否,否,21.0,5.0,0.6-0.3-0.1,14,1.7921675524189247,LP已验证互斥及全部原约束,Optimization terminated successfully. (HiGHS Status 7: Optimal),0,144,5956.924074,6000.000000,6000.000000,60600.278927,58443.626944,405.783636,58849.410580,0.050243,101.755607,21.513791,0.902778,0.006895,50.167200,9694.214942,5773.155908,5107.562469,3457.284095,2800.400117,0.000000,6.821210263296962e-12
2025-08-08,正式期,2025-08-07,2025-08-07,否,否,否,14.0,5.0,0.5-0.3-0.2,14,1.3718802248374349,LP已验证互斥及全部原约束,Optimization terminated successfully. (HiGHS Status 7: Optimal),0,144,6000.000000,6000.000000,6000.000000,23539.079117,23933.163896,0.000000,23933.163896,0.083682,104.446450,21.311062,0.937500,0.000000,0.000000,3810.748922,1806.469593,20534.744224,875.561646,709.204933,0.000000,-3.069544618483633e-12
2025-08-09,正式期,2025-08-08,2025-08-08,否,否,否,21.0,5.0,0.5-0.3-0.2,14,1.3804787894075883,LP已验证互斥及全部原约束,Optimization terminated successfully. (HiGHS Status 7: Optimal),0,144,6000.000000,6000.000000,6000.000000,23403.551813,24073.746107,0.000000,24073.746107,0.073252,75.379725,16.508616,0.909722,0.000000,0.000000,3068.755058,1422.612439,17849.550135,1119.557942,906.841933,0.000000,-1.1368683772161603e-12
2025-08-10,正式期,2025-08-09,2025-08-09,否,否,否,21.0,5.0,0.5-0.3-0.2,14,1.7688123608246737,LP已验证互斥及全部原约束,Optimization terminated successfully. (HiGHS Status 7: Optimal),0,144,6000.000000,6000.000000,6000.000000,57482.782693,57628.209233,21.509268,57649.718501,0.037550,70.503337,15.285506,0.916667,0.000373,2.470100,6085.353550,3556.795622,4164.895050,3494.845350,2830.824733,0.000000,-5.002220859751105e-12
2025-08-11,正式期,2025-08-10,2025-08-10,否,否,否,21.0,5.0,0.6-0.3-0.1,14,1.78349205496207,LP已验证互斥及全部原约束,Optimization terminated successfully. (HiGHS Status 7: Optimal),0,144,6000.000000,6000.000000,6000.000000,57269.413231,55676.518295,153.337620,55829.855915,0.040547,70.620786,15.857892,0.909722,0.002747,17.340000,6514.755856,4004.340281,3117.804054,1463.260226,1185.240783,0.000000,1.5916157281026244e-12
2025-08-12,正式期,2025-08-11,2025-08-11,否,否,否,28.0,5.0,0.6-0.3-0.1,14,1.780253003548418,LP已验证互斥及全部原约束,Optimization terminated successfully. (HiGHS Status 7: Optimal),0,144,6000.000000,6000.000000,6000.000000,56809.444185,56540.949237,1598.008923,58138.958161,0.040123,50.555441,13.611925,0.777778,0.027486,341.493050,4800.014851,2715.204207,1654.323975,2701.390309,2188.126150,0.000000,4.092726157978177e-12
2025-08-13,正式期,2025-08-12,2025-08-12,否,否,否,28.0,7.0,1,14,1.7694539066753123,LP已验证互斥及全部原约束,Optimization terminated successfully. (HiGHS Status 7: Optimal),0,144,6000.000000,6000.000000,6000.000000,57700.593602,57053.179651,302.860751,57356.040402,0.036912,66.100132,14.592511,0.875000,0.005280,48.944733,7351.994160,4575.009062,2134.203029,3040.135905,2462.510083,0.000000,-1.3642420526593924e-12
2025-08-14,正式期,2025-08-13,2025-08-13,否,否,否,28.0,7.0,1,21,1.7137377382943235,LP已验证互斥及全部原约束,Optimization terminated successfully. (HiGHS Status 7: Optimal),0,144,6000.000000,6000.000000,6000.000000,56402.966433,57152.917964,527.446696,57680.364659,0.034009,70.270056,16.488217,0.861111,0.009144,90.533050,6899.142680,4131.985528,2304.409292,855.524938,692.975200,0.000000,1.7053025658242404e-12
2025-08-15,正式期,2025-08-14,2025-08-14,否,否,否,42.0,7.0,1,21,1.3000368331282335,LP已验证互斥及全部原约束,Optimization terminated successfully. (HiGHS Status 7: Optimal),0,144,6000.000000,6000.000000,6000.000000,21997.981484,24041.946963,0.000000,24041.946963,0.079004,82.161361,16.830833,0.951389,0.000000,0.000000,3055.416820,1621.835083,19347.165751,813.970988,659.316500,0.000000,-1.8189894035458565e-12
2025-08-16,正式期,2025-08-15,2025-08-15,否,否,否,42.0,5.0,1,21,1.3439094020114313,LP已验证互斥及全部原约束,Optimization terminated successfully. (HiGHS Status 7: Optimal),0,144,6000.000000,6000.000000,6000.000000,22470.598847,23705.024558,13.052865,23718.077424,0.077900,73.111714,15.465635,0.881944,0.000550,3.758383,2689.741222,1229.147657,19857.742825,1099.027263,890.212083,0.000000,3.751665644813329e-12
2025-08-17,正式期,2025-08-16,2025-08-16,否,否,否,42.0,5.0,1,14,1.7892717323091558,LP已验证互斥及全部原约束,Optimization terminated successfully. (HiGHS Status 7: Optimal),0,144,6000.000000,6000.000000,5970.542593,55868.398116,55128.768292,678.532991,55807.301283,0.038738,69.820794,15.112364,0.895833,0.012158,91.246283,5934.977951,3373.014742,4039.998977,1864.017778,1483.342733,-29.457407,-1.3642420526593924e-12
2025-08-18,正式期,2025-08-17,2025-08-17,否,否,否,42.0,3.0,1,21,1.7393274813788062,LP已验证互斥及全部原约束,Optimization terminated successfully. (HiGHS Status 7: Optimal),0,144,5970.542593,6000.000000,6000.000000,54607.134507,54919.902812,1001.316134,55921.218945,0.032543,55.215668,12.793083,0.888889,0.017906,159.219900,5908.352095,3332.045284,1646.377084,1496.994979,1212.565933,0.000000,2.2737367544323206e-12
2025-08-19,正式期,2025-08-18,2025-08-18,否,否,否,42.0,3.0,1,21,1.7763534771538192,LP已验证互斥及全部原约束,Optimization terminated successfully. (HiGHS Status 7: Optimal),0,144,6000.000000,6000.000000,6000.000000,55882.097994,55150.335525,1322.155126,56472.490651,0.033745,56.884454,13.147582,0.881944,0.023412,182.081917,4876.830468,3047.448891,3212.760045,2979.363580,2413.284500,0.000000,-6.821210263296962e-12
2025-08-20,正式期,2025-08-19,2025-08-19,否,否,否,56.0,3.0,1,21,1.7632954832288905,LP已验证互斥及全部原约束,Optimization terminated successfully. (HiGHS Status 7: Optimal),0,144,6000.000000,6000.000000,5990.835185,55762.657416,55907.338456,7951.249224,63858.587679,0.039480,47.525609,21.222705,0.638889,0.124513,1514.915367,2849.895605,1769.016441,33.391867,741.451955,592.327750,-9.164815,2.7284841053187847e-12
2025-08-21,正式期,2025-08-20,2025-08-20,否,否,否,56.0,7.0,1,21,1.7532078752668998,LP已验证互斥及全部原约束,Optimization terminated successfully. (HiGHS Status 7: Optimal),0,144,5990.835185,6000.000000,6000.000000,56708.859326,56346.557914,541.141271,56887.699185,0.033770,63.512975,14.327322,0.895833,0.009512,76.662233,6291.003648,3803.110451,2893.261619,3903.175617,3161.572250,0.000000,9.094947017729282e-12
2025-08-22,正式期,2025-08-21,2025-08-21,否,否,否,56.0,7.0,0.6-0.3-0.1,28,1.3232905475927008,LP已验证互斥及全部原约束,Optimization terminated successfully. (HiGHS Status 7: Optimal),0,144,6000.000000,6000.000000,6000.000000,22335.149084,23937.184669,565.617910,24502.802579,0.068421,61.835260,16.164956,0.750000,0.023084,163.638950,1876.838064,844.203760,16586.078897,948.496111,768.281850,0.000000,2.8421709430404007e-12
2025-08-23,正式期,2025-08-22,2025-08-22,否,否,否,42.0,7.0,1,21,1.343023091567617,LP已验证互斥及全部原约束,Optimization terminated successfully. (HiGHS Status 7: Optimal),0,144,6000.000000,6000.000000,6000.000000,22624.359147,23553.947936,48.214180,23602.162116,0.063298,52.687003,13.499708,0.854167,0.002043,12.040000,2551.372803,1232.141806,14866.470525,1329.665412,1077.028983,0.000000,-2.2737367544323206e-13
2025-08-24,正式期,2025-08-23,2025-08-23,否,否,否,56.0,7.0,1,21,1.750743742307226,LP已验证互斥及全部原约束,Optimization terminated successfully. (HiGHS Status 7: Optimal),0,144,6000.000000,6000.000000,6000.000000,56221.204715,56433.593513,335.675651,56769.269164,0.032593,76.256841,15.716752,0.916667,0.005913,51.758867,7130.464351,3437.928229,4124.984484,2347.838601,1901.749267,0.000000,0.0
2025-08-25,正式期,2025-08-24,2025-08-24,否,否,否,56.0,7.0,1,21,1.7645768845855287,LP已验证互斥及全部原约束,Optimization terminated successfully. (HiGHS Status 7: Optimal),0,144,6000.000000,6000.000000,6000.000000,56763.471634,57035.340231,5700.925647,62736.265878,0.041663,46.189227,15.587584,0.729167,0.090871,1090.632967,4250.996314,2211.521279,890.603258,2355.751173,1908.158450,0.000000,8.185452315956354e-12
2025-08-26,正式期,2025-08-25,2025-08-25,否,否,否,84.0,7.0,0.6-0.3-0.1,28,1.7418551258934907,LP已验证互斥及全部原约束,Optimization terminated successfully. (HiGHS Status 7: Optimal),0,144,6000.000000,6000.000000,6000.000000,56895.117455,56441.937478,534.827693,56976.765171,0.032712,67.385335,14.122948,0.902778,0.009387,98.034533,7440.179243,4144.712618,2489.541429,2306.425288,1868.204483,0.000000,4.547473508864641e-12
2025-08-27,正式期,2025-08-26,2025-08-26,否,否,否,84.0,7.0,0.6-0.3-0.1,28,1.7691080230307,LP已验证互斥及全部原约束,Optimization terminated successfully. (HiGHS Status 7: Optimal),0,144,6000.000000,6000.000000,6000.000000,57836.828065,56777.233549,280.304161,57057.537710,0.045872,54.653776,13.181828,0.881944,0.004913,47.862550,5554.983300,2989.144472,1483.207069,1056.311770,855.612533,0.000000,4.547473508864641e-12
2025-08-28,正式期,2025-08-27,2025-08-27,否,否,否,84.0,7.0,0.6-0.3-0.1,28,1.7386074403867395,LP已验证互斥及全部原约束,Optimization terminated successfully. (HiGHS Status 7: Optimal),0,144,6000.000000,6000.000000,6000.000000,57306.202508,57524.862373,655.732933,58180.595306,0.048320,61.989585,21.658744,0.777778,0.011271,97.017150,4850.382685,3036.978002,50.567600,1698.050885,1375.421217,0.000000,5.229594535194337e-12
2025-08-29,正式期,2025-08-28,2025-08-28,否,否,否,56.0,7.0,0.6-0.3-0.1,28,1.3420060540149916,LP已验证互斥及全部原约束,Optimization terminated successfully. (HiGHS Status 7: Optimal),0,144,6000.000000,6000.000000,6000.000000,23433.740375,24609.007179,60.208650,24669.215829,0.059439,64.749136,14.580201,0.868056,0.002441,17.381250,3315.959475,1686.544725,14912.217617,605.518292,490.469817,0.000000,3.410605131648481e-13
2025-08-30,正式期,2025-08-29,2025-08-29,否,否,否,84.0,7.0,0.6-0.3-0.1,28,1.3464922919585003,LP已验证互斥及全部原约束,Optimization terminated successfully. (HiGHS Status 7: Optimal),0,144,6000.000000,6000.000000,5997.377778,23122.037656,24498.797607,0.000000,24498.797607,0.073124,84.130437,17.630502,0.868056,0.000000,0.000000,2322.398228,1239.804874,19619.992193,1628.110021,1316.409117,-2.622222,-6.59383658785373e-12
2025-08-31,正式期,2025-08-30,2025-08-30,否,否,否,84.0,7.0,0.6-0.3-0.1,28,1.74110491336194,LP已验证互斥及全部原约束,Optimization terminated successfully. (HiGHS Status 7: Optimal),0,144,5997.377778,6000.000000,6000.000000,57274.247371,56967.541969,51.929159,57019.471128,0.038789,65.417270,13.509500,0.937500,0.000911,9.646467,7069.804049,4142.232901,2688.692664,2806.660329,2273.394867,0.000000,-9.094947017729282e-13
2025-09-01,正式期,2025-08-31,2025-08-31,否,否,否,84.0,7.0,0.6-0.3-0.1,28,1.7660343029986745,LP已验证互斥及全部原约束,Optimization terminated successfully. (HiGHS Status 7: Optimal),0,144,6000.000000,6000.000000,6000.000000,57962.146359,51266.118296,0.000000,51266.118296,0.108698,152.842393,30.592666,0.993056,0.000000,0.000000,18037.708137,10211.412917,5182.823267,6435.982737,5213.146017,0.000000,9.094947017729282e-13
2025-09-02,正式期,2025-09-01,2025-09-01,否,否,否,7.0,7.0,0.5-0.3-0.2,28,1.7425893035627706,LP已验证互斥及全部原约束,Optimization terminated successfully. (HiGHS Status 7: Optimal),0,144,6000.000000,6000.000000,6000.000000,55932.742429,49683.034728,0.000000,49683.034728,0.102288,134.781070,26.976236,0.993056,0.000000,0.000000,16722.411007,9385.556042,3393.073173,3771.686214,3055.065833,0.000000,9.094947017729282e-13
2025-09-03,正式期,2025-09-02,2025-09-02,否,否,否,7.0,7.0,0.6-0.3-0.1,28,1.7555238940411118,LP已验证互斥及全部原约束,Optimization terminated successfully. (HiGHS Status 7: Optimal),0,144,6000.000000,6000.000000,6000.000000,56155.603317,50886.385510,15.215309,50901.600818,0.103635,119.437747,23.901785,0.993056,0.000299,3.416483,14528.471258,8137.816387,3742.598931,5660.269156,4584.818017,0.000000,-3.637978807091713e-12
2025-09-04,正式期,2025-09-03,2025-09-03,否,否,否,3.0,7.0,0.6-0.3-0.1,28,1.7486226245677414,LP已验证互斥及全部原约束,Optimization terminated successfully. (HiGHS Status 7: Optimal),0,144,6000.000000,6000.000000,6000.000000,53265.818190,47357.941636,0.000000,47357.941636,0.105147,103.602785,21.177567,0.944444,0.000000,0.000000,10751.096044,6001.584031,4538.942449,3108.434177,2517.831683,0.000000,-4.547473508864641e-13
2025-09-05,正式期,2025-09-04,2025-09-04,否,否,否,84.0,7.0,0.5-0.3-0.2,28,1.3429620579751762,LP已验证互斥及全部原约束,Optimization terminated successfully. (HiGHS Status 7: Optimal),0,144,6000.000000,6000.000000,6000.000000,23670.350068,21440.045404,0.000000,21440.045404,0.105866,162.489701,32.523665,0.993056,0.000000,0.000000,8384.647468,4130.710182,26167.983855,3808.068807,3084.535733,0.000000,-4.547473508864641e-12
2025-09-06,正式期,2025-09-05,2025-09-05,否,否,否,7.0,7.0,0.25-0.25-0.25-0.25,28,1.3321356702546063,LP已验证互斥及全部原约束,Optimization terminated successfully. (HiGHS Status 7: Optimal),0,144,6000.000000,6000.000000,6000.000000,22588.448750,20714.875590,0.000000,20714.875590,0.097161,143.406965,31.280772,0.916667,0.000000,0.000000,7800.659146,3706.925119,24279.789227,3752.522140,3039.542933,0.000000,0.0
2025-09-07,正式期,2025-09-06,2025-09-06,否,否,否,3.0,7.0,0.25-0.25-0.25-0.25,28,1.720686422959347,LP已验证互斥及全部原约束,Optimization terminated successfully. (HiGHS Status 7: Optimal),0,144,6000.000000,6000.000000,6000.000000,46135.966479,41072.421903,124.842490,41197.264393,0.096694,53.177935,13.568948,0.826389,0.003030,20.761000,5393.289197,3028.786891,1175.716867,1571.767881,1273.131983,0.000000,2.2737367544323206e-12
2025-09-08,正式期,2025-09-07,2025-09-07,否,否,否,3.0,7.0,0.25-0.25-0.25-0.25,28,1.675302115401037,LP已验证互斥及全部原约束,Optimization terminated successfully. (HiGHS Status 7: Optimal),0,144,6000.000000,6000.000000,6000.000000,44628.693869,41684.943993,8485.212932,50170.156925,0.077458,45.711230,20.490922,0.618056,0.169129,1689.390410,2599.515096,1168.502741,710.801417,2557.229490,2071.355887,0.000000,3.183231456205249e-12
2025-09-09,正式期,2025-09-08,2025-09-08,否,否,否,3.0,10.0,0.5-0.3-0.2,28,1.6133593802004296,LP已验证互斥及全部原约束,Optimization terminated successfully. (HiGHS Status 7: Optimal),0,144,6000.000000,6000.000000,6000.000000,43264.830680,41449.964069,1527.414992,42977.379061,0.071225,61.396606,14.754305,0.736111,0.035540,316.910483,4495.314722,1998.594683,3772.965915,1569.742737,1271.491617,0.000000,3.410605131648481e-12
2025-09-10,正式期,2025-09-09,2025-09-09,否,否,否,3.0,7.0,0.6-0.3-0.1,7,1.545487009024371,LP已验证互斥及全部原约束,Optimization terminated successfully. (HiGHS Status 7: Optimal),0,144,6000.000000,6000.000000,6000.000000,43697.669286,41916.545104,8494.950190,50411.495294,0.058383,43.397581,22.578294,0.569444,0.168512,1817.727988,1496.107192,607.742136,0.000000,529.163092,428.622105,0.000000,-9.094947017729282e-13
2025-09-11,正式期,2025-09-10,2025-09-10,否,否,否,3.0,7.0,1,7,1.4456159663453618,LP已验证互斥及全部原约束,Optimization terminated successfully. (HiGHS Status 7: Optimal),0,144,6000.000000,6000.000000,6000.000000,42253.058903,42358.445012,358.782957,42717.227970,0.039352,71.149369,16.162190,0.819444,0.008399,69.508233,5733.884271,2821.116697,3943.569039,1526.040844,1236.093083,0.000000,-1.1368683772161603e-12
2025-09-12,正式期,2025-09-11,2025-09-11,否,否,否,5.0,10.0,1,7,1.0558564849345964,LP已验证互斥及全部原约束,Optimization terminated successfully. (HiGHS Status 7: Optimal),0,144,6000.000000,6000.000000,6000.000000,17847.039474,19143.222464,0.000000,19143.222464,0.060532,96.822666,20.688556,0.944444,0.000000,0.000000,5821.447742,2286.385561,19587.952394,2224.447387,1801.802383,0.000000,-4.320099833421409e-12
2025-09-13,正式期,2025-09-12,2025-09-12,否,否,否,3.0,10.0,1,7,1.0857679895622714,LP已验证互斥及全部原约束,Optimization terminated successfully. (HiGHS Status 7: Optimal),0,144,6000.000000,6000.000000,6000.000000,13644.760834,14331.601943,1813.789034,16145.390977,0.058959,64.741668,18.967110,0.659722,0.112341,530.540283,735.309935,311.467714,20554.829100,-96.869465,-78.464267,0.000000,2.2595258997171186e-12
2025-09-14,正式期,2025-09-13,2025-09-13,否,否,否,3.0,7.0,1,7,1.4894638332352872,LP已验证互斥及全部原约束,Optimization terminated successfully. (HiGHS Status 7: Optimal),0,144,6000.000000,6000.000000,6000.000000,42443.479613,42611.561049,484.626529,43096.187577,0.058590,37.187172,14.936718,0.652778,0.011245,95.867533,1989.726014,1032.129820,5.583283,758.657531,614.512600,0.000000,3.296918293926865e-12
2025-09-15,正式期,2025-09-14,2025-09-14,否,否,否,3.0,7.0,1,7,1.4937130413463402,LP已验证互斥及全部原约束,Optimization terminated successfully. (HiGHS Status 7: Optimal),0,144,6000.000000,6000.000000,6000.000000,43357.327172,42569.234167,2326.252408,44895.486575,0.039273,63.847401,16.149880,0.784722,0.051815,572.584015,5143.531913,2497.724783,3180.251809,946.135039,766.369381,0.000000,3.637978807091713e-12
2025-09-16,正式期,2025-09-15,2025-09-15,否,否,否,3.0,7.0,1,7,1.4371245159874075,LP已验证互斥及全部原约束,Optimization terminated successfully. (HiGHS Status 7: Optimal),0,144,6000.000000,6000.000000,6000.000000,42228.420229,43489.808347,963.491398,44453.299745,0.047646,40.833549,13.506634,0.701389,0.021674,259.673328,2340.851796,1354.228261,1492.727820,1352.835199,1095.796511,0.000000,7.958078640513122e-12
2025-09-17,正式期,2025-09-16,2025-09-16,否,否,否,3.0,7.0,1,7,1.4763651162014366,LP已验证互斥及全部原约束,Optimization terminated successfully. (HiGHS Status 7: Optimal),0,144,6000.000000,6000.000000,6000.000000,44275.181264,43673.949386,589.431993,44263.381379,0.047868,40.116137,12.896670,0.652778,0.013316,119.998067,3387.042718,1827.761273,248.999286,413.541955,334.968983,0.000000,4.035882739117369e-12
2025-09-18,正式期,2025-09-17,2025-09-17,否,否,否,3.0,7.0,1,7,1.4049393703423778,LP已验证互斥及全部原约束,Optimization terminated successfully. (HiGHS Status 7: Optimal),0,144,6000.000000,6000.000000,6000.000000,42875.685383,43017.431766,375.839219,43393.270985,0.036303,42.050482,10.448643,0.805556,0.008661,56.399300,4539.538545,2423.777249,680.405465,456.725494,369.947650,0.000000,-2.8990143619012088e-12
2025-09-19,正式期,2025-09-18,2025-09-18,否,否,否,3.0,7.0,1,7,1.071493943929827,LP已验证互斥及全部原约束,Optimization terminated successfully. (HiGHS Status 7: Optimal),0,144,6000.000000,6000.000000,6000.000000,14270.711489,15032.470539,801.332989,15833.803529,0.047901,35.543591,15.613866,0.583333,0.050609,242.112480,1078.944710,425.437378,12987.045336,-268.455354,-217.448837,0.000000,2.1884716261411086e-12
2025-09-20,正式期,2025-09-19,2025-09-19,否,否,否,3.0,5.0,1,7,1.0624502906969027,LP已验证互斥及全部原约束,Optimization terminated successfully. (HiGHS Status 7: Optimal),0,144,6000.000000,6000.000000,6000.000000,13603.761751,14289.165128,2791.220293,17080.385422,0.050664,48.925314,22.440031,0.506944,0.163417,762.731873,623.372215,278.962363,13580.518533,-317.813202,-257.428693,0.000000,2.1032064978498966e-12
2025-09-21,正式期,2025-09-20,2025-09-20,否,否,否,3.0,5.0,1,7,1.4788740225535395,LP已验证互斥及全部原约束,Optimization terminated successfully. (HiGHS Status 7: Optimal),0,144,6000.000000,6000.000000,6000.000000,44991.079856,45230.839385,516.838809,45747.678194,0.049782,52.988654,11.996887,0.812500,0.011298,96.008983,4819.711721,2821.694791,2709.389136,2496.425823,2022.104917,0.000000,-1.8189894035458565e-12
2025-09-22,正式期,2025-09-21,2025-09-21,否,否,否,3.0,5.0,1,7,1.4357751649013502,LP已验证互斥及全部原约束,Optimization terminated successfully. (HiGHS Status 7: Optimal),0,144,6000.000000,6000.000000,6000.000000,43484.551348,44675.118819,1522.296637,46197.415456,0.045370,36.771397,11.175670,0.701389,0.032952,384.203119,3105.876385,1543.540095,985.111941,1294.587493,1048.615869,0.000000,-2.2737367544323206e-12
2025-09-23,正式期,2025-09-22,2025-09-22,否,否,否,3.0,5.0,1,7,1.4521677587519246,LP已验证互斥及全部原约束,Optimization terminated successfully. (HiGHS Status 7: Optimal),0,144,6000.000000,6000.000000,6000.000000,44665.156324,44621.402868,2600.161764,47221.564632,0.042605,36.852374,13.610625,0.652778,0.055063,517.584523,2576.461455,1133.897665,391.158467,729.291921,590.726456,0.000000,2.3874235921539366e-12
2025-09-24,正式期,2025-09-23,2025-09-23,否,否,否,3.0,5.0,1,7,1.4427415559068972,LP已验证互斥及全部原约束,Optimization terminated successfully. (HiGHS Status 7: Optimal),0,144,6000.000000,6000.000000,6000.000000,45188.526546,45124.854614,1200.712965,46325.567579,0.038560,40.868343,11.754572,0.708333,0.025919,280.156867,3672.095341,2102.400854,873.292200,521.172058,422.149367,0.000000,7.787548383930698e-12
2025-09-25,正式期,2025-09-24,2025-09-24,否,否,否,3.0,5.0,1,7,1.4150787358125125,LP已验证互斥及全部原约束,Optimization terminated successfully. (HiGHS Status 7: Optimal),0,144,6000.000000,6000.000000,6000.000000,44916.319542,45198.443549,302.560761,45501.004311,0.033403,43.138887,10.374195,0.805556,0.006650,58.462933,4333.905058,2052.136287,1366.815022,1413.357263,1144.819383,0.000000,3.183231456205249e-12
2025-09-26,正式期,2025-09-25,2025-09-25,否,否,否,5.0,5.0,1,7,1.082685989651858,LP已验证互斥及全部原约束,Optimization terminated successfully. (HiGHS Status 7: Optimal),0,144,6000.000000,6000.000000,6000.000000,15359.164673,15321.517490,0.000000,15321.517490,0.046973,36.346723,14.602352,0.680556,0.000000,0.000000,1677.144766,819.821526,12128.726136,676.779136,548.191100,0.000000,3.637978807091713e-12
2025-09-27,正式期,2025-09-26,2025-09-26,否,否,否,5.0,5.0,1,7,1.0875275311931785,LP已验证互斥及全部原约束,Optimization terminated successfully. (HiGHS Status 7: Optimal),0,144,6000.000000,6000.000000,6000.000000,14789.607412,15634.700261,1451.618151,17086.318412,0.050737,49.866581,21.085948,0.520833,0.084958,424.648213,389.747832,196.818122,12737.215400,-510.567618,-413.559770,0.000000,-1.0231815394945443e-12
2025-09-28,正式期,2025-09-27,2025-09-27,否,否,否,3.0,5.0,1,7,1.4419455383460456,LP已验证互斥及全部原约束,Optimization terminated successfully. (HiGHS Status 7: Optimal),0,144,6000.000000,6000.000000,5971.500556,46015.895050,46668.755615,638.882780,47307.638395,0.052688,37.923967,11.220414,0.736111,0.013505,109.604500,3967.634460,2303.188420,0.275817,614.227160,471.874500,-28.499444,7.617018127348274e-12
2025-09-29,正式期,2025-09-28,2025-09-28,否,否,否,3.0,5.0,1,7,1.4436715626296632,LP已验证互斥及全部原约束,Optimization terminated successfully. (HiGHS Status 7: Optimal),0,144,5971.500556,6000.000000,5968.283333,46277.965177,46319.995589,511.695581,46831.691170,0.042894,35.654700,9.230686,0.770833,0.010926,112.200317,3757.240334,2167.587907,634.770450,657.191934,503.780467,-31.716667,-5.684341886080801e-13
2025-09-30,正式期,2025-09-29,2025-09-29,否,否,否,3.0,5.0,1,7,1.4272405773708579,LP已验证互斥及全部原约束,Optimization terminated successfully. (HiGHS Status 7: Optimal),0,144,5968.283333,6000.000000,6000.000000,45972.512793,45809.940782,4445.553514,50255.494296,0.051988,35.411509,15.296736,0.555556,0.088459,922.510024,1979.797282,905.290601,96.828767,-11.647151,-9.434192,0.000000,7.247535904753022e-13
2025-10-01,正式期,2025-09-30,2025-09-30,否,否,否,3.0,5.0,1,7,1.4076750712921726,LP已验证互斥及全部原约束,Optimization terminated successfully. (HiGHS Status 7: Optimal),0,144,6000.000000,6000.000000,6000.000000,46730.659172,44804.495318,0.000000,44804.495318,0.049467,129.351557,26.073388,0.965278,0.000000,0.000000,12640.824394,6153.929830,6833.354317,4973.848477,4028.817267,0.000000,-2.7284841053187847e-12
2025-10-02,正式期,2025-10-01,2025-10-01,否,否,否,3.0,5.0,1,7,1.4017062904786484,LP已验证互斥及全部原约束,Optimization terminated successfully. (HiGHS Status 7: Optimal),0,144,6000.000000,6000.000000,6000.000000,46340.011711,44314.175199,66.212143,44380.387342,0.042226,110.901065,22.717061,0.923611,0.001492,19.943417,11147.235024,5813.115467,5325.516667,3898.641091,3157.899283,0.000000,4.092726157978177e-12
2025-10-03,正式期,2025-10-02,2025-10-02,否,否,否,5.0,5.0,1,7,1.0686875185673324,LP已验证互斥及全部原约束,Optimization terminated successfully. (HiGHS Status 7: Optimal),0,144,6000.000000,6000.000000,6000.000000,15165.194121,14610.984787,0.000000,14610.984787,0.067322,93.885470,19.016440,0.965278,0.000000,0.000000,4564.162748,1836.180006,19449.065618,2339.121049,1894.688050,0.000000,-3.183231456205249e-12
2025-10-04,正式期,2025-10-03,2025-10-03,否,否,否,5.0,5.0,1,7,1.1052289958482338,LP已验证互斥及全部原约束,Optimization terminated successfully. (HiGHS Status 7: Optimal),0,144,6000.000000,6000.000000,6000.000000,14888.182864,14740.057827,54.753623,14794.811449,0.044771,50.141886,12.016687,0.833333,0.003701,16.433458,3312.860229,1436.102414,14284.283402,1138.488631,922.175791,0.000000,-1.5916157281026244e-12
2025-10-05,正式期,2025-10-04,2025-10-04,否,否,否,5.0,5.0,1,7,1.4686520919342456,LP已验证互斥及全部原约束,Optimization terminated successfully. (HiGHS Status 7: Optimal),0,144,6000.000000,6000.000000,6000.000000,45741.868029,43604.447448,4.780491,43609.227939,0.051269,76.547503,15.824705,0.923611,0.000110,2.053917,8028.686316,4187.818699,3330.582177,3061.432943,2479.760684,0.000000,-9.094947017729282e-13
2025-10-06,正式期,2025-10-05,2025-10-05,否,否,否,5.0,5.0,0.6-0.3-0.1,7,1.4384830990315207,LP已验证互斥及全部原约束,Optimization terminated successfully. (HiGHS Status 7: Optimal),0,144,6000.000000,6000.000000,6000.000000,44484.431469,43524.571575,3.820516,43528.392091,0.047943,47.777856,10.150657,0.909722,0.000088,0.718750,5546.859426,2794.698466,1449.949428,2114.314671,1712.594883,0.000000,-1.8189894035458565e-12
2025-10-07,正式期,2025-10-06,2025-10-06,否,否,否,5.0,5.0,0.6-0.3-0.1,7,1.4383440737553401,LP已验证互斥及全部原约束,Optimization terminated successfully. (HiGHS Status 7: Optimal),0,144,6000.000000,6000.000000,6000.000000,44009.133532,42359.745121,0.000000,42359.745121,0.048753,42.297826,9.706242,0.902778,0.000000,0.000000,4726.420940,2475.365417,974.526050,1097.183457,888.718600,0.000000,3.751665644813329e-12
2025-10-08,正式期,2025-10-07,2025-10-07,否,否,否,3.0,5.0,0.6-0.3-0.1,7,1.3635429239510208,LP已验证互斥及全部原约束,Optimization terminated successfully. (HiGHS Status 7: Optimal),0,144,6000.000000,6000.000000,6000.000000,40126.945249,40726.209256,1186.036669,41912.245925,0.036433,41.568203,10.501900,0.756944,0.028298,258.009564,3628.377857,1988.575382,1827.986783,1383.675490,1120.777147,0.000000,4.092726157978177e-12
2025-10-09,正式期,2025-10-08,2025-10-08,否,否,否,3.0,5.0,0.6-0.3-0.1,7,1.3600584287331772,LP已验证互斥及全部原约束,Optimization terminated successfully. (HiGHS Status 7: Optimal),0,144,6000.000000,6000.000000,6000.000000,40300.550711,40467.829349,341.422292,40809.251641,0.034219,45.578574,10.656695,0.819444,0.008366,61.565233,3727.925260,1750.328162,2321.454783,864.056543,699.885800,0.000000,4.547473508864641e-13
2025-10-10,正式期,2025-10-09,2025-10-09,否,否,否,5.0,3.0,0.6-0.3-0.1,7,1.0312043975876155,LP已验证互斥及全部原约束,Optimization terminated successfully. (HiGHS Status 7: Optimal),0,144,6000.000000,6000.000000,6000.000000,13590.657076,13824.487550,506.017876,14330.505426,0.064923,60.398517,14.308470,0.770833,0.035311,178.738197,2141.603544,689.761217,19000.429708,1502.312836,1216.873397,0.000000,-1.3642420526593924e-12
2025-10-11,正式期,2025-10-10,2025-10-10,否,否,否,5.0,3.0,0.6-0.3-0.1,7,1.0838299583372377,LP已验证互斥及全部原约束,Optimization terminated successfully. (HiGHS Status 7: Optimal),0,144,6000.000000,6000.000000,5982.699574,13184.763750,13100.332127,38.303418,13138.635544,0.046496,28.299129,12.171045,0.631944,0.002915,12.054600,735.755385,281.734125,14067.945976,108.989527,72.711133,-17.300426,-4.419575816427823e-12
2025-10-12,正式期,2025-10-11,2025-10-11,否,否,否,3.0,5.0,0.6-0.3-0.1,7,1.4255650583329182,LP已验证互斥及全部原约束,Optimization terminated successfully. (HiGHS Status 7: Optimal),0,144,5982.699574,6000.000000,5940.619519,41416.866222,40797.227334,795.711691,41592.939024,0.050730,35.134070,10.479360,0.680556,0.019131,147.776370,3321.835940,1859.347114,511.988150,1213.268523,929.305070,-59.380481,2.2737367544323206e-13
2025-10-13,正式期,2025-10-12,2025-10-12,否,否,否,3.0,7.0,0.6-0.3-0.1,7,1.4249176649130353,LP已验证互斥及全部原约束,Optimization terminated successfully. (HiGHS Status 7: Optimal),0,144,5940.619519,6000.000000,6000.000000,41710.734146,40938.174452,577.284429,41515.458882,0.042773,37.802345,9.025636,0.819444,0.013905,135.488050,3574.916590,1750.519173,1444.636954,756.882860,613.075117,0.000000,-8.412825991399586e-12
2025-10-14,正式期,2025-10-13,2025-10-13,否,否,否,3.0,7.0,0.6-0.3-0.1,7,1.4144540507102503,LP已验证互斥及全部原约束,Optimization terminated successfully. (HiGHS Status 7: Optimal),0,144,6000.000000,6000.000000,6000.000000,41736.336181,41075.444010,3260.509163,44335.953173,0.044435,25.548733,10.811326,0.583333,0.073541,708.568616,1586.207022,738.986467,112.897683,254.087572,205.810933,0.000000,-1.1368683772161603e-13
2025-10-15,正式期,2025-10-14,2025-10-14,否,否,否,3.0,7.0,0.6-0.3-0.1,7,1.36716466965117,LP已验证互斥及全部原约束,Optimization terminated successfully. (HiGHS Status 7: Optimal),0,144,6000.000000,6000.000000,6000.000000,41024.540306,41636.460251,4112.297938,45748.758190,0.043402,27.514426,12.627161,0.631944,0.089889,739.868663,1495.317415,669.771561,0.167533,1122.059748,908.868396,0.000000,-1.4779288903810084e-12
2025-10-16,正式期,2025-10-15,2025-10-15,否,否,否,3.0,7.0,0.25-0.25-0.25-0.25,7,1.3669801369033237,LP已验证互斥及全部原约束,Optimization terminated successfully. (HiGHS Status 7: Optimal),0,144,6000.000000,6000.000000,6000.000000,41679.787418,42378.667392,8361.377468,50740.044860,0.045966,34.938845,16.920326,0.576389,0.164789,1729.047856,2044.017553,885.961576,0.000000,270.544720,219.141223,0.000000,4.575895218295045e-12
2025-10-17,正式期,2025-10-16,2025-10-16,否,否,否,7.0,3.0,0.25-0.25-0.25-0.25,7,1.0251158248745575,LP已验证互斥及全部原约束,Optimization terminated successfully. (HiGHS Status 7: Optimal),0,144,6000.000000,6000.000000,6000.000000,13359.510594,14000.907372,0.000000,14000.907372,0.054289,38.652049,9.386765,0.798611,0.000000,0.000000,1379.562846,634.700672,12801.160874,840.621687,680.903567,0.000000,-2.1600499167107046e-12
2025-10-18,正式期,2025-10-17,2025-10-17,否,否,否,7.0,5.0,0.25-0.25-0.25-0.25,7,1.0646671455777061,LP已验证互斥及全部原约束,Optimization terminated successfully. (HiGHS Status 7: Optimal),0,144,6000.000000,6000.000000,6000.000000,13490.588838,13585.405961,586.940023,14172.345984,0.044462,30.485029,9.026927,0.743056,0.041414,185.464921,1408.144541,492.773027,12539.336681,922.755972,747.432337,0.000000,-1.9326762412674725e-12
2025-10-19,正式期,2025-10-18,2025-10-18,否,否,否,5.0,3.0,0.25-0.25-0.25-0.25,7,1.4044734597964275,LP已验证互斥及全部原约束,Optimization terminated successfully. (HiGHS Status 7: Optimal),0,144,6000.000000,6000.000000,5985.831481,43561.763377,44324.766425,4210.408989,48535.175413,0.053093,31.346804,12.583019,0.611111,0.086750,879.396318,2341.234541,1127.180332,104.321517,368.548808,285.772868,-14.168519,5.115907697472721e-13
2025-10-20,正式期,2025-10-19,2025-10-19,否,否,否,5.0,3.0,0.25-0.25-0.25-0.25,7,1.3979043627129735,LP已验证互斥及全部原约束,Optimization terminated successfully. (HiGHS Status 7: Optimal),0,144,5985.831481,6000.000000,5985.017796,44833.059236,45091.751044,5327.174165,50418.925209,0.048357,40.833147,15.716554,0.729167,0.105658,999.699350,3446.734515,2210.204053,6.212633,967.130432,769.891667,-14.982204,-1.1368683772161603e-13
2025-10-21,正式期,2025-10-20,2025-10-20,否,否,否,5.0,5.0,0.25-0.25-0.25-0.25,7,1.390028514805108,LP已验证互斥及全部原约束,Optimization terminated successfully. (HiGHS Status 7: Optimal),0,144,5985.017796,6000.000000,5972.645804,45002.137943,45624.559396,5721.837543,51346.396939,0.053637,32.439299,15.645320,0.604167,0.111436,1129.599602,1615.772129,885.970878,44.427633,1212.123513,957.201268,-27.354196,3.410605131648481e-12
2025-10-22,正式期,2025-10-21,2025-10-21,否,否,否,5.0,3.0,0.25-0.25-0.25-0.25,7,1.347876323423619,LP已验证互斥及全部原约束,Optimization terminated successfully. (HiGHS Status 7: Optimal),0,144,5972.645804,6000.000000,6000.000000,45451.554633,47011.053905,2707.667043,49718.720947,0.045127,35.746771,10.486687,0.708333,0.054460,519.542171,2677.502885,1443.954721,1583.096800,1028.642001,833.200021,0.000000,1.5916157281026244e-12
2025-10-23,正式期,2025-10-22,2025-10-22,否,否,否,5.0,3.0,0.25-0.25-0.25-0.25,7,1.3431427074902986,LP已验证互斥及全部原约束,Optimization terminated successfully. (HiGHS Status 7: Optimal),0,144,6000.000000,6000.000000,6000.000000,46113.245109,47014.901164,183.173112,47198.074276,0.039017,46.007209,9.869049,0.875000,0.003881,32.975367,5119.008563,2720.793069,1593.185350,1971.746646,1597.114783,0.000000,-2.2737367544323206e-13
2025-10-24,正式期,2025-10-23,2025-10-23,否,否,否,7.0,3.0,0.25-0.25-0.25-0.25,7,1.0009703249762754,LP已验证互斥及全部原约束,Optimization terminated successfully. (HiGHS Status 7: Optimal),0,144,6000.000000,6000.000000,6000.000000,13156.388659,13844.382642,786.737402,14631.120043,0.052160,43.649855,12.048404,0.736111,0.053772,233.615017,1038.496364,355.214823,11006.928365,92.953313,75.292183,0.000000,-4.831690603168681e-13
2025-10-25,正式期,2025-10-24,2025-10-24,否,否,否,7.0,3.0,0.25-0.25-0.25-0.25,7,1.0386376208985277,LP已验证互斥及全部原约束,Optimization terminated successfully. (HiGHS Status 7: Optimal),0,144,6000.000000,6000.000000,6000.000000,13693.998490,13990.819467,272.722640,14263.542107,0.047392,30.404626,8.165088,0.791667,0.019120,69.981217,1123.216405,442.419262,10215.385902,711.847757,576.596683,0.000000,1.3642420526593924e-12
2025-10-26,正式期,2025-10-25,2025-10-25,否,否,否,5.0,3.0,0.25-0.25-0.25-0.25,7,1.3869982502274238,LP已验证互斥及全部原约束,Optimization terminated successfully. (HiGHS Status 7: Optimal),0,144,6000.000000,6000.000000,6000.000000,46074.049633,46989.143458,411.982286,47401.125744,0.044560,33.516990,8.177591,0.826389,0.008691,72.759783,4043.360050,2406.592090,538.869033,2055.974650,1665.339467,0.000000,1.8189894035458565e-12
2025-10-27,正式期,2025-10-26,2025-10-26,否,否,否,5.0,3.0,0.25-0.25-0.25-0.25,7,1.3784088089297555,LP已验证互斥及全部原约束,Optimization terminated successfully. (HiGHS Status 7: Optimal),0,144,6000.000000,6000.000000,6000.000000,46045.967608,46403.498633,2186.507427,48590.006060,0.039666,45.955378,12.892838,0.701389,0.044999,481.663467,4382.256928,2153.388544,1252.172833,1642.305412,1330.267383,0.000000,-4.320099833421409e-12
2025-10-28,正式期,2025-10-27,2025-10-27,否,否,否,5.0,3.0,0.25-0.25-0.25-0.25,7,1.3704040375960715,LP已验证互斥及全部原约束,Optimization terminated successfully. (HiGHS Status 7: Optimal),0,144,6000.000000,6000.000000,5999.766667,46672.387938,47376.884743,550.361398,47927.246141,0.040364,33.703684,10.851518,0.736111,0.011483,129.123663,3003.674595,1821.592541,173.876167,884.534728,716.263130,-0.233333,1.1368683772161603e-13
2025-10-29,正式期,2025-10-28,2025-10-28,否,否,否,5.0,3.0,0.25-0.25-0.25-0.25,7,1.3398980675336862,LP已验证互斥及全部原约束,Optimization terminated successfully. (HiGHS Status 7: Optimal),0,144,5999.766667,6000.000000,5998.564815,46152.115281,48031.513911,7570.865998,55602.379909,0.050824,35.278574,17.313789,0.652778,0.136161,1433.490021,1788.327263,1106.730432,0.000000,1038.456713,839.858271,-1.435185,3.410605131648481e-13
2025-10-30,正式期,2025-10-29,2025-10-29,否,否,否,7.0,3.0,0.6-0.3-0.1,7,1.3512881659052025,LP已验证互斥及全部原约束,Optimization terminated successfully. (HiGHS Status 7: Optimal),0,144,5998.564815,6000.000000,6000.000000,48212.739524,49814.580408,472.234093,50286.814501,0.034397,51.683629,11.701663,0.770833,0.009391,96.565133,5863.618324,3151.665643,1484.419567,2443.158374,1978.958283,0.000000,2.7284841053187847e-12
2025-10-31,正式期,2025-10-30,2025-10-30,否,否,否,7.0,3.0,1,7,1.026348095513897,LP已验证互斥及全部原约束,Optimization terminated successfully. (HiGHS Status 7: Optimal),0,144,6000.000000,6000.000000,6000.000000,14164.381740,14451.775415,632.173082,15083.948497,0.043919,28.832388,10.465246,0.645833,0.041910,187.343900,1245.414895,450.212534,6304.325510,511.202922,414.074367,0.000000,4.547473508864641e-13
2025-11-01,正式期,2025-10-31,2025-10-31,否,否,否,10.0,3.0,1,7,1.0354106757722976,LP已验证互斥及全部原约束,Optimization terminated successfully. (HiGHS Status 7: Optimal),0,144,6000.000000,6000.000000,5976.255037,14496.043182,14561.299305,67.623856,14628.923161,0.042119,34.043546,8.708302,0.798611,0.004623,17.508383,1715.234914,697.282984,7567.135030,1000.878827,789.341383,-23.744963,4.547473508864641e-12
2025-11-02,正式期,2025-11-01,2025-11-01,否,否,否,7.0,3.0,1,7,1.3814578633525647,LP已验证互斥及全部原约束,Optimization terminated successfully. (HiGHS Status 7: Optimal),0,144,5976.255037,6000.000000,6000.000000,49041.058834,50087.857742,214.031755,50301.889498,0.042827,32.229824,8.982264,0.743056,0.004255,91.120555,3495.897985,2081.055405,105.750567,457.140685,370.283954,0.000000,4.945377440890297e-12
2025-11-03,正式期,2025-11-02,2025-11-02,否,否,否,7.0,3.0,1,7,1.3566029251817056,LP已验证互斥及全部原约束,Optimization terminated successfully. (HiGHS Status 7: Optimal),0,144,6000.000000,6000.000000,5934.922444,48849.673692,50496.271615,186.656757,50682.928372,0.048821,28.765963,8.839506,0.736111,0.003683,37.862000,2948.318004,1824.713902,103.785167,1551.594058,1198.221387,-65.077556,1.3642420526593924e-12
2025-11-04,正式期,2025-11-03,2025-11-03,否,否,否,7.0,3.0,1,7,1.3628864862371157,LP已验证互斥及全部原约束,Optimization terminated successfully. (HiGHS Status 7: Optimal),0,144,5934.922444,6000.000000,6000.000000,49840.373391,50640.928417,541.341995,51182.270412,0.037939,41.658630,9.985973,0.756944,0.010577,107.524275,5009.466137,3002.089458,540.998750,1253.350328,1015.213765,0.000000,4.547473508864641e-12
2025-11-05,正式期,2025-11-04,2025-11-04,否,否,否,7.0,3.0,1,7,1.3808243808107774,LP已验证互斥及全部原约束,Optimization terminated successfully. (HiGHS Status 7: Optimal),0,144,6000.000000,6000.000000,6000.000000,50677.158638,50972.761842,971.286982,51944.048824,0.039343,28.990553,8.247338,0.743056,0.018699,200.183372,2881.422821,1621.214551,461.098683,754.356838,611.029039,0.000000,6.252776074688882e-12
2025-11-06,正式期,2025-11-05,2025-11-05,否,否,否,7.0,3.0,1,7,1.344900691437157,LP已验证互斥及全部原约束,Optimization terminated successfully. (HiGHS Status 7: Optimal),0,144,6000.000000,6000.000000,6000.000000,49773.390689,51464.762108,6416.367772,57881.129880,0.046996,34.363053,14.751544,0.618056,0.110854,1184.605690,2499.590899,1589.323601,26.457967,921.325749,746.273857,0.000000,3.410605131648481e-13
2025-11-07,正式期,2025-11-06,2025-11-06,否,否,否,10.0,3.0,1,7,1.0409631191061106,LP已验证互斥及全部原约束,Optimization terminated successfully. (HiGHS Status 7: Optimal),0,144,6000.000000,6000.000000,6000.000000,15171.491045,15063.833738,383.245700,15447.079438,0.056343,43.839186,10.538207,0.763889,0.024810,138.185960,1916.999159,887.701600,7239.912405,218.336165,176.852293,0.000000,-2.7000623958883807e-12
2025-11-08,正式期,2025-11-07,2025-11-07,否,否,否,10.0,3.0,1,7,1.03963471078679,LP已验证互斥及全部原约束,Optimization terminated successfully. (HiGHS Status 7: Optimal),0,144,6000.000000,6000.000000,6000.000000,14760.170029,14975.366151,178.177759,15153.543911,0.043329,37.127354,8.470496,0.875000,0.011758,71.462100,1782.807610,691.689422,7014.849290,1351.661008,1094.845417,0.000000,-5.002220859751105e-12
2025-11-09,正式期,2025-11-08,2025-11-08,否,否,否,10.0,3.0,1,7,1.4068458410554283,LP已验证互斥及全部原约束,Optimization terminated successfully. (HiGHS Status 7: Optimal),0,144,6000.000000,6000.000000,5995.503704,51333.908300,52054.666914,2801.551437,54856.218351,0.048815,30.564927,10.232826,0.743056,0.051071,547.406984,2852.999579,1614.521850,318.879583,1034.733396,834.087384,-4.496296,7.389644451905042e-12
2025-11-10,正式期,2025-11-09,2025-11-09,否,否,否,10.0,3.0,1,7,1.3957112295171994,LP已验证互斥及全部原约束,Optimization terminated successfully. (HiGHS Status 7: Optimal),0,144,5995.503704,6000.000000,6000.000000,52291.816028,53687.248621,3527.388925,57214.637546,0.052388,24.312841,10.413576,0.618056,0.061652,691.278768,1664.704601,1022.868547,0.797067,724.512891,586.855442,0.000000,0.0
2025-11-11,正式期,2025-11-10,2025-11-10,否,否,否,10.0,3.0,1,7,1.3656286015934873,LP已验证互斥及全部原约束,Optimization terminated successfully. (HiGHS Status 7: Optimal),0,144,6000.000000,6000.000000,5984.137037,52645.891367,53784.601821,65.855718,53850.457539,0.038079,33.718256,7.767326,0.826389,0.001223,11.901917,4464.633767,2722.421417,134.467433,1099.250439,876.116189,-15.862963,6.821210263296962e-13
2025-11-12,正式期,2025-11-11,2025-11-11,否,否,否,10.0,3.0,1,7,1.3696600406545156,LP已验证互斥及全部原约束,Optimization terminated successfully. (HiGHS Status 7: Optimal),0,144,5984.137037,6000.000000,6000.000000,53326.719651,53577.084988,409.975482,53987.060471,0.034666,37.036645,8.408614,0.833333,0.007594,79.870517,4991.704880,2966.730800,81.115800,738.367613,598.077767,0.000000,-3.637978807091713e-12
2025-11-13,正式期,2025-11-12,2025-11-12,否,否,否,10.0,3.0,1,7,1.3700466760879182,LP已验证互斥及全部原约束,Optimization terminated successfully. (HiGHS Status 7: Optimal),0,144,6000.000000,6000.000000,6000.000000,53458.422276,54263.332802,2909.415944,57172.748746,0.036766,32.724389,10.426451,0.743056,0.050888,564.259639,3635.820601,2070.708428,176.149083,2097.647518,1699.094489,0.000000,3.183231456205249e-12
2025-11-14,正式期,2025-11-13,2025-11-13,否,否,否,10.0,3.0,1,7,1.0272855071491958,LP已验证互斥及全部原约束,Optimization terminated successfully. (HiGHS Status 7: Optimal),0,144,6000.000000,6000.000000,6000.000000,15067.820881,14996.658121,249.219387,15245.877508,0.042396,27.279757,8.174844,0.756944,0.016347,73.233217,1426.581807,526.231993,3679.627055,678.418045,549.518617,0.000000,6.821210263296962e-13
2025-11-15,正式期,2025-11-14,2025-11-14,否,否,否,14.0,3.0,1,7,1.0485918051027903,LP已验证互斥及全部原约束,Optimization terminated successfully. (HiGHS Status 7: Optimal),0,144,6000.000000,6000.000000,6000.000000,15181.333398,15574.326374,19.184747,15593.511120,0.044160,29.065272,8.997142,0.791667,0.001230,5.306250,1421.935533,649.926273,3080.798689,230.952572,187.071583,0.000000,5.9969806898152456e-12
2025-11-16,正式期,2025-11-15,2025-11-15,否,否,否,10.0,3.0,1,7,1.398933966563315,LP已验证互斥及全部原约束,Optimization terminated successfully. (HiGHS Status 7: Optimal),0,144,6000.000000,6000.000000,5967.101315,54183.691434,55246.246833,1345.319722,56591.566554,0.042606,28.118361,8.928075,0.708333,0.023772,261.976144,2662.372639,1541.111897,121.533900,154.689972,95.690061,-32.898685,-4.902744876744691e-12
2025-11-17,正式期,2025-11-16,2025-11-16,否,否,否,10.0,3.0,1,7,1.402125192578646,LP已验证互斥及全部原约束,Optimization terminated successfully. (HiGHS Status 7: Optimal),0,144,5967.101315,6000.000000,6000.000000,55268.993258,55443.404662,409.645817,55853.050479,0.039052,37.893293,9.194997,0.840278,0.007334,116.664183,4863.425549,3146.923473,77.139317,753.204115,610.095333,0.000000,5.5706550483591855e-12
2025-11-18,正式期,2025-11-17,2025-11-17,否,否,否,10.0,3.0,1,7,1.384527437298476,LP已验证互斥及全部原约束,Optimization terminated successfully. (HiGHS Status 7: Optimal),0,144,6000.000000,6000.000000,6000.000000,55054.859600,56177.859065,4361.916733,60539.775798,0.048999,33.364311,11.409843,0.708333,0.072050,820.315848,3741.125481,2365.686788,0.375383,2055.132981,1664.657714,0.000000,3.865352482534945e-12
2025-11-19,正式期,2025-11-18,2025-11-18,否,否,否,14.0,3.0,1,7,1.3609542007607605,LP已验证互斥及全部原约束,Optimization terminated successfully. (HiGHS Status 7: Optimal),0,144,6000.000000,6000.000000,5986.668519,55637.839422,57341.235234,277.180500,57618.415734,0.037433,28.014141,7.838257,0.743056,0.004811,77.636914,3028.748835,1993.768591,39.918267,94.743618,64.743997,-13.331481,-4.988010005035903e-12
2025-11-20,正式期,2025-11-19,2025-11-19,否,否,否,14.0,3.0,1,7,1.3559035003780702,LP已验证互斥及全部原约束,Optimization terminated successfully. (HiGHS Status 7: Optimal),0,144,5986.668519,6000.000000,6000.000000,56638.881751,57167.279508,1301.439940,58468.719448,0.036821,34.071550,8.575430,0.791667,0.022259,250.241200,4608.979900,2818.168729,40.294450,1779.302634,1441.235133,0.000000,6.139089236967266e-12
2025-11-21,正式期,2025-11-20,2025-11-20,否,否,否,14.0,3.0,1,7,1.0324931816520861,LP已验证互斥及全部原约束,Optimization terminated successfully. (HiGHS Status 7: Optimal),0,144,6000.000000,6000.000000,6000.000000,15669.907532,15783.689140,248.355868,16032.045008,0.045681,35.643578,9.129442,0.756944,0.015491,101.638617,1318.961698,507.690525,3333.512676,863.386091,699.342734,0.000000,3.524291969370097e-12
2025-11-22,正式期,2025-11-21,2025-11-21,否,否,否,14.0,3.0,1,7,1.04140025810269,LP已验证互斥及全部原约束,Optimization terminated successfully. (HiGHS Status 7: Optimal),0,144,6000.000000,6000.000000,6000.000000,15691.224677,16037.821422,360.419961,16398.241384,0.043876,27.150799,8.203246,0.659722,0.021979,94.127729,1239.516566,551.902737,1995.154333,220.775715,178.828329,0.000000,2.8421709430404007e-12
2025-11-23,正式期,2025-11-22,2025-11-22,否,否,否,14.0,3.0,1,7,1.3715636630563715,LP已验证互斥及全部原约束,Optimization terminated successfully. (HiGHS Status 7: Optimal),0,144,6000.000000,6000.000000,6000.000000,56658.659701,57223.487439,627.939403,57851.426843,0.041137,36.231005,10.504986,0.736111,0.010854,137.672933,3550.974271,2373.692461,316.786559,405.473230,328.433317,0.000000,7.958078640513122e-13
2025-11-24,正式期,2025-11-23,2025-11-23,否,否,否,14.0,3.0,1,7,1.356326919525272,LP已验证互斥及全部原约束,Optimization terminated successfully. (HiGHS Status 7: Optimal),0,144,6000.000000,6000.000000,6000.000000,56725.004922,57587.711333,578.742123,58166.453456,0.030244,42.104864,10.406427,0.763889,0.009950,116.014017,5218.843542,3297.472667,358.199664,1847.089856,1496.142783,0.000000,-2.0463630789890885e-12
2025-11-25,正式期,2025-11-24,2025-11-24,否,否,否,14.0,3.0,1,7,1.3587662974408907,LP已验证互斥及全部原约束,Optimization terminated successfully. (HiGHS Status 7: Optimal),0,144,6000.000000,6000.000000,6000.000000,57515.237361,57596.877740,96.621540,57693.499281,0.038838,28.368727,7.027317,0.826389,0.001675,18.370367,3649.211310,2505.952877,21.020533,1139.363210,922.884200,0.000000,-1.1368683772161603e-12
2025-11-26,正式期,2025-11-25,2025-11-25,否,否,否,14.0,3.0,1,7,1.363365586594982,LP已验证互斥及全部原约束,Optimization terminated successfully. (HiGHS Status 7: Optimal),0,144,6000.000000,6000.000000,5997.816667,57665.944053,58077.019266,2732.242635,60809.261901,0.042921,28.678174,9.264080,0.736111,0.044931,521.318316,3195.248518,1924.928127,18.448483,1339.003252,1082.627634,-2.183333,-6.139089236967266e-12
2025-11-27,正式期,2025-11-26,2025-11-26,否,否,否,14.0,3.0,1,7,1.341869337853911,LP已验证互斥及全部原约束,Optimization terminated successfully. (HiGHS Status 7: Optimal),0,144,5997.816667,6000.000000,6000.000000,57633.996630,58605.331495,1773.154566,60378.486061,0.038274,35.506068,9.237993,0.805556,0.029367,360.785083,4789.306758,2934.874676,9.822250,1848.022325,1496.898083,0.000000,4.547473508864641e-13
2025-11-28,正式期,2025-11-27,2025-11-27,否,否,否,21.0,3.0,1,7,1.027192208298452,LP已验证互斥及全部原约束,Optimization terminated successfully. (HiGHS Status 7: Optimal),0,144,6000.000000,6000.000000,6000.000000,16446.767555,16111.805428,41.834803,16153.640231,0.043383,32.403307,8.113661,0.798611,0.002590,20.679701,2176.545511,948.036823,1810.025163,440.287841,356.633151,0.000000,1.7053025658242404e-12
2025-11-29,正式期,2025-11-28,2025-11-28,否,否,否,21.0,3.0,1,7,1.051499333387472,LP已验证互斥及全部原约束,Optimization terminated successfully. (HiGHS Status 7: Optimal),0,144,6000.000000,6000.000000,5913.186870,16517.988204,16348.426143,1124.097837,17472.523980,0.040772,35.934640,18.335386,0.618056,0.064335,275.663772,339.652767,106.001857,0.000000,855.414533,614.753955,-86.813130,-3.979039320256561e-12
2025-11-30,正式期,2025-11-29,2025-11-29,否,否,否,14.0,3.0,1,7,1.38177034698461,LP已验证互斥及全部原约束,Optimization terminated successfully. (HiGHS Status 7: Optimal),0,144,5913.186870,6000.000000,5994.587037,59983.795875,61243.567452,694.098795,61937.666247,0.047790,25.290250,7.221561,0.750000,0.011206,141.129100,2788.161136,1906.913556,0.338933,206.254486,162.194467,-5.412963,1.4210854715202004e-13
2025-12-01,正式期,2025-11-30,2025-11-30,否,否,否,21.0,3.0,1,7,1.3619189310458675,LP已验证互斥及全部原约束,Optimization terminated successfully. (HiGHS Status 7: Optimal),0,144,5994.587037,6000.000000,5923.500426,60234.495448,65250.157437,21185.825559,86435.982996,0.094600,46.426700,28.998498,0.395833,0.245104,4259.586198,1587.764405,938.174604,0.000000,190.525388,85.475948,-76.499574,-3.097966327914037e-12
2025-12-02,正式期,2025-12-01,2025-12-01,否,否,否,21.0,3.0,1,7,1.3769060496306829,LP已验证互斥及全部原约束,Optimization terminated successfully. (HiGHS Status 7: Optimal),0,144,5923.500426,6000.000000,5984.571907,60347.610193,65675.911277,28011.190013,93687.101290,0.094637,45.581445,33.555175,0.236111,0.298987,5212.574146,151.041483,79.398689,0.000000,481.680900,376.276246,-15.428093,-5.059064278611913e-12
2025-12-03,正式期,2025-12-02,2025-12-02,否,否,否,5.0,3.0,1,7,1.3932198821212465,LP已验证互斥及全部原约束,Optimization terminated successfully. (HiGHS Status 7: Optimal),0,144,5984.571907,6000.000000,5992.313815,65815.109299,71339.899483,2046.182812,73386.082295,0.087770,33.319580,11.077659,0.701389,0.027882,493.156917,3349.807141,2527.871593,12.720667,963.317057,773.369250,-7.686185,-7.844391802791506e-12
2025-12-04,正式期,2025-12-03,2025-12-03,否,否,否,5.0,3.0,1,7,1.3973247622182785,LP已验证互斥及全部原约束,Optimization terminated successfully. (HiGHS Status 7: Optimal),0,144,5992.313815,6000.000000,6000.000000,65972.099210,71000.104194,3150.143032,74150.247226,0.081216,40.250493,12.481298,0.638889,0.042483,678.227944,4399.648266,3490.623214,4.631250,299.770116,242.813794,0.000000,3.240074875066057e-12
2025-12-05,正式期,2025-12-04,2025-12-04,否,否,否,21.0,3.0,1,7,1.0745816345961148,LP已验证互斥及全部原约束,Optimization terminated successfully. (HiGHS Status 7: Optimal),0,144,6000.000000,6000.000000,6000.000000,17343.787940,18553.753423,13662.058398,32215.811822,0.094773,41.357724,27.036808,0.361111,0.424079,3384.056053,397.755780,137.723309,0.000000,344.809263,279.295503,0.000000,2.1032064978498966e-12
2025-12-06,正式期,2025-12-05,2025-12-05,否,否,否,21.0,3.0,1,7,1.1259544002804545,LP已验证互斥及全部原约束,Optimization terminated successfully. (HiGHS Status 7: Optimal),0,144,6000.000000,6000.000000,5929.897000,18239.610574,19529.607206,18099.525231,37629.132437,0.083747,46.183845,31.761702,0.319444,0.480998,3952.041815,174.754083,58.509994,0.000000,1690.072200,1305.865782,-70.103000,-1.8189894035458565e-12
2025-12-07,正式期,2025-12-06,2025-12-06,否,否,否,5.0,3.0,1,7,1.475918121253844,LP已验证互斥及全部原约束,Optimization terminated successfully. (HiGHS Status 7: Optimal),0,144,5929.897000,6000.000000,6000.000000,67144.382667,72605.924976,779.059020,73384.983996,0.076686,38.123210,10.332302,0.736111,0.010616,146.489043,4617.299262,3379.306959,42.841617,1703.086062,1379.499710,0.000000,1.5916157281026244e-12
2025-12-08,正式期,2025-12-07,2025-12-07,否,否,否,5.0,3.0,1,7,1.5977931171165147,LP已验证互斥及全部原约束,Optimization terminated successfully. (HiGHS Status 7: Optimal),0,144,6000.000000,6000.000000,6000.000000,72357.195238,72448.512390,2147.711789,74596.224179,0.039529,36.340837,10.063033,0.812500,0.028791,419.518855,4623.513452,3439.780913,2.475967,1657.503936,1342.578188,0.000000,2.2737367544323206e-13
2025-12-09,正式期,2025-12-08,2025-12-08,否,否,否,5.0,3.0,1,7,1.620805889654191,LP已验证互斥及全部原约束,Optimization terminated successfully. (HiGHS Status 7: Optimal),0,144,6000.000000,6000.000000,6000.000000,72772.600734,71370.057616,1432.956344,72803.013960,0.036498,36.246049,9.604079,0.750000,0.019683,257.565111,4456.739513,3238.590994,67.159167,932.841330,755.601477,0.000000,-1.1368683772161603e-13
2025-12-10,正式期,2025-12-09,2025-12-09,否,否,否,5.0,3.0,1,7,1.604926578865497,LP已验证互斥及全部原约束,Optimization terminated successfully. (HiGHS Status 7: Optimal),0,144,6000.000000,6000.000000,5960.879630,72494.716998,72642.005315,1233.458201,73875.463515,0.038002,31.327466,9.520224,0.750000,0.016696,238.719650,3579.410524,2618.349468,2.918367,1892.192058,1497.467233,-39.120370,-8.86757334228605e-12
2025-12-11,正式期,2025-12-10,2025-12-10,否,否,否,5.0,3.0,1,7,1.5929791489318463,LP已验证互斥及全部原约束,Optimization terminated successfully. (HiGHS Status 7: Optimal),0,144,5960.879630,6000.000000,6000.000000,72325.649877,71499.169671,122.113188,71621.282858,0.030895,46.400314,10.770446,0.833333,0.001705,21.214911,6330.686645,4727.632057,36.265350,1997.240178,1617.764544,0.000000,-6.139089236967266e-12
2025-12-12,正式期,2025-12-11,2025-12-11,否,否,否,14.0,3.0,1,7,1.2626411740543328,LP已验证互斥及全部原约束,Optimization terminated successfully. (HiGHS Status 7: Optimal),0,144,6000.000000,6000.000000,6000.000000,22913.617896,22259.240908,620.851339,22880.092247,0.048075,32.633934,13.356786,0.590278,0.027135,269.926747,1781.004968,764.886450,1.110533,480.536252,389.234364,0.000000,-5.5706550483591855e-12
2025-12-13,正式期,2025-12-12,2025-12-12,否,否,否,10.0,3.0,1,7,1.3045881557574917,LP已验证互斥及全部原约束,Optimization terminated successfully. (HiGHS Status 7: Optimal),0,144,6000.000000,6000.000000,5986.055556,23531.253726,22910.925263,464.016804,23374.942066,0.047126,29.045749,9.907798,0.708333,0.019851,151.506833,2483.390786,1164.383773,1.130550,553.828703,436.051249,-13.944444,3.296918293926865e-12
2025-12-14,正式期,2025-12-13,2025-12-13,否,否,否,5.0,3.0,1,7,1.6490238691513959,LP已验证互斥及全部原约束,Optimization terminated successfully. (HiGHS Status 7: Optimal),0,144,5986.055556,6000.000000,6000.000000,73033.103257,74227.345451,555.627891,74782.973343,0.038371,35.800801,8.965645,0.812500,0.007430,102.068250,4638.342368,3618.027041,0.980533,1308.274568,1059.702400,0.000000,-1.3642420526593924e-12
2025-12-15,正式期,2025-12-14,2025-12-14,否,否,否,5.0,3.0,1,7,1.6330567117175154,LP已验证互斥及全部原约束,Optimization terminated successfully. (HiGHS Status 7: Optimal),0,144,6000.000000,6000.000000,6000.000000,72704.275136,73911.866717,490.533485,74402.400202,0.039522,31.604621,9.269580,0.763889,0.006593,104.549682,3454.733585,2738.911549,2.006617,1139.369052,922.888932,0.000000,9.094947017729282e-13
2025-12-16,正式期,2025-12-15,2025-12-15,否,否,否,5.0,3.0,1,7,1.6112161378973022,LP已验证互斥及全部原约束,Optimization terminated successfully. (HiGHS Status 7: Optimal),0,144,6000.000000,6000.000000,5986.944722,72713.083466,73509.731614,440.735981,73950.467595,0.028980,28.789101,7.209742,0.791667,0.005960,74.833333,3724.067387,2919.588186,30.321050,1153.144671,922.297433,-13.055278,4.320099833421409e-12
2025-12-17,正式期,2025-12-16,2025-12-16,否,否,否,5.0,3.0,1,7,1.6184835022787902,LP已验证互斥及全部原约束,Optimization terminated successfully. (HiGHS Status 7: Optimal),0,144,5986.944722,6000.000000,6000.000000,73282.838718,73354.959861,938.275954,74293.235815,0.032741,37.573355,9.526455,0.812500,0.012629,213.321476,5011.339727,3810.676976,1.067917,1864.100793,1509.921643,0.000000,4.547473508864641e-13
2025-12-18,正式期,2025-12-17,2025-12-17,否,否,否,5.0,3.0,1,7,1.5802217444240287,LP已验证互斥及全部原约束,Optimization terminated successfully. (HiGHS Status 7: Optimal),0,144,6000.000000,6000.000000,6000.000000,71578.550853,72307.087689,483.127728,72790.215417,0.032793,39.405630,9.422995,0.840278,0.006637,149.362530,5220.296998,3800.564675,2.153367,730.391148,591.616830,0.000000,7.958078640513122e-13
2025-12-19,正式期,2025-12-18,2025-12-18,否,否,否,10.0,3.0,1,7,1.2708612992148811,LP已验证互斥及全部原约束,Optimization terminated successfully. (HiGHS Status 7: Optimal),0,144,6000.000000,6000.000000,6000.000000,23647.525815,22755.371220,358.733601,23114.104821,0.051480,34.833628,10.372179,0.687500,0.015520,103.233583,3102.574652,1356.786191,568.177609,979.441111,793.347300,0.000000,6.821210263296962e-13
2025-12-20,正式期,2025-12-19,2025-12-19,否,否,否,10.0,3.0,1,7,1.295816475506732,LP已验证互斥及全部原约束,Optimization terminated successfully. (HiGHS Status 7: Optimal),0,144,6000.000000,6000.000000,6000.000000,23768.501864,22748.349309,218.089412,22966.438721,0.046569,31.654674,8.543643,0.770833,0.009496,92.969500,3019.321591,1356.337521,677.356367,565.974424,458.439283,0.000000,3.751665644813329e-12
2025-12-21,正式期,2025-12-20,2025-12-20,否,否,否,5.0,3.0,1,7,1.651239387837982,LP已验证互斥及全部原约束,Optimization terminated successfully. (HiGHS Status 7: Optimal),0,144,6000.000000,6000.000000,6000.000000,73298.836067,73275.535910,1397.176888,74672.712797,0.037526,37.736768,11.225244,0.784722,0.018711,269.941367,4232.369587,3096.003743,31.025000,1709.190370,1384.444200,0.000000,-1.3642420526593924e-12
2025-12-22,正式期,2025-12-21,2025-12-21,否,否,否,5.0,5.0,1,7,1.63051325666013,LP已验证互斥及全部原约束,Optimization terminated successfully. (HiGHS Status 7: Optimal),0,144,6000.000000,6000.000000,5998.238574,72940.645059,74225.157295,1171.702481,75396.859775,0.032477,33.817863,8.890194,0.736111,0.015540,340.110550,4405.001766,3553.919623,0.959967,1133.010082,916.152883,-1.761426,2.2737367544323206e-13
2025-12-23,正式期,2025-12-22,2025-12-22,否,否,否,5.0,3.0,1,7,1.6123466424119697,LP已验证互斥及全部原约束,Optimization terminated successfully. (HiGHS Status 7: Optimal),0,144,5998.238574,6000.000000,5994.174074,72939.718221,73529.280919,574.561592,74103.842511,0.030971,43.792609,9.780104,0.888889,0.007753,141.600633,6266.991674,4794.392378,31.249417,1766.424424,1425.560450,-5.825926,-5.002220859751105e-12
2025-12-24,正式期,2025-12-23,2025-12-23,否,否,否,5.0,5.0,1,7,1.6043951855821714,LP已验证互斥及全部原约束,Optimization terminated successfully. (HiGHS Status 7: Optimal),0,144,5994.174074,6000.000000,6000.000000,72334.305642,72723.346334,842.956613,73566.302947,0.030393,36.749192,8.749283,0.826389,0.011458,153.623367,5038.673831,3599.123423,1.044533,1399.707881,1133.763383,0.000000,9.094947017729282e-13
2025-12-25,正式期,2025-12-24,2025-12-24,否,否,否,5.0,5.0,1,7,1.5980519118252483,LP已验证互斥及全部原约束,Optimization terminated successfully. (HiGHS Status 7: Optimal),0,144,6000.000000,6000.000000,6000.000000,72331.061947,73072.354906,1033.148803,74105.503709,0.032716,38.745370,10.149519,0.791667,0.013942,231.114204,5021.572387,3689.658493,33.925350,2090.863421,1693.599371,0.000000,3.183231456205249e-12
2025-12-26,正式期,2025-12-25,2025-12-25,否,否,否,10.0,7.0,1,7,1.276804827492514,LP已验证互斥及全部原约束,Optimization terminated successfully. (HiGHS Status 7: Optimal),0,144,6000.000000,6000.000000,6000.000000,23546.539652,22740.048710,637.025238,23377.073947,0.048654,29.738670,8.304461,0.756944,0.027250,168.219158,2895.936658,981.879395,614.244179,1004.325854,813.503942,0.000000,-1.3642420526593924e-12
2025-12-27,正式期,2025-12-26,2025-12-26,否,否,否,14.0,7.0,1,7,1.2883594122909174,LP已验证互斥及全部原约束,Optimization terminated successfully. (HiGHS Status 7: Optimal),0,144,6000.000000,6000.000000,6000.000000,23280.070017,22474.035983,290.543165,22764.579148,0.047046,28.185881,8.040793,0.798611,0.012763,110.941561,2878.576249,1324.693583,351.736083,1128.105899,913.765778,0.000000,3.524291969370097e-12
2025-12-28,正式期,2025-12-27,2025-12-27,否,否,否,5.0,7.0,1,7,1.6501614911169122,LP已验证互斥及全部原约束,Optimization terminated successfully. (HiGHS Status 7: Optimal),0,144,6000.000000,6000.000000,6000.000000,71987.903686,72428.245302,866.100254,73294.345557,0.035409,42.804059,9.632879,0.847222,0.011817,176.474117,6280.600991,4761.208016,33.168150,2568.963374,2080.860333,0.000000,-9.094947017729282e-13
2025-12-29,正式期,2025-12-28,2025-12-28,否,否,否,5.0,7.0,1,7,1.6548669425635485,LP已验证互斥及全部原约束,Optimization terminated successfully. (HiGHS Status 7: Optimal),0,144,6000.000000,6000.000000,5978.370370,72383.347534,72351.033901,290.860223,72641.894124,0.037238,35.615101,8.627474,0.840278,0.004004,55.635806,4849.446337,3894.554807,29.840050,2093.406304,1676.192440,-21.629630,-6.821210263296962e-13
2025-12-30,正式期,2025-12-29,2025-12-29,否,否,否,5.0,7.0,1,7,1.6306204818061174,LP已验证互斥及全部原约束,Optimization terminated successfully. (HiGHS Status 7: Optimal),0,144,5978.370370,6000.000000,6000.000000,71901.548126,71596.207498,383.147267,71979.354765,0.032581,43.002063,9.602144,0.868056,0.005323,76.062383,6160.788434,4762.607325,2.240433,1976.319300,1600.818633,0.000000,-1.3642420526593924e-12
2025-12-31,正式期,2025-12-30,2025-12-30,否,否,否,10.0,7.0,1,7,1.6155509863461774,LP已验证互斥及全部原约束,Optimization terminated successfully. (HiGHS Status 7: Optimal),0,144,6000.000000,6000.000000,5936.605556,71671.899960,72541.619076,238.272423,72779.891500,0.034457,30.685938,8.431666,0.819444,0.003274,47.494669,3507.734698,2716.046962,33.868167,629.620332,452.937469,-63.394444,2.2737367544323206e-12
