类型,母序列,子序列,采样点,关联系数
高钾,SiO2,Na2O,01,0.9063649983
高钾,SiO2,Na2O,03部位1,0.8845762845
高钾,SiO2,Na2O,03部位2,0.9160682069
高钾,SiO2,Na2O,04,0.9107325954
高钾,SiO2,Na2O,05,0.91623555
高钾,SiO2,Na2O,06部位1,0.9084865831
高钾,SiO2,Na2O,06部位2,0.9185200887
高钾,SiO2,Na2O,07,0.8779303051
高钾,SiO2,Na2O,09,0.8751141789
高钾,SiO2,Na2O,10,0.8730635923
高钾,SiO2,Na2O,12,0.8759724164
高钾,SiO2,Na2O,13,0.6127269075
高钾,SiO2,Na2O,14,0.5686134961
高钾,SiO2,Na2O,16,0.6994098281
高钾,SiO2,Na2O,18,0.8937794428
高钾,SiO2,Na2O,21,0.8971983956
高钾,SiO2,Na2O,22,0.8782614144
高钾,SiO2,Na2O,27,0.8778239302
高钾,SiO2,K2O,01,0.9310253403
高钾,SiO2,K2O,03部位1,0.9660087625
高钾,SiO2,K2O,03部位2,0.8853693907
高钾,SiO2,K2O,04,0.9315323754
高钾,SiO2,K2O,05,0.906127238
高钾,SiO2,K2O,06部位1,0.9722392613
高钾,SiO2,K2O,06部位2,0.9557767383
高钾,SiO2,K2O,07,0.8779303051
高钾,SiO2,K2O,09,0.8834900957
高钾,SiO2,K2O,10,0.8861327143
高钾,SiO2,K2O,12,0.8904377787
高钾,SiO2,K2O,13,0.8798550562
高钾,SiO2,K2O,14,0.8875839966
高钾,SiO2,K2O,16,0.859381164
高钾,SiO2,K2O,18,0.9541234198
高钾,SiO2,K2O,21,0.8971983956
高钾,SiO2,K2O,22,0.8888687694
高钾,SiO2,K2O,27,0.8778239302
高钾,SiO2,CaO,01,0.9226284162
高钾,SiO2,CaO,03部位1,0.9354214075
高钾,SiO2,CaO,03部位2,0.9243942737
高钾,SiO2,CaO,04,0.8979820952
高钾,SiO2,CaO,05,0.8871272201
高钾,SiO2,CaO,06部位1,0.9084865831
高钾,SiO2,CaO,06部位2,0.9340201242
高钾,SiO2,CaO,07,0.9038881824
高钾,SiO2,CaO,09,0.8898745005
高钾,SiO2,CaO,10,0.8779846989
高钾,SiO2,CaO,12,0.8931942542
高钾,SiO2,CaO,13,0.8529173866
高钾,SiO2,CaO,14,0.8674745109
高钾,SiO2,CaO,16,0.8696875454
高钾,SiO2,CaO,18,0.8937794428
高钾,SiO2,CaO,21,0.9771654725
高钾,SiO2,CaO,22,0.9192315558
高钾,SiO2,CaO,27,0.9005408441
高钾,SiO2,MgO,01,0.9795044112
高钾,SiO2,MgO,03部位1,0.8845762845
高钾,SiO2,MgO,03部位2,0.9358489525
高钾,SiO2,MgO,04,0.8853192331
高钾,SiO2,MgO,05,0.8564751714
高钾,SiO2,MgO,06部位1,0.840539411
高钾,SiO2,MgO,06部位2,0.8588843136
高钾,SiO2,MgO,07,0.8779303051
高钾,SiO2,MgO,09,0.8751141789
高钾,SiO2,MgO,10,0.8730635923
高钾,SiO2,MgO,12,0.8759724164
高钾,SiO2,MgO,13,0.919556391
高钾,SiO2,MgO,14,1
高钾,SiO2,MgO,16,0.9812783224
高钾,SiO2,MgO,18,0.9056193028
高钾,SiO2,MgO,21,0.9415655232
高钾,SiO2,MgO,22,0.9589753565
高钾,SiO2,MgO,27,0.9448928104
高钾,SiO2,Al2O3,01,0.9881885156
高钾,SiO2,Al2O3,03部位1,0.9651510963
高钾,SiO2,Al2O3,03部位2,0.9706959927
高钾,SiO2,Al2O3,04,0.9563482053
高钾,SiO2,Al2O3,05,0.9286090594
高钾,SiO2,Al2O3,06部位1,0.8677415085
高钾,SiO2,Al2O3,06部位2,0.8780629145
高钾,SiO2,Al2O3,07,0.9148996149
高钾,SiO2,Al2O3,09,0.8992614063
高钾,SiO2,Al2O3,10,0.8876557029
高钾,SiO2,Al2O3,12,0.9028124778
高钾,SiO2,Al2O3,13,0.952678819
高钾,SiO2,Al2O3,14,0.8962745564
高钾,SiO2,Al2O3,16,0.9609157803
高钾,SiO2,Al2O3,18,0.9542486717
高钾,SiO2,Al2O3,21,0.977259866
高钾,SiO2,Al2O3,22,0.9458472217
高钾,SiO2,Al2O3,27,0.9252115446
高钾,SiO2,Fe2O3,01,0.9622050511
高钾,SiO2,Fe2O3,03部位1,0.8845762845
高钾,SiO2,Fe2O3,03部位2,0.9200970148
高钾,SiO2,Fe2O3,04,0.932918787
高钾,SiO2,Fe2O3,05,0.8878361603
高钾,SiO2,Fe2O3,06部位1,0.9112627878
高钾,SiO2,Fe2O3,06部位2,0.7036402245
高钾,SiO2,Fe2O3,07,0.8892672161
高钾,SiO2,Fe2O3,09,0.8965602463
高钾,SiO2,Fe2O3,10,0.8903268271
高钾,SiO2,Fe2O3,12,0.8954018393
高钾,SiO2,Fe2O3,13,0.8676907502
高钾,SiO2,Fe2O3,14,0.952310252
高钾,SiO2,Fe2O3,16,0.9424469517
高钾,SiO2,Fe2O3,18,0.8937794428
高钾,SiO2,Fe2O3,21,0.9243673804
高钾,SiO2,Fe2O3,22,0.9019437646
高钾,SiO2,Fe2O3,27,0.8911886716
高钾,SiO2,CuO,01,0.9076981207
高钾,SiO2,CuO,03部位1,0.9191597628
高钾,SiO2,CuO,03部位2,0.8475274123
高钾,SiO2,CuO,04,0.985395758
高钾,SiO2,CuO,05,0.9251936435
高钾,SiO2,CuO,06部位1,0.9707781082
高钾,SiO2,CuO,06部位2,0.9764385276
高钾,SiO2,CuO,07,0.9693692118
高钾,SiO2,CuO,09,0.9450151068
高钾,SiO2,CuO,10,0.909433647
高钾,SiO2,CuO,12,0.950921591
高钾,SiO2,CuO,13,0.8588022816
高钾,SiO2,CuO,14,0.9370687747
高钾,SiO2,CuO,16,0.9628393793
高钾,SiO2,CuO,18,0.8937794428
高钾,SiO2,CuO,21,0.9449635822
高钾,SiO2,CuO,22,0.9020216771
高钾,SiO2,CuO,27,0.9476858132
高钾,SiO2,PbO,01,0.9063649983
高钾,SiO2,PbO,03部位1,0.9771267839
高钾,SiO2,PbO,03部位2,0.6639019507
高钾,SiO2,PbO,04,0.9107325954
高钾,SiO2,PbO,05,0.91623555
高钾,SiO2,PbO,06部位1,0.9851529195
高钾,SiO2,PbO,06部位2,0.947725548
高钾,SiO2,PbO,07,0.8779303051
高钾,SiO2,PbO,09,0.8751141789
高钾,SiO2,PbO,10,0.8730635923
高钾,SiO2,PbO,12,0.8759724164
高钾,SiO2,PbO,13,0.919556391
高钾,SiO2,PbO,14,0.626949476
高钾,SiO2,PbO,16,0.9525350887
高钾,SiO2,PbO,18,0.8937794428
高钾,SiO2,PbO,21,0.7647114439
高钾,SiO2,PbO,22,0.8782614144
高钾,SiO2,PbO,27,0.8778239302
高钾,SiO2,BaO,01,0.9063649983
高钾,SiO2,BaO,03部位1,0.8845762845
高钾,SiO2,BaO,03部位2,0.5730230106
高钾,SiO2,BaO,04,0.9107325954
高钾,SiO2,BaO,05,0.91623555
高钾,SiO2,BaO,06部位1,0.769295947
高钾,SiO2,BaO,06部位2,0.8395644817
高钾,SiO2,BaO,07,0.8779303051
高钾,SiO2,BaO,09,0.8751141789
高钾,SiO2,BaO,10,0.8730635923
高钾,SiO2,BaO,12,0.8759724164
高钾,SiO2,BaO,13,0.919556391
高钾,SiO2,BaO,14,0.9150911155
高钾,SiO2,BaO,16,0.9116239163
高钾,SiO2,BaO,18,0.8937794428
高钾,SiO2,BaO,21,0.6849766143
高钾,SiO2,BaO,22,0.8782614144
高钾,SiO2,BaO,27,0.8778239302
高钾,SiO2,P2O5,01,0.9761906484
高钾,SiO2,P2O5,03部位1,0.9478294874
高钾,SiO2,P2O5,03部位2,0.9885263463
高钾,SiO2,P2O5,04,0.9923445007
高钾,SiO2,P2O5,05,0.9901134076
高钾,SiO2,P2O5,06部位1,0.7293781724
高钾,SiO2,P2O5,06部位2,0.7044073823
高钾,SiO2,P2O5,07,0.9351778921
高钾,SiO2,P2O5,09,0.9068645093
高钾,SiO2,P2O5,10,0.8730635923
高钾,SiO2,P2O5,12,0.8893296818
高钾,SiO2,P2O5,13,0.9508883705
高钾,SiO2,P2O5,14,0.9306669634
高钾,SiO2,P2O5,16,0.9116239163
高钾,SiO2,P2O5,18,0.9703345283
高钾,SiO2,P2O5,21,0.9949098838
高钾,SiO2,P2O5,22,0.8971758662
高钾,SiO2,P2O5,27,0.9107218746
高钾,SiO2,SrO,01,0.9063649983
高钾,SiO2,SrO,03部位1,0.8845762845
高钾,SiO2,SrO,03部位2,0.7544311207
高钾,SiO2,SrO,04,0.9107325954
高钾,SiO2,SrO,05,0.8647261151
高钾,SiO2,SrO,06部位1,0.7359929962
高钾,SiO2,SrO,06部位2,0.7076895612
高钾,SiO2,SrO,07,0.8779303051
高钾,SiO2,SrO,09,0.8751141789
高钾,SiO2,SrO,10,0.8730635923
高钾,SiO2,SrO,12,0.8759724164
高钾,SiO2,SrO,13,0.919556391
高钾,SiO2,SrO,14,0.9150911155
高钾,SiO2,SrO,16,0.9378387411
高钾,SiO2,SrO,18,0.8537302742
高钾,SiO2,SrO,21,0.8971983956
高钾,SiO2,SrO,22,0.8782614144
高钾,SiO2,SrO,27,0.8778239302
高钾,SiO2,SnO2,01,0.9063649983
高钾,SiO2,SnO2,03部位1,0.8845762845
高钾,SiO2,SnO2,03部位2,0.9160682069
高钾,SiO2,SnO2,04,0.9107325954
高钾,SiO2,SnO2,05,0.91623555
高钾,SiO2,SnO2,06部位1,0.9084865831
高钾,SiO2,SnO2,06部位2,0.9185200887
高钾,SiO2,SnO2,07,0.8779303051
高钾,SiO2,SnO2,09,0.8751141789
高钾,SiO2,SnO2,10,0.8730635923
高钾,SiO2,SnO2,12,0.8759724164
高钾,SiO2,SnO2,13,0.919556391
高钾,SiO2,SnO2,14,0.9150911155
高钾,SiO2,SnO2,16,0.9116239163
高钾,SiO2,SnO2,18,0.3343432057
高钾,SiO2,SnO2,21,0.8971983956
高钾,SiO2,SnO2,22,0.8782614144
高钾,SiO2,SnO2,27,0.8778239302
高钾,SiO2,SO2,01,0.6381536642
高钾,SiO2,SO2,03部位1,0.8845762845
高钾,SiO2,SO2,03部位2,0.9160682069
高钾,SiO2,SO2,04,0.6577721078
高钾,SiO2,SO2,05,0.5821910834
高钾,SiO2,SO2,06部位1,0.9084865831
高钾,SiO2,SO2,06部位2,0.9185200887
高钾,SiO2,SO2,07,0.8779303051
高钾,SiO2,SO2,09,0.8751141789
高钾,SiO2,SO2,10,0.8730635923
高钾,SiO2,SO2,12,0.8759724164
高钾,SiO2,SO2,13,0.919556391
高钾,SiO2,SO2,14,0.9150911155
高钾,SiO2,SO2,16,0.9116239163
高钾,SiO2,SO2,18,0.8937794428
高钾,SiO2,SO2,21,0.8971983956
高钾,SiO2,SO2,22,0.8782614144
高钾,SiO2,SO2,27,0.8778239302
高钾,Na2O,SiO2,01,0.9086711675
高钾,Na2O,SiO2,03部位1,0.8879441845
高钾,Na2O,SiO2,03部位2,0.9178847779
高钾,Na2O,SiO2,04,0.9128196645
高钾,Na2O,SiO2,05,0.9180435868
高钾,Na2O,SiO2,06部位1,0.9106865845
高钾,Na2O,SiO2,06部位2,0.9202113113
高钾,Na2O,SiO2,07,0.8816116561
高钾,Na2O,SiO2,09,0.8789268809
高钾,Na2O,SiO2,10,0.8769713883
高钾,Na2O,SiO2,12,0.8797451807
高钾,Na2O,SiO2,13,0.6248812087
高钾,Na2O,SiO2,14,0.581399263
高钾,Na2O,SiO2,16,0.7096701814
高钾,Na2O,SiO2,18,0.8967052538
高钾,Na2O,SiO2,21,0.8999575981
高钾,Na2O,SiO2,22,0.8819272641
高钾,Na2O,SiO2,27,0.8815102586
高钾,Na2O,K2O,01,0.8522298647
高钾,Na2O,K2O,03部位1,0.9173632673
高钾,Na2O,K2O,03部位2,0.8232478388
高钾,Na2O,K2O,04,0.8562829754
高钾,Na2O,K2O,05,0.8402975279
高钾,Na2O,K2O,06部位1,0.8865892129
高钾,Na2O,K2O,06部位2,0.8823799678
高钾,Na2O,K2O,07,1
高钾,Na2O,K2O,09,0.9898634138
高钾,Na2O,K2O,10,0.9842829077
高钾,Na2O,K2O,12,0.982771855
高钾,Na2O,K2O,13,0.6810257627
高钾,Na2O,K2O,14,0.6260123327
高钾,Na2O,K2O,16,0.7989904477
高钾,Na2O,K2O,18,0.8594763929
高钾,Na2O,K2O,21,1
高钾,Na2O,K2O,22,0.9873189958
高钾,Na2O,K2O,27,1
高钾,Na2O,CaO,01,0.8455711668
高钾,Na2O,CaO,03部位1,0.9451044654
高钾,Na2O,CaO,03部位2,0.8549722051
高钾,Na2O,CaO,04,0.8293588975
高钾,Na2O,CaO,05,0.8248122989
高钾,Na2O,CaO,06部位1,1
高钾,Na2O,CaO,06部位2,0.8648006997
高钾,Na2O,CaO,07,0.9700070077
高钾,Na2O,CaO,09,0.9823988644
高钾,Na2O,CaO,10,0.9939681172
高钾,Na2O,CaO,12,0.9796178344
高钾,Na2O,CaO,13,0.697134919
高钾,Na2O,CaO,14,0.6358392086
高钾,Na2O,CaO,16,0.7907549259
高钾,Na2O,CaO,18,1
高钾,Na2O,CaO,21,0.8801983976
高钾,Na2O,CaO,22,0.9542258376
高钾,Na2O,CaO,27,0.973554649
高钾,Na2O,MgO,01,0.8903591682
高钾,Na2O,MgO,03部位1,1
高钾,Na2O,MgO,03部位2,0.8642201835
高钾,Na2O,MgO,04,0.8191304348
高钾,Na2O,MgO,05,0.7996604414
高钾,Na2O,MgO,06部位1,0.7810945274
高钾,Na2O,MgO,06部位2,0.803297328
高钾,Na2O,MgO,07,1
高钾,Na2O,MgO,09,1
高钾,Na2O,MgO,10,1
高钾,Na2O,MgO,12,1
高钾,Na2O,MgO,13,0.5931721195
高钾,Na2O,MgO,14,0.5823659702
高钾,Na2O,MgO,16,0.699303214
高钾,Na2O,MgO,18,0.8219895288
高钾,Na2O,MgO,21,0.8527459264
高钾,Na2O,MgO,22,0.9169370539
高钾,Na2O,MgO,27,0.9289940828
高钾,Na2O,Al2O3,01,0.9205097087
高钾,Na2O,Al2O3,03部位1,0.9180956224
高钾,Na2O,Al2O3,03部位2,0.8921780043
高钾,Na2O,Al2O3,04,0.8760346487
高钾,Na2O,Al2O3,05,0.8585172609
高钾,Na2O,Al2O3,06部位1,0.8032121426
高钾,Na2O,Al2O3,06部位2,0.8191144708
高钾,Na2O,Al2O3,07,0.958307012
高钾,Na2O,Al2O3,09,0.9718129404
高钾,Na2O,Al2O3,10,0.9825129534
高钾,Na2O,Al2O3,12,0.9689163296
高钾,Na2O,Al2O3,13,0.6449547168
高钾,Na2O,Al2O3,14,0.6219915087
高钾,Na2O,Al2O3,16,0.7310995461
高钾,Na2O,Al2O3,18,0.9371911038
高钾,Na2O,Al2O3,21,0.880270793
高钾,Na2O,Al2O3,22,0.9285860029
高钾,Na2O,Al2O3,27,0.9477301125
高钾,Na2O,Fe2O3,01,0.8768141593
高钾,Na2O,Fe2O3,03部位1,1
高钾,Na2O,Fe2O3,03部位2,0.8514953592
高钾,Na2O,Fe2O3,04,0.8573901004
高钾,Na2O,Fe2O3,05,0.8253915362
高钾,Na2O,Fe2O3,06部位1,0.8382402707
高钾,Na2O,Fe2O3,06部位2,0.6721845319
高钾,Na2O,Fe2O3,07,0.9864595779
高钾,Na2O,Fe2O3,09,0.9748130657
高钾,Na2O,Fe2O3,10,0.9794385132
高钾,Na2O,Fe2O3,12,0.9771203156
高钾,Na2O,Fe2O3,13,0.6880835153
高钾,Na2O,Fe2O3,14,0.5649142573
高钾,Na2O,Fe2O3,16,0.6804178516
高钾,Na2O,Fe2O3,18,1
高钾,Na2O,Fe2O3,21,0.8393764825
高钾,Na2O,Fe2O3,22,0.9725166863
高钾,Na2O,Fe2O3,27,0.9841080652
高钾,Na2O,CuO,01,0.8336914482
高钾,Na2O,CuO,03部位1,0.9613478692
高钾,Na2O,CuO,03部位2,0.7921600653
高钾,Na2O,CuO,04,0.8989805375
高钾,Na2O,CuO,05,0.8557565064
高钾,Na2O,CuO,06部位1,0.8854404382
高钾,Na2O,CuO,06部位2,0.8989805375
高钾,Na2O,CuO,07,0.8568904594
高钾,Na2O,CuO,09,0.9260143198
高钾,Na2O,CuO,10,0.9584980237
高钾,Na2O,CuO,12,0.9216152019
高钾,Na2O,CuO,13,0.6934635374
高钾,Na2O,CuO,14,0.5598086224
高钾,Na2O,CuO,16,0.6903967618
高钾,Na2O,CuO,18,1
高钾,Na2O,CuO,21,0.8553791887
高钾,Na2O,CuO,22,0.9724310777
高钾,Na2O,CuO,27,0.9264565425
高钾,Na2O,PbO,01,1
高钾,Na2O,PbO,03部位1,0.9080882353
高钾,Na2O,PbO,03部位2,0.6365979381
高钾,Na2O,PbO,04,1
高钾,Na2O,PbO,05,1
高钾,Na2O,PbO,06部位1,0.925093633
高钾,Na2O,PbO,06部位2,0.8758865248
高钾,Na2O,PbO,07,1
高钾,Na2O,PbO,09,1
高钾,Na2O,PbO,10,1
高钾,Na2O,PbO,12,1
高钾,Na2O,PbO,13,0.5931721195
高钾,Na2O,PbO,14,0.8660399728
高钾,Na2O,PbO,16,0.6853715016
高钾,Na2O,PbO,18,1
高钾,Na2O,PbO,21,0.711815562
高钾,Na2O,PbO,22,1
高钾,Na2O,PbO,27,1
高钾,Na2O,BaO,01,1
高钾,Na2O,BaO,03部位1,1
高钾,Na2O,BaO,03部位2,0.5565891473
高钾,Na2O,BaO,04,1
高钾,Na2O,BaO,05,1
高钾,Na2O,BaO,06部位1,0.722334004
高钾,Na2O,BaO,06部位2,0.7872807018
高钾,Na2O,BaO,07,1
高钾,Na2O,BaO,09,1
高钾,Na2O,BaO,10,1
高钾,Na2O,BaO,12,1
高钾,Na2O,BaO,13,0.5931721195
高钾,Na2O,BaO,14,0.5523178808
高钾,Na2O,BaO,16,0.6650717703
高钾,Na2O,BaO,18,1
高钾,Na2O,BaO,21,0.6456834532
高钾,Na2O,BaO,22,1
高钾,Na2O,BaO,27,1
高钾,Na2O,P2O5,01,0.8877697842
高钾,Na2O,P2O5,03部位1,0.9334341906
高钾,Na2O,P2O5,03部位2,0.9296835761
高钾,Na2O,P2O5,04,0.9213539074
高钾,Na2O,P2O5,05,0.9077979402
高钾,Na2O,P2O5,06部位1,0.6888723483
高钾,Na2O,P2O5,06部位2,0.6728462377
高钾,Na2O,P2O5,07,0.9381652306
高钾,Na2O,P2O5,09,0.9635606455
高钾,Na2O,P2O5,10,1
高钾,Na2O,P2O5,12,0.9840510367
高钾,Na2O,P2O5,13,0.6457327862
高钾,Na2O,P2O5,14,0.5576424997
高钾,Na2O,P2O5,16,0.6650717703
高钾,Na2O,P2O5,18,0.8718794159
高钾,Na2O,P2O5,21,0.8937711251
高钾,Na2O,P2O5,22,0.9778129952
高钾,Na2O,P2O5,27,0.9625585023
高钾,Na2O,SrO,01,1
高钾,Na2O,SrO,03部位1,1
高钾,Na2O,SrO,03部位2,0.7142857143
高钾,Na2O,SrO,04,1
高钾,Na2O,SrO,05,0.8064516129
高钾,Na2O,SrO,06部位1,0.6944444444
高钾,Na2O,SrO,06部位2,0.6756756757
高钾,Na2O,SrO,07,1
高钾,Na2O,SrO,09,1
高钾,Na2O,SrO,10,1
高钾,Na2O,SrO,12,1
高钾,Na2O,SrO,13,0.5931721195
高钾,Na2O,SrO,14,0.5523178808
高钾,Na2O,SrO,16,0.7442707218
高钾,Na2O,SrO,18,0.78125
高钾,Na2O,SrO,21,1
高钾,Na2O,SrO,22,1
高钾,Na2O,SrO,27,1
高钾,Na2O,SnO2,01,1
高钾,Na2O,SnO2,03部位1,1
高钾,Na2O,SnO2,03部位2,1
高钾,Na2O,SnO2,04,1
高钾,Na2O,SnO2,05,1
高钾,Na2O,SnO2,06部位1,1
高钾,Na2O,SnO2,06部位2,1
高钾,Na2O,SnO2,07,1
高钾,Na2O,SnO2,09,1
高钾,Na2O,SnO2,10,1
高钾,Na2O,SnO2,12,1
高钾,Na2O,SnO2,13,0.5931721195
高钾,Na2O,SnO2,14,0.5523178808
高钾,Na2O,SnO2,16,0.6650717703
高钾,Na2O,SnO2,18,0.3333333333
高钾,Na2O,SnO2,21,1
高钾,Na2O,SnO2,22,1
高钾,Na2O,SnO2,27,1
高钾,Na2O,SO2,01,0.61
高钾,Na2O,SO2,03部位1,1
高钾,Na2O,SO2,03部位2,1
高钾,Na2O,SO2,04,0.6288659794
高钾,Na2O,SO2,05,0.5648148148
高钾,Na2O,SO2,06部位1,1
高钾,Na2O,SO2,06部位2,1
高钾,Na2O,SO2,07,1
高钾,Na2O,SO2,09,1
高钾,Na2O,SO2,10,1
高钾,Na2O,SO2,12,1
高钾,Na2O,SO2,13,0.5931721195
高钾,Na2O,SO2,14,0.5523178808
高钾,Na2O,SO2,16,0.6650717703
高钾,Na2O,SO2,18,1
高钾,Na2O,SO2,21,1
高钾,Na2O,SO2,22,1
高钾,Na2O,SO2,27,1
高钾,K2O,SiO2,01,0.9264638547
高钾,K2O,SiO2,03部位1,0.962156887
高钾,K2O,SiO2,03部位2,0.8799800134
高钾,K2O,SiO2,04,0.9269807079
高钾,K2O,SiO2,05,0.9011005045
高钾,K2O,SiO2,06部位1,0.9685206311
高钾,K2O,SiO2,06部位2,0.9517105469
高钾,K2O,SiO2,07,0.872416544
高钾,K2O,SiO2,09,0.8780690183
高钾,K2O,SiO2,10,0.8807562665
高钾,K2O,SiO2,12,0.8851348317
高钾,K2O,SiO2,13,0.8743731954
高钾,K2O,SiO2,14,0.8822322166
高钾,K2O,SiO2,16,0.8535700597
高钾,K2O,SiO2,18,0.9500231241
高钾,K2O,SiO2,21,0.8920128631
高钾,K2O,SiO2,22,0.8835389204
高钾,K2O,SiO2,27,0.8723084117
高钾,K2O,Na2O,01,0.8411638445
高钾,K2O,Na2O,03部位1,0.9106635683
高钾,K2O,Na2O,03部位2,0.8104940636
高钾,K2O,Na2O,04,0.8454654415
高钾,K2O,Na2O,05,0.8285177355
高钾,K2O,Na2O,06部位1,0.8777270842
高钾,K2O,Na2O,06部位2,0.8732359495
高钾,K2O,Na2O,07,1
高钾,K2O,Na2O,09,0.9889709319
高钾,K2O,Na2O,10,0.9829075708
高钾,K2O,Na2O,12,0.9812668089
高钾,K2O,Na2O,13,0.6622203732
高钾,K2O,Na2O,14,0.6058407511
高钾,K2O,Na2O,16,0.7849435853
高钾,K2O,Na2O,18,0.848856799
高钾,K2O,Na2O,21,1
高钾,K2O,Na2O,22,0.986205611
高钾,K2O,Na2O,27,1
高钾,K2O,CaO,01,0.9900373966
高钾,K2O,CaO,03部位1,0.9663281085
高钾,K2O,CaO,03部位2,0.9532115659
高钾,K2O,CaO,04,0.9603494549
高钾,K2O,CaO,05,0.9762464923
高钾,K2O,CaO,06部位1,0.8777270842
高钾,K2O,CaO,06部位2,0.9755258979
高钾,K2O,CaO,07,0.9674237916
高钾,K2O,CaO,09,0.9917098206
高钾,K2O,CaO,10,0.9893340771
高钾,K2O,CaO,12,0.9964449371
高钾,K2O,CaO,13,0.9643653211
高钾,K2O,CaO,14,0.9738180526
高钾,K2O,CaO,16,0.9860033257
高钾,K2O,CaO,18,0.848856799
高钾,K2O,CaO,21,0.8709095916
高钾,K2O,CaO,22,0.9631561422
高钾,K2O,CaO,27,0.9712679312
高钾,K2O,MgO,01,0.9481155739
高钾,K2O,MgO,03部位1,0.9106635683
高钾,K2O,MgO,03部位2,0.9409856458
高钾,K2O,MgO,04,0.9454617787
高钾,K2O,MgO,05,0.9382093893
高钾,K2O,MgO,06部位1,0.8577073344
高钾,K2O,MgO,06部位2,0.8916603345
高钾,K2O,MgO,07,1
高钾,K2O,MgO,09,0.9889709319
高钾,K2O,MgO,10,0.9829075708
高钾,K2O,MgO,12,0.9812668089
高钾,K2O,MgO,13,0.8085122641
高钾,K2O,MgO,14,0.8846589502
高钾,K2O,MgO,16,0.8373110353
高钾,K2O,MgO,18,0.9453713868
高钾,K2O,MgO,21,0.8417113745
高钾,K2O,MgO,22,0.9219437801
高钾,K2O,MgO,27,0.9231583563
高钾,K2O,Al2O3,01,0.9134201492
高钾,K2O,Al2O3,03部位1,0.9990539366
高钾,K2O,Al2O3,03部位2,0.9072734194
高钾,K2O,Al2O3,04,0.9721242897
高钾,K2O,Al2O3,05,0.9732320483
高钾,K2O,Al2O3,06部位1,0.8869127442
高钾,K2O,Al2O3,06部位2,0.9129712703
高钾,K2O,Al2O3,07,0.9547631008
高钾,K2O,Al2O3,09,0.9799744594
高钾,K2O,Al2O3,10,0.9980108025
高钾,K2O,Al2O3,12,0.9844010654
高钾,K2O,Al2O3,13,0.9179074558
高钾,K2O,Al2O3,14,0.9888793576
高钾,K2O,Al2O3,16,0.8876497698
高钾,K2O,Al2O3,18,0.9049198045
高钾,K2O,Al2O3,21,0.8709867775
高钾,K2O,Al2O3,22,0.9347842153
高钾,K2O,Al2O3,27,0.9433403184
高钾,K2O,Fe2O3,01,0.9654104977
高钾,K2O,Fe2O3,03部位1,0.9106635683
高钾,K2O,Fe2O3,03部位2,0.9579608381
高钾,K2O,Fe2O3,04,0.9983604409
高钾,K2O,Fe2O3,05,0.97713037
高钾,K2O,Fe2O3,06部位1,0.9338383162
高钾,K2O,Fe2O3,06部位2,0.7215327976
高钾,K2O,Fe2O3,07,0.9852718622
高钾,K2O,Fe2O3,09,0.9832977938
高钾,K2O,Fe2O3,10,0.994557342
高钾,K2O,Fe2O3,12,0.9936316012
高钾,K2O,Fe2O3,13,0.9838625463
高钾,K2O,Fe2O3,14,0.8416455769
高钾,K2O,Fe2O3,16,0.8080657109
高钾,K2O,Fe2O3,18,0.848856799
高钾,K2O,Fe2O3,21,0.827542696
高钾,K2O,Fe2O3,22,0.9834886297
高钾,K2O,Fe2O3,27,0.9827176972
高钾,K2O,CuO,01,0.9723699968
高钾,K2O,CuO,03部位1,0.9484833842
高钾,K2O,CuO,03部位2,0.9506480104
高钾,K2O,CuO,04,0.9430357375
高钾,K2O,CuO,05,0.9771236944
高钾,K2O,CuO,06部位1,0.9984088894
高钾,K2O,CuO,06部位2,0.9777172299
高钾,K2O,CuO,07,0.8461104329
高钾,K2O,CuO,09,0.9294908121
高钾,K2O,CuO,10,0.9710961887
高钾,K2O,CuO,12,0.9315040395
高钾,K2O,CuO,13,0.9721186601
高钾,K2O,CuO,14,0.8293727254
高钾,K2O,CuO,16,0.8234591717
高钾,K2O,CuO,18,0.848856799
高钾,K2O,CuO,21,0.8445059803
高钾,K2O,CuO,22,0.9833932849
高钾,K2O,CuO,27,0.9204301272
高钾,K2O,PbO,01,0.8411638445
高钾,K2O,PbO,03部位1,0.9880201694
高钾,K2O,PbO,03部位2,0.7205357231
高钾,K2O,PbO,04,0.8454654415
高钾,K2O,PbO,05,0.8285177355
高钾,K2O,PbO,06部位1,0.9513607863
高钾,K2O,PbO,06部位2,0.9909331847
高钾,K2O,PbO,07,1
高钾,K2O,PbO,09,0.9889709319
高钾,K2O,PbO,10,0.9829075708
高钾,K2O,PbO,12,0.9812668089
高钾,K2O,PbO,13,0.8085122641
高钾,K2O,PbO,14,0.6746970067
高钾,K2O,PbO,16,0.8156906183
高钾,K2O,PbO,18,0.848856799
高钾,K2O,PbO,21,0.6940098098
高钾,K2O,PbO,22,0.986205611
高钾,K2O,PbO,27,1
高钾,K2O,BaO,01,0.8411638445
高钾,K2O,BaO,03部位1,0.9106635683
高钾,K2O,BaO,03部位2,0.6120825828
高钾,K2O,BaO,04,0.8454654415
高钾,K2O,BaO,05,0.8285177355
高钾,K2O,BaO,06部位1,0.7816670429
高钾,K2O,BaO,06部位2,0.8702584672
高钾,K2O,BaO,07,1
高钾,K2O,BaO,09,0.9889709319
高钾,K2O,BaO,10,0.9829075708
高钾,K2O,BaO,12,0.9812668089
高钾,K2O,BaO,13,0.8085122641
高钾,K2O,BaO,14,0.8116131012
高钾,K2O,BaO,16,0.7846496107
高钾,K2O,BaO,18,0.848856799
高钾,K2O,BaO,21,0.6259388888
高钾,K2O,BaO,22,0.986205611
高钾,K2O,BaO,27,1
高钾,K2O,P2O5,01,0.9513334088
高钾,K2O,P2O5,03部位1,0.979970612
高钾,K2O,P2O5,03部位2,0.8684724821
高钾,K2O,P2O5,04,0.9175811472
高钾,K2O,P2O5,05,0.9121043244
高钾,K2O,P2O5,06部位1,0.7393439142
高钾,K2O,P2O5,06部位2,0.7223632432
高钾,K2O,P2O5,07,0.9330289111
高钾,K2O,P2O5,09,0.9708435118
高钾,K2O,P2O5,10,0.9829075708
高钾,K2O,P2O5,12,0.9985616135
高钾,K2O,P2O5,13,0.9196249084
高钾,K2O,P2O5,14,0.8242072225
高钾,K2O,P2O5,16,0.7846496107
高钾,K2O,P2O5,18,0.9822941181
高钾,K2O,P2O5,21,0.8853976614
高钾,K2O,P2O5,22,0.9893905917
高钾,K2O,P2O5,27,0.9593606434
高钾,K2O,SrO,01,0.8411638445
高钾,K2O,SrO,03部位1,0.9106635683
高钾,K2O,SrO,03部位2,0.8320882025
高钾,K2O,SrO,04,0.8454654415
高钾,K2O,SrO,05,0.9484140216
高钾,K2O,SrO,06部位1,0.746343404
高钾,K2O,SrO,06部位2,0.7259173273
高钾,K2O,SrO,07,1
高钾,K2O,SrO,09,0.9889709319
高钾,K2O,SrO,10,0.9829075708
高钾,K2O,SrO,12,0.9812668089
高钾,K2O,SrO,13,0.8085122641
高钾,K2O,SrO,14,0.8116131012
高钾,K2O,SrO,16,0.9089175454
高钾,K2O,SrO,18,0.8874116866
高钾,K2O,SrO,21,1
高钾,K2O,SrO,22,0.986205611
高钾,K2O,SrO,27,1
高钾,K2O,SnO2,01,0.8411638445
高钾,K2O,SnO2,03部位1,0.9106635683
高钾,K2O,SnO2,03部位2,0.8104940636
高钾,K2O,SnO2,04,0.8454654415
高钾,K2O,SnO2,05,0.8285177355
高钾,K2O,SnO2,06部位1,0.8777270842
高钾,K2O,SnO2,06部位2,0.8732359495
高钾,K2O,SnO2,07,1
高钾,K2O,SnO2,09,0.9889709319
高钾,K2O,SnO2,10,0.9829075708
高钾,K2O,SnO2,12,0.9812668089
高钾,K2O,SnO2,13,0.8085122641
高钾,K2O,SnO2,14,0.8116131012
高钾,K2O,SnO2,16,0.7846496107
高钾,K2O,SnO2,18,0.3333333333
高钾,K2O,SnO2,21,1
高钾,K2O,SnO2,22,0.986205611
高钾,K2O,SnO2,27,1
高钾,K2O,SO2,01,0.6633787617
高钾,K2O,SO2,03部位1,0.9106635683
高钾,K2O,SO2,03部位2,0.8104940636
高钾,K2O,SO2,04,0.684967022
高钾,K2O,SO2,05,0.6127030506
高钾,K2O,SO2,06部位1,0.8777270842
高钾,K2O,SO2,06部位2,0.8732359495
高钾,K2O,SO2,07,1
高钾,K2O,SO2,09,0.9889709319
高钾,K2O,SO2,10,0.9829075708
高钾,K2O,SO2,12,0.9812668089
高钾,K2O,SO2,13,0.8085122641
高钾,K2O,SO2,14,0.8116131012
高钾,K2O,SO2,16,0.7846496107
高钾,K2O,SO2,18,0.848856799
高钾,K2O,SO2,21,1
高钾,K2O,SO2,22,0.986205611
高钾,K2O,SO2,27,1
高钾,CaO,SiO2,01,0.924108132
高钾,CaO,SiO2,03部位1,0.9362306862
高钾,CaO,SiO2,03部位2,0.9257825114
高钾,CaO,SiO2,04,0.9007029264
高钾,CaO,SiO2,05,0.8903735155
高钾,CaO,SiO2,06部位1,0.9106865845
高钾,CaO,SiO2,06部位2,0.9349037115
高钾,CaO,SiO2,07,0.9063176708
高钾,CaO,SiO2,09,0.8929890302
高钾,CaO,SiO2,10,0.8816635041
高钾,CaO,SiO2,12,0.8961484532
高钾,CaO,SiO2,13,0.8577347427
高钾,CaO,SiO2,14,0.8716391385
高钾,CaO,SiO2,16,0.8737508913
高钾,CaO,SiO2,18,0.8967052538
高钾,CaO,SiO2,21,0.9756630251
高钾,CaO,SiO2,22,0.9208862826
高钾,CaO,SiO2,27,0.9031359245
高钾,CaO,Na2O,01,0.8455711668
高钾,CaO,Na2O,03部位1,0.9451044654
高钾,CaO,Na2O,03部位2,0.8549722051
高钾,CaO,Na2O,04,0.8293588975
高钾,CaO,Na2O,05,0.8248122989
高钾,CaO,Na2O,06部位1,1
高钾,CaO,Na2O,06部位2,0.8648006997
高钾,CaO,Na2O,07,0.9700070077
高钾,CaO,Na2O,09,0.9823988644
高钾,CaO,Na2O,10,0.9939681172
高钾,CaO,Na2O,12,0.9796178344
高钾,CaO,Na2O,13,0.697134919
高钾,CaO,Na2O,14,0.6358392086
高钾,CaO,Na2O,16,0.7907549259
高钾,CaO,Na2O,18,1
高钾,CaO,Na2O,21,0.8801983976
高钾,CaO,Na2O,22,0.9542258376
高钾,CaO,Na2O,27,0.973554649
高钾,CaO,K2O,01,0.9908443782
高钾,CaO,K2O,03部位1,0.9689954252
高钾,CaO,K2O,03部位2,0.9568715356
高钾,CaO,K2O,04,0.9634724681
高钾,CaO,K2O,05,0.9781458935
高钾,CaO,K2O,06部位1,0.8865892129
高钾,CaO,K2O,06部位2,0.9774815909
高钾,CaO,K2O,07,0.9700070077
高钾,CaO,K2O,09,0.9923823764
高钾,CaO,K2O,10,0.9901974643
高钾,CaO,K2O,12,0.9967346129
高钾,CaO,K2O,13,0.9671828395
高钾,CaO,K2O,14,0.9759068468
高钾,CaO,K2O,16,0.9871328245
高钾,CaO,K2O,18,0.8594763929
高钾,CaO,K2O,21,0.8801983976
高钾,CaO,K2O,22,0.9660659024
高钾,CaO,K2O,27,0.973554649
高钾,CaO,MgO,01,0.9438500607
高钾,CaO,MgO,03部位1,0.9451044654
高钾,CaO,MgO,03部位2,0.9876385775
高钾,CaO,MgO,04,0.9851671461
高钾,CaO,MgO,05,0.9632670321
高钾,CaO,MgO,06部位1,0.7810945274
高钾,CaO,MgO,06部位2,0.9186673622
高钾,CaO,MgO,07,0.9700070077
高钾,CaO,MgO,09,0.9823988644
高钾,CaO,MgO,10,0.9939681172
高钾,CaO,MgO,12,0.9796178344
高钾,CaO,MgO,13,0.7990994112
高钾,CaO,MgO,14,0.8738137419
高钾,CaO,MgO,16,0.8580888084
高钾,CaO,MgO,18,0.8219895288
高钾,CaO,MgO,21,0.9647157738
高钾,CaO,MgO,22,0.9591245515
高钾,CaO,MgO,27,0.9530440747
高钾,CaO,Al2O3,01,0.912177452
高钾,CaO,Al2O3,03部位1,0.9698125756
高钾,CaO,Al2O3,03部位2,0.9534923553
高钾,CaO,Al2O3,04,0.9396348035
高钾,CaO,Al2O3,05,0.954564535
高钾,CaO,Al2O3,06部位1,0.8032121426
高钾,CaO,Al2O3,06部位2,0.9394127644
高钾,CaO,Al2O3,07,0.9875699173
高钾,CaO,Al2O3,09,0.98903347
高钾,CaO,Al2O3,10,0.9884061941
高钾,CaO,Al2O3,12,0.9888510804
高钾,CaO,Al2O3,13,0.8960140814
高钾,CaO,Al2O3,14,0.9661701932
高钾,CaO,Al2O3,16,0.9064634218
高钾,CaO,Al2O3,18,0.9371911038
高钾,CaO,Al2O3,21,0.9999065727
高钾,CaO,Al2O3,22,0.9718775303
高钾,CaO,Al2O3,27,0.9727730464
高钾,CaO,Fe2O3,01,0.9595639407
高钾,CaO,Fe2O3,03部位1,0.9451044654
高钾,CaO,Fe2O3,03部位2,0.9952468452
高钾,CaO,Fe2O3,04,0.9620746555
高钾,CaO,Fe2O3,05,0.9991498961
高钾,CaO,Fe2O3,06部位1,0.8382402707
高钾,CaO,Fe2O3,06部位2,0.7511167633
高钾,CaO,Fe2O3,07,0.9830965345
高钾,CaO,Fe2O3,09,0.9921410318
高钾,CaO,Fe2O3,10,0.98529482
高钾,CaO,Fe2O3,12,0.9973976101
高钾,CaO,Fe2O3,13,0.9814800661
高钾,CaO,Fe2O3,14,0.8351041113
高钾,CaO,Fe2O3,16,0.8298267513
高钾,CaO,Fe2O3,18,1
高钾,CaO,Fe2O3,21,0.9476400286
高钾,CaO,Fe2O3,22,0.9806710187
高钾,CaO,Fe2O3,27,0.9891048735
高钾,CaO,CuO,01,0.9834273139
高钾,CaO,CuO,03部位1,0.9824360994
高钾,CaO,CuO,03部位2,0.9151287056
高钾,CaO,CuO,04,0.9145955437
高钾,CaO,CuO,05,0.9580009037
高钾,CaO,CuO,06部位1,0.8854404382
高钾,CaO,CuO,06部位2,0.9578868352
高钾,CaO,CuO,07,0.8802120154
高钾,CaO,CuO,09,0.9416369455
高钾,CaO,CuO,10,0.9641058738
高钾,CaO,CuO,12,0.9396329923
高钾,CaO,CuO,13,0.9924629161
高钾,CaO,CuO,14,0.8239946589
高钾,CaO,CuO,16,0.8447171879
高钾,CaO,CuO,18,1
高钾,CaO,CuO,21,0.9680873247
高钾,CaO,CuO,22,0.9807580844
高钾,CaO,CuO,27,0.9503736378
高钾,CaO,PbO,01,0.8455711668
高钾,CaO,PbO,03部位1,0.95865284
高钾,CaO,PbO,03部位2,0.7136630249
高钾,CaO,PbO,04,0.8293588975
高钾,CaO,PbO,05,0.8248122989
高钾,CaO,PbO,06部位1,0.925093633
高钾,CaO,PbO,06部位2,0.9855757201
高钾,CaO,PbO,07,0.9700070077
高钾,CaO,PbO,09,0.9823988644
高钾,CaO,PbO,10,0.9939681172
高钾,CaO,PbO,12,0.9796178344
高钾,CaO,PbO,13,0.7990994112
高钾,CaO,PbO,14,0.7051969637
高钾,CaO,PbO,16,0.8372065347
高钾,CaO,PbO,18,1
高钾,CaO,PbO,21,0.7881768425
高钾,CaO,PbO,22,0.9542258376
高钾,CaO,PbO,27,0.973554649
高钾,CaO,BaO,01,0.8455711668
高钾,CaO,BaO,03部位1,0.9451044654
高钾,CaO,BaO,03部位2,0.6146173025
高钾,CaO,BaO,04,0.8293588975
高钾,CaO,BaO,05,0.8248122989
高钾,CaO,BaO,06部位1,0.722334004
高钾,CaO,BaO,06部位2,0.8977795427
高钾,CaO,BaO,07,0.9700070077
高钾,CaO,BaO,09,0.9823988644
高钾,CaO,BaO,10,0.9939681172
高钾,CaO,BaO,12,0.9796178344
高钾,CaO,BaO,13,0.7990994112
高钾,CaO,BaO,14,0.8078673982
高钾,CaO,BaO,16,0.8071137026
高钾,CaO,BaO,18,1
高钾,CaO,BaO,21,0.7078949303
高钾,CaO,BaO,22,0.9542258376
高钾,CaO,BaO,27,0.973554649
高钾,CaO,P2O5,01,0.9467774588
高钾,CaO,P2O5,03部位1,0.986944002
高钾,CaO,P2O5,03部位2,0.9140819007
高钾,CaO,P2O5,04,0.892545271
高钾,CaO,P2O5,05,0.9002274888
高钾,CaO,P2O5,06部位1,0.6888723483
高钾,CaO,P2O5,06部位2,0.7519430924
高钾,CaO,P2O5,07,0.966192974
高钾,CaO,P2O5,09,0.9804874084
高钾,CaO,P2O5,10,0.9939681172
高钾,CaO,P2O5,12,0.9954222656
高钾,CaO,P2O5,13,0.897516509
高钾,CaO,P2O5,14,0.81931019
高钾,CaO,P2O5,16,0.8071137026
高钾,CaO,P2O5,18,0.8718794159
高钾,CaO,P2O5,21,0.9830397859
高钾,CaO,P2O5,22,0.975343788
高钾,CaO,P2O5,27,0.9884019059
高钾,CaO,SrO,01,0.8455711668
高钾,CaO,SrO,03部位1,0.9451044654
高钾,CaO,SrO,03部位2,0.8127627592
高钾,CaO,SrO,04,0.8293588975
高钾,CaO,SrO,05,0.9731385088
高钾,CaO,SrO,06部位1,0.6944444444
高钾,CaO,SrO,06部位2,0.7554786117
高钾,CaO,SrO,07,0.9700070077
高钾,CaO,SrO,09,0.9823988644
高钾,CaO,SrO,10,0.9939681172
高钾,CaO,SrO,12,0.9796178344
高钾,CaO,SrO,13,0.7990994112
高钾,CaO,SrO,14,0.8078673982
高钾,CaO,SrO,16,0.926798828
高钾,CaO,SrO,18,0.78125
高钾,CaO,SrO,21,0.8801983976
高钾,CaO,SrO,22,0.9542258376
高钾,CaO,SrO,27,0.973554649
高钾,CaO,SnO2,01,0.8455711668
高钾,CaO,SnO2,03部位1,0.9451044654
高钾,CaO,SnO2,03部位2,0.8549722051
高钾,CaO,SnO2,04,0.8293588975
高钾,CaO,SnO2,05,0.8248122989
高钾,CaO,SnO2,06部位1,1
高钾,CaO,SnO2,06部位2,0.8648006997
高钾,CaO,SnO2,07,0.9700070077
高钾,CaO,SnO2,09,0.9823988644
高钾,CaO,SnO2,10,0.9939681172
高钾,CaO,SnO2,12,0.9796178344
高钾,CaO,SnO2,13,0.7990994112
高钾,CaO,SnO2,14,0.8078673982
高钾,CaO,SnO2,16,0.8071137026
高钾,CaO,SnO2,18,0.3333333333
高钾,CaO,SnO2,21,0.8801983976
高钾,CaO,SnO2,22,0.9542258376
高钾,CaO,SnO2,27,0.973554649
高钾,CaO,SO2,01,0.6864776356
高钾,CaO,SO2,03部位1,0.9451044654
高钾,CaO,SO2,03部位2,0.8549722051
高钾,CaO,SO2,04,0.7223276353
高钾,CaO,SO2,05,0.6418094917
高钾,CaO,SO2,06部位1,1
高钾,CaO,SO2,06部位2,0.8648006997
高钾,CaO,SO2,07,0.9700070077
高钾,CaO,SO2,09,0.9823988644
高钾,CaO,SO2,10,0.9939681172
高钾,CaO,SO2,12,0.9796178344
高钾,CaO,SO2,13,0.7990994112
高钾,CaO,SO2,14,0.8078673982
高钾,CaO,SO2,16,0.8071137026
高钾,CaO,SO2,18,1
高钾,CaO,SO2,21,0.8801983976
高钾,CaO,SO2,22,0.9542258376
高钾,CaO,SO2,27,0.973554649
高钾,MgO,SiO2,01,0.9752457673
高钾,MgO,SiO2,03部位1,0.8760243164
高钾,MgO,SiO2,03部位2,0.9294838272
高钾,MgO,SiO2,04,0.8767967494
高钾,MgO,SiO2,05,0.8468553548
高钾,MgO,SiO2,06部位1,0.8303549326
高钾,MgO,SiO2,06部位2,0.8493524338
高钾,MgO,SiO2,07,0.8691174603
高钾,MgO,SiO2,09,0.8661923497
高钾,MgO,SiO2,10,0.8640629883
高钾,MgO,SiO2,12,0.8670837028
高钾,MgO,SiO2,13,0.912462854
高钾,MgO,SiO2,14,0.996808405
高钾,MgO,SiO2,16,0.9771100551
高钾,MgO,SiO2,18,0.8979274677
高钾,MgO,SiO2,21,0.9354633982
高钾,MgO,SiO2,22,0.9536980052
高钾,MgO,SiO2,27,0.9389455405
高钾,MgO,Na2O,01,0.8786610879
高钾,MgO,Na2O,03部位1,1
高钾,MgO,Na2O,03部位2,0.8502024291
高钾,MgO,Na2O,04,0.8015267176
高钾,MgO,Na2O,05,0.780669145
高钾,MgO,Na2O,06部位1,0.7608695652
高钾,MgO,Na2O,06部位2,0.7845579078
高钾,MgO,Na2O,07,1
高钾,MgO,Na2O,09,1
高钾,MgO,Na2O,10,1
高钾,MgO,Na2O,12,1
高钾,MgO,Na2O,13,0.5652485428
高钾,MgO,Na2O,14,0.5542580461
高钾,MgO,Na2O,16,0.6746689061
高钾,MgO,Na2O,18,0.8045977011
高钾,MgO,Na2O,21,0.8377659574
高钾,MgO,Na2O,22,0.9077809798
高钾,MgO,Na2O,27,0.9210526316
高钾,MgO,K2O,01,0.9466542419
高钾,MgO,K2O,03部位1,0.9082494739
高钾,MgO,K2O,03部位2,0.9393363472
高钾,MgO,K2O,04,0.9439301224
高钾,MgO,K2O,05,0.9364877385
高钾,MgO,K2O,06部位1,0.8540915093
高钾,MgO,K2O,06部位2,0.8887954323
高钾,MgO,K2O,07,1
高钾,MgO,K2O,09,0.9886465173
高钾,MgO,K2O,10,0.982407978
高钾,MgO,K2O,12,0.9807201991
高钾,MgO,K2O,13,0.8039321022
高钾,MgO,K2O,14,0.8816334829
高钾,MgO,K2O,16,0.8332776628
高钾,MgO,K2O,18,0.9438373428
高钾,MgO,K2O,21,0.8377659574
高钾,MgO,K2O,22,0.9198076631
高钾,MgO,K2O,27,0.9210526316
高钾,MgO,CaO,01,0.9374582762
高钾,MgO,CaO,03部位1,0.9388462232
高钾,MgO,CaO,03部位2,0.9861583243
高钾,MgO,CaO,04,0.98339592
高钾,MgO,CaO,05,0.9589895247
高钾,MgO,CaO,06部位1,0.7608695652
高钾,MgO,CaO,06部位2,0.9096832341
高钾,MgO,CaO,07,0.9664870559
高钾,MgO,CaO,09,0.9803036803
高钾,MgO,CaO,10,0.9932406251
高钾,MgO,CaO,12,0.9771992884
高钾,MgO,CaO,13,0.7800695585
高钾,MgO,CaO,14,0.8606266887
高钾,MgO,CaO,16,0.8435526474
高钾,MgO,CaO,18,0.8045977011
高钾,MgO,CaO,21,0.9606000702
高钾,MgO,CaO,22,0.9543874994
高钾,MgO,CaO,27,0.9476408248
高钾,MgO,Al2O3,01,0.960379847
高钾,MgO,Al2O3,03部位1,0.9090545912
高钾,MgO,Al2O3,03部位2,0.9609259058
高钾,MgO,Al2O3,04,0.9183338138
高钾,MgO,Al2O3,05,0.9122904484
高钾,MgO,Al2O3,06部位1,0.9619690516
高钾,MgO,Al2O3,06部位2,0.9737501828
高钾,MgO,Al2O3,07,0.9534798107
高钾,MgO,Al2O3,09,0.9684980482
高钾,MgO,Al2O3,10,0.9804310795
高钾,MgO,Al2O3,12,0.9652729592
高钾,MgO,Al2O3,13,0.8682132092
高钾,MgO,Al2O3,14,0.890727426
高钾,MgO,Al2O3,16,0.934803128
高钾,MgO,Al2O3,18,0.8563836293
高钾,MgO,Al2O3,21,0.9605033922
高钾,MgO,Al2O3,22,0.9848893158
高钾,MgO,Al2O3,27,0.9766917812
高钾,MgO,Fe2O3,01,0.9809142527
高钾,MgO,Fe2O3,03部位1,1
高钾,MgO,Fe2O3,03部位2,0.9809771488
高钾,MgO,Fe2O3,04,0.9424257358
高钾,MgO,Fe2O3,05,0.9581128399
高钾,MgO,Fe2O3,06部位1,0.9108483355
高钾,MgO,Fe2O3,06部位2,0.785976516
高钾,MgO,Fe2O3,07,0.9848403092
高钾,MgO,Fe2O3,09,0.9718407748
高钾,MgO,Fe2O3,10,0.9769991886
高钾,MgO,Fe2O3,12,0.9744131548
高钾,MgO,Fe2O3,13,0.7931621273
高钾,MgO,Fe2O3,14,0.9438519072
高钾,MgO,Fe2O3,16,0.9573868935
高钾,MgO,Fe2O3,18,0.8045977011
高钾,MgO,Fe2O3,21,0.9794833909
高钾,MgO,Fe2O3,22,0.9346705135
高钾,MgO,Fe2O3,27,0.9366761744
高钾,MgO,CuO,01,0.921139056
高钾,MgO,CuO,03部位1,0.9568568872
高钾,MgO,CuO,03部位2,0.8944223742
高钾,MgO,CuO,04,0.8915811888
高钾,MgO,CuO,05,0.9158112314
高钾,MgO,CuO,06部位1,0.855290298
高钾,MgO,CuO,06部位2,0.8706349823
高钾,MgO,CuO,07,0.8422541151
高钾,MgO,CuO,09,0.9177691047
高钾,MgO,CuO,10,0.953691869
高钾,MgO,CuO,12,0.9129258332
高钾,MgO,CuO,13,0.7852865747
高钾,MgO,CuO,14,0.9279939136
高钾,MgO,CuO,16,0.9797316119
高钾,MgO,CuO,18,0.8045977011
高钾,MgO,CuO,21,0.9959678865
高钾,MgO,CuO,22,0.934759207
高钾,MgO,CuO,27,0.996704563
高钾,MgO,PbO,01,0.8786610879
高钾,MgO,PbO,03部位1,0.8980651863
高钾,MgO,PbO,03部位2,0.6830707236
高钾,MgO,PbO,04,0.8015267176
高钾,MgO,PbO,05,0.780669145
高钾,MgO,PbO,06部位1,0.8173395103
高钾,MgO,PbO,06部位2,0.8963012669
高钾,MgO,PbO,07,1
高钾,MgO,PbO,09,1
高钾,MgO,PbO,10,1
高钾,MgO,PbO,12,1
高钾,MgO,PbO,13,1
高钾,MgO,PbO,14,0.6132147966
高钾,MgO,PbO,16,0.9684315342
高钾,MgO,PbO,18,0.8045977011
高钾,MgO,PbO,21,0.7934185167
高钾,MgO,PbO,22,0.9077809798
高钾,MgO,PbO,27,0.9210526316
高钾,MgO,BaO,01,0.8786610879
高钾,MgO,BaO,03部位1,1
高钾,MgO,BaO,03部位2,0.5823420362
高钾,MgO,BaO,04,0.8015267176
高钾,MgO,BaO,05,0.780669145
高钾,MgO,BaO,06部位1,0.8954213433
高钾,MgO,BaO,06部位2,0.9723831491
高钾,MgO,BaO,07,1
高钾,MgO,BaO,09,1
高钾,MgO,BaO,10,1
高钾,MgO,BaO,12,1
高钾,MgO,BaO,13,1
高钾,MgO,BaO,14,0.9051724138
高钾,MgO,BaO,16,0.9237536657
高钾,MgO,BaO,18,0.8045977011
高钾,MgO,BaO,21,0.7033688122
高钾,MgO,BaO,22,0.9077809798
高钾,MgO,BaO,27,0.9210526316
高钾,MgO,P2O5,01,0.9963397567
高钾,MgO,P2O5,03部位1,0.925949747
高钾,MgO,P2O5,03部位2,0.9162783133
高钾,MgO,P2O5,04,0.8681348869
高钾,MgO,P2O5,05,0.8568594385
高钾,MgO,P2O5,06部位1,0.8387819309
高钾,MgO,P2O5,06部位2,0.7869913893
高钾,MgO,P2O5,07,0.9311735072
高钾,MgO,P2O5,09,0.9593158849
高钾,MgO,P2O5,10,1
高钾,MgO,P2O5,12,0.9821489483
高钾,MgO,P2O5,13,0.8666367911
高钾,MgO,P2O5,14,0.9213408044
高钾,MgO,P2O5,16,0.9237536657
高钾,MgO,P2O5,18,0.9275870709
高钾,MgO,P2O5,21,0.9430725858
高钾,MgO,P2O5,22,0.9292457453
高钾,MgO,P2O5,27,0.9596071809
高钾,MgO,SrO,01,0.8786610879
高钾,MgO,SrO,03部位1,1
高钾,MgO,SrO,03部位2,0.7859281437
高钾,MgO,SrO,04,0.8015267176
高钾,MgO,SrO,05,0.9883283133
高钾,MgO,SrO,06部位1,0.8480736613
高钾,MgO,SrO,06部位2,0.7913379892
高钾,MgO,SrO,07,1
高钾,MgO,SrO,09,1
高钾,MgO,SrO,10,1
高钾,MgO,SrO,12,1
高钾,MgO,SrO,13,1
高钾,MgO,SrO,14,0.9051724138
高钾,MgO,SrO,16,0.9116693679
高钾,MgO,SrO,18,0.9335822886
高钾,MgO,SrO,21,0.8377659574
高钾,MgO,SrO,22,0.9077809798
高钾,MgO,SrO,27,0.9210526316
高钾,MgO,SnO2,01,0.8786610879
高钾,MgO,SnO2,03部位1,1
高钾,MgO,SnO2,03部位2,0.8502024291
高钾,MgO,SnO2,04,0.8015267176
高钾,MgO,SnO2,05,0.780669145
高钾,MgO,SnO2,06部位1,0.7608695652
高钾,MgO,SnO2,06部位2,0.7845579078
高钾,MgO,SnO2,07,1
高钾,MgO,SnO2,09,1
高钾,MgO,SnO2,10,1
高钾,MgO,SnO2,12,1
高钾,MgO,SnO2,13,1
高钾,MgO,SnO2,14,0.9051724138
高钾,MgO,SnO2,16,0.9237536657
高钾,MgO,SnO2,18,0.3333333333
高钾,MgO,SnO2,21,0.8377659574
高钾,MgO,SnO2,22,0.9077809798
高钾,MgO,SnO2,27,0.9210526316
高钾,MgO,SO2,01,0.6333588786
高钾,MgO,SO2,03部位1,1
高钾,MgO,SO2,03部位2,0.8502024291
高钾,MgO,SO2,04,0.7071097372
高钾,MgO,SO2,05,0.6316723785
高钾,MgO,SO2,06部位1,0.7608695652
高钾,MgO,SO2,06部位2,0.7845579078
高钾,MgO,SO2,07,1
高钾,MgO,SO2,09,1
高钾,MgO,SO2,10,1
高钾,MgO,SO2,12,1
高钾,MgO,SO2,13,1
高钾,MgO,SO2,14,0.9051724138
高钾,MgO,SO2,16,0.9237536657
高钾,MgO,SO2,18,0.8045977011
高钾,MgO,SO2,21,0.8377659574
高钾,MgO,SO2,22,0.9077809798
高钾,MgO,SO2,27,0.9210526316
高钾,Al2O3,SiO2,01,0.9856624489
高钾,Al2O3,SiO2,03部位1,0.9632355015
高钾,Al2O3,SiO2,03部位2,0.968635811
高钾,Al2O3,SiO2,04,0.9546590918
高钾,Al2O3,SiO2,05,0.9276090365
高钾,Al2O3,SiO2,06部位1,0.868122424
高钾,Al2O3,SiO2,06部位2,0.8782223707
高钾,Al2O3,SiO2,07,0.9142263605
高钾,Al2O3,SiO2,09,0.8989497326
高钾,Al2O3,SiO2,10,0.8876046748
高钾,Al2O3,SiO2,12,0.902419742
高钾,Al2O3,SiO2,13,0.9510830026
高钾,Al2O3,SiO2,14,0.8960305895
高钾,Al2O3,SiO2,16,0.9591096208
高钾,Al2O3,SiO2,18,0.9526130204
高钾,Al2O3,SiO2,21,0.9750266022
高钾,Al2O3,SiO2,22,0.944423364
高钾,Al2O3,SiO2,27,0.9242933539
高钾,Al2O3,Na2O,01,0.918068502
高钾,Al2O3,Na2O,03部位1,0.9155843954
高钾,Al2O3,Na2O,03部位2,0.8889411392
高钾,Al2O3,Na2O,04,0.8723699014
高钾,Al2O3,Na2O,05,0.8544090954
高钾,Al2O3,Na2O,06部位1,0.797846237
高钾,Al2O3,Na2O,06部位2,0.8140881332
高钾,Al2O3,Na2O,07,0.9570162575
高钾,Al2O3,Na2O,09,0.9709580019
高钾,Al2O3,Na2O,10,0.9820125522
高钾,Al2O3,Na2O,12,0.9679668231
高钾,Al2O3,Na2O,13,0.6371736244
高钾,Al2O3,Na2O,14,0.6140045586
高钾,Al2O3,Na2O,16,0.7244164738
高钾,Al2O3,Na2O,18,0.9352450787
高钾,Al2O3,Na2O,21,0.8767165376
高钾,Al2O3,Na2O,22,0.9263820633
高钾,Al2O3,Na2O,27,0.9461071572
高钾,Al2O3,K2O,01,0.917473276
高钾,Al2O3,K2O,03部位1,0.9991977037
高钾,Al2O3,K2O,03部位2,0.9115801593
高钾,Al2O3,K2O,04,0.9735728601
高钾,Al2O3,K2O,05,0.9746283056
高钾,Al2O3,K2O,06部位1,0.8920335887
高钾,Al2O3,K2O,06部位2,0.9170430407
高钾,Al2O3,K2O,07,0.9570162575
高钾,Al2O3,K2O,09,0.9810497917
高钾,Al2O3,K2O,10,0.9982063944
高钾,Al2O3,K2O,12,0.9852633482
高钾,Al2O3,K2O,13,0.9217731441
高钾,Al2O3,K2O,14,0.9895242076
高钾,Al2O3,K2O,16,0.8927418418
高钾,Al2O3,K2O,18,0.9093226922
高钾,Al2O3,K2O,21,0.8767165376
高钾,Al2O3,K2O,22,0.9379276467
高钾,Al2O3,K2O,27,0.9461071572
高钾,Al2O3,CaO,01,0.9094963232
高钾,Al2O3,CaO,03部位1,0.9688922655
高钾,Al2O3,CaO,03部位2,0.9520493909
高钾,Al2O3,CaO,04,0.9377629838
高钾,Al2O3,CaO,05,0.953155323
高钾,Al2O3,CaO,06部位1,0.797846237
高钾,Al2O3,CaO,06部位2,0.9375341847
高钾,Al2O3,CaO,07,0.9872399281
高钾,Al2O3,CaO,09,0.9887531421
高钾,Al2O3,CaO,10,0.9881045627
高钾,Al2O3,CaO,12,0.9885645552
高钾,Al2O3,CaO,13,0.89288161
高钾,Al2O3,CaO,14,0.9651315856
高钾,Al2O3,CaO,16,0.9036206146
高钾,Al2O3,CaO,18,0.9352450787
高钾,Al2O3,CaO,21,1
高钾,Al2O3,CaO,22,0.9710247073
高钾,Al2O3,CaO,27,0.9719495857
高钾,Al2O3,MgO,01,0.963425741
高钾,Al2O3,MgO,03部位1,0.9155843954
高钾,Al2O3,MgO,03部位2,0.9639326851
高钾,Al2O3,MgO,04,0.9242620668
高钾,Al2O3,MgO,05,0.9186119037
高钾,Al2O3,MgO,06部位1,0.96490099
高钾,Al2O3,MgO,06部位2,0.9758260069
高钾,Al2O3,MgO,07,0.9570162575
高钾,Al2O3,MgO,09,0.9709580019
高钾,Al2O3,MgO,10,0.9820125522
高钾,Al2O3,MgO,12,0.9679668231
高钾,Al2O3,MgO,13,0.8772410465
高钾,Al2O3,MgO,14,0.8984084227
高钾,Al2O3,MgO,16,0.9396328769
高钾,Al2O3,MgO,18,0.8660892507
高钾,Al2O3,MgO,21,0.9635404403
高钾,Al2O3,MgO,22,0.9861373406
高钾,Al2O3,MgO,27,0.9785507318
高钾,Al2O3,Fe2O3,01,0.9470478888
高钾,Al2O3,Fe2O3,03部位1,0.9155843954
高钾,Al2O3,Fe2O3,03部位2,0.947591882
高钾,Al2O3,Fe2O3,04,0.9750538708
高钾,Al2O3,Fe2O3,05,0.953955698
高钾,Al2O3,Fe2O3,06部位1,0.9490118386
高钾,Al2O3,Fe2O3,06部位2,0.7837083218
高钾,Al2O3,Fe2O3,07,0.9702016939
高钾,Al2O3,Fe2O3,09,0.9968303546
高钾,Al2O3,Fe2O3,10,0.996801629
高钾,Al2O3,Fe2O3,12,0.991209611
高钾,Al2O3,Fe2O3,13,0.9087211557
高钾,Al2O3,Fe2O3,14,0.8561935432
高钾,Al2O3,Fe2O3,16,0.9047253315
高钾,Al2O3,Fe2O3,18,0.9352450787
高钾,Al2O3,Fe2O3,21,0.9459277754
高钾,Al2O3,Fe2O3,22,0.9521712405
高钾,Al2O3,Fe2O3,27,0.9613019361
高钾,Al2O3,CuO,01,0.8952998536
高钾,Al2O3,CuO,03部位1,0.95183482
高钾,Al2O3,CuO,03部位2,0.8723610729
高钾,Al2O3,CuO,04,0.9708296503
高钾,Al2O3,CuO,05,0.9962233189
高钾,Al2O3,CuO,06部位1,0.8932399091
高钾,Al2O3,CuO,06部位2,0.8991897456
高钾,Al2O3,CuO,07,0.8867792656
高钾,Al2O3,CuO,09,0.9500691007
高钾,Al2O3,CuO,10,0.9743876381
高钾,Al2O3,CuO,12,0.94813218
高钾,Al2O3,CuO,13,0.8991896509
高钾,Al2O3,CuO,14,0.8441219379
高钾,Al2O3,CuO,16,0.9230790717
高钾,Al2O3,CuO,18,0.9352450787
高钾,Al2O3,CuO,21,0.9670204596
高钾,Al2O3,CuO,22,0.9522561567
高钾,Al2O3,CuO,27,0.9756386234
高钾,Al2O3,PbO,01,0.918068502
高钾,Al2O3,PbO,03部位1,0.9878282617
高钾,Al2O3,PbO,03部位2,0.6823806201
高钾,Al2O3,PbO,04,0.8723699014
高钾,Al2O3,PbO,05,0.8544090954
高钾,Al2O3,PbO,06部位1,0.8549906625
高钾,Al2O3,PbO,06部位2,0.924411674
高钾,Al2O3,PbO,07,0.9570162575
高钾,Al2O3,PbO,09,0.9709580019
高钾,Al2O3,PbO,10,0.9820125522
高钾,Al2O3,PbO,12,0.9679668231
高钾,Al2O3,PbO,13,0.8772410465
高钾,Al2O3,PbO,14,0.680909558
高钾,Al2O3,PbO,16,0.9138110016
高钾,Al2O3,PbO,18,0.9352450787
高钾,Al2O3,PbO,21,0.7824470487
高钾,Al2O3,PbO,22,0.9263820633
高钾,Al2O3,PbO,27,0.9461071572
高钾,Al2O3,BaO,01,0.918068502
高钾,Al2O3,BaO,03部位1,0.9155843954
高钾,Al2O3,BaO,03部位2,0.5885568083
高钾,Al2O3,BaO,04,0.8723699014
高钾,Al2O3,BaO,05,0.8544090954
高钾,Al2O3,BaO,06部位1,0.8740322577
高钾,Al2O3,BaO,06部位2,0.9514980487
高钾,Al2O3,BaO,07,0.9570162575
高钾,Al2O3,BaO,09,0.9709580019
高钾,Al2O3,BaO,10,0.9820125522
高钾,Al2O3,BaO,12,0.9679668231
高钾,Al2O3,BaO,13,0.8772410465
高钾,Al2O3,BaO,14,0.8266325712
高钾,Al2O3,BaO,16,0.8768913042
高钾,Al2O3,BaO,18,0.9352450787
高钾,Al2O3,BaO,21,0.7008178383
高钾,Al2O3,BaO,22,0.9263820633
高钾,Al2O3,BaO,27,0.9461071572
高钾,Al2O3,P2O5,01,0.9602902044
高钾,Al2O3,P2O5,03部位1,0.9819127214
高钾,Al2O3,P2O5,03部位2,0.9553978986
高钾,Al2O3,P2O5,04,0.9451862671
高钾,Al2O3,P2O5,05,0.9386837217
高钾,Al2O3,P2O5,06部位1,0.8239309406
高钾,Al2O3,P2O5,06部位2,0.7846390981
高钾,Al2O3,P2O5,07,0.9774394881
高钾,Al2O3,P2O5,09,0.9910598659
高钾,Al2O3,P2O5,10,0.9820125522
高钾,Al2O3,P2O5,12,0.9839367432
高钾,Al2O3,P2O5,13,0.9981671888
高钾,Al2O3,P2O5,14,0.8390375993
高钾,Al2O3,P2O5,16,0.8768913042
高钾,Al2O3,P2O5,18,0.9237056786
高钾,Al2O3,P2O5,21,0.9826503849
高钾,Al2O3,P2O5,22,0.9469756541
高钾,Al2O3,P2O5,27,0.9835548662
高钾,Al2O3,SrO,01,0.918068502
高钾,Al2O3,SrO,03部位1,0.9155843954
高钾,Al2O3,SrO,03部位2,0.775975097
高钾,Al2O3,SrO,04,0.8723699014
高钾,Al2O3,SrO,05,0.9278984352
高钾,Al2O3,SrO,06部位1,0.8321935602
高钾,Al2O3,SrO,06部位2,0.7886233417
高钾,Al2O3,SrO,07,0.9570162575
高钾,Al2O3,SrO,09,0.9709580019
高钾,Al2O3,SrO,10,0.9820125522
高钾,Al2O3,SrO,12,0.9679668231
高钾,Al2O3,SrO,13,0.8772410465
高钾,Al2O3,SrO,14,0.8266325712
高钾,Al2O3,SrO,16,0.9756613334
高钾,Al2O3,SrO,18,0.819505499
高钾,Al2O3,SrO,21,0.8767165376
高钾,Al2O3,SrO,22,0.9263820633
高钾,Al2O3,SrO,27,0.9461071572
高钾,Al2O3,SnO2,01,0.918068502
高钾,Al2O3,SnO2,03部位1,0.9155843954
高钾,Al2O3,SnO2,03部位2,0.8889411392
高钾,Al2O3,SnO2,04,0.8723699014
高钾,Al2O3,SnO2,05,0.8544090954
高钾,Al2O3,SnO2,06部位1,0.797846237
高钾,Al2O3,SnO2,06部位2,0.8140881332
高钾,Al2O3,SnO2,07,0.9570162575
高钾,Al2O3,SnO2,09,0.9709580019
高钾,Al2O3,SnO2,10,0.9820125522
高钾,Al2O3,SnO2,12,0.9679668231
高钾,Al2O3,SnO2,13,0.8772410465
高钾,Al2O3,SnO2,14,0.8266325712
高钾,Al2O3,SnO2,16,0.8768913042
高钾,Al2O3,SnO2,18,0.3333655585
高钾,Al2O3,SnO2,21,0.8767165376
高钾,Al2O3,SnO2,22,0.9263820633
高钾,Al2O3,SnO2,27,0.9461071572
高钾,Al2O3,SO2,01,0.6361281502
高钾,Al2O3,SO2,03部位1,0.9155843954
高钾,Al2O3,SO2,03部位2,0.8889411392
高钾,Al2O3,SO2,04,0.6830272804
高钾,Al2O3,SO2,05,0.6148036601
高钾,Al2O3,SO2,06部位1,0.797846237
高钾,Al2O3,SO2,06部位2,0.8140881332
高钾,Al2O3,SO2,07,0.9570162575
高钾,Al2O3,SO2,09,0.9709580019
高钾,Al2O3,SO2,10,0.9820125522
高钾,Al2O3,SO2,12,0.9679668231
高钾,Al2O3,SO2,13,0.8772410465
高钾,Al2O3,SO2,14,0.8266325712
高钾,Al2O3,SO2,16,0.8768913042
高钾,Al2O3,SO2,18,0.9352450787
高钾,Al2O3,SO2,21,0.8767165376
高钾,Al2O3,SO2,22,0.9263820633
高钾,Al2O3,SO2,27,0.9461071572
高钾,Fe2O3,SiO2,01,0.9615528762
高钾,Fe2O3,SiO2,03部位1,0.8879441845
高钾,Fe2O3,SiO2,03部位2,0.9217072718
高钾,Fe2O3,SiO2,04,0.9338606265
高钾,Fe2O3,SiO2,05,0.8910485328
高钾,Fe2O3,SiO2,06部位1,0.9133231175
高钾,Fe2O3,SiO2,06部位2,0.7137861671
高钾,Fe2O3,SiO2,07,0.892410944
高钾,Fe2O3,SiO2,09,0.899350644
高钾,Fe2O3,SiO2,10,0.8934195826
高钾,Fe2O3,SiO2,12,0.8982487497
高钾,Fe2O3,SiO2,13,0.8718455052
高钾,Fe2O3,SiO2,14,0.9522070873
高钾,Fe2O3,SiO2,16,0.9428804428
高钾,Fe2O3,SiO2,18,0.8967052538
高钾,Fe2O3,SiO2,21,0.9257570137
高钾,Fe2O3,SiO2,22,0.9044695926
高钾,Fe2O3,SiO2,27,0.8942398771
高钾,Fe2O3,Na2O,01,0.8768141593
高钾,Fe2O3,Na2O,03部位1,1
高钾,Fe2O3,Na2O,03部位2,0.8514953592
高钾,Fe2O3,Na2O,04,0.8573901004
高钾,Fe2O3,Na2O,05,0.8253915362
高钾,Fe2O3,Na2O,06部位1,0.8382402707
高钾,Fe2O3,Na2O,06部位2,0.6721845319
高钾,Fe2O3,Na2O,07,0.9864595779
高钾,Fe2O3,Na2O,09,0.9748130657
高钾,Fe2O3,Na2O,10,0.9794385132
高钾,Fe2O3,Na2O,12,0.9771203156
高钾,Fe2O3,Na2O,13,0.6880835153
高钾,Fe2O3,Na2O,14,0.5649142573
高钾,Fe2O3,Na2O,16,0.6804178516
高钾,Fe2O3,Na2O,18,1
高钾,Fe2O3,Na2O,21,0.8393764825
高钾,Fe2O3,Na2O,22,0.9725166863
高钾,Fe2O3,Na2O,27,0.9841080652
高钾,Fe2O3,K2O,01,0.9681481069
高钾,Fe2O3,K2O,03部位1,0.9173632673
高钾,Fe2O3,K2O,03部位2,0.9612643985
高钾,Fe2O3,K2O,04,0.9984942723
高钾,Fe2O3,K2O,05,0.978960617
高钾,Fe2O3,K2O,06部位1,0.9389166228
高钾,Fe2O3,K2O,06部位2,0.7383408063
高钾,Fe2O3,K2O,07,0.9864595779
高钾,Fe2O3,K2O,09,0.984642222
高钾,Fe2O3,K2O,10,0.9950000521
高钾,Fe2O3,K2O,12,0.9941491689
高钾,Fe2O3,K2O,13,0.9851622013
高钾,Fe2O3,K2O,14,0.8526839129
高钾,Fe2O3,K2O,16,0.8209468103
高钾,Fe2O3,K2O,18,0.8594763929
高钾,Fe2O3,K2O,21,0.8393764825
高钾,Fe2O3,K2O,22,0.984817934
高钾,Fe2O3,K2O,27,0.9841080652
高钾,Fe2O3,CaO,01,0.9595639407
高钾,Fe2O3,CaO,03部位1,0.9451044654
高钾,Fe2O3,CaO,03部位2,0.9952468452
高钾,Fe2O3,CaO,04,0.9620746555
高钾,Fe2O3,CaO,05,0.9991498961
高钾,Fe2O3,CaO,06部位1,0.8382402707
高钾,Fe2O3,CaO,06部位2,0.7511167633
高钾,Fe2O3,CaO,07,0.9830965345
高钾,Fe2O3,CaO,09,0.9921410318
高钾,Fe2O3,CaO,10,0.98529482
高钾,Fe2O3,CaO,12,0.9973976101
高钾,Fe2O3,CaO,13,0.9814800661
高钾,Fe2O3,CaO,14,0.8351041113
高钾,Fe2O3,CaO,16,0.8298267513
高钾,Fe2O3,CaO,18,1
高钾,Fe2O3,CaO,21,0.9476400286
高钾,Fe2O3,CaO,22,0.9806710187
高钾,Fe2O3,CaO,27,0.9891048735
高钾,Fe2O3,MgO,01,0.9829456176
高钾,Fe2O3,MgO,03部位1,1
高钾,Fe2O3,MgO,03部位2,0.9830019354
高钾,Fe2O3,MgO,04,0.9483378217
高钾,Fe2O3,MgO,05,0.9624782102
高钾,Fe2O3,MgO,06部位1,0.9197267939
高钾,Fe2O3,MgO,06部位2,0.804623272
高钾,Fe2O3,MgO,07,0.9864595779
高钾,Fe2O3,MgO,09,0.9748130657
高钾,Fe2O3,MgO,10,0.9794385132
高钾,Fe2O3,MgO,12,0.9771203156
高钾,Fe2O3,MgO,13,0.811333115
高钾,Fe2O3,MgO,14,0.9496253729
高钾,Fe2O3,MgO,16,0.9618249056
高钾,Fe2O3,MgO,18,0.8219895288
高钾,Fe2O3,MgO,21,0.9816642008
高钾,Fe2O3,MgO,22,0.9413293772
高钾,Fe2O3,MgO,27,0.9431430422
高钾,Fe2O3,Al2O3,01,0.9486425023
高钾,Fe2O3,Al2O3,03部位1,0.9180956224
高钾,Fe2O3,Al2O3,03部位2,0.9491700802
高钾,Fe2O3,Al2O3,04,0.9757783733
高钾,Fe2O3,Al2O3,05,0.9553404333
高钾,Fe2O3,Al2O3,06部位1,0.9505470979
高钾,Fe2O3,Al2O3,06部位2,0.7893556146
高钾,Fe2O3,Al2O3,07,0.9710805985
高钾,Fe2O3,Al2O3,09,0.9968430902
高钾,Fe2O3,Al2O3,10,0.9968153238
高钾,Fe2O3,Al2O3,12,0.9914090053
高钾,Fe2O3,Al2O3,13,0.9114237437
高钾,Fe2O3,Al2O3,14,0.860258602
高钾,Fe2O3,Al2O3,16,0.9075379132
高钾,Fe2O3,Al2O3,18,0.9371911038
高钾,Fe2O3,Al2O3,21,0.9475561284
高钾,Fe2O3,Al2O3,22,0.95361049
高钾,Fe2O3,Al2O3,27,0.9624600662
高钾,Fe2O3,CuO,01,0.9442941925
高钾,Fe2O3,CuO,03部位1,0.9613478692
高钾,Fe2O3,CuO,03部位2,0.919145853
高钾,Fe2O3,CuO,04,0.9488034176
高钾,Fe2O3,CuO,05,0.9587824007
高钾,Fe2O3,CuO,06部位1,0.9402084495
高钾,Fe2O3,CuO,06部位2,0.7271058452
高钾,Fe2O3,CuO,07,0.8670890918
高钾,Fe2O3,CuO,09,0.9487133168
高钾,Fe2O3,CuO,10,0.9781808618
高钾,Fe2O3,CuO,12,0.9419423255
高钾,Fe2O3,CuO,13,0.988850639
高钾,Fe2O3,CuO,14,0.9841118944
高钾,Fe2O3,CuO,16,0.9791992149
高钾,Fe2O3,CuO,18,1
高钾,Fe2O3,CuO,21,0.978197588
高钾,Fe2O3,CuO,22,0.9999094847
高钾,Fe2O3,CuO,27,0.9405277264
高钾,Fe2O3,PbO,01,0.8768141593
高钾,Fe2O3,PbO,03部位1,0.9080882353
高钾,Fe2O3,PbO,03部位2,0.7161037581
高钾,Fe2O3,PbO,04,0.8573901004
高钾,Fe2O3,PbO,05,0.8253915362
高钾,Fe2O3,PbO,06部位1,0.8992775724
高钾,Fe2O3,PbO,06部位2,0.7429496053
高钾,Fe2O3,PbO,07,0.9864595779
高钾,Fe2O3,PbO,09,0.9748130657
高钾,Fe2O3,PbO,10,0.9794385132
高钾,Fe2O3,PbO,12,0.9771203156
高钾,Fe2O3,PbO,13,0.811333115
高钾,Fe2O3,PbO,14,0.6190037768
高钾,Fe2O3,PbO,16,0.9894892272
高钾,Fe2O3,PbO,18,1
高钾,Fe2O3,PbO,21,0.8240641344
高钾,Fe2O3,PbO,22,0.9725166863
高钾,Fe2O3,PbO,27,0.9841080652
高钾,Fe2O3,BaO,01,0.8768141593
高钾,Fe2O3,BaO,03部位1,1
高钾,Fe2O3,BaO,03部位2,0.6164267141
高钾,Fe2O3,BaO,04,0.8573901004
高钾,Fe2O3,BaO,05,0.8253915362
高钾,Fe2O3,BaO,06部位1,0.8393305313
高钾,Fe2O3,BaO,06部位2,0.8213608142
高钾,Fe2O3,BaO,07,0.9864595779
高钾,Fe2O3,BaO,09,0.9748130657
高钾,Fe2O3,BaO,10,0.9794385132
高钾,Fe2O3,BaO,12,0.9771203156
高钾,Fe2O3,BaO,13,0.811333115
高钾,Fe2O3,BaO,14,0.9611951882
高钾,Fe2O3,BaO,16,0.9672003124
高钾,Fe2O3,BaO,18,1
高钾,Fe2O3,BaO,21,0.7367101171
高钾,Fe2O3,BaO,22,0.9725166863
高钾,Fe2O3,BaO,27,0.9841080652
高钾,Fe2O3,P2O5,01,0.9861209599
高钾,Fe2O3,P2O5,03部位1,0.9334341906
高钾,Fe2O3,P2O5,03部位2,0.9101087999
高钾,Fe2O3,P2O5,04,0.9250942209
高钾,Fe2O3,P2O5,05,0.9009175357
高钾,Fe2O3,P2O5,06部位1,0.7944879162
高钾,Fe2O3,P2O5,06部位2,0.9985390825
高钾,Fe2O3,P2O5,07,0.9504040784
高钾,Fe2O3,P2O5,09,0.988162125
高钾,Fe2O3,P2O5,10,0.9794385132
高钾,Fe2O3,P2O5,12,0.9928436165
高钾,Fe2O3,P2O5,13,0.9129783381
高钾,Fe2O3,P2O5,14,0.9774373593
高钾,Fe2O3,P2O5,16,0.9672003124
高钾,Fe2O3,P2O5,18,0.8718794159
高钾,Fe2O3,P2O5,21,0.9323958522
高钾,Fe2O3,P2O5,22,0.9944612938
高钾,Fe2O3,P2O5,27,0.977756694
高钾,Fe2O3,SrO,01,0.8768141593
高钾,Fe2O3,SrO,03部位1,1
高钾,Fe2O3,SrO,03部位2,0.8159299032
高钾,Fe2O3,SrO,04,0.8573901004
高钾,Fe2O3,SrO,05,0.9723334432
高钾,Fe2O3,SrO,06部位1,0.8019087825
高钾,Fe2O3,SrO,06部位2,0.9923719171
高钾,Fe2O3,SrO,07,0.9864595779
高钾,Fe2O3,SrO,09,0.9748130657
高钾,Fe2O3,SrO,10,0.9794385132
高钾,Fe2O3,SrO,12,0.9771203156
高钾,Fe2O3,SrO,13,0.811333115
高钾,Fe2O3,SrO,14,0.9611951882
高钾,Fe2O3,SrO,16,0.8880300575
高钾,Fe2O3,SrO,18,0.78125
高钾,Fe2O3,SrO,21,0.8393764825
高钾,Fe2O3,SrO,22,0.9725166863
高钾,Fe2O3,SrO,27,0.9841080652
高钾,Fe2O3,SnO2,01,0.8768141593
高钾,Fe2O3,SnO2,03部位1,1
高钾,Fe2O3,SnO2,03部位2,0.8514953592
高钾,Fe2O3,SnO2,04,0.8573901004
高钾,Fe2O3,SnO2,05,0.8253915362
高钾,Fe2O3,SnO2,06部位1,0.8382402707
高钾,Fe2O3,SnO2,06部位2,0.6721845319
高钾,Fe2O3,SnO2,07,0.9864595779
高钾,Fe2O3,SnO2,09,0.9748130657
高钾,Fe2O3,SnO2,10,0.9794385132
高钾,Fe2O3,SnO2,12,0.9771203156
高钾,Fe2O3,SnO2,13,0.811333115
高钾,Fe2O3,SnO2,14,0.9611951882
高钾,Fe2O3,SnO2,16,0.9672003124
高钾,Fe2O3,SnO2,18,0.3333333333
高钾,Fe2O3,SnO2,21,0.8393764825
高钾,Fe2O3,SnO2,22,0.9725166863
高钾,Fe2O3,SnO2,27,0.9841080652
高钾,Fe2O3,SO2,01,0.6671773994
高钾,Fe2O3,SO2,03部位1,1
高钾,Fe2O3,SO2,03部位2,0.8514953592
高钾,Fe2O3,SO2,04,0.7023292135
高钾,Fe2O3,SO2,05,0.6414592107
高钾,Fe2O3,SO2,06部位1,0.8382402707
高钾,Fe2O3,SO2,06部位2,0.6721845319
高钾,Fe2O3,SO2,07,0.9864595779
高钾,Fe2O3,SO2,09,0.9748130657
高钾,Fe2O3,SO2,10,0.9794385132
高钾,Fe2O3,SO2,12,0.9771203156
高钾,Fe2O3,SO2,13,0.811333115
高钾,Fe2O3,SO2,14,0.9611951882
高钾,Fe2O3,SO2,16,0.9672003124
高钾,Fe2O3,SO2,18,1
高钾,Fe2O3,SO2,21,0.8393764825
高钾,Fe2O3,SO2,22,0.9725166863
高钾,Fe2O3,SO2,27,0.9841080652
高钾,CuO,SiO2,01,0.9099376358
高钾,CuO,SiO2,03部位1,0.9208181748
高钾,CuO,SiO2,03部位2,0.8525804999
高钾,CuO,SiO2,04,0.9834151964
高钾,CuO,SiO2,05,0.9265403585
高钾,CuO,SiO2,06部位1,0.9696416566
高钾,CuO,SiO2,06部位2,0.9749779572
高钾,CuO,SiO2,07,0.9683128942
高钾,CuO,SiO2,09,0.945309887
高钾,CuO,SiO2,10,0.9115860963
高钾,CuO,SiO2,12,0.9508946234
高钾,CuO,SiO2,13,0.8633585868
高钾,CuO,SiO2,14,0.9377904212
高钾,CuO,SiO2,16,0.9621516458
高钾,CuO,SiO2,18,0.8967052538
高钾,CuO,SiO2,21,0.9452611523
高钾,CuO,SiO2,22,0.9045436528
高钾,CuO,SiO2,27,0.9478355809
高钾,CuO,Na2O,01,0.8336914482
高钾,CuO,Na2O,03部位1,0.9613478692
高钾,CuO,Na2O,03部位2,0.7921600653
高钾,CuO,Na2O,04,0.8989805375
高钾,CuO,Na2O,05,0.8557565064
高钾,CuO,Na2O,06部位1,0.8854404382
高钾,CuO,Na2O,06部位2,0.8989805375
高钾,CuO,Na2O,07,0.8568904594
高钾,CuO,Na2O,09,0.9260143198
高钾,CuO,Na2O,10,0.9584980237
高钾,CuO,Na2O,12,0.9216152019
高钾,CuO,Na2O,13,0.6934635374
高钾,CuO,Na2O,14,0.5598086224
高钾,CuO,Na2O,16,0.6903967618
高钾,CuO,Na2O,18,1
高钾,CuO,Na2O,21,0.8553791887
高钾,CuO,Na2O,22,0.9724310777
高钾,CuO,Na2O,27,0.9264565425
高钾,CuO,K2O,01,0.9745713001
高钾,CuO,K2O,03部位1,0.9524947777
高钾,CuO,K2O,03部位2,0.9544989389
高钾,CuO,K2O,04,0.9474478149
高钾,CuO,K2O,05,0.9789544641
高钾,CuO,K2O,06部位1,0.9985387719
高钾,CuO,K2O,06部位2,0.979501496
高钾,CuO,K2O,07,0.8568904594
高钾,CuO,K2O,09,0.9348795457
高钾,CuO,K2O,10,0.9733962007
高钾,CuO,K2O,12,0.9367493804
高钾,CuO,K2O,13,0.9743394592
高钾,CuO,K2O,14,0.8411050491
高钾,CuO,K2O,16,0.8355174703
高钾,CuO,K2O,18,0.8594763929
高钾,CuO,K2O,21,0.8553791887
高钾,CuO,K2O,22,0.9847301461
高钾,CuO,K2O,27,0.9264565425
高钾,CuO,CaO,01,0.9834273139
高钾,CuO,CaO,03部位1,0.9824360994
高钾,CuO,CaO,03部位2,0.9151287056
高钾,CuO,CaO,04,0.9145955437
高钾,CuO,CaO,05,0.9580009037
高钾,CuO,CaO,06部位1,0.8854404382
高钾,CuO,CaO,06部位2,0.9578868352
高钾,CuO,CaO,07,0.8802120154
高钾,CuO,CaO,09,0.9416369455
高钾,CuO,CaO,10,0.9641058738
高钾,CuO,CaO,12,0.9396329923
高钾,CuO,CaO,13,0.9924629161
高钾,CuO,CaO,14,0.8239946589
高钾,CuO,CaO,16,0.8447171879
高钾,CuO,CaO,18,1
高钾,CuO,CaO,21,0.9680873247
高钾,CuO,CaO,22,0.9807580844
高钾,CuO,CaO,27,0.9503736378
高钾,CuO,MgO,01,0.9290724832
高钾,CuO,MgO,03部位1,0.9613478692
高钾,CuO,MgO,03部位2,0.9047656297
高钾,CuO,MgO,04,0.9021723462
高钾,CuO,MgO,05,0.9242365546
高钾,CuO,MgO,06部位1,0.8689053527
高钾,CuO,MgO,06部位2,0.8830038146
高钾,CuO,MgO,07,0.8568904594
高钾,CuO,MgO,09,0.9260143198
高钾,CuO,MgO,10,0.9584980237
高钾,CuO,MgO,12,0.9216152019
高钾,CuO,MgO,13,0.8039784501
高钾,CuO,MgO,14,0.9352861879
高钾,CuO,MgO,16,0.9818865251
高钾,CuO,MgO,18,0.8219895288
高钾,CuO,MgO,21,0.9964029143
高钾,CuO,MgO,22,0.9414095971
高钾,CuO,MgO,27,0.9970603448
高钾,CuO,Al2O3,01,0.8983677557
高钾,CuO,Al2O3,03部位1,0.9532843238
高钾,CuO,Al2O3,03部位2,0.8760260434
高钾,CuO,Al2O3,04,0.9716886587
高钾,CuO,Al2O3,05,0.9962563121
高钾,CuO,Al2O3,06部位1,0.8963628376
高钾,CuO,Al2O3,06部位2,0.9021529814
高钾,CuO,Al2O3,07,0.8900729726
高钾,CuO,Al2O3,09,0.9515723037
高钾,CuO,Al2O3,10,0.9751334315
高钾,CuO,Al2O3,12,0.9496940553
高钾,CuO,Al2O3,13,0.9021528892
高钾,CuO,Al2O3,14,0.8484745278
高钾,CuO,Al2O3,16,0.925377818
高钾,CuO,Al2O3,18,0.9371911038
高钾,CuO,Al2O3,21,0.9679997649
高钾,CuO,Al2O3,22,0.9536928168
高钾,CuO,Al2O3,27,0.9763444152
高钾,CuO,Fe2O3,01,0.9442941925
高钾,CuO,Fe2O3,03部位1,0.9613478692
高钾,CuO,Fe2O3,03部位2,0.919145853
高钾,CuO,Fe2O3,04,0.9488034176
高钾,CuO,Fe2O3,05,0.9587824007
高钾,CuO,Fe2O3,06部位1,0.9402084495
高钾,CuO,Fe2O3,06部位2,0.7271058452
高钾,CuO,Fe2O3,07,0.8670890918
高钾,CuO,Fe2O3,09,0.9487133168
高钾,CuO,Fe2O3,10,0.9781808618
高钾,CuO,Fe2O3,12,0.9419423255
高钾,CuO,Fe2O3,13,0.988850639
高钾,CuO,Fe2O3,14,0.9841118944
高钾,CuO,Fe2O3,16,0.9791992149
高钾,CuO,Fe2O3,18,1
高钾,CuO,Fe2O3,21,0.978197588
高钾,CuO,Fe2O3,22,0.9999094847
高钾,CuO,Fe2O3,27,0.9405277264
高钾,CuO,PbO,01,0.8336914482
高钾,CuO,PbO,03部位1,0.9424996165
高钾,CuO,PbO,03部位2,0.7642460809
高钾,CuO,PbO,04,0.8989805375
高钾,CuO,PbO,05,0.8557565064
高钾,CuO,PbO,06部位1,0.9538255135
高钾,CuO,PbO,06部位2,0.9715064249
高钾,CuO,PbO,07,0.8568904594
高钾,CuO,PbO,09,0.9260143198
高钾,CuO,PbO,10,0.9584980237
高钾,CuO,PbO,12,0.9216152019
高钾,CuO,PbO,13,0.8039784501
高钾,CuO,PbO,14,0.6128789245
高钾,CuO,PbO,16,0.9894913777
高钾,CuO,PbO,18,1
高钾,CuO,PbO,21,0.809201505
高钾,CuO,PbO,22,0.9724310777
高钾,CuO,PbO,27,0.9264565425
高钾,CuO,BaO,01,0.8336914482
高钾,CuO,BaO,03部位1,0.9613478692
高钾,CuO,BaO,03部位2,0.651768861
高钾,CuO,BaO,04,0.8989805375
高钾,CuO,BaO,05,0.8557565064
高钾,CuO,BaO,06部位1,0.7968002599
高钾,CuO,BaO,06部位2,0.8636892376
高钾,CuO,BaO,07,0.8568904594
高钾,CuO,BaO,09,0.9260143198
高钾,CuO,BaO,10,0.9584980237
高钾,CuO,BaO,12,0.9216152019
高钾,CuO,BaO,13,0.8039784501
高钾,CuO,BaO,14,0.9763462506
高钾,CuO,BaO,16,0.947728383
高钾,CuO,BaO,18,1
高钾,CuO,BaO,21,0.7248087186
高钾,CuO,BaO,22,0.9724310777
高钾,CuO,BaO,27,0.9264565425
高钾,CuO,P2O5,01,0.9319087944
高钾,CuO,P2O5,03部位1,0.969831812
高钾,CuO,P2O5,03部位2,0.842647153
高钾,CuO,P2O5,04,0.9736985817
高钾,CuO,P2O5,05,0.9372159237
高钾,CuO,P2O5,06部位1,0.7562773013
高钾,CuO,P2O5,06部位2,0.7278801611
高钾,CuO,P2O5,07,0.9081827342
高钾,CuO,P2O5,09,0.9596196732
高钾,CuO,P2O5,10,0.9584980237
高钾,CuO,P2O5,12,0.9355901468
高钾,CuO,P2O5,13,0.9036759919
高钾,CuO,P2O5,14,0.9931089642
高钾,CuO,P2O5,16,0.947728383
高钾,CuO,P2O5,18,0.8718794159
高钾,CuO,P2O5,21,0.9521837218
高钾,CuO,P2O5,22,0.9943717783
高钾,CuO,P2O5,27,0.9610915999
高钾,CuO,SrO,01,0.8336914482
高钾,CuO,SrO,03部位1,0.9613478692
高钾,CuO,SrO,03部位2,0.8790212959
高钾,CuO,SrO,04,0.8989805375
高钾,CuO,SrO,05,0.9333205042
高钾,CuO,SrO,06部位1,0.7629985055
高钾,CuO,SrO,06部位2,0.7311925222
高钾,CuO,SrO,07,0.8568904594
高钾,CuO,SrO,09,0.9260143198
高钾,CuO,SrO,10,0.9584980237
高钾,CuO,SrO,12,0.9216152019
高钾,CuO,SrO,13,0.8039784501
高钾,CuO,SrO,14,0.9763462506
高钾,CuO,SrO,16,0.9051040403
高钾,CuO,SrO,18,0.78125
高钾,CuO,SrO,21,0.8553791887
高钾,CuO,SrO,22,0.9724310777
高钾,CuO,SrO,27,0.9264565425
高钾,CuO,SnO2,01,0.8336914482
高钾,CuO,SnO2,03部位1,0.9613478692
高钾,CuO,SnO2,03部位2,0.7921600653
高钾,CuO,SnO2,04,0.8989805375
高钾,CuO,SnO2,05,0.8557565064
高钾,CuO,SnO2,06部位1,0.8854404382
高钾,CuO,SnO2,06部位2,0.8989805375
高钾,CuO,SnO2,07,0.8568904594
高钾,CuO,SnO2,09,0.9260143198
高钾,CuO,SnO2,10,0.9584980237
高钾,CuO,SnO2,12,0.9216152019
高钾,CuO,SnO2,13,0.8039784501
高钾,CuO,SnO2,14,0.9763462506
高钾,CuO,SnO2,16,0.947728383
高钾,CuO,SnO2,18,0.3333333333
高钾,CuO,SnO2,21,0.8553791887
高钾,CuO,SnO2,22,0.9724310777
高钾,CuO,SnO2,27,0.9264565425
高钾,CuO,SO2,01,0.6945120985
高钾,CuO,SO2,03部位1,0.9613478692
高钾,CuO,SO2,03部位2,0.7921600653
高钾,CuO,SO2,04,0.6766848504
高钾,CuO,SO2,05,0.6242450138
高钾,CuO,SO2,06部位1,0.8854404382
高钾,CuO,SO2,06部位2,0.8989805375
高钾,CuO,SO2,07,0.8568904594
高钾,CuO,SO2,09,0.9260143198
高钾,CuO,SO2,10,0.9584980237
高钾,CuO,SO2,12,0.9216152019
高钾,CuO,SO2,13,0.8039784501
高钾,CuO,SO2,14,0.9763462506
高钾,CuO,SO2,16,0.947728383
高钾,CuO,SO2,18,1
高钾,CuO,SO2,21,0.8553791887
高钾,CuO,SO2,22,0.9724310777
高钾,CuO,SO2,27,0.9264565425
高钾,PbO,SiO2,01,0.9086711675
高钾,PbO,SiO2,03部位1,0.9756265667
高钾,PbO,SiO2,03部位2,0.6750422121
高钾,PbO,SiO2,04,0.9128196645
高钾,PbO,SiO2,05,0.9180435868
高钾,PbO,SiO2,06部位1,0.9831865699
高钾,PbO,SiO2,06部位2,0.9478731523
高钾,PbO,SiO2,07,0.8816116561
高钾,PbO,SiO2,09,0.8789268809
高钾,PbO,SiO2,10,0.8769713883
高钾,PbO,SiO2,12,0.8797451807
高钾,PbO,SiO2,13,0.9211944365
高钾,PbO,SiO2,14,0.6388521893
高钾,PbO,SiO2,16,0.9524195673
高钾,PbO,SiO2,18,0.8967052538
高钾,PbO,SiO2,21,0.7729798177
高钾,PbO,SiO2,22,0.8819272641
高钾,PbO,SiO2,27,0.8815102586
高钾,PbO,Na2O,01,1
高钾,PbO,Na2O,03部位1,0.9080882353
高钾,PbO,Na2O,03部位2,0.6365979381
高钾,PbO,Na2O,04,1
高钾,PbO,Na2O,05,1
高钾,PbO,Na2O,06部位1,0.925093633
高钾,PbO,Na2O,06部位2,0.8758865248
高钾,PbO,Na2O,07,1
高钾,PbO,Na2O,09,1
高钾,PbO,Na2O,10,1
高钾,PbO,Na2O,12,1
高钾,PbO,Na2O,13,0.5931721195
高钾,PbO,Na2O,14,0.8660399728
高钾,PbO,Na2O,16,0.6853715016
高钾,PbO,Na2O,18,1
高钾,PbO,Na2O,21,0.711815562
高钾,PbO,Na2O,22,1
高钾,PbO,Na2O,27,1
高钾,PbO,K2O,01,0.8522298647
高钾,PbO,K2O,03部位1,0.9889887312
高钾,PbO,K2O,03部位2,0.7373820095
高钾,PbO,K2O,04,0.8562829754
高钾,PbO,K2O,05,0.8402975279
高钾,PbO,K2O,06部位1,0.9551587204
高钾,PbO,K2O,06部位2,0.9916682171
高钾,PbO,K2O,07,1
高钾,PbO,K2O,09,0.9898634138
高钾,PbO,K2O,10,0.9842829077
高钾,PbO,K2O,12,0.982771855
高钾,PbO,K2O,13,0.8213700192
高钾,PbO,K2O,14,0.6931296613
高钾,PbO,K2O,16,0.82816881
高钾,PbO,K2O,18,0.8594763929
高钾,PbO,K2O,21,0.711815562
高钾,PbO,K2O,22,0.9873189958
高钾,PbO,K2O,27,1
高钾,PbO,CaO,01,0.8455711668
高钾,PbO,CaO,03部位1,0.95865284
高钾,PbO,CaO,03部位2,0.7136630249
高钾,PbO,CaO,04,0.8293588975
高钾,PbO,CaO,05,0.8248122989
高钾,PbO,CaO,06部位1,0.925093633
高钾,PbO,CaO,06部位2,0.9855757201
高钾,PbO,CaO,07,0.9700070077
高钾,PbO,CaO,09,0.9823988644
高钾,PbO,CaO,10,0.9939681172
高钾,PbO,CaO,12,0.9796178344
高钾,PbO,CaO,13,0.7990994112
高钾,PbO,CaO,14,0.7051969637
高钾,PbO,CaO,16,0.8372065347
高钾,PbO,CaO,18,1
高钾,PbO,CaO,21,0.7881768425
高钾,PbO,CaO,22,0.9542258376
高钾,PbO,CaO,27,0.973554649
高钾,PbO,MgO,01,0.8903591682
高钾,PbO,MgO,03部位1,0.9080882353
高钾,PbO,MgO,03部位2,0.7073448045
高钾,PbO,MgO,04,0.8191304348
高钾,PbO,MgO,05,0.7996604414
高钾,PbO,MgO,06部位1,0.8338314662
高钾,PbO,MgO,06部位2,0.9064796971
高钾,PbO,MgO,07,1
高钾,PbO,MgO,09,1
高钾,PbO,MgO,10,1
高钾,PbO,MgO,12,1
高钾,PbO,MgO,13,1
高钾,PbO,MgO,14,0.6400195851
高钾,PbO,MgO,16,0.9717532214
高钾,PbO,MgO,18,0.8219895288
高钾,PbO,MgO,21,0.8115723311
高钾,PbO,MgO,22,0.9169370539
高钾,PbO,MgO,27,0.9289940828
高钾,PbO,Al2O3,01,0.9205097087
高钾,PbO,Al2O3,03部位1,0.9881389604
高钾,PbO,Al2O3,03部位2,0.6896562937
高钾,PbO,Al2O3,04,0.8760346487
高钾,PbO,Al2O3,05,0.8585172609
高钾,PbO,Al2O3,06部位1,0.8590848021
高钾,PbO,Al2O3,06部位2,0.9266722559
高钾,PbO,Al2O3,07,0.958307012
高钾,PbO,Al2O3,09,0.9718129404
高钾,PbO,Al2O3,10,0.9825129534
高钾,PbO,Al2O3,12,0.9689163296
高钾,PbO,Al2O3,13,0.880781885
高钾,PbO,Al2O3,14,0.6882038328
高钾,PbO,Al2O3,16,0.9163719693
高钾,PbO,Al2O3,18,0.9371911038
高钾,PbO,Al2O3,21,0.7881188022
高钾,PbO,Al2O3,22,0.9285860029
高钾,PbO,Al2O3,27,0.9477301125
高钾,PbO,Fe2O3,01,0.8768141593
高钾,PbO,Fe2O3,03部位1,0.9080882353
高钾,PbO,Fe2O3,03部位2,0.7161037581
高钾,PbO,Fe2O3,04,0.8573901004
高钾,PbO,Fe2O3,05,0.8253915362
高钾,PbO,Fe2O3,06部位1,0.8992775724
高钾,PbO,Fe2O3,06部位2,0.7429496053
高钾,PbO,Fe2O3,07,0.9864595779
高钾,PbO,Fe2O3,09,0.9748130657
高钾,PbO,Fe2O3,10,0.9794385132
高钾,PbO,Fe2O3,12,0.9771203156
高钾,PbO,Fe2O3,13,0.811333115
高钾,PbO,Fe2O3,14,0.6190037768
高钾,PbO,Fe2O3,16,0.9894892272
高钾,PbO,Fe2O3,18,1
高钾,PbO,Fe2O3,21,0.8240641344
高钾,PbO,Fe2O3,22,0.9725166863
高钾,PbO,Fe2O3,27,0.9841080652
高钾,PbO,CuO,01,0.8336914482
高钾,PbO,CuO,03部位1,0.9424996165
高钾,PbO,CuO,03部位2,0.7642460809
高钾,PbO,CuO,04,0.8989805375
高钾,PbO,CuO,05,0.8557565064
高钾,PbO,CuO,06部位1,0.9538255135
高钾,PbO,CuO,06部位2,0.9715064249
高钾,PbO,CuO,07,0.8568904594
高钾,PbO,CuO,09,0.9260143198
高钾,PbO,CuO,10,0.9584980237
高钾,PbO,CuO,12,0.9216152019
高钾,PbO,CuO,13,0.8039784501
高钾,PbO,CuO,14,0.6128789245
高钾,PbO,CuO,16,0.9894913777
高钾,PbO,CuO,18,1
高钾,PbO,CuO,21,0.809201505
高钾,PbO,CuO,22,0.9724310777
高钾,PbO,CuO,27,0.9264565425
高钾,PbO,BaO,01,1
高钾,PbO,BaO,03部位1,0.9080882353
高钾,PbO,BaO,03部位2,0.8157889895
高钾,PbO,BaO,04,1
高钾,PbO,BaO,05,1
高钾,PbO,BaO,06部位1,0.7672068455
高钾,PbO,BaO,06部位2,0.8861362887
高钾,PbO,BaO,07,1
高钾,PbO,BaO,09,1
高钾,PbO,BaO,10,1
高钾,PbO,BaO,12,1
高钾,PbO,BaO,13,1
高钾,PbO,BaO,14,0.6039119804
高钾,PbO,BaO,16,0.9573643411
高钾,PbO,BaO,18,1
高钾,PbO,BaO,21,0.8742112943
高钾,PbO,BaO,22,1
高钾,PbO,BaO,27,1
高钾,PbO,P2O5,01,0.8877697842
高钾,PbO,P2O5,03部位1,0.9709663855
高钾,PbO,P2O5,03部位2,0.6687999555
高钾,PbO,P2O5,04,0.9213539074
高钾,PbO,P2O5,05,0.9077979402
高钾,PbO,P2O5,06部位1,0.7295669644
高钾,PbO,P2O5,06部位2,0.7437580526
高钾,PbO,P2O5,07,0.9381652306
高钾,PbO,P2O5,09,0.9635606455
高钾,PbO,P2O5,10,1
高钾,PbO,P2O5,12,0.9840510367
高钾,PbO,P2O5,13,0.8793349169
高钾,PbO,P2O5,14,0.6102835862
高钾,PbO,P2O5,16,0.9573643411
高钾,PbO,P2O5,18,0.8718794159
高钾,PbO,P2O5,21,0.7776027839
高钾,PbO,P2O5,22,0.9778129952
高钾,PbO,P2O5,27,0.9625585023
高钾,PbO,SrO,01,1
高钾,PbO,SrO,03部位1,0.9080882353
高钾,PbO,SrO,03部位2,0.8540802213
高钾,PbO,SrO,04,1
高钾,PbO,SrO,05,0.8064516129
高钾,PbO,SrO,06部位1,0.7358198284
高钾,PbO,SrO,06部位2,0.7472168441
高钾,PbO,SrO,07,1
高钾,PbO,SrO,09,1
高钾,PbO,SrO,10,1
高钾,PbO,SrO,12,1
高钾,PbO,SrO,13,1
高钾,PbO,SrO,14,0.6039119804
高钾,PbO,SrO,16,0.8964866434
高钾,PbO,SrO,18,0.78125
高钾,PbO,SrO,21,0.711815562
高钾,PbO,SrO,22,1
高钾,PbO,SrO,27,1
高钾,PbO,SnO2,01,1
高钾,PbO,SnO2,03部位1,0.9080882353
高钾,PbO,SnO2,03部位2,0.6365979381
高钾,PbO,SnO2,04,1
高钾,PbO,SnO2,05,1
高钾,PbO,SnO2,06部位1,0.925093633
高钾,PbO,SnO2,06部位2,0.8758865248
高钾,PbO,SnO2,07,1
高钾,PbO,SnO2,09,1
高钾,PbO,SnO2,10,1
高钾,PbO,SnO2,12,1
高钾,PbO,SnO2,13,1
高钾,PbO,SnO2,14,0.6039119804
高钾,PbO,SnO2,16,0.9573643411
高钾,PbO,SnO2,18,0.3333333333
高钾,PbO,SnO2,21,0.711815562
高钾,PbO,SnO2,22,1
高钾,PbO,SnO2,27,1
高钾,PbO,SO2,01,0.61
高钾,PbO,SO2,03部位1,0.9080882353
高钾,PbO,SO2,03部位2,0.6365979381
高钾,PbO,SO2,04,0.6288659794
高钾,PbO,SO2,05,0.5648148148
高钾,PbO,SO2,06部位1,0.925093633
高钾,PbO,SO2,06部位2,0.8758865248
高钾,PbO,SO2,07,1
高钾,PbO,SO2,09,1
高钾,PbO,SO2,10,1
高钾,PbO,SO2,12,1
高钾,PbO,SO2,13,1
高钾,PbO,SO2,14,0.6039119804
高钾,PbO,SO2,16,0.9573643411
高钾,PbO,SO2,18,1
高钾,PbO,SO2,21,0.711815562
高钾,PbO,SO2,22,1
高钾,PbO,SO2,27,1
高钾,BaO,SiO2,01,0.9086711675
高钾,BaO,SiO2,03部位1,0.8879441845
高钾,BaO,SiO2,03部位2,0.5857558173
高钾,BaO,SiO2,04,0.9128196645
高钾,BaO,SiO2,05,0.9180435868
高钾,BaO,SiO2,06部位1,0.7774063944
高钾,BaO,SiO2,06部位2,0.8449599356
高钾,BaO,SiO2,07,0.8816116561
高钾,BaO,SiO2,09,0.8789268809
高钾,BaO,SiO2,10,0.8769713883
高钾,BaO,SiO2,12,0.8797451807
高钾,BaO,SiO2,13,0.9211944365
高钾,BaO,SiO2,14,0.9169574552
高钾,BaO,SiO2,16,0.9136660154
高钾,BaO,SiO2,18,0.8967052538
高钾,BaO,SiO2,21,0.6956119825
高钾,BaO,SiO2,22,0.8819272641
高钾,BaO,SiO2,27,0.8815102586
高钾,BaO,Na2O,01,1
高钾,BaO,Na2O,03部位1,1
高钾,BaO,Na2O,03部位2,0.5565891473
高钾,BaO,Na2O,04,1
高钾,BaO,Na2O,05,1
高钾,BaO,Na2O,06部位1,0.722334004
高钾,BaO,Na2O,06部位2,0.7872807018
高钾,BaO,Na2O,07,1
高钾,BaO,Na2O,09,1
高钾,BaO,Na2O,10,1
高钾,BaO,Na2O,12,1
高钾,BaO,Na2O,13,0.5931721195
高钾,BaO,Na2O,14,0.5523178808
高钾,BaO,Na2O,16,0.6650717703
高钾,BaO,Na2O,18,1
高钾,BaO,Na2O,21,0.6456834532
高钾,BaO,Na2O,22,1
高钾,BaO,Na2O,27,1
高钾,BaO,K2O,01,0.8522298647
高钾,BaO,K2O,03部位1,0.9173632673
高钾,BaO,K2O,03部位2,0.6321286935
高钾,BaO,K2O,04,0.8562829754
高钾,BaO,K2O,05,0.8402975279
高钾,BaO,K2O,06部位1,0.7958722643
高钾,BaO,K2O,06部位2,0.8795876475
高钾,BaO,K2O,07,1
高钾,BaO,K2O,09,0.9898634138
高钾,BaO,K2O,10,0.9842829077
高钾,BaO,K2O,12,0.982771855
高钾,BaO,K2O,13,0.8213700192
高钾,BaO,K2O,14,0.8243078904
高钾,BaO,K2O,16,0.7987107507
高钾,BaO,K2O,18,0.8594763929
高钾,BaO,K2O,21,0.6456834532
高钾,BaO,K2O,22,0.9873189958
高钾,BaO,K2O,27,1
高钾,BaO,CaO,01,0.8455711668
高钾,BaO,CaO,03部位1,0.9451044654
高钾,BaO,CaO,03部位2,0.6146173025
高钾,BaO,CaO,04,0.8293588975
高钾,BaO,CaO,05,0.8248122989
高钾,BaO,CaO,06部位1,0.722334004
高钾,BaO,CaO,06部位2,0.8977795427
高钾,BaO,CaO,07,0.9700070077
高钾,BaO,CaO,09,0.9823988644
高钾,BaO,CaO,10,0.9939681172
高钾,BaO,CaO,12,0.9796178344
高钾,BaO,CaO,13,0.7990994112
高钾,BaO,CaO,14,0.8078673982
高钾,BaO,CaO,16,0.8071137026
高钾,BaO,CaO,18,1
高钾,BaO,CaO,21,0.7078949303
高钾,BaO,CaO,22,0.9542258376
高钾,BaO,CaO,27,0.973554649
高钾,BaO,MgO,01,0.8903591682
高钾,BaO,MgO,03部位1,1
高钾,BaO,MgO,03部位2,0.6099253686
高钾,BaO,MgO,04,0.8191304348
高钾,BaO,MgO,05,0.7996604414
高钾,BaO,MgO,06部位1,0.9056770524
高钾,BaO,MgO,06部位2,0.9752996458
高钾,BaO,MgO,07,1
高钾,BaO,MgO,09,1
高钾,BaO,MgO,10,1
高钾,BaO,MgO,12,1
高钾,BaO,MgO,13,1
高钾,BaO,MgO,14,0.9145631068
高钾,BaO,MgO,16,0.9314436388
高钾,BaO,MgO,18,0.8219895288
高钾,BaO,MgO,21,0.7267102368
高钾,BaO,MgO,22,0.9169370539
高钾,BaO,MgO,27,0.9289940828
高钾,BaO,Al2O3,01,0.9205097087
高钾,BaO,Al2O3,03部位1,0.9180956224
高钾,BaO,Al2O3,03部位2,0.5967282031
高钾,BaO,Al2O3,04,0.8760346487
高钾,BaO,Al2O3,05,0.8585172609
高钾,BaO,Al2O3,06部位1,0.8776548941
高钾,BaO,Al2O3,06部位2,0.9529578101
高钾,BaO,Al2O3,07,0.958307012
高钾,BaO,Al2O3,09,0.9718129404
高钾,BaO,Al2O3,10,0.9825129534
高钾,BaO,Al2O3,12,0.9689163296
高钾,BaO,Al2O3,13,0.880781885
高钾,BaO,Al2O3,14,0.8313847278
高钾,BaO,Al2O3,16,0.8804410911
高钾,BaO,Al2O3,18,0.9371911038
高钾,BaO,Al2O3,21,0.7078481111
高钾,BaO,Al2O3,22,0.9285860029
高钾,BaO,Al2O3,27,0.9477301125
高钾,BaO,Fe2O3,01,0.8768141593
高钾,BaO,Fe2O3,03部位1,1
高钾,BaO,Fe2O3,03部位2,0.6164267141
高钾,BaO,Fe2O3,04,0.8573901004
高钾,BaO,Fe2O3,05,0.8253915362
高钾,BaO,Fe2O3,06部位1,0.8393305313
高钾,BaO,Fe2O3,06部位2,0.8213608142
高钾,BaO,Fe2O3,07,0.9864595779
高钾,BaO,Fe2O3,09,0.9748130657
高钾,BaO,Fe2O3,10,0.9794385132
高钾,BaO,Fe2O3,12,0.9771203156
高钾,BaO,Fe2O3,13,0.811333115
高钾,BaO,Fe2O3,14,0.9611951882
高钾,BaO,Fe2O3,16,0.9672003124
高钾,BaO,Fe2O3,18,1
高钾,BaO,Fe2O3,21,0.7367101171
高钾,BaO,Fe2O3,22,0.9725166863
高钾,BaO,Fe2O3,27,0.9841080652
高钾,BaO,CuO,01,0.8336914482
高钾,BaO,CuO,03部位1,0.9613478692
高钾,BaO,CuO,03部位2,0.651768861
高钾,BaO,CuO,04,0.8989805375
高钾,BaO,CuO,05,0.8557565064
高钾,BaO,CuO,06部位1,0.7968002599
高钾,BaO,CuO,06部位2,0.8636892376
高钾,BaO,CuO,07,0.8568904594
高钾,BaO,CuO,09,0.9260143198
高钾,BaO,CuO,10,0.9584980237
高钾,BaO,CuO,12,0.9216152019
高钾,BaO,CuO,13,0.8039784501
高钾,BaO,CuO,14,0.9763462506
高钾,BaO,CuO,16,0.947728383
高钾,BaO,CuO,18,1
高钾,BaO,CuO,21,0.7248087186
高钾,BaO,CuO,22,0.9724310777
高钾,BaO,CuO,27,0.9264565425
高钾,BaO,PbO,01,1
高钾,BaO,PbO,03部位1,0.9080882353
高钾,BaO,PbO,03部位2,0.8157889895
高钾,BaO,PbO,04,1
高钾,BaO,PbO,05,1
高钾,BaO,PbO,06部位1,0.7672068455
高钾,BaO,PbO,06部位2,0.8861362887
高钾,BaO,PbO,07,1
高钾,BaO,PbO,09,1
高钾,BaO,PbO,10,1
高钾,BaO,PbO,12,1
高钾,BaO,PbO,13,1
高钾,BaO,PbO,14,0.6039119804
高钾,BaO,PbO,16,0.9573643411
高钾,BaO,PbO,18,1
高钾,BaO,PbO,21,0.8742112943
高钾,BaO,PbO,22,1
高钾,BaO,PbO,27,1
高钾,BaO,P2O5,01,0.8877697842
高钾,BaO,P2O5,03部位1,0.9334341906
高钾,BaO,P2O5,03部位2,0.5810498979
高钾,BaO,P2O5,04,0.9213539074
高钾,BaO,P2O5,05,0.9077979402
高钾,BaO,P2O5,06部位1,0.9369905315
高钾,BaO,P2O5,06部位2,0.8223490277
高钾,BaO,P2O5,07,0.9381652306
高钾,BaO,P2O5,09,0.9635606455
高钾,BaO,P2O5,10,1
高钾,BaO,P2O5,12,0.9840510367
高钾,BaO,P2O5,13,0.8793349169
高钾,BaO,P2O5,14,0.9830058417
高钾,BaO,P2O5,16,1
高钾,BaO,P2O5,18,0.8718794159
高钾,BaO,P2O5,21,0.6993535934
高钾,BaO,P2O5,22,0.9778129952
高钾,BaO,P2O5,27,0.9625585023
高钾,BaO,SrO,01,1
高钾,BaO,SrO,03部位1,1
高钾,BaO,SrO,03部位2,0.7159952134
高钾,BaO,SrO,04,1
高钾,BaO,SrO,05,0.8064516129
高钾,BaO,SrO,06部位1,0.9473295335
高钾,BaO,SrO,06部位2,0.8265794806
高钾,BaO,SrO,07,1
高钾,BaO,SrO,09,1
高钾,BaO,SrO,10,1
高钾,BaO,SrO,12,1
高钾,BaO,SrO,13,1
高钾,BaO,SrO,14,1
高钾,BaO,SrO,16,0.8620689655
高钾,BaO,SrO,18,0.78125
高钾,BaO,SrO,21,0.6456834532
高钾,BaO,SrO,22,1
高钾,BaO,SrO,27,1
高钾,BaO,SnO2,01,1
高钾,BaO,SnO2,03部位1,1
高钾,BaO,SnO2,03部位2,0.5565891473
高钾,BaO,SnO2,04,1
高钾,BaO,SnO2,05,1
高钾,BaO,SnO2,06部位1,0.722334004
高钾,BaO,SnO2,06部位2,0.7872807018
高钾,BaO,SnO2,07,1
高钾,BaO,SnO2,09,1
高钾,BaO,SnO2,10,1
高钾,BaO,SnO2,12,1
高钾,BaO,SnO2,13,1
高钾,BaO,SnO2,14,1
高钾,BaO,SnO2,16,1
高钾,BaO,SnO2,18,0.3333333333
高钾,BaO,SnO2,21,0.6456834532
高钾,BaO,SnO2,22,1
高钾,BaO,SnO2,27,1
高钾,BaO,SO2,01,0.61
高钾,BaO,SO2,03部位1,1
高钾,BaO,SO2,03部位2,0.5565891473
高钾,BaO,SO2,04,0.6288659794
高钾,BaO,SO2,05,0.5648148148
高钾,BaO,SO2,06部位1,0.722334004
高钾,BaO,SO2,06部位2,0.7872807018
高钾,BaO,SO2,07,1
高钾,BaO,SO2,09,1
高钾,BaO,SO2,10,1
高钾,BaO,SO2,12,1
高钾,BaO,SO2,13,1
高钾,BaO,SO2,14,1
高钾,BaO,SO2,16,1
高钾,BaO,SO2,18,1
高钾,BaO,SO2,21,0.6456834532
高钾,BaO,SO2,22,1
高钾,BaO,SO2,27,1
高钾,P2O5,SiO2,01,0.9727960471
高钾,P2O5,SiO2,03部位1,0.9440762859
高钾,P2O5,SiO2,03部位2,0.9852964014
高钾,P2O5,SiO2,04,0.989166588
高钾,P2O5,SiO2,05,0.9869050292
高钾,P2O5,SiO2,06部位1,0.723791289
高钾,P2O5,SiO2,06部位2,0.6987150799
高钾,P2O5,SiO2,07,0.9312736893
高钾,P2O5,SiO2,09,0.9026423953
高钾,P2O5,SiO2,10,0.8684981425
高钾,P2O5,SiO2,12,0.8849245434
高钾,P2O5,SiO2,13,0.947172508
高钾,P2O5,SiO2,14,0.9267102579
高钾,P2O5,SiO2,16,0.9074533086
高钾,P2O5,SiO2,18,0.9668636032
高钾,P2O5,SiO2,21,0.9917672145
高钾,P2O5,SiO2,22,0.8928513145
高钾,P2O5,SiO2,27,0.9065414451
高钾,P2O5,Na2O,01,0.87993843
高钾,P2O5,Na2O,03部位1,0.9285327558
高钾,P2O5,Na2O,03部位2,0.9245283019
高钾,P2O5,Na2O,04,0.9156433529
高钾,P2O5,Na2O,05,0.901208618
高钾,P2O5,Na2O,06部位1,0.6722853783
高钾,P2O5,Na2O,06部位2,0.65583174
高钾,P2O5,Na2O,07,0.9335873707
高钾,P2O5,Na2O,09,0.9607843137
高钾,P2O5,Na2O,10,1
高钾,P2O5,Na2O,12,0.9828080229
高钾,P2O5,Na2O,13,0.6280876111
高钾,P2O5,Na2O,14,0.5387438613
高钾,P2O5,Na2O,16,0.6478645487
高钾,P2O5,Na2O,18,0.8631102164
高钾,P2O5,Na2O,21,0.8863049096
高钾,P2O5,Na2O,22,0.9760956175
高钾,P2O5,Na2O,27,0.9597090095
高钾,P2O5,K2O,01,0.9517471245
高钾,P2O5,K2O,03部位1,0.9801459629
高钾,P2O5,K2O,03部位2,0.8694939687
高钾,P2O5,K2O,04,0.9182571373
高钾,P2O5,K2O,05,0.9128209669
高钾,P2O5,K2O,06部位1,0.7410692599
高钾,P2O5,K2O,06部位2,0.7241590532
高钾,P2O5,K2O,07,0.9335873707
高钾,P2O5,K2O,09,0.9710964108
高钾,P2O5,K2O,10,0.9830576541
高钾,P2O5,K2O,12,0.9985744428
高钾,P2O5,K2O,13,0.920285592
高钾,P2O5,K2O,14,0.8255034146
高钾,P2O5,K2O,16,0.7861618031
高钾,P2O5,K2O,18,0.9824494917
高钾,P2O5,K2O,21,0.8863049096
高钾,P2O5,K2O,22,0.9894843586
高钾,P2O5,K2O,27,0.9597090095
高钾,P2O5,CaO,01,0.9427983191
高钾,P2O5,CaO,03部位1,0.9859232319
高钾,P2O5,CaO,03部位2,0.9078961046
高钾,P2O5,CaO,04,0.8850039827
高钾,P2O5,CaO,05,0.8931608101
高钾,P2O5,CaO,06部位1,0.6722853783
高钾,P2O5,CaO,06部位2,0.7374369806
高钾,P2O5,CaO,07,0.9636096262
高钾,P2O5,CaO,09,0.978972591
高钾,P2O5,CaO,10,0.9934928997
高钾,P2O5,CaO,12,0.9950610428
高钾,P2O5,CaO,13,0.8902812196
高钾,P2O5,CaO,14,0.8077363343
高钾,P2O5,CaO,16,0.7949541322
高钾,P2O5,CaO,18,0.8631102164
高钾,P2O5,CaO,21,0.9817194224
高钾,P2O5,CaO,22,0.9734404736
高钾,P2O5,CaO,27,0.9874936761
高钾,P2O5,MgO,01,0.9964767752
高钾,P2O5,MgO,03部位1,0.9285327558
高钾,P2O5,MgO,03部位2,0.9191692298
高钾,P2O5,MgO,04,0.8724567992
高钾,P2O5,MgO,05,0.8614919452
高钾,P2O5,MgO,06部位1,0.8438928989
高钾,P2O5,MgO,06部位2,0.7933397042
高钾,P2O5,MgO,07,0.9335873707
高钾,P2O5,MgO,09,0.9607843137
高钾,P2O5,MgO,10,1
高钾,P2O5,MgO,12,0.9828080229
高钾,P2O5,MgO,13,0.8710005079
高钾,P2O5,MgO,14,0.9240713984
高钾,P2O5,MgO,16,0.9264071895
高钾,P2O5,MgO,18,0.9301172772
高钾,P2O5,MgO,21,0.9450937354
高钾,P2O5,MgO,22,0.9317222614
高钾,P2O5,MgO,27,0.9610655226
高钾,P2O5,Al2O3,01,0.958551695
高钾,P2O5,Al2O3,03部位1,0.9810483979
高钾,P2O5,Al2O3,03部位2,0.9534674057
高钾,P2O5,Al2O3,04,0.9428619474
高钾,P2O5,Al2O3,05,0.9361134769
高钾,P2O5,Al2O3,06部位1,0.8176388913
高钾,P2O5,Al2O3,06部位2,0.7773397234
高钾,P2O5,Al2O3,07,0.9763908754
高钾,P2O5,Al2O3,09,0.990577981
高钾,P2O5,Al2O3,10,0.981152362
高钾,P2O5,Al2O3,12,0.9831563959
高钾,P2O5,Al2O3,13,0.9979876489
高钾,P2O5,Al2O3,14,0.8331689405
高钾,P2O5,Al2O3,16,0.8721719795
高钾,P2O5,Al2O3,18,0.920583321
高钾,P2O5,Al2O3,21,0.9818166243
高钾,P2O5,Al2O3,22,0.9447196712
高钾,P2O5,Al2O3,27,0.9827586467
高钾,P2O5,Fe2O3,01,0.9850368167
高钾,P2O5,Fe2O3,03部位1,0.9285327558
高钾,P2O5,Fe2O3,03部位2,0.9036671008
高钾,P2O5,Fe2O3,04,0.9196315633
高钾,P2O5,Fe2O3,05,0.893893971
高钾,P2O5,Fe2O3,06部位1,0.7817476434
高钾,P2O5,Fe2O3,06部位2,0.9984234139
高钾,P2O5,Fe2O3,07,0.9466808102
高钾,P2O5,Fe2O3,09,0.9872353608
高钾,P2O5,Fe2O3,10,0.9778441072
高钾,P2O5,Fe2O3,12,0.9922804941
高钾,P2O5,Fe2O3,13,0.9067211973
高钾,P2O5,Fe2O3,14,0.9756916285
高钾,P2O5,Fe2O3,16,0.9646911268
高钾,P2O5,Fe2O3,18,0.8631102164
高钾,P2O5,Fe2O3,21,0.9274239061
高钾,P2O5,Fe2O3,22,0.9940246973
高钾,P2O5,Fe2O3,27,0.9760350651
高钾,P2O5,CuO,01,0.9269038359
高钾,P2O5,CuO,03部位1,0.967517176
高钾,P2O5,CuO,03部位2,0.8322620814
高钾,P2O5,CuO,04,0.9716719557
高钾,P2O5,CuO,05,0.9325728342
高钾,P2O5,CuO,06部位1,0.7419376635
高钾,P2O5,CuO,06部位2,0.712504888
高钾,P2O5,CuO,07,0.9016179314
高钾,P2O5,CuO,09,0.9565566147
高钾,P2O5,CuO,10,0.9553538407
高钾,P2O5,CuO,12,0.9308356986
高钾,P2O5,CuO,13,0.8968255701
高钾,P2O5,CuO,14,0.9925665651
高钾,P2O5,CuO,16,0.9438161194
高钾,P2O5,CuO,18,0.8631102164
高钾,P2O5,CuO,21,0.9485868277
高钾,P2O5,CuO,22,0.9939281687
高钾,P2O5,CuO,27,0.9581353237
高钾,P2O5,PbO,01,0.87993843
高钾,P2O5,PbO,03部位1,0.9687359928
高钾,P2O5,PbO,03部位2,0.6516839585
高钾,P2O5,PbO,04,0.9156433529
高钾,P2O5,PbO,05,0.901208618
高钾,P2O5,PbO,06部位1,0.7142495831
高钾,P2O5,PbO,06部位2,0.7289458287
高钾,P2O5,PbO,07,0.9335873707
高钾,P2O5,PbO,09,0.9607843137
高钾,P2O5,PbO,10,1
高钾,P2O5,PbO,12,0.9828080229
高钾,P2O5,PbO,13,0.8710005079
高钾,P2O5,PbO,14,0.5919884063
高钾,P2O5,PbO,16,0.95413838
高钾,P2O5,PbO,18,0.8631102164
高钾,P2O5,PbO,21,0.7641265231
高钾,P2O5,PbO,22,0.9760956175
高钾,P2O5,PbO,27,0.9597090095
高钾,P2O5,BaO,01,0.87993843
高钾,P2O5,BaO,03部位1,0.9285327558
高钾,P2O5,BaO,03部位2,0.5623664724
高钾,P2O5,BaO,04,0.9156433529
高钾,P2O5,BaO,05,0.901208618
高钾,P2O5,BaO,06部位1,0.932331977
高钾,P2O5,BaO,06部位2,0.810924901
高钾,P2O5,BaO,07,0.9335873707
高钾,P2O5,BaO,09,0.9607843137
高钾,P2O5,BaO,10,1
高钾,P2O5,BaO,12,0.9828080229
高钾,P2O5,BaO,13,0.8710005079
高钾,P2O5,BaO,14,0.9816828849
高钾,P2O5,BaO,16,1
高钾,P2O5,BaO,18,0.8631102164
高钾,P2O5,BaO,21,0.683068324
高钾,P2O5,BaO,22,0.9760956175
高钾,P2O5,BaO,27,0.9597090095
高钾,P2O5,SrO,01,0.87993843
高钾,P2O5,SrO,03部位1,0.9285327558
高钾,P2O5,SrO,03部位2,0.7406927529
高钾,P2O5,SrO,04,0.9156433529
高钾,P2O5,SrO,05,0.8700107547
高钾,P2O5,SrO,06部位1,0.9875846501
高钾,P2O5,SrO,06部位2,0.9933276186
高钾,P2O5,SrO,07,0.9335873707
高钾,P2O5,SrO,09,0.9607843137
高钾,P2O5,SrO,10,1
高钾,P2O5,SrO,12,0.9828080229
高钾,P2O5,SrO,13,0.8710005079
高钾,P2O5,SrO,14,0.9816828849
高钾,P2O5,SrO,16,0.8527417013
高钾,P2O5,SrO,18,0.8744289444
高钾,P2O5,SrO,21,0.8863049096
高钾,P2O5,SrO,22,0.9760956175
高钾,P2O5,SrO,27,0.9597090095
高钾,P2O5,SnO2,01,0.87993843
高钾,P2O5,SnO2,03部位1,0.9285327558
高钾,P2O5,SnO2,03部位2,0.9245283019
高钾,P2O5,SnO2,04,0.9156433529
高钾,P2O5,SnO2,05,0.901208618
高钾,P2O5,SnO2,06部位1,0.6722853783
高钾,P2O5,SnO2,06部位2,0.65583174
高钾,P2O5,SnO2,07,0.9335873707
高钾,P2O5,SnO2,09,0.9607843137
高钾,P2O5,SnO2,10,1
高钾,P2O5,SnO2,12,0.9828080229
高钾,P2O5,SnO2,13,0.8710005079
高钾,P2O5,SnO2,14,0.9816828849
高钾,P2O5,SnO2,16,1
高钾,P2O5,SnO2,18,0.3333333333
高钾,P2O5,SnO2,21,0.8863049096
高钾,P2O5,SnO2,22,0.9760956175
高钾,P2O5,SnO2,27,0.9597090095
高钾,P2O5,SO2,01,0.6436657848
高钾,P2O5,SO2,03部位1,0.9285327558
高钾,P2O5,SO2,03部位2,0.9245283019
高钾,P2O5,SO2,04,0.6473179757
高钾,P2O5,SO2,05,0.5807298606
高钾,P2O5,SO2,06部位1,0.6722853783
高钾,P2O5,SO2,06部位2,0.65583174
高钾,P2O5,SO2,07,0.9335873707
高钾,P2O5,SO2,09,0.9607843137
高钾,P2O5,SO2,10,1
高钾,P2O5,SO2,12,0.9828080229
高钾,P2O5,SO2,13,0.8710005079
高钾,P2O5,SO2,14,0.9816828849
高钾,P2O5,SO2,16,1
高钾,P2O5,SO2,18,0.8631102164
高钾,P2O5,SO2,21,0.8863049096
高钾,P2O5,SO2,22,0.9760956175
高钾,P2O5,SO2,27,0.9597090095
高钾,SrO,SiO2,01,0.8953594252
高钾,SrO,SiO2,03部位1,0.8720367993
高钾,SrO,SiO2,03部位2,0.7347044957
高钾,SrO,SiO2,04,0.9000460777
高钾,SrO,SiO2,05,0.8508726044
高钾,SrO,SiO2,06部位1,0.7155174358
高钾,SrO,SiO2,06部位2,0.6861922513
高钾,SrO,SiO2,07,0.8649420423
高钾,SrO,SiO2,09,0.8619384384
高钾,SrO,SiO2,10,0.8597523427
高钾,SrO,SiO2,12,0.862853642
高钾,SrO,SiO2,13,0.909526294
高钾,SrO,SiO2,14,0.9047268565
高钾,SrO,SiO2,16,0.9292192536
高钾,SrO,SiO2,18,0.8391829299
高钾,SrO,SiO2,21,0.8855357867
高钾,SrO,SiO2,22,0.8652952994
高钾,SrO,SiO2,27,0.8648285566
高钾,SrO,Na2O,01,1
高钾,SrO,Na2O,03部位1,1
高钾,SrO,Na2O,03部位2,0.6825396825
高钾,SrO,Na2O,04,1
高钾,SrO,Na2O,05,0.7818181818
高钾,SrO,Na2O,06部位1,0.6615384615
高钾,SrO,Na2O,06部位2,0.6417910448
高钾,SrO,Na2O,07,1
高钾,SrO,Na2O,09,1
高钾,SrO,Na2O,10,1
高钾,SrO,Na2O,12,1
高钾,SrO,Na2O,13,0.556327759
高钾,SrO,Na2O,14,0.5148000345
高钾,SrO,Na2O,16,0.7145248057
高钾,SrO,Na2O,18,0.7543859649
高钾,SrO,Na2O,21,1
高钾,SrO,Na2O,22,1
高钾,SrO,Na2O,27,1
高钾,SrO,K2O,01,0.832210538
高钾,SrO,K2O,03部位1,0.9051862569
高钾,SrO,K2O,03部位2,0.8227311295
高钾,SrO,K2O,04,0.8367075376
高钾,SrO,K2O,05,0.9451117278
高钾,SrO,K2O,06部位1,0.7337371075
高钾,SrO,K2O,06部位2,0.7126866799
高钾,SrO,K2O,07,1
高钾,SrO,K2O,09,0.9882326896
高钾,SrO,K2O,10,0.981770952
高钾,SrO,K2O,12,0.9800232996
高钾,SrO,K2O,13,0.7981600834
高钾,SrO,K2O,14,0.8013873771
高钾,SrO,K2O,16,0.9033445456
高钾,SrO,K2O,18,0.8806955427
高钾,SrO,K2O,21,1
高钾,SrO,K2O,22,0.9852850231
高钾,SrO,K2O,27,1
高钾,SrO,CaO,01,0.8248351594
高钾,SrO,CaO,03部位1,0.9367333642
高钾,SrO,CaO,03部位2,0.7887221293
高钾,SrO,CaO,04,0.8069430021
高钾,SrO,CaO,05,0.9689016946
高钾,SrO,CaO,06部位1,0.6615384615
高钾,SrO,CaO,06部位2,0.7265574075
高钾,SrO,CaO,07,0.965293883
高钾,SrO,CaO,09,0.9795920383
高钾,SrO,CaO,10,0.9929930631
高钾,SrO,CaO,12,0.9763781853
高钾,SrO,CaO,13,0.7737927161
高钾,SrO,CaO,14,0.7833657539
高钾,SrO,CaO,16,0.9158847154
高钾,SrO,CaO,18,0.7543859649
高钾,SrO,CaO,21,0.8633606322
高钾,SrO,CaO,22,0.9471679137
高钾,SrO,CaO,27,0.9693814067
高钾,SrO,MgO,01,0.8747462532
高钾,SrO,MgO,03部位1,1
高钾,SrO,MgO,03部位2,0.779771301
高钾,SrO,MgO,04,0.7957018819
高钾,SrO,MgO,05,0.9879030291
高钾,SrO,MgO,06部位1,0.8433479076
高钾,SrO,MgO,06部位2,0.7852942317
高钾,SrO,MgO,07,1
高钾,SrO,MgO,09,1
高钾,SrO,MgO,10,1
高钾,SrO,MgO,12,1
高钾,SrO,MgO,13,1
高钾,SrO,MgO,14,0.9020175478
高钾,SrO,MgO,16,0.9087088524
高钾,SrO,MgO,18,0.9313008691
高钾,SrO,MgO,21,0.8327827958
高钾,SrO,MgO,22,0.9047037627
高钾,SrO,MgO,27,0.9183784519
高钾,SrO,Al2O3,01,0.9087502264
高钾,SrO,Al2O3,03部位1,0.9060154727
高钾,SrO,Al2O3,03部位2,0.7549505619
高钾,SrO,Al2O3,04,0.8587056206
高钾,SrO,Al2O3,05,0.9195883555
高钾,SrO,Al2O3,06部位1,0.8151667257
高钾,SrO,Al2O3,06部位2,0.7684270047
高钾,SrO,Al2O3,07,0.9518466096
高钾,SrO,Al2O3,09,0.9673740564
高钾,SrO,Al2O3,10,0.9797239453
高钾,SrO,Al2O3,12,0.9640381688
高钾,SrO,Al2O3,13,0.8640134574
高钾,SrO,Al2O3,14,0.8091737201
高钾,SrO,Al2O3,16,0.9726243905
高钾,SrO,Al2O3,18,0.8015047695
高钾,SrO,Al2O3,21,0.8634416241
高钾,SrO,Al2O3,22,0.9179147533
高钾,SrO,Al2O3,27,0.9397338686
高钾,SrO,Fe2O3,01,0.8595766316
高钾,SrO,Fe2O3,03部位1,1
高钾,SrO,Fe2O3,03部位2,0.792191951
高钾,SrO,Fe2O3,04,0.8379369213
高钾,SrO,Fe2O3,05,0.9679738265
高钾,SrO,Fe2O3,06部位1,0.7768571533
高钾,SrO,Fe2O3,06部位2,0.9911411369
高钾,SrO,Fe2O3,07,0.984289952
高钾,SrO,Fe2O3,09,0.9708324598
高钾,SrO,Fe2O3,10,0.9761710552
高钾,SrO,Fe2O3,12,0.9734944384
高钾,SrO,Fe2O3,13,0.7871569939
高钾,SrO,Fe2O3,14,0.9551613742
高钾,SrO,Fe2O3,16,0.8721331073
高钾,SrO,Fe2O3,18,0.7543859649
高钾,SrO,Fe2O3,21,0.8179877276
高钾,SrO,Fe2O3,22,0.9681849997
高钾,SrO,Fe2O3,27,0.9815686889
高钾,SrO,CuO,01,0.8117154812
高钾,SrO,CuO,03部位1,0.9553366926
高钾,SrO,CuO,03部位2,0.8620440219
高钾,SrO,CuO,04,0.8844359627
高钾,SrO,CuO,05,0.9232982844
高钾,SrO,CuO,06部位1,0.7346543373
高钾,SrO,CuO,06部位2,0.7005374538
高钾,SrO,CuO,07,0.8373820518
高钾,SrO,CuO,09,0.9149939673
高钾,SrO,CuO,10,0.9520657384
高钾,SrO,CuO,12,0.9100032726
高钾,SrO,CuO,13,0.7791164659
高钾,SrO,CuO,14,0.9726011426
高钾,SrO,CuO,16,0.8913345443
高钾,SrO,CuO,18,0.7543859649
高钾,SrO,CuO,21,0.8357042677
高钾,SrO,CuO,22,0.968086341
高钾,SrO,CuO,27,0.9154960492
高钾,SrO,PbO,01,1
高钾,SrO,PbO,03部位1,0.8947013731
高钾,SrO,PbO,03部位2,0.834262823
高钾,SrO,PbO,04,1
高钾,SrO,PbO,05,0.7818181818
高钾,SrO,PbO,06部位1,0.705479907
高钾,SrO,PbO,06部位2,0.7176836273
高钾,SrO,PbO,07,1
高钾,SrO,PbO,09,1
高钾,SrO,PbO,10,1
高钾,SrO,PbO,12,1
高钾,SrO,PbO,13,1
高钾,SrO,PbO,14,0.567330805
高钾,SrO,PbO,16,0.8816302814
高钾,SrO,PbO,18,0.7543859649
高钾,SrO,PbO,21,0.679918059
高钾,SrO,PbO,22,1
高钾,SrO,PbO,27,1
高钾,SrO,BaO,01,1
高钾,SrO,BaO,03部位1,1
高钾,SrO,BaO,03部位2,0.6843551891
高钾,SrO,BaO,04,1
高钾,SrO,BaO,05,0.7818181818
高钾,SrO,BaO,06部位1,0.9392759355
高钾,SrO,BaO,06部位2,0.8038848097
高钾,SrO,BaO,07,1
高钾,SrO,BaO,09,1
高钾,SrO,BaO,10,1
高钾,SrO,BaO,12,1
高钾,SrO,BaO,13,1
高钾,SrO,BaO,14,1
高钾,SrO,BaO,16,0.8431372549
高钾,SrO,BaO,18,0.7543859649
高钾,SrO,BaO,21,0.6104717839
高钾,SrO,BaO,22,1
高钾,SrO,BaO,27,1
高钾,SrO,P2O5,01,0.8718412146
高钾,SrO,P2O5,03部位1,0.9234276565
高钾,SrO,P2O5,03部位2,0.7261273754
高钾,SrO,P2O5,04,0.9097070623
高钾,SrO,P2O5,05,0.8613494941
高钾,SrO,P2O5,06部位1,0.9866370815
高钾,SrO,P2O5,06部位2,0.9928151779
高钾,SrO,P2O5,07,0.9288156559
高钾,SrO,P2O5,09,0.9578785217
高钾,SrO,P2O5,10,1
高钾,SrO,P2O5,12,0.9815027191
高钾,SrO,P2O5,13,0.8623947645
高钾,SrO,P2O5,14,0.9802938677
高钾,SrO,P2O5,16,0.8431372549
高钾,SrO,P2O5,18,0.8660167343
高钾,SrO,P2O5,21,0.8785778151
高钾,SrO,P2O5,22,0.9742940032
高钾,SrO,P2O5,27,0.9567271285
高钾,SrO,SnO2,01,1
高钾,SrO,SnO2,03部位1,1
高钾,SrO,SnO2,03部位2,0.6825396825
高钾,SrO,SnO2,04,1
高钾,SrO,SnO2,05,0.7818181818
高钾,SrO,SnO2,06部位1,0.6615384615
高钾,SrO,SnO2,06部位2,0.6417910448
高钾,SrO,SnO2,07,1
高钾,SrO,SnO2,09,1
高钾,SrO,SnO2,10,1
高钾,SrO,SnO2,12,1
高钾,SrO,SnO2,13,1
高钾,SrO,SnO2,14,1
高钾,SrO,SnO2,16,0.8431372549
高钾,SrO,SnO2,18,0.3333333333
高钾,SrO,SnO2,21,1
高钾,SrO,SnO2,22,1
高钾,SrO,SnO2,27,1
高钾,SrO,SO2,01,0.5735840805
高钾,SrO,SO2,03部位1,1
高钾,SrO,SO2,03部位2,0.6825396825
高钾,SrO,SO2,04,0.5930364006
高钾,SrO,SO2,05,0.6184862061
高钾,SrO,SO2,06部位1,0.6615384615
高钾,SrO,SO2,06部位2,0.6417910448
高钾,SrO,SO2,07,1
高钾,SrO,SO2,09,1
高钾,SrO,SO2,10,1
高钾,SrO,SO2,12,1
高钾,SrO,SO2,13,1
高钾,SrO,SO2,14,1
高钾,SrO,SO2,16,0.8431372549
高钾,SrO,SO2,18,0.7543859649
高钾,SrO,SO2,21,1
高钾,SrO,SO2,22,1
高钾,SrO,SO2,27,1
高钾,SnO2,SiO2,01,0.9086711675
高钾,SnO2,SiO2,03部位1,0.8879441845
高钾,SnO2,SiO2,03部位2,0.9178847779
高钾,SnO2,SiO2,04,0.9128196645
高钾,SnO2,SiO2,05,0.9180435868
高钾,SnO2,SiO2,06部位1,0.9106865845
高钾,SnO2,SiO2,06部位2,0.9202113113
高钾,SnO2,SiO2,07,0.8816116561
高钾,SnO2,SiO2,09,0.8789268809
高钾,SnO2,SiO2,10,0.8769713883
高钾,SnO2,SiO2,12,0.8797451807
高钾,SnO2,SiO2,13,0.9211944365
高钾,SnO2,SiO2,14,0.9169574552
高钾,SnO2,SiO2,16,0.9136660154
高钾,SnO2,SiO2,18,0.3466437177
高钾,SnO2,SiO2,21,0.8999575981
高钾,SnO2,SiO2,22,0.8819272641
高钾,SnO2,SiO2,27,0.8815102586
高钾,SnO2,Na2O,01,1
高钾,SnO2,Na2O,03部位1,1
高钾,SnO2,Na2O,03部位2,1
高钾,SnO2,Na2O,04,1
高钾,SnO2,Na2O,05,1
高钾,SnO2,Na2O,06部位1,1
高钾,SnO2,Na2O,06部位2,1
高钾,SnO2,Na2O,07,1
高钾,SnO2,Na2O,09,1
高钾,SnO2,Na2O,10,1
高钾,SnO2,Na2O,12,1
高钾,SnO2,Na2O,13,0.5931721195
高钾,SnO2,Na2O,14,0.5523178808
高钾,SnO2,Na2O,16,0.6650717703
高钾,SnO2,Na2O,18,0.3333333333
高钾,SnO2,Na2O,21,1
高钾,SnO2,Na2O,22,1
高钾,SnO2,Na2O,27,1
高钾,SnO2,K2O,01,0.8522298647
高钾,SnO2,K2O,03部位1,0.9173632673
高钾,SnO2,K2O,03部位2,0.8232478388
高钾,SnO2,K2O,04,0.8562829754
高钾,SnO2,K2O,05,0.8402975279
高钾,SnO2,K2O,06部位1,0.8865892129
高钾,SnO2,K2O,06部位2,0.8823799678
高钾,SnO2,K2O,07,1
高钾,SnO2,K2O,09,0.9898634138
高钾,SnO2,K2O,10,0.9842829077
高钾,SnO2,K2O,12,0.982771855
高钾,SnO2,K2O,13,0.8213700192
高钾,SnO2,K2O,14,0.8243078904
高钾,SnO2,K2O,16,0.7987107507
高钾,SnO2,K2O,18,0.3525470399
高钾,SnO2,K2O,21,1
高钾,SnO2,K2O,22,0.9873189958
高钾,SnO2,K2O,27,1
高钾,SnO2,CaO,01,0.8455711668
高钾,SnO2,CaO,03部位1,0.9451044654
高钾,SnO2,CaO,03部位2,0.8549722051
高钾,SnO2,CaO,04,0.8293588975
高钾,SnO2,CaO,05,0.8248122989
高钾,SnO2,CaO,06部位1,1
高钾,SnO2,CaO,06部位2,0.8648006997
高钾,SnO2,CaO,07,0.9700070077
高钾,SnO2,CaO,09,0.9823988644
高钾,SnO2,CaO,10,0.9939681172
高钾,SnO2,CaO,12,0.9796178344
高钾,SnO2,CaO,13,0.7990994112
高钾,SnO2,CaO,14,0.8078673982
高钾,SnO2,CaO,16,0.8071137026
高钾,SnO2,CaO,18,0.3333333333
高钾,SnO2,CaO,21,0.8801983976
高钾,SnO2,CaO,22,0.9542258376
高钾,SnO2,CaO,27,0.973554649
高钾,SnO2,MgO,01,0.8903591682
高钾,SnO2,MgO,03部位1,1
高钾,SnO2,MgO,03部位2,0.8642201835
高钾,SnO2,MgO,04,0.8191304348
高钾,SnO2,MgO,05,0.7996604414
高钾,SnO2,MgO,06部位1,0.7810945274
高钾,SnO2,MgO,06部位2,0.803297328
高钾,SnO2,MgO,07,1
高钾,SnO2,MgO,09,1
高钾,SnO2,MgO,10,1
高钾,SnO2,MgO,12,1
高钾,SnO2,MgO,13,1
高钾,SnO2,MgO,14,0.9145631068
高钾,SnO2,MgO,16,0.9314436388
高钾,SnO2,MgO,18,0.3592677346
高钾,SnO2,MgO,21,0.8527459264
高钾,SnO2,MgO,22,0.9169370539
高钾,SnO2,MgO,27,0.9289940828
高钾,SnO2,Al2O3,01,0.9205097087
高钾,SnO2,Al2O3,03部位1,0.9180956224
高钾,SnO2,Al2O3,03部位2,0.8921780043
高钾,SnO2,Al2O3,04,0.8760346487
高钾,SnO2,Al2O3,05,0.8585172609
高钾,SnO2,Al2O3,06部位1,0.8032121426
高钾,SnO2,Al2O3,06部位2,0.8191144708
高钾,SnO2,Al2O3,07,0.958307012
高钾,SnO2,Al2O3,09,0.9718129404
高钾,SnO2,Al2O3,10,0.9825129534
高钾,SnO2,Al2O3,12,0.9689163296
高钾,SnO2,Al2O3,13,0.880781885
高钾,SnO2,Al2O3,14,0.8313847278
高钾,SnO2,Al2O3,16,0.8804410911
高钾,SnO2,Al2O3,18,0.340949955
高钾,SnO2,Al2O3,21,0.880270793
高钾,SnO2,Al2O3,22,0.9285860029
高钾,SnO2,Al2O3,27,0.9477301125
高钾,SnO2,Fe2O3,01,0.8768141593
高钾,SnO2,Fe2O3,03部位1,1
高钾,SnO2,Fe2O3,03部位2,0.8514953592
高钾,SnO2,Fe2O3,04,0.8573901004
高钾,SnO2,Fe2O3,05,0.8253915362
高钾,SnO2,Fe2O3,06部位1,0.8382402707
高钾,SnO2,Fe2O3,06部位2,0.6721845319
高钾,SnO2,Fe2O3,07,0.9864595779
高钾,SnO2,Fe2O3,09,0.9748130657
高钾,SnO2,Fe2O3,10,0.9794385132
高钾,SnO2,Fe2O3,12,0.9771203156
高钾,SnO2,Fe2O3,13,0.811333115
高钾,SnO2,Fe2O3,14,0.9611951882
高钾,SnO2,Fe2O3,16,0.9672003124
高钾,SnO2,Fe2O3,18,0.3333333333
高钾,SnO2,Fe2O3,21,0.8393764825
高钾,SnO2,Fe2O3,22,0.9725166863
高钾,SnO2,Fe2O3,27,0.9841080652
高钾,SnO2,CuO,01,0.8336914482
高钾,SnO2,CuO,03部位1,0.9613478692
高钾,SnO2,CuO,03部位2,0.7921600653
高钾,SnO2,CuO,04,0.8989805375
高钾,SnO2,CuO,05,0.8557565064
高钾,SnO2,CuO,06部位1,0.8854404382
高钾,SnO2,CuO,06部位2,0.8989805375
高钾,SnO2,CuO,07,0.8568904594
高钾,SnO2,CuO,09,0.9260143198
高钾,SnO2,CuO,10,0.9584980237
高钾,SnO2,CuO,12,0.9216152019
高钾,SnO2,CuO,13,0.8039784501
高钾,SnO2,CuO,14,0.9763462506
高钾,SnO2,CuO,16,0.947728383
高钾,SnO2,CuO,18,0.3333333333
高钾,SnO2,CuO,21,0.8553791887
高钾,SnO2,CuO,22,0.9724310777
高钾,SnO2,CuO,27,0.9264565425
高钾,SnO2,PbO,01,1
高钾,SnO2,PbO,03部位1,0.9080882353
高钾,SnO2,PbO,03部位2,0.6365979381
高钾,SnO2,PbO,04,1
高钾,SnO2,PbO,05,1
高钾,SnO2,PbO,06部位1,0.925093633
高钾,SnO2,PbO,06部位2,0.8758865248
高钾,SnO2,PbO,07,1
高钾,SnO2,PbO,09,1
高钾,SnO2,PbO,10,1
高钾,SnO2,PbO,12,1
高钾,SnO2,PbO,13,1
高钾,SnO2,PbO,14,0.6039119804
高钾,SnO2,PbO,16,0.9573643411
高钾,SnO2,PbO,18,0.3333333333
高钾,SnO2,PbO,21,0.711815562
高钾,SnO2,PbO,22,1
高钾,SnO2,PbO,27,1
高钾,SnO2,BaO,01,1
高钾,SnO2,BaO,03部位1,1
高钾,SnO2,BaO,03部位2,0.5565891473
高钾,SnO2,BaO,04,1
高钾,SnO2,BaO,05,1
高钾,SnO2,BaO,06部位1,0.722334004
高钾,SnO2,BaO,06部位2,0.7872807018
高钾,SnO2,BaO,07,1
高钾,SnO2,BaO,09,1
高钾,SnO2,BaO,10,1
高钾,SnO2,BaO,12,1
高钾,SnO2,BaO,13,1
高钾,SnO2,BaO,14,1
高钾,SnO2,BaO,16,1
高钾,SnO2,BaO,18,0.3333333333
高钾,SnO2,BaO,21,0.6456834532
高钾,SnO2,BaO,22,1
高钾,SnO2,BaO,27,1
高钾,SnO2,P2O5,01,0.8877697842
高钾,SnO2,P2O5,03部位1,0.9334341906
高钾,SnO2,P2O5,03部位2,0.9296835761
高钾,SnO2,P2O5,04,0.9213539074
高钾,SnO2,P2O5,05,0.9077979402
高钾,SnO2,P2O5,06部位1,0.6888723483
高钾,SnO2,P2O5,06部位2,0.6728462377
高钾,SnO2,P2O5,07,0.9381652306
高钾,SnO2,P2O5,09,0.9635606455
高钾,SnO2,P2O5,10,1
高钾,SnO2,P2O5,12,0.9840510367
高钾,SnO2,P2O5,13,0.8793349169
高钾,SnO2,P2O5,14,0.9830058417
高钾,SnO2,P2O5,16,1
高钾,SnO2,P2O5,18,0.3505017989
高钾,SnO2,P2O5,21,0.8937711251
高钾,SnO2,P2O5,22,0.9778129952
高钾,SnO2,P2O5,27,0.9625585023
高钾,SnO2,SrO,01,1
高钾,SnO2,SrO,03部位1,1
高钾,SnO2,SrO,03部位2,0.7142857143
高钾,SnO2,SrO,04,1
高钾,SnO2,SrO,05,0.8064516129
高钾,SnO2,SrO,06部位1,0.6944444444
高钾,SnO2,SrO,06部位2,0.6756756757
高钾,SnO2,SrO,07,1
高钾,SnO2,SrO,09,1
高钾,SnO2,SrO,10,1
高钾,SnO2,SrO,12,1
高钾,SnO2,SrO,13,1
高钾,SnO2,SrO,14,1
高钾,SnO2,SrO,16,0.8620689655
高钾,SnO2,SrO,18,0.3676470588
高钾,SnO2,SrO,21,1
高钾,SnO2,SrO,22,1
高钾,SnO2,SrO,27,1
高钾,SnO2,SO2,01,0.61
高钾,SnO2,SO2,03部位1,1
高钾,SnO2,SO2,03部位2,1
高钾,SnO2,SO2,04,0.6288659794
高钾,SnO2,SO2,05,0.5648148148
高钾,SnO2,SO2,06部位1,1
高钾,SnO2,SO2,06部位2,1
高钾,SnO2,SO2,07,1
高钾,SnO2,SO2,09,1
高钾,SnO2,SO2,10,1
高钾,SnO2,SO2,12,1
高钾,SnO2,SO2,13,1
高钾,SnO2,SO2,14,1
高钾,SnO2,SO2,16,1
高钾,SnO2,SO2,18,0.3333333333
高钾,SnO2,SO2,21,1
高钾,SnO2,SO2,22,1
高钾,SnO2,SO2,27,1
高钾,SO2,SiO2,01,0.6498417692
高钾,SO2,SiO2,03部位1,0.8879441845
高钾,SO2,SiO2,03部位2,0.9178847779
高钾,SO2,SiO2,04,0.6690496886
高钾,SO2,SiO2,05,0.5948065407
高钾,SO2,SiO2,06部位1,0.9106865845
高钾,SO2,SiO2,06部位2,0.9202113113
高钾,SO2,SiO2,07,0.8816116561
高钾,SO2,SiO2,09,0.8789268809
高钾,SO2,SiO2,10,0.8769713883
高钾,SO2,SiO2,12,0.8797451807
高钾,SO2,SiO2,13,0.9211944365
高钾,SO2,SiO2,14,0.9169574552
高钾,SO2,SiO2,16,0.9136660154
高钾,SO2,SiO2,18,0.8967052538
高钾,SO2,SiO2,21,0.8999575981
高钾,SO2,SiO2,22,0.8819272641
高钾,SO2,SiO2,27,0.8815102586
高钾,SO2,Na2O,01,0.61
高钾,SO2,Na2O,03部位1,1
高钾,SO2,Na2O,03部位2,1
高钾,SO2,Na2O,04,0.6288659794
高钾,SO2,Na2O,05,0.5648148148
高钾,SO2,Na2O,06部位1,1
高钾,SO2,Na2O,06部位2,1
高钾,SO2,Na2O,07,1
高钾,SO2,Na2O,09,1
高钾,SO2,Na2O,10,1
高钾,SO2,Na2O,12,1
高钾,SO2,Na2O,13,0.5931721195
高钾,SO2,Na2O,14,0.5523178808
高钾,SO2,Na2O,16,0.6650717703
高钾,SO2,Na2O,18,1
高钾,SO2,Na2O,21,1
高钾,SO2,Na2O,22,1
高钾,SO2,Na2O,27,1
高钾,SO2,K2O,01,0.682150614
高钾,SO2,K2O,03部位1,0.9173632673
高钾,SO2,K2O,03部位2,0.8232478388
高钾,SO2,K2O,04,0.7030738469
高钾,SO2,K2O,05,0.6327363367
高钾,SO2,K2O,06部位1,0.8865892129
高钾,SO2,K2O,06部位2,0.8823799678
高钾,SO2,K2O,07,1
高钾,SO2,K2O,09,0.9898634138
高钾,SO2,K2O,10,0.9842829077
高钾,SO2,K2O,12,0.982771855
高钾,SO2,K2O,13,0.8213700192
高钾,SO2,K2O,14,0.8243078904
高钾,SO2,K2O,16,0.7987107507
高钾,SO2,K2O,18,0.8594763929
高钾,SO2,K2O,21,1
高钾,SO2,K2O,22,0.9873189958
高钾,SO2,K2O,27,1
高钾,SO2,CaO,01,0.6864776356
高钾,SO2,CaO,03部位1,0.9451044654
高钾,SO2,CaO,03部位2,0.8549722051
高钾,SO2,CaO,04,0.7223276353
高钾,SO2,CaO,05,0.6418094917
高钾,SO2,CaO,06部位1,1
高钾,SO2,CaO,06部位2,0.8648006997
高钾,SO2,CaO,07,0.9700070077
高钾,SO2,CaO,09,0.9823988644
高钾,SO2,CaO,10,0.9939681172
高钾,SO2,CaO,12,0.9796178344
高钾,SO2,CaO,13,0.7990994112
高钾,SO2,CaO,14,0.8078673982
高钾,SO2,CaO,16,0.8071137026
高钾,SO2,CaO,18,1
高钾,SO2,CaO,21,0.8801983976
高钾,SO2,CaO,22,0.9542258376
高钾,SO2,CaO,27,0.973554649
高钾,SO2,MgO,01,0.6595427207
高钾,SO2,MgO,03部位1,1
高钾,SO2,MgO,03部位2,0.8642201835
高钾,SO2,MgO,04,0.7302696795
高钾,SO2,MgO,05,0.6579116098
高钾,SO2,MgO,06部位1,0.7810945274
高钾,SO2,MgO,06部位2,0.803297328
高钾,SO2,MgO,07,1
高钾,SO2,MgO,09,1
高钾,SO2,MgO,10,1
高钾,SO2,MgO,12,1
高钾,SO2,MgO,13,1
高钾,SO2,MgO,14,0.9145631068
高钾,SO2,MgO,16,0.9314436388
高钾,SO2,MgO,18,0.8219895288
高钾,SO2,MgO,21,0.8527459264
高钾,SO2,MgO,22,0.9169370539
高钾,SO2,MgO,27,0.9289940828
高钾,SO2,Al2O3,01,0.6439193092
高钾,SO2,Al2O3,03部位1,0.9180956224
高钾,SO2,Al2O3,03部位2,0.8921780043
高钾,SO2,Al2O3,04,0.6902947312
高钾,SO2,Al2O3,05,0.6227841116
高钾,SO2,Al2O3,06部位1,0.8032121426
高钾,SO2,Al2O3,06部位2,0.8191144708
高钾,SO2,Al2O3,07,0.958307012
高钾,SO2,Al2O3,09,0.9718129404
高钾,SO2,Al2O3,10,0.9825129534
高钾,SO2,Al2O3,12,0.9689163296
高钾,SO2,Al2O3,13,0.880781885
高钾,SO2,Al2O3,14,0.8313847278
高钾,SO2,Al2O3,16,0.8804410911
高钾,SO2,Al2O3,18,0.9371911038
高钾,SO2,Al2O3,21,0.880270793
高钾,SO2,Al2O3,22,0.9285860029
高钾,SO2,Al2O3,27,0.9477301125
高钾,SO2,Fe2O3,01,0.6671773994
高钾,SO2,Fe2O3,03部位1,1
高钾,SO2,Fe2O3,03部位2,0.8514953592
高钾,SO2,Fe2O3,04,0.7023292135
高钾,SO2,Fe2O3,05,0.6414592107
高钾,SO2,Fe2O3,06部位1,0.8382402707
高钾,SO2,Fe2O3,06部位2,0.6721845319
高钾,SO2,Fe2O3,07,0.9864595779
高钾,SO2,Fe2O3,09,0.9748130657
高钾,SO2,Fe2O3,10,0.9794385132
高钾,SO2,Fe2O3,12,0.9771203156
高钾,SO2,Fe2O3,13,0.811333115
高钾,SO2,Fe2O3,14,0.9611951882
高钾,SO2,Fe2O3,16,0.9672003124
高钾,SO2,Fe2O3,18,1
高钾,SO2,Fe2O3,21,0.8393764825
高钾,SO2,Fe2O3,22,0.9725166863
高钾,SO2,Fe2O3,27,0.9841080652
高钾,SO2,CuO,01,0.6945120985
高钾,SO2,CuO,03部位1,0.9613478692
高钾,SO2,CuO,03部位2,0.7921600653
高钾,SO2,CuO,04,0.6766848504
高钾,SO2,CuO,05,0.6242450138
高钾,SO2,CuO,06部位1,0.8854404382
高钾,SO2,CuO,06部位2,0.8989805375
高钾,SO2,CuO,07,0.8568904594
高钾,SO2,CuO,09,0.9260143198
高钾,SO2,CuO,10,0.9584980237
高钾,SO2,CuO,12,0.9216152019
高钾,SO2,CuO,13,0.8039784501
高钾,SO2,CuO,14,0.9763462506
高钾,SO2,CuO,16,0.947728383
高钾,SO2,CuO,18,1
高钾,SO2,CuO,21,0.8553791887
高钾,SO2,CuO,22,0.9724310777
高钾,SO2,CuO,27,0.9264565425
高钾,SO2,PbO,01,0.61
高钾,SO2,PbO,03部位1,0.9080882353
高钾,SO2,PbO,03部位2,0.6365979381
高钾,SO2,PbO,04,0.6288659794
高钾,SO2,PbO,05,0.5648148148
高钾,SO2,PbO,06部位1,0.925093633
高钾,SO2,PbO,06部位2,0.8758865248
高钾,SO2,PbO,07,1
高钾,SO2,PbO,09,1
高钾,SO2,PbO,10,1
高钾,SO2,PbO,12,1
高钾,SO2,PbO,13,1
高钾,SO2,PbO,14,0.6039119804
高钾,SO2,PbO,16,0.9573643411
高钾,SO2,PbO,18,1
高钾,SO2,PbO,21,0.711815562
高钾,SO2,PbO,22,1
高钾,SO2,PbO,27,1
高钾,SO2,BaO,01,0.61
高钾,SO2,BaO,03部位1,1
高钾,SO2,BaO,03部位2,0.5565891473
高钾,SO2,BaO,04,0.6288659794
高钾,SO2,BaO,05,0.5648148148
高钾,SO2,BaO,06部位1,0.722334004
高钾,SO2,BaO,06部位2,0.7872807018
高钾,SO2,BaO,07,1
高钾,SO2,BaO,09,1
高钾,SO2,BaO,10,1
高钾,SO2,BaO,12,1
高钾,SO2,BaO,13,1
高钾,SO2,BaO,14,1
高钾,SO2,BaO,16,1
高钾,SO2,BaO,18,1
高钾,SO2,BaO,21,0.6456834532
高钾,SO2,BaO,22,1
高钾,SO2,BaO,27,1
高钾,SO2,P2O5,01,0.6609708124
高钾,SO2,P2O5,03部位1,0.9334341906
高钾,SO2,P2O5,03部位2,0.9296835761
高钾,SO2,P2O5,04,0.6645380763
高钾,SO2,P2O5,05,0.5991880705
高钾,SO2,P2O5,06部位1,0.6888723483
高钾,SO2,P2O5,06部位2,0.6728462377
高钾,SO2,P2O5,07,0.9381652306
高钾,SO2,P2O5,09,0.9635606455
高钾,SO2,P2O5,10,1
高钾,SO2,P2O5,12,0.9840510367
高钾,SO2,P2O5,13,0.8793349169
高钾,SO2,P2O5,14,0.9830058417
高钾,SO2,P2O5,16,1
高钾,SO2,P2O5,18,0.8718794159
高钾,SO2,P2O5,21,0.8937711251
高钾,SO2,P2O5,22,0.9778129952
高钾,SO2,P2O5,27,0.9625585023
高钾,SO2,SrO,01,0.61
高钾,SO2,SrO,03部位1,1
高钾,SO2,SrO,03部位2,0.7142857143
高钾,SO2,SrO,04,0.6288659794
高钾,SO2,SrO,05,0.6533847472
高钾,SO2,SrO,06部位1,0.6944444444
高钾,SO2,SrO,06部位2,0.6756756757
高钾,SO2,SrO,07,1
高钾,SO2,SrO,09,1
高钾,SO2,SrO,10,1
高钾,SO2,SrO,12,1
高钾,SO2,SrO,13,1
高钾,SO2,SrO,14,1
高钾,SO2,SrO,16,0.8620689655
高钾,SO2,SrO,18,0.78125
高钾,SO2,SrO,21,1
高钾,SO2,SrO,22,1
高钾,SO2,SrO,27,1
高钾,SO2,SnO2,01,0.61
高钾,SO2,SnO2,03部位1,1
高钾,SO2,SnO2,03部位2,1
高钾,SO2,SnO2,04,0.6288659794
高钾,SO2,SnO2,05,0.5648148148
高钾,SO2,SnO2,06部位1,1
高钾,SO2,SnO2,06部位2,1
高钾,SO2,SnO2,07,1
高钾,SO2,SnO2,09,1
高钾,SO2,SnO2,10,1
高钾,SO2,SnO2,12,1
高钾,SO2,SnO2,13,1
高钾,SO2,SnO2,14,1
高钾,SO2,SnO2,16,1
高钾,SO2,SnO2,18,0.3333333333
高钾,SO2,SnO2,21,1
高钾,SO2,SnO2,22,1
高钾,SO2,SnO2,27,1
铅钡,SiO2,Na2O,02,0.9192404148
铅钡,SiO2,Na2O,08,0.953642566
铅钡,SiO2,Na2O,08严重风化点,0.9892661461
铅钡,SiO2,Na2O,11,0.9248006975
铅钡,SiO2,Na2O,19,0.9330884234
铅钡,SiO2,Na2O,20,0.9170267992
铅钡,SiO2,Na2O,23未风化点,0.5894357596
铅钡,SiO2,Na2O,24,0.9282446876
铅钡,SiO2,Na2O,25未风化点,0.8944599172
铅钡,SiO2,Na2O,26,0.9544171335
铅钡,SiO2,Na2O,26严重风化点,0.9913884831
铅钡,SiO2,Na2O,28未风化点,0.8582400623
铅钡,SiO2,Na2O,29未风化点,0.9457091298
铅钡,SiO2,Na2O,30部位1,0.9232436815
铅钡,SiO2,Na2O,30部位2,0.9179068676
铅钡,SiO2,Na2O,31,0.8621441154
铅钡,SiO2,Na2O,32,0.8553307001
铅钡,SiO2,Na2O,33,0.8451364284
铅钡,SiO2,Na2O,34,0.9202688601
铅钡,SiO2,Na2O,35,0.8621441154
铅钡,SiO2,Na2O,36,0.8807229005
铅钡,SiO2,Na2O,37,0.8727368743
铅钡,SiO2,Na2O,38,0.9400342182
铅钡,SiO2,Na2O,39,0.9403205456
铅钡,SiO2,Na2O,40,0.9612879726
铅钡,SiO2,Na2O,41,0.9573720003
铅钡,SiO2,Na2O,42未风化点1,0.6780272368
铅钡,SiO2,Na2O,42未风化点2,0.6810010747
铅钡,SiO2,Na2O,43部位1,0.9710475224
铅钡,SiO2,Na2O,43部位2,0.950205443
铅钡,SiO2,Na2O,44未风化点,0.8534304709
铅钡,SiO2,Na2O,45,0.8860328161
铅钡,SiO2,Na2O,46,0.8819257884
铅钡,SiO2,Na2O,47,0.73458109
铅钡,SiO2,Na2O,48,0.9562911926
铅钡,SiO2,Na2O,49,0.9348913173
铅钡,SiO2,Na2O,49未风化点,0.8830619545
铅钡,SiO2,Na2O,50,0.9584429167
铅钡,SiO2,Na2O,50未风化点,0.9016273493
铅钡,SiO2,Na2O,51部位1,0.9438596594
铅钡,SiO2,Na2O,51部位2,0.9509744349
铅钡,SiO2,Na2O,52,0.939361964
铅钡,SiO2,Na2O,53未风化点,0.8601768452
铅钡,SiO2,Na2O,54,0.9489338481
铅钡,SiO2,Na2O,54严重风化点,0.9603900716
铅钡,SiO2,Na2O,55,0.8593385806
铅钡,SiO2,Na2O,56,0.9341268889
铅钡,SiO2,Na2O,57,0.9421083591
铅钡,SiO2,Na2O,58,0.9315033994
铅钡,SiO2,K2O,02,0.67404619
铅钡,SiO2,K2O,08,0.953642566
铅钡,SiO2,K2O,08严重风化点,0.9892661461
铅钡,SiO2,K2O,11,0.9686182222
铅钡,SiO2,K2O,19,0.9330884234
铅钡,SiO2,K2O,20,0.7717929656
铅钡,SiO2,K2O,23未风化点,0.8846194573
铅钡,SiO2,K2O,24,0.9282446876
铅钡,SiO2,K2O,25未风化点,0.890711854
铅钡,SiO2,K2O,26,0.9544171335
铅钡,SiO2,K2O,26严重风化点,0.8274322619
铅钡,SiO2,K2O,28未风化点,0.977039642
铅钡,SiO2,K2O,29未风化点,0.9908826736
铅钡,SiO2,K2O,30部位1,0.5936618538
铅钡,SiO2,K2O,30部位2,0.9179068676
铅钡,SiO2,K2O,31,0.8621441154
铅钡,SiO2,K2O,32,0.9481293206
铅钡,SiO2,K2O,33,0.9078486398
铅钡,SiO2,K2O,34,0.9534071906
铅钡,SiO2,K2O,35,0.8621441154
铅钡,SiO2,K2O,36,0.9808080032
铅钡,SiO2,K2O,37,0.9799188788
铅钡,SiO2,K2O,38,0.9261752223
铅钡,SiO2,K2O,39,0.9403205456
铅钡,SiO2,K2O,40,0.9612879726
铅钡,SiO2,K2O,41,0.8371601331
铅钡,SiO2,K2O,42未风化点1,0.9591937216
铅钡,SiO2,K2O,42未风化点2,0.9384815545
铅钡,SiO2,K2O,43部位1,0.9710475224
铅钡,SiO2,K2O,43部位2,0.950205443
铅钡,SiO2,K2O,44未风化点,0.963068922
铅钡,SiO2,K2O,45,0.9185252486
铅钡,SiO2,K2O,46,0.9983761409
铅钡,SiO2,K2O,47,0.9686673386
铅钡,SiO2,K2O,48,0.9575416649
铅钡,SiO2,K2O,49,0.9348913173
铅钡,SiO2,K2O,49未风化点,0.9705622508
铅钡,SiO2,K2O,50,0.9584429167
铅钡,SiO2,K2O,50未风化点,0.9016273493
铅钡,SiO2,K2O,51部位1,0.9438596594
铅钡,SiO2,K2O,51部位2,0.9509744349
铅钡,SiO2,K2O,52,0.9414182769
铅钡,SiO2,K2O,53未风化点,0.9136687401
铅钡,SiO2,K2O,54,0.8929864286
铅钡,SiO2,K2O,54严重风化点,0.9603900716
铅钡,SiO2,K2O,55,0.8938090543
铅钡,SiO2,K2O,56,0.9341268889
铅钡,SiO2,K2O,57,0.9421083591
铅钡,SiO2,K2O,58,0.9000764045
铅钡,SiO2,CaO,02,0.9810424388
铅钡,SiO2,CaO,08,0.9814374989
铅钡,SiO2,CaO,08严重风化点,0.8806528136
铅钡,SiO2,CaO,11,0.9260866738
铅钡,SiO2,CaO,19,0.9410229404
铅钡,SiO2,CaO,20,0.9170267992
铅钡,SiO2,CaO,23未风化点,0.9030365638
铅钡,SiO2,CaO,24,0.9473009568
铅钡,SiO2,CaO,25未风化点,0.9143704817
铅钡,SiO2,CaO,26,0.9823952612
铅钡,SiO2,CaO,26严重风化点,0.885437199
铅钡,SiO2,CaO,28未风化点,0.906299057
铅钡,SiO2,CaO,29未风化点,0.9841098446
铅钡,SiO2,CaO,30部位1,0.8903322853
铅钡,SiO2,CaO,30部位2,0.9046897367
铅钡,SiO2,CaO,31,0.9207053307
铅钡,SiO2,CaO,32,0.8711346911
铅钡,SiO2,CaO,33,0.8667532504
铅钡,SiO2,CaO,34,0.9517703484
铅钡,SiO2,CaO,35,0.8753675255
铅钡,SiO2,CaO,36,0.9269612739
铅钡,SiO2,CaO,37,0.9051548419
铅钡,SiO2,CaO,38,0.9538754484
铅钡,SiO2,CaO,39,0.9878634137
铅钡,SiO2,CaO,40,0.9567215832
铅钡,SiO2,CaO,41,0.8449805531
铅钡,SiO2,CaO,42未风化点1,0.9192430739
铅钡,SiO2,CaO,42未风化点2,0.8893251057
铅钡,SiO2,CaO,43部位1,0.8257091727
铅钡,SiO2,CaO,43部位2,0.8051667186
铅钡,SiO2,CaO,44未风化点,0.9536032956
铅钡,SiO2,CaO,45,0.9009745072
铅钡,SiO2,CaO,46,0.8819257884
铅钡,SiO2,CaO,47,0.9217918573
铅钡,SiO2,CaO,48,1
铅钡,SiO2,CaO,49,0.8765619968
铅钡,SiO2,CaO,49未风化点,0.9647706269
铅钡,SiO2,CaO,50,0.90660793
铅钡,SiO2,CaO,50未风化点,0.9670821996
铅钡,SiO2,CaO,51部位1,0.9050799928
铅钡,SiO2,CaO,51部位2,0.8444014192
铅钡,SiO2,CaO,52,0.9599473149
铅钡,SiO2,CaO,53未风化点,0.8940843061
铅钡,SiO2,CaO,54,0.9152837605
铅钡,SiO2,CaO,54严重风化点,0.9603900716
铅钡,SiO2,CaO,55,0.9374675755
铅钡,SiO2,CaO,56,0.9854877189
铅钡,SiO2,CaO,57,0.9989553946
铅钡,SiO2,CaO,58,0.9202417091
铅钡,SiO2,MgO,02,0.922322586
铅钡,SiO2,MgO,08,0.953642566
铅钡,SiO2,MgO,08严重风化点,0.9892661461
铅钡,SiO2,MgO,11,0.97853461
铅钡,SiO2,MgO,19,0.9862239147
铅钡,SiO2,MgO,20,0.9170267992
铅钡,SiO2,MgO,23未风化点,0.9742203542
铅钡,SiO2,MgO,24,0.9282446876
铅钡,SiO2,MgO,25未风化点,0.890711854
铅钡,SiO2,MgO,26,0.9544171335
铅钡,SiO2,MgO,26严重风化点,0.9913884831
铅钡,SiO2,MgO,28未风化点,0.9816030907
铅钡,SiO2,MgO,29未风化点,0.9399241393
铅钡,SiO2,MgO,30部位1,0.9437080966
铅钡,SiO2,MgO,30部位2,0.9854604385
铅钡,SiO2,MgO,31,0.9712763394
铅钡,SiO2,MgO,32,0.8553307001
铅钡,SiO2,MgO,33,0.9644992378
铅钡,SiO2,MgO,34,0.9202688601
铅钡,SiO2,MgO,35,0.8621441154
铅钡,SiO2,MgO,36,0.9125301515
铅钡,SiO2,MgO,37,0.8727368743
铅钡,SiO2,MgO,38,0.9261752223
铅钡,SiO2,MgO,39,0.9403205456
铅钡,SiO2,MgO,40,0.9612879726
铅钡,SiO2,MgO,41,0.7382689862
铅钡,SiO2,MgO,42未风化点1,0.9665411889
铅钡,SiO2,MgO,42未风化点2,0.9572151657
铅钡,SiO2,MgO,43部位1,0.9092623217
铅钡,SiO2,MgO,43部位2,0.9208184839
铅钡,SiO2,MgO,44未风化点,0.8715901615
铅钡,SiO2,MgO,45,0.9612792283
铅钡,SiO2,MgO,46,0.9009461986
铅钡,SiO2,MgO,47,0.9655917366
铅钡,SiO2,MgO,48,0.912842702
铅钡,SiO2,MgO,49,0.8734412437
铅钡,SiO2,MgO,49未风化点,0.9591596144
铅钡,SiO2,MgO,50,0.9758503023
铅钡,SiO2,MgO,50未风化点,0.9708440049
铅钡,SiO2,MgO,51部位1,0.8976186558
铅钡,SiO2,MgO,51部位2,0.8620257866
铅钡,SiO2,MgO,52,0.9827103158
铅钡,SiO2,MgO,53未风化点,0.9883487406
铅钡,SiO2,MgO,54,0.8826879803
铅钡,SiO2,MgO,54严重风化点,0.8923949113
铅钡,SiO2,MgO,55,0.8938090543
铅钡,SiO2,MgO,56,0.9341268889
铅钡,SiO2,MgO,57,0.9421083591
铅钡,SiO2,MgO,58,0.9602166746
铅钡,SiO2,Al2O3,02,0.9441908213
铅钡,SiO2,Al2O3,08,0.986120445
铅钡,SiO2,Al2O3,08严重风化点,0.9832450818
铅钡,SiO2,Al2O3,11,0.9881575964
铅钡,SiO2,Al2O3,19,0.9807932511
铅钡,SiO2,Al2O3,20,0.9530476424
铅钡,SiO2,Al2O3,23未风化点,0.9142174042
铅钡,SiO2,Al2O3,24,0.9649502418
铅钡,SiO2,Al2O3,25未风化点,0.9313340682
铅钡,SiO2,Al2O3,26,0.971139007
铅钡,SiO2,Al2O3,26严重风化点,0.9794237284
铅钡,SiO2,Al2O3,28未风化点,0.9578164077
铅钡,SiO2,Al2O3,29未风化点,0.8228308792
铅钡,SiO2,Al2O3,30部位1,0.9725185219
铅钡,SiO2,Al2O3,30部位2,0.990754546
铅钡,SiO2,Al2O3,31,0.9261450849
铅钡,SiO2,Al2O3,32,0.9022715099
铅钡,SiO2,Al2O3,33,0.8907304889
铅钡,SiO2,Al2O3,34,0.9570417617
铅钡,SiO2,Al2O3,35,0.890642012
铅钡,SiO2,Al2O3,36,0.9482113664
铅钡,SiO2,Al2O3,37,0.9296118398
铅钡,SiO2,Al2O3,38,0.9867067523
铅钡,SiO2,Al2O3,39,0.9518546488
铅钡,SiO2,Al2O3,40,0.9721261415
铅钡,SiO2,Al2O3,41,0.9610015435
铅钡,SiO2,Al2O3,42未风化点1,0.9677742679
铅钡,SiO2,Al2O3,42未风化点2,0.9797098802
铅钡,SiO2,Al2O3,43部位1,0.9732773016
铅钡,SiO2,Al2O3,43部位2,0.966403026
铅钡,SiO2,Al2O3,44未风化点,0.8481653179
铅钡,SiO2,Al2O3,45,0.9806079474
铅钡,SiO2,Al2O3,46,0.9896787096
铅钡,SiO2,Al2O3,47,0.9559379577
铅钡,SiO2,Al2O3,48,0.8184814612
铅钡,SiO2,Al2O3,49,0.9360675322
铅钡,SiO2,Al2O3,49未风化点,0.9667584207
铅钡,SiO2,Al2O3,50,0.9958975222
铅钡,SiO2,Al2O3,50未风化点,0.9981141458
铅钡,SiO2,Al2O3,51部位1,0.9301356591
铅钡,SiO2,Al2O3,51部位2,0.9877322074
铅钡,SiO2,Al2O3,52,0.9686822553
铅钡,SiO2,Al2O3,53未风化点,0.9989614061
铅钡,SiO2,Al2O3,54,0.9501848082
铅钡,SiO2,Al2O3,54严重风化点,0.9504701172
铅钡,SiO2,Al2O3,55,0.9246962969
铅钡,SiO2,Al2O3,56,0.9776718579
铅钡,SiO2,Al2O3,57,0.9947639714
铅钡,SiO2,Al2O3,58,0.983796266
铅钡,SiO2,Fe2O3,02,0.8478368692
铅钡,SiO2,Fe2O3,08,0.953642566
铅钡,SiO2,Fe2O3,08严重风化点,0.9892661461
铅钡,SiO2,Fe2O3,11,0.9248006975
铅钡,SiO2,Fe2O3,19,0.8934643274
铅钡,SiO2,Fe2O3,20,0.8877779772
铅钡,SiO2,Fe2O3,23未风化点,0.8846194573
铅钡,SiO2,Fe2O3,24,0.9282446876
铅钡,SiO2,Fe2O3,25未风化点,0.9091278605
铅钡,SiO2,Fe2O3,26,0.9544171335
铅钡,SiO2,Fe2O3,26严重风化点,0.9913884831
铅钡,SiO2,Fe2O3,28未风化点,0.9040854624
铅钡,SiO2,Fe2O3,29未风化点,0.9644840312
铅钡,SiO2,Fe2O3,30部位1,0.8185598472
铅钡,SiO2,Fe2O3,30部位2,0.7664547934
铅钡,SiO2,Fe2O3,31,0.6662900555
铅钡,SiO2,Fe2O3,32,0.9755825371
铅钡,SiO2,Fe2O3,33,0.8451364284
铅钡,SiO2,Fe2O3,34,0.9814435161
铅钡,SiO2,Fe2O3,35,0.8807467073
铅钡,SiO2,Fe2O3,36,0.9526176992
铅钡,SiO2,Fe2O3,37,0.8727368743
铅钡,SiO2,Fe2O3,38,0.9634677642
铅钡,SiO2,Fe2O3,39,0.9403205456
铅钡,SiO2,Fe2O3,40,0.9872739115
铅钡,SiO2,Fe2O3,41,0.8245973239
铅钡,SiO2,Fe2O3,42未风化点1,0.889459739
铅钡,SiO2,Fe2O3,42未风化点2,0.8893251057
铅钡,SiO2,Fe2O3,43部位1,0.9267923645
铅钡,SiO2,Fe2O3,43部位2,0.8716942303
铅钡,SiO2,Fe2O3,44未风化点,0.9649122634
铅钡,SiO2,Fe2O3,45,0.8705938641
铅钡,SiO2,Fe2O3,46,0.8819257884
铅钡,SiO2,Fe2O3,47,0.8889214505
铅钡,SiO2,Fe2O3,48,0.9819280092
铅钡,SiO2,Fe2O3,49,0.7550016115
铅钡,SiO2,Fe2O3,49未风化点,0.9524909965
铅钡,SiO2,Fe2O3,50,0.996532207
铅钡,SiO2,Fe2O3,50未风化点,0.9016273493
铅钡,SiO2,Fe2O3,51部位1,0.8998520973
铅钡,SiO2,Fe2O3,51部位2,0.9918118767
铅钡,SiO2,Fe2O3,52,0.971740022
铅钡,SiO2,Fe2O3,53未风化点,0.8662297811
铅钡,SiO2,Fe2O3,54,0.9489338481
铅钡,SiO2,Fe2O3,54严重风化点,0.9603900716
铅钡,SiO2,Fe2O3,55,0.8938090543
铅钡,SiO2,Fe2O3,56,0.9341268889
铅钡,SiO2,Fe2O3,57,0.9421083591
铅钡,SiO2,Fe2O3,58,0.9526679832
铅钡,SiO2,CuO,02,0.930423536
铅钡,SiO2,CuO,08,0.6783393288
铅钡,SiO2,CuO,08严重风化点,0.8723398567
铅钡,SiO2,CuO,11,0.8577085497
铅钡,SiO2,CuO,19,0.9057232951
铅钡,SiO2,CuO,20,0.8701803016
铅钡,SiO2,CuO,23未风化点,0.9811429401
铅钡,SiO2,CuO,24,0.7421524253
铅钡,SiO2,CuO,25未风化点,0.9377582125
铅钡,SiO2,CuO,26,0.6742698124
铅钡,SiO2,CuO,26严重风化点,0.8535048405
铅钡,SiO2,CuO,28未风化点,0.8706406291
铅钡,SiO2,CuO,29未风化点,0.8957857835
铅钡,SiO2,CuO,30部位1,0.9232436815
铅钡,SiO2,CuO,30部位2,0.9179068676
铅钡,SiO2,CuO,31,0.8789111949
铅钡,SiO2,CuO,32,0.85939701
铅钡,SiO2,CuO,33,0.862362831
铅钡,SiO2,CuO,34,0.9894119372
铅钡,SiO2,CuO,35,0.8681666993
铅钡,SiO2,CuO,36,0.9419236808
铅钡,SiO2,CuO,37,0.9951891266
铅钡,SiO2,CuO,38,0.9587748418
铅钡,SiO2,CuO,39,0.9811500307
铅钡,SiO2,CuO,40,0.9612879726
铅钡,SiO2,CuO,41,0.9662106522
铅钡,SiO2,CuO,42未风化点1,0.9908069519
铅钡,SiO2,CuO,42未风化点2,0.9885109016
铅钡,SiO2,CuO,43部位1,0.8074170847
铅钡,SiO2,CuO,43部位2,0.9776927941
铅钡,SiO2,CuO,44未风化点,0.8883332894
铅钡,SiO2,CuO,45,0.8912754237
铅钡,SiO2,CuO,46,0.9131093295
铅钡,SiO2,CuO,47,0.9155241956
铅钡,SiO2,CuO,48,0.8854955863
铅钡,SiO2,CuO,49,0.9667064445
铅钡,SiO2,CuO,49未风化点,0.9010689643
铅钡,SiO2,CuO,50,0.9874094596
铅钡,SiO2,CuO,50未风化点,0.9311829658
铅钡,SiO2,CuO,51部位1,0.9913749906
铅钡,SiO2,CuO,51部位2,0.9863531811
铅钡,SiO2,CuO,52,0.9736868571
铅钡,SiO2,CuO,53未风化点,0.8870976541
铅钡,SiO2,CuO,54,0.988070329
铅钡,SiO2,CuO,54严重风化点,0.9752032039
铅钡,SiO2,CuO,55,0.9297499803
铅钡,SiO2,CuO,56,0.970130237
铅钡,SiO2,CuO,57,0.9968967986
铅钡,SiO2,CuO,58,0.9232278396
铅钡,SiO2,PbO,02,0.9561485747
铅钡,SiO2,PbO,08,0.9690282079
铅钡,SiO2,PbO,08严重风化点,0.92557634
铅钡,SiO2,PbO,11,0.9907374666
铅钡,SiO2,PbO,19,0.9533424939
铅钡,SiO2,PbO,20,0.9397428178
铅钡,SiO2,PbO,23未风化点,0.9239567098
铅钡,SiO2,PbO,24,0.9954465516
铅钡,SiO2,PbO,25未风化点,0.9687286841
铅钡,SiO2,PbO,26,0.9659764373
铅钡,SiO2,PbO,26严重风化点,0.9298857518
铅钡,SiO2,PbO,28未风化点,0.8955807737
铅钡,SiO2,PbO,29未风化点,0.8939254287
铅钡,SiO2,PbO,30部位1,0.9734166429
铅钡,SiO2,PbO,30部位2,0.9834611703
铅钡,SiO2,PbO,31,0.8984807646
铅钡,SiO2,PbO,32,0.8983668014
铅钡,SiO2,PbO,33,0.8791693263
铅钡,SiO2,PbO,34,0.9573188583
铅钡,SiO2,PbO,35,0.9112441073
铅钡,SiO2,PbO,36,0.9790800364
铅钡,SiO2,PbO,37,0.9116135934
铅钡,SiO2,PbO,38,0.9439870241
铅钡,SiO2,PbO,39,0.9018777721
铅钡,SiO2,PbO,40,0.8635478229
铅钡,SiO2,PbO,41,0.9260893632
铅钡,SiO2,PbO,42未风化点1,0.9413875845
铅钡,SiO2,PbO,42未风化点2,0.9368379731
铅钡,SiO2,PbO,43部位1,0.8778825413
铅钡,SiO2,PbO,43部位2,0.9313439969
铅钡,SiO2,PbO,44未风化点,0.9019146954
铅钡,SiO2,PbO,45,0.9063557991
铅钡,SiO2,PbO,46,0.9413411427
铅钡,SiO2,PbO,47,0.9496987195
铅钡,SiO2,PbO,48,0.9218433712
铅钡,SiO2,PbO,49,0.9741664122
铅钡,SiO2,PbO,49未风化点,0.9370526223
铅钡,SiO2,PbO,50,0.9253806573
铅钡,SiO2,PbO,50未风化点,0.9781431353
铅钡,SiO2,PbO,51部位1,0.9488939783
铅钡,SiO2,PbO,51部位2,0.9147066186
铅钡,SiO2,PbO,52,0.9333043705
铅钡,SiO2,PbO,53未风化点,0.8962898888
铅钡,SiO2,PbO,54,0.9068953161
铅钡,SiO2,PbO,54严重风化点,0.8898880185
铅钡,SiO2,PbO,55,0.9751346782
铅钡,SiO2,PbO,56,0.9563133059
铅钡,SiO2,PbO,57,0.9383819697
铅钡,SiO2,PbO,58,0.9640579233
铅钡,SiO2,BaO,02,0.9192404148
铅钡,SiO2,BaO,08,0.8116415574
铅钡,SiO2,BaO,08严重风化点,0.790929539
铅钡,SiO2,BaO,11,0.9527324988
铅钡,SiO2,BaO,19,0.977036346
铅钡,SiO2,BaO,20,0.8920604814
铅钡,SiO2,BaO,23未风化点,0.9769779851
铅钡,SiO2,BaO,24,0.8633140699
铅钡,SiO2,BaO,25未风化点,0.9409308019
铅钡,SiO2,BaO,26,0.8050799022
铅钡,SiO2,BaO,26严重风化点,0.7633470898
铅钡,SiO2,BaO,28未风化点,0.8859180654
铅钡,SiO2,BaO,29未风化点,0.8808544256
铅钡,SiO2,BaO,30部位1,0.991214456
铅钡,SiO2,BaO,30部位2,0.9969030586
铅钡,SiO2,BaO,31,0.8856746189
铅钡,SiO2,BaO,32,0.8887569728
铅钡,SiO2,BaO,33,0.8686184382
铅钡,SiO2,BaO,34,0.9972584847
铅钡,SiO2,BaO,35,0.9019417961
铅钡,SiO2,BaO,36,0.9989884579
铅钡,SiO2,BaO,37,0.949981846
铅钡,SiO2,BaO,38,0.9922736594
铅钡,SiO2,BaO,39,0.9991291968
铅钡,SiO2,BaO,40,0.9810730286
铅钡,SiO2,BaO,41,0.9590491499
铅钡,SiO2,BaO,42未风化点1,0.9709326286
铅钡,SiO2,BaO,42未风化点2,0.97426626
铅钡,SiO2,BaO,43部位1,0.9660400947
铅钡,SiO2,BaO,43部位2,0.9774888095
铅钡,SiO2,BaO,44未风化点,0.9088486682
铅钡,SiO2,BaO,45,0.9524846809
铅钡,SiO2,BaO,46,0.9585557192
铅钡,SiO2,BaO,47,0.9598850017
铅钡,SiO2,BaO,48,0.940340984
铅钡,SiO2,BaO,49,0.9855336211
铅钡,SiO2,BaO,49未风化点,0.9135179884
铅钡,SiO2,BaO,50,0.9226170215
铅钡,SiO2,BaO,50未风化点,0.949613439
铅钡,SiO2,BaO,51部位1,0.980048856
铅钡,SiO2,BaO,51部位2,0.9509744349
铅钡,SiO2,BaO,52,0.9853123616
铅钡,SiO2,BaO,53未风化点,0.9315989301
铅钡,SiO2,BaO,54,0.9911759915
铅钡,SiO2,BaO,54严重风化点,0.9603900716
铅钡,SiO2,BaO,55,0.9549517158
铅钡,SiO2,BaO,56,0.9363496581
铅钡,SiO2,BaO,57,0.9143141649
铅钡,SiO2,BaO,58,0.9955076572
铅钡,SiO2,P2O5,02,0.9862768049
铅钡,SiO2,P2O5,08,0.9490078378
铅钡,SiO2,P2O5,08严重风化点,0.8295574703
铅钡,SiO2,P2O5,11,0.8422853181
铅钡,SiO2,P2O5,19,0.8466961607
铅钡,SiO2,P2O5,20,0.9312107068
铅钡,SiO2,P2O5,23未风化点,0.8846194573
铅钡,SiO2,P2O5,24,0.931720639
铅钡,SiO2,P2O5,25未风化点,0.8950603654
铅钡,SiO2,P2O5,26,0.9602665009
铅钡,SiO2,P2O5,26严重风化点,0.859113628
铅钡,SiO2,P2O5,28未风化点,0.8808095445
铅钡,SiO2,P2O5,29未风化点,0.8758234389
铅钡,SiO2,P2O5,30部位1,0.9232436815
铅钡,SiO2,P2O5,30部位2,0.9533275849
铅钡,SiO2,P2O5,31,0.8981558505
铅钡,SiO2,P2O5,32,0.8589160468
铅钡,SiO2,P2O5,33,0.8478104592
铅钡,SiO2,P2O5,34,0.9286099817
铅钡,SiO2,P2O5,35,0.8712002867
铅钡,SiO2,P2O5,36,0.9142065879
铅钡,SiO2,P2O5,37,0.905872939
铅钡,SiO2,P2O5,38,0.9381482316
铅钡,SiO2,P2O5,39,0.9707170782
铅钡,SiO2,P2O5,40,0.9902714862
铅钡,SiO2,P2O5,41,0.8554938384
铅钡,SiO2,P2O5,42未风化点1,0.8912803958
铅钡,SiO2,P2O5,42未风化点2,0.8893251057
铅钡,SiO2,P2O5,43部位1,0.9710475224
铅钡,SiO2,P2O5,43部位2,0.7603420359
铅钡,SiO2,P2O5,44未风化点,0.8715901615
铅钡,SiO2,P2O5,45,0.8705938641
铅钡,SiO2,P2O5,46,0.8864142367
铅钡,SiO2,P2O5,47,0.8911956781
铅钡,SiO2,P2O5,48,0.9109685774
铅钡,SiO2,P2O5,49,0.80109314
铅钡,SiO2,P2O5,49未风化点,0.9916636979
铅钡,SiO2,P2O5,50,0.8787886487
铅钡,SiO2,P2O5,50未风化点,0.9326763189
铅钡,SiO2,P2O5,51部位1,0.8529985808
铅钡,SiO2,P2O5,51部位2,0.8340830203
铅钡,SiO2,P2O5,52,0.9082849406
铅钡,SiO2,P2O5,53未风化点,0.8662297811
铅钡,SiO2,P2O5,54,0.937041393
铅钡,SiO2,P2O5,54严重风化点,0.733310992
铅钡,SiO2,P2O5,55,0.9019088281
铅钡,SiO2,P2O5,56,0.9983212307
铅钡,SiO2,P2O5,57,0.9421083591
铅钡,SiO2,P2O5,58,0.8447152765
铅钡,SiO2,SrO,02,0.965026895
铅钡,SiO2,SrO,08,0.9513087719
铅钡,SiO2,SrO,08严重风化点,0.88307352
铅钡,SiO2,SrO,11,0.9818550641
铅钡,SiO2,SrO,19,0.980300232
铅钡,SiO2,SrO,20,0.9170267992
铅钡,SiO2,SrO,23未风化点,0.9608141931
铅钡,SiO2,SrO,24,0.8552966376
铅钡,SiO2,SrO,25未风化点,0.936008073
铅钡,SiO2,SrO,26,0.9313010039
铅钡,SiO2,SrO,26严重风化点,0.8627968754
铅钡,SiO2,SrO,28未风化点,0.8829423694
铅钡,SiO2,SrO,29未风化点,0.9211161424
铅钡,SiO2,SrO,30部位1,0.9889009757
铅钡,SiO2,SrO,30部位2,0.9613156473
铅钡,SiO2,SrO,31,0.9272972355
铅钡,SiO2,SrO,32,0.8553307001
铅钡,SiO2,SrO,33,0.8451364284
铅钡,SiO2,SrO,34,0.9738281567
铅钡,SiO2,SrO,35,0.8621441154
铅钡,SiO2,SrO,36,0.9651666949
铅钡,SiO2,SrO,37,0.9419671236
铅钡,SiO2,SrO,38,0.969978055
铅钡,SiO2,SrO,39,0.9078331496
铅钡,SiO2,SrO,40,0.8743277383
铅钡,SiO2,SrO,41,0.9238441927
铅钡,SiO2,SrO,42未风化点1,0.9716291151
铅钡,SiO2,SrO,42未风化点2,0.8893251057
铅钡,SiO2,SrO,43部位1,0.8746419272
铅钡,SiO2,SrO,43部位2,0.9306172096
铅钡,SiO2,SrO,44未风化点,0.9287652374
铅钡,SiO2,SrO,45,0.9206738717
铅钡,SiO2,SrO,46,0.9832152426
铅钡,SiO2,SrO,47,0.9047897367
铅钡,SiO2,SrO,48,0.9421538646
铅钡,SiO2,SrO,49,0.9482267461
铅钡,SiO2,SrO,49未风化点,0.9515405526
铅钡,SiO2,SrO,50,0.8808905199
铅钡,SiO2,SrO,50未风化点,0.9554516975
铅钡,SiO2,SrO,51部位1,0.9562534622
铅钡,SiO2,SrO,51部位2,0.9509744349
铅钡,SiO2,SrO,52,0.9464472095
铅钡,SiO2,SrO,53未风化点,0.924999484
铅钡,SiO2,SrO,54,0.8442214589
铅钡,SiO2,SrO,54严重风化点,0.7922104911
铅钡,SiO2,SrO,55,0.8938090543
铅钡,SiO2,SrO,56,0.9341268889
铅钡,SiO2,SrO,57,0.9421083591
铅钡,SiO2,SrO,58,0.99173235
铅钡,SiO2,SnO2,02,0.9192404148
铅钡,SiO2,SnO2,08,0.953642566
铅钡,SiO2,SnO2,08严重风化点,0.9892661461
铅钡,SiO2,SnO2,11,0.9248006975
铅钡,SiO2,SnO2,19,0.9330884234
铅钡,SiO2,SnO2,20,0.9170267992
铅钡,SiO2,SnO2,23未风化点,0.8846194573
铅钡,SiO2,SnO2,24,0.9282446876
铅钡,SiO2,SnO2,25未风化点,0.890711854
铅钡,SiO2,SnO2,26,0.9544171335
铅钡,SiO2,SnO2,26严重风化点,0.9913884831
铅钡,SiO2,SnO2,28未风化点,0.8278879391
铅钡,SiO2,SnO2,29未风化点,0.8668870839
铅钡,SiO2,SnO2,30部位1,0.6384853261
铅钡,SiO2,SnO2,30部位2,0.615416654
铅钡,SiO2,SnO2,31,0.8621441154
铅钡,SiO2,SnO2,32,0.8553307001
铅钡,SiO2,SnO2,33,0.8451364284
铅钡,SiO2,SnO2,34,0.9202688601
铅钡,SiO2,SnO2,35,0.8621441154
铅钡,SiO2,SnO2,36,0.9125301515
铅钡,SiO2,SnO2,37,0.8727368743
铅钡,SiO2,SnO2,38,0.9261752223
铅钡,SiO2,SnO2,39,0.9403205456
铅钡,SiO2,SnO2,40,0.9612879726
铅钡,SiO2,SnO2,41,0.9573720003
铅钡,SiO2,SnO2,42未风化点1,0.889459739
铅钡,SiO2,SnO2,42未风化点2,0.8893251057
铅钡,SiO2,SnO2,43部位1,0.9710475224
铅钡,SiO2,SnO2,43部位2,0.950205443
铅钡,SiO2,SnO2,44未风化点,0.8715901615
铅钡,SiO2,SnO2,45,0.8705938641
铅钡,SiO2,SnO2,46,0.8819257884
铅钡,SiO2,SnO2,47,0.8889214505
铅钡,SiO2,SnO2,48,0.3334529483
铅钡,SiO2,SnO2,49,0.9348913173
铅钡,SiO2,SnO2,49未风化点,0.8830619545
铅钡,SiO2,SnO2,50,0.9584429167
铅钡,SiO2,SnO2,50未风化点,0.9016273493
铅钡,SiO2,SnO2,51部位1,0.5869834178
铅钡,SiO2,SnO2,51部位2,0.9509744349
铅钡,SiO2,SnO2,52,0.9414182769
铅钡,SiO2,SnO2,53未风化点,0.8662297811
铅钡,SiO2,SnO2,54,0.9489338481
铅钡,SiO2,SnO2,54严重风化点,0.9603900716
铅钡,SiO2,SnO2,55,0.8938090543
铅钡,SiO2,SnO2,56,0.9341268889
铅钡,SiO2,SnO2,57,0.9421083591
铅钡,SiO2,SnO2,58,0.9315033994
铅钡,SiO2,SO2,02,0.9192404148
铅钡,SiO2,SO2,08,0.7963887852
铅钡,SiO2,SO2,08严重风化点,0.3616356757
铅钡,SiO2,SO2,11,0.9248006975
铅钡,SiO2,SO2,19,0.9330884234
铅钡,SiO2,SO2,20,0.9170267992
铅钡,SiO2,SO2,23未风化点,0.8846194573
铅钡,SiO2,SO2,24,0.9282446876
铅钡,SiO2,SO2,25未风化点,0.890711854
铅钡,SiO2,SO2,26,0.84514751
铅钡,SiO2,SO2,26严重风化点,0.3476886643
铅钡,SiO2,SO2,28未风化点,0.8582400623
铅钡,SiO2,SO2,29未风化点,0.8668870839
铅钡,SiO2,SO2,30部位1,0.9232436815
铅钡,SiO2,SO2,30部位2,0.9179068676
铅钡,SiO2,SO2,31,0.8621441154
铅钡,SiO2,SO2,32,0.8553307001
铅钡,SiO2,SO2,33,0.8451364284
铅钡,SiO2,SO2,34,0.9202688601
铅钡,SiO2,SO2,35,0.8621441154
铅钡,SiO2,SO2,36,0.9125301515
铅钡,SiO2,SO2,37,0.777525636
铅钡,SiO2,SO2,38,0.9261752223
铅钡,SiO2,SO2,39,0.9403205456
铅钡,SiO2,SO2,40,0.9612879726
铅钡,SiO2,SO2,41,0.9573720003
铅钡,SiO2,SO2,42未风化点1,0.889459739
铅钡,SiO2,SO2,42未风化点2,0.8893251057
铅钡,SiO2,SO2,43部位1,0.9710475224
铅钡,SiO2,SO2,43部位2,0.950205443
铅钡,SiO2,SO2,44未风化点,0.8715901615
铅钡,SiO2,SO2,45,0.8705938641
铅钡,SiO2,SO2,46,0.8819257884
铅钡,SiO2,SO2,47,0.8889214505
铅钡,SiO2,SO2,48,0.8854955863
铅钡,SiO2,SO2,49,0.9348913173
铅钡,SiO2,SO2,49未风化点,0.8830619545
铅钡,SiO2,SO2,50,0.9584429167
铅钡,SiO2,SO2,50未风化点,0.9016273493
铅钡,SiO2,SO2,51部位1,0.9438596594
铅钡,SiO2,SO2,51部位2,0.9509744349
铅钡,SiO2,SO2,52,0.9414182769
铅钡,SiO2,SO2,53未风化点,0.8662297811
铅钡,SiO2,SO2,54,0.9489338481
铅钡,SiO2,SO2,54严重风化点,0.9603900716
铅钡,SiO2,SO2,55,0.8938090543
铅钡,SiO2,SO2,56,0.9341268889
铅钡,SiO2,SO2,57,0.9421083591
铅钡,SiO2,SO2,58,0.9315033994
铅钡,Na2O,SiO2,02,0.9205919392
铅钡,Na2O,SiO2,08,0.9543041838
铅钡,Na2O,SiO2,08严重风化点,0.9891583128
铅钡,Na2O,SiO2,11,0.9260442591
铅钡,Na2O,SiO2,19,0.9341685267
铅钡,Na2O,SiO2,20,0.9184209241
铅钡,Na2O,SiO2,23未风化点,0.5947264224
铅钡,Na2O,SiO2,24,0.9294206924
铅钡,Na2O,SiO2,25未风化点,0.8962759603
铅钡,Na2O,SiO2,26,0.9550626162
铅钡,Na2O,SiO2,26严重风化点,0.9912330434
铅钡,Na2O,SiO2,28未风化点,0.8606860916
铅钡,Na2O,SiO2,29未风化点,0.9465344846
铅钡,Na2O,SiO2,30部位1,0.9245176132
铅钡,Na2O,SiO2,30部位2,0.9192840817
铅钡,Na2O,SiO2,31,0.8645250397
铅钡,Na2O,SiO2,32,0.8578248065
铅钡,Na2O,SiO2,33,0.8477960262
铅钡,Na2O,SiO2,34,0.9216005184
铅钡,Na2O,SiO2,35,0.8645250397
铅钡,Na2O,SiO2,36,0.8827847278
铅钡,Na2O,SiO2,37,0.8749377416
铅钡,Na2O,SiO2,38,0.9409749916
铅钡,Na2O,SiO2,39,0.9412555296
铅钡,Na2O,SiO2,40,0.9617891695
铅钡,Na2O,SiO2,41,0.957955687
铅钡,Na2O,SiO2,42未风化点1,0.6827386141
铅钡,Na2O,SiO2,42未风化点2,0.685686872
铅钡,Na2O,SiO2,43部位1,0.9713401915
铅钡,Na2O,SiO2,43部位2,0.9509383403
铅钡,Na2O,SiO2,44未风化点,0.8559557753
铅钡,Na2O,SiO2,45,0.8880006298
铅钡,Na2O,SiO2,46,0.8839664278
铅钡,Na2O,SiO2,47,0.7387379678
铅钡,Na2O,SiO2,48,0.9568975272
铅钡,Na2O,SiO2,49,0.9359354601
铅钡,Na2O,SiO2,49未风化点,0.8850825222
铅钡,Na2O,SiO2,50,0.9590041117
铅钡,Na2O,SiO2,50未风化点,0.9033118315
铅钡,Na2O,SiO2,51部位1,0.9447227857
铅钡,Na2O,SiO2,51部位2,0.95169143
铅钡,Na2O,SiO2,52,0.9403163157
铅钡,Na2O,SiO2,53未风化点,0.8625906608
铅钡,Na2O,SiO2,54,0.9496929837
铅钡,Na2O,SiO2,54严重风化点,0.9609102425
铅钡,Na2O,SiO2,55,0.8617663592
铅钡,Na2O,SiO2,56,0.9351862965
铅钡,Na2O,SiO2,57,0.9430071127
铅钡,Na2O,SiO2,58,0.9326149988
铅钡,Na2O,K2O,02,0.6412456734
铅钡,Na2O,K2O,08,1
铅钡,Na2O,K2O,08严重风化点,1
铅钡,Na2O,K2O,11,0.8993671618
铅钡,Na2O,K2O,19,1
铅钡,Na2O,K2O,20,0.7255289721
铅钡,Na2O,K2O,23未风化点,0.5526895699
铅钡,Na2O,K2O,24,1
铅钡,Na2O,K2O,25未风化点,0.8090250079
铅钡,Na2O,K2O,26,1
铅钡,Na2O,K2O,26严重风化点,0.8243143626
铅钡,Na2O,K2O,28未风化点,0.8783223822
铅钡,Na2O,K2O,29未风化点,0.9382328287
铅钡,Na2O,K2O,30部位1,0.571010531
铅钡,Na2O,K2O,30部位2,1
铅钡,Na2O,K2O,31,1
铅钡,Na2O,K2O,32,0.8993671618
铅钡,Na2O,K2O,33,0.9259914909
铅钡,Na2O,K2O,34,0.8824521776
铅钡,Na2O,K2O,35,1
铅钡,Na2O,K2O,36,0.8678570767
铅钡,Na2O,K2O,37,0.8908293819
铅钡,Na2O,K2O,38,0.8764085901
铅钡,Na2O,K2O,39,1
铅钡,Na2O,K2O,40,1
铅钡,Na2O,K2O,41,0.8100823787
铅钡,Na2O,K2O,42未风化点1,0.6637289128
铅钡,Na2O,K2O,42未风化点2,0.7173893571
铅钡,Na2O,K2O,43部位1,1
铅钡,Na2O,K2O,43部位2,1
铅钡,Na2O,K2O,44未风化点,0.8290963065
铅钡,Na2O,K2O,45,0.8242588171
铅钡,Na2O,K2O,46,0.8824521776
铅钡,Na2O,K2O,47,0.7566126883
铅钡,Na2O,K2O,48,0.9184822836
铅钡,Na2O,K2O,49,1
铅钡,Na2O,K2O,49未风化点,0.8621826392
铅钡,Na2O,K2O,50,1
铅钡,Na2O,K2O,50未风化点,1
铅钡,Na2O,K2O,51部位1,1
铅钡,Na2O,K2O,51部位2,1
铅钡,Na2O,K2O,52,0.889149605
铅钡,Na2O,K2O,53未风化点,0.7986947127
铅钡,Na2O,K2O,54,0.8543331763
铅钡,Na2O,K2O,54严重风化点,1
铅钡,Na2O,K2O,55,0.783127557
铅钡,Na2O,K2O,56,1
铅钡,Na2O,K2O,57,1
铅钡,Na2O,K2O,58,0.8466253497
铅钡,Na2O,CaO,02,0.9045649315
铅钡,Na2O,CaO,08,0.9374452877
铅钡,Na2O,CaO,08严重风化点,0.8742574129
铅钡,Na2O,CaO,11,0.8633671786
铅钡,Na2O,CaO,19,0.8833101156
铅钡,Na2O,CaO,20,1
铅钡,Na2O,CaO,23未风化点,0.5596627366
铅钡,Na2O,CaO,24,0.9792487965
铅钡,Na2O,CaO,25未风化点,0.8280538993
铅钡,Na2O,CaO,26,0.9390328805
铅钡,Na2O,CaO,26严重风化点,0.8805047641
铅钡,Na2O,CaO,28未风化点,0.943025488
铅钡,Na2O,CaO,29未风化点,0.9612186304
铅钡,Na2O,CaO,30部位1,0.8316415543
铅钡,Na2O,CaO,30部位2,0.839511198
铅钡,Na2O,CaO,31,0.9327145561
铅钡,Na2O,CaO,32,0.9796813405
铅钡,Na2O,CaO,33,0.9719535518
铅钡,Na2O,CaO,34,0.9660268221
铅钡,Na2O,CaO,35,0.9831554973
铅钡,Na2O,CaO,36,0.8263257281
铅钡,Na2O,CaO,37,0.9614205704
铅钡,Na2O,CaO,38,0.9006079398
铅钡,Na2O,CaO,39,0.9523386046
铅钡,Na2O,CaO,40,0.9222430227
铅钡,Na2O,CaO,41,0.8172391308
铅钡,Na2O,CaO,42未风化点1,0.6447686398
铅钡,Na2O,CaO,42未风化点2,0.6327386246
铅钡,Na2O,CaO,43部位1,0.808893657
铅钡,Na2O,CaO,43部位2,0.7760616068
铅钡,Na2O,CaO,44未风化点,0.8222258881
铅钡,Na2O,CaO,45,0.8104065385
铅钡,Na2O,CaO,46,1
铅钡,Na2O,CaO,47,0.6959071888
铅钡,Na2O,CaO,48,0.9565764579
铅钡,Na2O,CaO,49,0.8288444793
铅钡,Na2O,CaO,49未风化点,0.9142596462
铅钡,Na2O,CaO,50,0.8742574129
铅钡,Na2O,CaO,50未风化点,0.8766763749
铅钡,Na2O,CaO,51部位1,0.8610210074
铅钡,Na2O,CaO,51部位2,0.8121518269
铅钡,Na2O,CaO,52,0.9781650176
铅钡,Na2O,CaO,53未风化点,0.7840151917
铅钡,Na2O,CaO,54,0.8742574129
铅钡,Na2O,CaO,54严重风化点,1
铅钡,Na2O,CaO,55,0.8156721597
铅钡,Na2O,CaO,56,0.9482669177
铅钡,Na2O,CaO,57,0.9442298992
铅钡,Na2O,CaO,58,0.8640398636
铅钡,Na2O,MgO,02,0.8554609115
铅钡,Na2O,MgO,08,1
铅钡,Na2O,MgO,08严重风化点,1
铅钡,Na2O,MgO,11,0.907718881
铅钡,Na2O,MgO,19,0.9221007095
铅钡,Na2O,MgO,20,1
铅钡,Na2O,MgO,23未风化点,0.5855927956
铅钡,Na2O,MgO,24,1
铅钡,Na2O,MgO,25未风化点,0.8090250079
铅钡,Na2O,MgO,26,1
铅钡,Na2O,MgO,26严重风化点,1
铅钡,Na2O,MgO,28未风化点,0.874747641
铅钡,Na2O,MgO,29未风化点,0.8933876979
铅钡,Na2O,MgO,30部位1,0.8769444281
铅钡,Na2O,MgO,30部位2,0.9319444809
铅钡,Na2O,MgO,31,0.8869680738
铅钡,Na2O,MgO,32,1
铅钡,Na2O,MgO,33,0.874747641
铅钡,Na2O,MgO,34,1
铅钡,Na2O,MgO,35,1
铅钡,Na2O,MgO,36,0.8150897518
铅钡,Na2O,MgO,37,1
铅钡,Na2O,MgO,38,0.8764085901
铅钡,Na2O,MgO,39,1
铅钡,Na2O,MgO,40,1
铅钡,Na2O,MgO,41,0.7189588959
铅钡,Na2O,MgO,42未风化点1,0.6990616169
铅钡,Na2O,MgO,42未风化点2,0.7070462328
铅钡,Na2O,MgO,43部位1,0.8869680738
铅钡,Na2O,MgO,43部位2,0.8802603754
铅钡,Na2O,MgO,44未风化点,0.7617903012
铅钡,Na2O,MgO,45,0.8577333559
铅钡,Na2O,MgO,46,0.8070230118
铅钡,Na2O,MgO,47,0.7200175503
铅钡,Na2O,MgO,48,0.8781505941
铅钡,Na2O,MgO,49,0.826115378
铅钡,Na2O,MgO,49未风化点,0.853370312
铅钡,Na2O,MgO,50,0.936945604
铅钡,Na2O,MgO,50未风化点,0.9282285353
铅钡,Na2O,MgO,51部位1,0.8544143329
铅钡,Na2O,MgO,51部位2,0.8280744176
铅钡,Na2O,MgO,52,0.9560984813
铅钡,Na2O,MgO,53未风化点,0.8715201319
铅钡,Na2O,MgO,54,0.8451091064
铅钡,Na2O,MgO,54严重风化点,0.8628593721
铅钡,Na2O,MgO,55,0.783127557
铅钡,Na2O,MgO,56,1
铅钡,Na2O,MgO,57,1
铅钡,Na2O,MgO,58,0.8983776645
铅钡,Na2O,Al2O3,02,0.8738158969
铅钡,Na2O,Al2O3,08,0.9673328813
铅钡,Na2O,Al2O3,08严重风化点,0.9727873415
铅钡,Na2O,Al2O3,11,0.9365114438
铅钡,Na2O,Al2O3,19,0.917456343
铅钡,Na2O,Al2O3,20,0.8792373308
铅钡,Na2O,Al2O3,23未风化点,0.5638416754
铅钡,Na2O,Al2O3,24,0.9614730762
铅钡,Na2O,Al2O3,25未风化点,0.8416286518
铅钡,Na2O,Al2O3,26,0.982664617
铅钡,Na2O,Al2O3,26严重风化点,0.9711207879
铅钡,Na2O,Al2O3,28未风化点,0.8940960593
铅钡,Na2O,Al2O3,29未风化点,0.7890299323
铅钡,Na2O,Al2O3,30部位1,0.9012033669
铅钡,Na2O,Al2O3,30部位2,0.9113455641
铅钡,Na2O,Al2O3,31,0.9273191963
铅钡,Na2O,Al2O3,32,0.9438627747
铅钡,Na2O,Al2O3,33,0.9440873444
铅钡,Na2O,Al2O3,34,0.9607746669
铅钡,Na2O,Al2O3,35,0.9649804089
铅钡,Na2O,Al2O3,36,0.8427894203
铅钡,Na2O,Al2O3,37,0.9358488153
铅钡,Na2O,Al2O3,38,0.9291505056
铅钡,Na2O,Al2O3,39,0.9875559486
铅钡,Na2O,Al2O3,40,0.9887863995
铅钡,Na2O,Al2O3,41,0.922575858
铅钡,Na2O,Al2O3,42未风化点1,0.6677347387
铅钡,Na2O,Al2O3,42未风化点2,0.6955120008
铅钡,Na2O,Al2O3,43部位1,0.9463389326
铅钡,Na2O,Al2O3,43部位2,0.9208630165
铅钡,Na2O,Al2O3,44未风化点,0.9929376841
铅钡,Na2O,Al2O3,45,0.8727426203
铅钡,Na2O,Al2O3,46,0.8922865487
铅钡,Na2O,Al2O3,47,0.7147545076
铅钡,Na2O,Al2O3,48,0.7922345203
铅钡,Na2O,Al2O3,49,0.880603217
铅钡,Na2O,Al2O3,49未风化点,0.8592459409
铅钡,Na2O,Al2O3,50,0.9549938104
铅钡,Na2O,Al2O3,50未风化点,0.9051091439
铅钡,Na2O,Al2O3,51部位1,0.8831511544
铅钡,Na2O,Al2O3,51部位2,0.9405070043
铅钡,Na2O,Al2O3,52,0.9128784089
铅钡,Na2O,Al2O3,53未风化点,0.863609283
铅钡,Na2O,Al2O3,54,0.9053156491
铅钡,Na2O,Al2O3,54严重风化点,0.9157624409
铅钡,Na2O,Al2O3,55,0.8061988954
铅钡,Na2O,Al2O3,56,0.9554537177
铅钡,Na2O,Al2O3,57,0.9479214452
铅钡,Na2O,Al2O3,58,0.9185182177
铅钡,Na2O,Fe2O3,02,0.7923293426
铅钡,Na2O,Fe2O3,08,1
铅钡,Na2O,Fe2O3,08严重风化点,1
铅钡,Na2O,Fe2O3,11,1
铅钡,Na2O,Fe2O3,19,0.8421643975
铅钡,Na2O,Fe2O3,20,0.8245509912
铅钡,Na2O,Fe2O3,23未风化点,0.5526895699
铅钡,Na2O,Fe2O3,24,1
铅钡,Na2O,Fe2O3,25未风化点,0.9826678307
铅钡,Na2O,Fe2O3,26,1
铅钡,Na2O,Fe2O3,26严重风化点,1
铅钡,Na2O,Fe2O3,28未风化点,0.9453805915
铅钡,Na2O,Fe2O3,29未风化点,0.9802697114
铅钡,Na2O,Fe2O3,30部位1,0.7699774878
铅钡,Na2O,Fe2O3,30部位2,0.7214453303
铅钡,Na2O,Fe2O3,31,0.6072387591
铅钡,Na2O,Fe2O3,32,0.8764896766
铅钡,Na2O,Fe2O3,33,1
铅钡,Na2O,Fe2O3,34,0.9378840057
铅钡,Na2O,Fe2O3,35,0.9766049332
铅钡,Na2O,Fe2O3,36,0.8461911819
铅钡,Na2O,Fe2O3,37,1
铅钡,Na2O,Fe2O3,38,0.9089628022
铅钡,Na2O,Fe2O3,39,1
铅钡,Na2O,Fe2O3,40,0.9739243421
铅钡,Na2O,Fe2O3,41,0.7985706211
铅钡,Na2O,Fe2O3,42未风化点1,0.6302933878
铅钡,Na2O,Fe2O3,42未风化点2,0.6327386246
铅钡,Na2O,Fe2O3,43部位1,0.9032646796
铅钡,Na2O,Fe2O3,43部位2,0.8362102435
铅钡,Na2O,Fe2O3,44未风化点,0.8304317709
铅钡,Na2O,Fe2O3,45,0.7862737027
铅钡,Na2O,Fe2O3,46,1
铅钡,Na2O,Fe2O3,47,0.6774154372
铅钡,Na2O,Fe2O3,48,0.9403876171
铅钡,Na2O,Fe2O3,49,0.7214453303
铅钡,Na2O,Fe2O3,49未风化点,0.8482039516
铅钡,Na2O,Fe2O3,50,0.9555644678
铅钡,Na2O,Fe2O3,50未风化点,1
铅钡,Na2O,Fe2O3,51部位1,0.8563927411
铅钡,Na2O,Fe2O3,51部位2,0.9441228493
铅钡,Na2O,Fe2O3,52,0.9155331534
铅钡,Na2O,Fe2O3,53未风化点,0.7629782019
铅钡,Na2O,Fe2O3,54,1
铅钡,Na2O,Fe2O3,54严重风化点,1
铅钡,Na2O,Fe2O3,55,0.783127557
铅钡,Na2O,Fe2O3,56,1
铅钡,Na2O,Fe2O3,57,1
铅钡,Na2O,Fe2O3,58,0.8919121263
铅钡,Na2O,CuO,02,0.9873759534
铅钡,Na2O,CuO,08,0.6614151282
铅钡,Na2O,CuO,08严重风化点,0.8662441838
铅钡,Na2O,CuO,11,0.8048731422
铅钡,Na2O,CuO,19,0.8528031234
铅钡,Na2O,CuO,20,0.8096801507
铅钡,Na2O,CuO,23未风化点,0.6015756729
铅钡,Na2O,CuO,24,0.7062052643
铅钡,Na2O,CuO,25未风化点,0.846754429
铅钡,Na2O,CuO,26,0.6579909472
铅钡,Na2O,CuO,26严重风化点,0.8495965092
铅钡,Na2O,CuO,28未风化点,0.9840314452
铅钡,Na2O,CuO,29未风化点,0.9455154483
铅钡,Na2O,CuO,30部位1,1
铅钡,Na2O,CuO,30部位2,1
铅钡,Na2O,CuO,31,0.9788213246
铅钡,Na2O,CuO,32,0.9946198732
铅钡,Na2O,CuO,33,0.977409944
铅钡,Na2O,CuO,34,0.9308785757
铅钡,Na2O,CuO,35,0.992193452
铅钡,Na2O,CuO,36,0.8379280516
铅钡,Na2O,CuO,37,0.8710678625
铅钡,Na2O,CuO,38,0.9048768999
铅钡,Na2O,CuO,39,0.9585211169
铅钡,Na2O,CuO,40,1
铅钡,Na2O,CuO,41,0.9907432736
铅钡,Na2O,CuO,42未风化点1,0.6871596036
铅钡,Na2O,CuO,42未风化点2,0.6912398133
铅钡,Na2O,CuO,43部位1,0.7917122067
铅钡,Na2O,CuO,43部位2,0.9308785757
铅钡,Na2O,CuO,44未风化点,0.7742622604
铅钡,Na2O,CuO,45,0.8027234127
铅钡,Na2O,CuO,46,0.9635168171
铅钡,Na2O,CuO,47,0.6924079063
铅钡,Na2O,CuO,48,0.924427238
铅钡,Na2O,CuO,49,0.9667231022
铅钡,Na2O,CuO,49未风化点,0.9783504117
铅钡,Na2O,CuO,50,0.9473576687
铅钡,Na2O,CuO,50未风化点,0.9667231022
铅钡,Na2O,CuO,51部位1,0.9368826905
铅钡,Na2O,CuO,51部位2,0.9644307263
铅钡,Na2O,CuO,52,0.917222705
铅钡,Na2O,CuO,53未风化点,0.7787561334
铅钡,Na2O,CuO,54,0.9607854526
铅钡,Na2O,CuO,54严重风化点,0.9381793771
铅钡,Na2O,CuO,55,0.809952142
铅钡,Na2O,CuO,56,0.9626046384
铅钡,Na2O,CuO,57,0.9460355045
铅钡,Na2O,CuO,58,0.8666133385
铅钡,Na2O,PbO,02,0.8838184357
铅钡,Na2O,PbO,08,0.926365309
铅钡,Na2O,PbO,08严重风化点,0.9174846848
铅钡,Na2O,PbO,11,0.9342569177
铅钡,Na2O,PbO,19,0.8939128283
铅钡,Na2O,PbO,20,0.9748723576
铅钡,Na2O,PbO,23未风化点,0.5674489037
铅钡,Na2O,PbO,24,0.9252725338
铅钡,Na2O,PbO,25未风化点,0.8713506293
铅钡,Na2O,PbO,26,0.924348068
铅钡,Na2O,PbO,26严重风化点,0.9234254477
铅钡,Na2O,PbO,28未风化点,0.9546501254
铅钡,Na2O,PbO,29未风化点,0.9434888926
铅钡,Na2O,PbO,30部位1,0.9019574338
铅钡,Na2O,PbO,30部位2,0.9053068151
铅钡,Na2O,PbO,31,0.9561427136
铅钡,Na2O,PbO,32,0.948077928
铅钡,Na2O,PbO,33,0.9571319047
铅钡,Na2O,PbO,34,0.8857277042
铅钡,Na2O,PbO,35,0.9424071957
铅钡,Na2O,PbO,36,0.8996567746
铅钡,Na2O,PbO,37,0.9543976061
铅钡,Na2O,PbO,38,0.9956631833
铅钡,Na2O,PbO,39,0.8553244063
铅钡,Na2O,PbO,40,0.8371074511
铅钡,Na2O,PbO,41,0.8910429848
铅钡,Na2O,PbO,42未风化点1,0.6553417266
铅钡,Na2O,PbO,42未风化点2,0.655880474
铅钡,Na2O,PbO,43部位1,0.8577236885
铅钡,Na2O,PbO,43部位2,0.8896588329
铅钡,Na2O,PbO,44未风化点,0.784328147
铅钡,Na2O,PbO,45,0.8146607381
铅钡,Na2O,PbO,46,0.9345957144
铅钡,Na2O,PbO,47,0.7113377703
铅钡,Na2O,PbO,48,0.9631962506
铅钡,Na2O,PbO,49,0.9134662357
铅钡,Na2O,PbO,49未风化点,0.9400255835
铅钡,Na2O,PbO,50,0.8913071212
铅钡,Na2O,PbO,50未风化点,0.9217976233
铅钡,Na2O,PbO,51部位1,0.8996634659
铅钡,Na2O,PbO,51部位2,0.8754338007
铅钡,Na2O,PbO,52,0.9932890759
铅钡,Na2O,PbO,53未风化点,0.7856729663
铅钡,Na2O,PbO,54,0.8667692695
铅钡,Na2O,PbO,54严重风化点,0.8605672856
铅钡,Na2O,PbO,55,0.8433892655
铅钡,Na2O,PbO,56,0.8974034565
铅钡,Na2O,PbO,57,0.8888917162
铅钡,Na2O,PbO,58,0.9016644151
铅钡,Na2O,BaO,02,1
铅钡,Na2O,BaO,08,0.7842151024
铅钡,Na2O,BaO,08严重风化点,0.7875344172
铅钡,Na2O,BaO,11,0.8859551187
铅钡,Na2O,BaO,19,0.9549843133
铅钡,Na2O,BaO,20,0.8281617178
铅钡,Na2O,BaO,23未风化点,0.5865659226
铅钡,Na2O,BaO,24,0.8122774141
铅钡,Na2O,BaO,25未风化点,0.8492827832
铅钡,Na2O,BaO,26,0.7787268462
铅钡,Na2O,BaO,26严重风化点,0.7619966118
铅钡,Na2O,BaO,28未风化点,0.9656279792
铅钡,Na2O,BaO,29未风化点,0.9292577657
铅钡,Na2O,BaO,30部位1,0.9168736474
铅钡,Na2O,BaO,30部位2,0.9164294524
铅钡,Na2O,BaO,31,0.9707485946
铅钡,Na2O,BaO,32,0.9587759357
铅钡,Na2O,BaO,33,0.9696704224
铅钡,Na2O,BaO,34,0.9190266743
铅钡,Na2O,BaO,35,0.9523399808
铅钡,Na2O,BaO,36,0.8838309254
铅钡,Na2O,BaO,37,0.916503455
铅钡,Na2O,BaO,38,0.9480803954
铅钡,Na2O,BaO,39,0.9401909215
铅钡,Na2O,BaO,40,0.9443369547
铅钡,Na2O,BaO,41,0.9208161514
铅钡,Na2O,BaO,42未风化点1,0.6692034062
铅钡,Na2O,BaO,42未风化点2,0.673595613
铅钡,Na2O,BaO,43部位1,0.9396460523
铅钡,Na2O,BaO,43部位2,0.9720788717
铅钡,Na2O,BaO,44未风化点,0.7894498009
铅钡,Na2O,BaO,45,0.8508786524
铅钡,Na2O,BaO,46,0.9185803913
铅钡,Na2O,BaO,47,0.7169098054
铅钡,Na2O,BaO,48,0.9829515164
铅钡,Na2O,BaO,49,0.948995572
铅钡,Na2O,BaO,49未风化点,0.9643972262
铅钡,Na2O,BaO,50,0.888799667
铅钡,Na2O,BaO,50未风化点,0.9480443368
铅钡,Na2O,BaO,51部位1,0.9269831304
铅钡,Na2O,BaO,51部位2,1
铅钡,Na2O,BaO,52,0.9537024425
铅钡,Na2O,BaO,53未风化点,0.8120543874
铅钡,Na2O,BaO,54,0.9415949196
铅钡,Na2O,BaO,54严重风化点,1
铅钡,Na2O,BaO,55,0.8285789713
铅钡,Na2O,BaO,56,0.880183758
铅钡,Na2O,BaO,57,0.867734434
铅钡,Na2O,BaO,58,0.9367764887
铅钡,Na2O,P2O5,02,0.9089140663
铅钡,Na2O,P2O5,08,0.9084504974
铅钡,Na2O,P2O5,08严重风化点,0.8249341783
铅钡,Na2O,P2O5,11,0.7915729595
铅钡,Na2O,P2O5,19,0.8013666226
铅钡,Na2O,P2O5,20,0.861023017
铅钡,Na2O,P2O5,23未风化点,0.5526895699
铅钡,Na2O,P2O5,24,0.9960854225
铅钡,Na2O,P2O5,25未风化点,0.8125310391
铅钡,Na2O,P2O5,26,0.9192336383
铅钡,Na2O,P2O5,26严重风化点,0.8550298784
铅钡,Na2O,P2O5,28未风化点,0.9716341131
铅钡,Na2O,P2O5,29未风化点,0.9237838032
铅钡,Na2O,P2O5,30部位1,1
铅钡,Na2O,P2O5,30部位2,0.9619266288
铅钡,Na2O,P2O5,31,0.9565027777
铅钡,Na2O,P2O5,32,0.9952505685
铅钡,Na2O,P2O5,33,0.9963640185
铅钡,Na2O,P2O5,34,0.9905460379
铅钡,Na2O,P2O5,35,0.9883474968
铅钡,Na2O,P2O5,36,0.8163973229
铅钡,Na2O,P2O5,37,0.9606296639
铅钡,Na2O,P2O5,38,0.8868816554
铅钡,Na2O,P2O5,39,0.9684643419
铅钡,Na2O,P2O5,40,0.9526658962
铅钡,Na2O,P2O5,41,0.8268489003
铅钡,Na2O,P2O5,42未风化点1,0.631186798
铅钡,Na2O,P2O5,42未风化点2,0.6327386246
铅钡,Na2O,P2O5,43部位1,1
铅钡,Na2O,P2O5,43部位2,0.7352114542
铅钡,Na2O,P2O5,44未风化点,0.7617903012
铅钡,Na2O,P2O5,45,0.7862737027
铅钡,Na2O,P2O5,46,0.9944171127
铅钡,Na2O,P2O5,47,0.6787060534
铅钡,Na2O,P2O5,48,0.9515901052
铅钡,Na2O,P2O5,49,0.7624334903
铅钡,Na2O,P2O5,49未风化点,0.8918479316
铅钡,Na2O,P2O5,50,0.8489172474
铅钡,Na2O,P2O5,50未风化点,0.8489172474
铅钡,Na2O,P2O5,51部位1,0.8147460225
铅钡,Na2O,P2O5,51部位2,0.8028113804
铅钡,Na2O,P2O5,52,0.9656087215
铅钡,Na2O,P2O5,53未风化点,0.7629782019
铅钡,Na2O,P2O5,54,0.8936377236
铅钡,Na2O,P2O5,54严重风化点,0.7160013495
铅钡,Na2O,P2O5,55,0.7891997809
铅钡,Na2O,P2O5,56,0.9334447087
铅钡,Na2O,P2O5,57,1
铅钡,Na2O,P2O5,58,0.7984926513
铅钡,Na2O,SrO,02,0.9519550247
铅钡,Na2O,SrO,08,0.9105118989
铅钡,Na2O,SrO,08严重风化点,0.8765900069
铅钡,Na2O,SrO,11,0.9105118989
铅钡,Na2O,SrO,19,0.9519550247
铅钡,Na2O,SrO,20,1
铅钡,Na2O,SrO,23未风化点,0.5808294185
铅钡,Na2O,SrO,24,0.8053320995
铅钡,Na2O,SrO,25未风化点,0.8453588206
铅钡,Na2O,SrO,26,0.8932290086
铅钡,Na2O,SrO,26严重风化点,0.858596895
铅钡,Na2O,SrO,28未风化点,0.9691090105
铅钡,Na2O,SrO,29未风化点,0.9731356999
铅钡,Na2O,SrO,30部位1,0.9149376303
铅钡,Na2O,SrO,30部位2,0.8869158827
铅钡,Na2O,SrO,31,0.9261925059
铅钡,Na2O,SrO,32,1
铅钡,Na2O,SrO,33,1
铅钡,Na2O,SrO,34,0.9447878183
铅钡,Na2O,SrO,35,1
铅钡,Na2O,SrO,36,0.8558565925
铅钡,Na2O,SrO,37,0.9239194333
铅钡,Na2O,SrO,38,0.9688872826
铅钡,Na2O,SrO,39,0.8605595691
铅钡,Na2O,SrO,40,0.8470063154
铅钡,Na2O,SrO,41,0.8890103191
铅钡,Na2O,SrO,42未风化点1,0.6695268598
铅钡,Na2O,SrO,42未风化点2,0.6327386246
铅钡,Na2O,SrO,43部位1,0.8546982824
铅钡,Na2O,SrO,43部位2,0.8890103191
铅钡,Na2O,SrO,44未风化点,0.8040955639
铅钡,Na2O,SrO,45,0.8259502065
铅钡,Na2O,SrO,46,0.8974879275
铅钡,Na2O,SrO,47,0.7997357119
铅钡,Na2O,SrO,48,0.9848885806
铅钡,Na2O,SrO,49,0.8911146709
铅钡,Na2O,SrO,49未风化点,0.9261925059
铅钡,Na2O,SrO,50,0.8508349145
铅钡,Na2O,SrO,50未风化点,0.9424226723
铅钡,Na2O,SrO,51部位1,0.9061287776
铅钡,Na2O,SrO,51部位2,1
铅钡,Na2O,SrO,52,0.9922675496
铅钡,Na2O,SrO,53未风化点,0.8071460201
铅钡,Na2O,SrO,54,0.8105337999
铅钡,Na2O,SrO,54严重风化点,0.7707092492
铅钡,Na2O,SrO,55,0.783127557
铅钡,Na2O,SrO,56,1
铅钡,Na2O,SrO,57,1
铅钡,Na2O,SrO,58,0.9400693384
铅钡,Na2O,SnO2,02,1
铅钡,Na2O,SnO2,08,1
铅钡,Na2O,SnO2,08严重风化点,1
铅钡,Na2O,SnO2,11,1
铅钡,Na2O,SnO2,19,1
铅钡,Na2O,SnO2,20,1
铅钡,Na2O,SnO2,23未风化点,0.5526895699
铅钡,Na2O,SnO2,24,1
铅钡,Na2O,SnO2,25未风化点,0.8090250079
铅钡,Na2O,SnO2,26,1
铅钡,Na2O,SnO2,26严重风化点,1
铅钡,Na2O,SnO2,28未风化点,0.7323334174
铅钡,Na2O,SnO2,29未风化点,0.9140654702
铅钡,Na2O,SnO2,30部位1,0.6113780646
铅钡,Na2O,SnO2,30部位2,0.588507377
铅钡,Na2O,SnO2,31,1
铅钡,Na2O,SnO2,32,1
铅钡,Na2O,SnO2,33,1
铅钡,Na2O,SnO2,34,1
铅钡,Na2O,SnO2,35,1
铅钡,Na2O,SnO2,36,0.8150897518
铅钡,Na2O,SnO2,37,1
铅钡,Na2O,SnO2,38,0.8764085901
铅钡,Na2O,SnO2,39,1
铅钡,Na2O,SnO2,40,1
铅钡,Na2O,SnO2,41,1
铅钡,Na2O,SnO2,42未风化点1,0.6302933878
铅钡,Na2O,SnO2,42未风化点2,0.6327386246
铅钡,Na2O,SnO2,43部位1,1
铅钡,Na2O,SnO2,43部位2,1
铅钡,Na2O,SnO2,44未风化点,0.7617903012
铅钡,Na2O,SnO2,45,0.7862737027
铅钡,Na2O,SnO2,46,1
铅钡,Na2O,SnO2,47,0.6774154372
铅钡,Na2O,SnO2,48,0.3333333333
铅钡,Na2O,SnO2,49,1
铅钡,Na2O,SnO2,49未风化点,1
铅钡,Na2O,SnO2,50,1
铅钡,Na2O,SnO2,50未风化点,1
铅钡,Na2O,SnO2,51部位1,0.5724466338
铅钡,Na2O,SnO2,51部位2,1
铅钡,Na2O,SnO2,52,0.889149605
铅钡,Na2O,SnO2,53未风化点,0.7629782019
铅钡,Na2O,SnO2,54,1
铅钡,Na2O,SnO2,54严重风化点,1
铅钡,Na2O,SnO2,55,0.783127557
铅钡,Na2O,SnO2,56,1
铅钡,Na2O,SnO2,57,1
铅钡,Na2O,SnO2,58,1
铅钡,Na2O,SO2,02,1
铅钡,Na2O,SO2,08,0.770276979
铅钡,Na2O,SO2,08严重风化点,0.365311719
铅钡,Na2O,SO2,11,1
铅钡,Na2O,SO2,19,1
铅钡,Na2O,SO2,20,1
铅钡,Na2O,SO2,23未风化点,0.5526895699
铅钡,Na2O,SO2,24,1
铅钡,Na2O,SO2,25未风化点,0.8090250079
铅钡,Na2O,SO2,26,0.8152845653
铅钡,Na2O,SO2,26严重风化点,0.3516501635
铅钡,Na2O,SO2,28未风化点,1
铅钡,Na2O,SO2,29未风化点,0.9140654702
铅钡,Na2O,SO2,30部位1,1
铅钡,Na2O,SO2,30部位2,1
铅钡,Na2O,SO2,31,1
铅钡,Na2O,SO2,32,1
铅钡,Na2O,SO2,33,1
铅钡,Na2O,SO2,34,1
铅钡,Na2O,SO2,35,1
铅钡,Na2O,SO2,36,0.8150897518
铅钡,Na2O,SO2,37,0.7027028746
铅钡,Na2O,SO2,38,0.8764085901
铅钡,Na2O,SO2,39,1
铅钡,Na2O,SO2,40,1
铅钡,Na2O,SO2,41,1
铅钡,Na2O,SO2,42未风化点1,0.6302933878
铅钡,Na2O,SO2,42未风化点2,0.6327386246
铅钡,Na2O,SO2,43部位1,1
铅钡,Na2O,SO2,43部位2,1
铅钡,Na2O,SO2,44未风化点,0.7617903012
铅钡,Na2O,SO2,45,0.7862737027
铅钡,Na2O,SO2,46,1
铅钡,Na2O,SO2,47,0.6774154372
铅钡,Na2O,SO2,48,0.924427238
铅钡,Na2O,SO2,49,1
铅钡,Na2O,SO2,49未风化点,1
铅钡,Na2O,SO2,50,1
铅钡,Na2O,SO2,50未风化点,1
铅钡,Na2O,SO2,51部位1,1
铅钡,Na2O,SO2,51部位2,1
铅钡,Na2O,SO2,52,0.889149605
铅钡,Na2O,SO2,53未风化点,0.7629782019
铅钡,Na2O,SO2,54,1
铅钡,Na2O,SO2,54严重风化点,1
铅钡,Na2O,SO2,55,0.783127557
铅钡,Na2O,SO2,56,1
铅钡,Na2O,SO2,57,1
铅钡,Na2O,SO2,58,1
铅钡,K2O,SiO2,02,0.6688151555
铅钡,K2O,SiO2,08,0.9522834598
铅钡,K2O,SiO2,08严重风化点,0.988660566
铅钡,K2O,SiO2,11,0.9675686746
铅钡,K2O,SiO2,19,0.9313214608
铅钡,K2O,SiO2,20,0.7675057111
铅钡,K2O,SiO2,23未风化点,0.8819685165
铅钡,K2O,SiO2,24,0.9263844742
铅钡,K2O,SiO2,25未风化点,0.8881660317
铅钡,K2O,SiO2,26,0.9530737818
铅钡,K2O,SiO2,26严重风化点,0.8238784351
铅钡,K2O,SiO2,28未风化点,0.9761687669
铅钡,K2O,SiO2,29未风化点,0.9903126921
铅钡,K2O,SiO2,30部位1,0.5879821409
铅钡,K2O,SiO2,30部位2,0.915851282
铅钡,K2O,SiO2,31,0.8591202684
铅钡,K2O,SiO2,32,0.946658884
铅钡,K2O,SiO2,33,0.9056077345
铅钡,K2O,SiO2,34,0.9520433025
铅钡,K2O,SiO2,35,0.8591202684
铅钡,K2O,SiO2,36,0.9800181512
铅钡,K2O,SiO2,37,0.9791098501
铅钡,K2O,SiO2,38,0.9242755006
铅钡,K2O,SiO2,39,0.938694847
铅钡,K2O,SiO2,40,0.9600855965
铅钡,K2O,SiO2,41,0.8337492112
铅钡,K2O,SiO2,42未风化点1,0.9579481426
铅钡,K2O,SiO2,42未风化点2,0.9368197044
铅钡,K2O,SiO2,43部位1,0.9700491762
铅钡,K2O,SiO2,43部位2,0.9487767638
铅钡,K2O,SiO2,44未风化点,0.9619034465
铅钡,K2O,SiO2,45,0.9164812099
铅钡,K2O,SiO2,46,0.9979727726
铅钡,K2O,SiO2,47,0.9676188235
铅钡,K2O,SiO2,48,0.9562621494
铅钡,K2O,SiO2,49,0.9331593427
铅钡,K2O,SiO2,49未风化点,0.9695536548
铅钡,K2O,SiO2,50,0.9571818989
铅钡,K2O,SiO2,50未风化点,0.8992741713
铅钡,K2O,SiO2,51部位1,0.9423039772
铅钡,K2O,SiO2,51部位2,0.9495612735
铅钡,K2O,SiO2,52,0.939814233
铅钡,K2O,SiO2,53未风化点,0.9115344951
铅钡,K2O,SiO2,54,0.8904802935
铅钡,K2O,SiO2,54严重风化点,0.9591691474
铅钡,K2O,SiO2,55,0.8913173316
铅钡,K2O,SiO2,56,0.9323800609
铅钡,K2O,SiO2,57,0.940517957
铅钡,K2O,SiO2,58,0.8976955172
铅钡,K2O,Na2O,02,0.6307379072
铅钡,K2O,Na2O,08,1
铅钡,K2O,Na2O,08严重风化点,1
铅钡,K2O,Na2O,11,0.8951838879
铅钡,K2O,Na2O,19,1
铅钡,K2O,Na2O,20,0.7163980378
铅钡,K2O,Na2O,23未风化点,0.5414428477
铅钡,K2O,Na2O,24,1
铅钡,K2O,Na2O,25未风化点,0.8019133921
铅钡,K2O,Na2O,26,1
铅钡,K2O,Na2O,26严重风化点,0.8176437655
铅钡,K2O,Na2O,28未风化点,0.8733874413
铅钡,K2O,Na2O,29未风化点,0.935549408
铅钡,K2O,Na2O,30部位1,0.5598576123
铅钡,K2O,Na2O,30部位2,1
铅钡,K2O,Na2O,31,1
铅钡,K2O,Na2O,32,0.8951838879
铅钡,K2O,Na2O,33,0.9228200036
铅钡,K2O,Na2O,34,0.8776614011
铅钡,K2O,Na2O,35,1
铅钡,K2O,Na2O,36,0.8625641045
铅钡,K2O,Na2O,37,0.8863360499
铅钡,K2O,Na2O,38,0.8714073944
铅钡,K2O,Na2O,39,1
铅钡,K2O,Na2O,40,1
铅钡,K2O,Na2O,41,0.8030005498
铅钡,K2O,Na2O,42未风化点1,0.6535238591
铅钡,K2O,Na2O,42未风化点2,0.708096584
铅钡,K2O,Na2O,43部位1,1
铅钡,K2O,Na2O,43部位2,1
铅钡,K2O,Na2O,44未风化点,0.8225681932
铅钡,K2O,Na2O,45,0.8175865777
铅钡,K2O,Na2O,46,0.8776614011
铅钡,K2O,Na2O,47,0.7481568839
铅钡,K2O,Na2O,48,0.9150185361
铅钡,K2O,Na2O,49,1
铅钡,K2O,Na2O,49未风化点,0.8566999078
铅钡,K2O,Na2O,50,1
铅钡,K2O,Na2O,50未风化点,1
铅钡,K2O,Na2O,51部位1,1
铅钡,K2O,Na2O,51部位2,1
铅钡,K2O,Na2O,52,0.884596092
铅钡,K2O,Na2O,53未风化点,0.7912976487
铅钡,K2O,Na2O,54,0.8485930107
铅钡,K2O,Na2O,54严重风化点,1
铅钡,K2O,Na2O,55,0.7753193857
铅钡,K2O,Na2O,56,1
铅钡,K2O,Na2O,57,1
铅钡,K2O,Na2O,58,0.8406381054
铅钡,K2O,CaO,02,0.6779470419
铅钡,K2O,CaO,08,0.9347300332
铅钡,K2O,CaO,08严重风化点,0.869182162
铅钡,K2O,CaO,11,0.9537291083
铅钡,K2O,CaO,19,0.878549493
铅钡,K2O,CaO,20,0.7163980378
铅钡,K2O,CaO,23未风化点,0.976953272
铅钡,K2O,CaO,24,0.9783060773
铅钡,K2O,CaO,25未风化点,0.9711340916
铅钡,K2O,CaO,26,0.9363818606
铅钡,K2O,CaO,26严重风化点,0.9250589039
铅钡,K2O,CaO,28未风化点,0.9244323405
铅钡,K2O,CaO,29未风化点,0.9740218252
铅钡,K2O,CaO,30部位1,0.6351922292
铅钡,K2O,CaO,30部位2,0.8333009218
铅钡,K2O,CaO,31,0.9298093339
铅钡,K2O,CaO,32,0.9129204109
铅钡,K2O,CaO,33,0.949271666
铅钡,K2O,CaO,34,0.9069550063
铅钡,K2O,CaO,35,0.9823870658
铅钡,K2O,CaO,36,0.9428604194
铅钡,K2O,CaO,37,0.9205989709
铅钡,K2O,CaO,38,0.968914362
铅钡,K2O,CaO,39,0.950235493
铅钡,K2O,CaO,40,0.9189249664
铅钡,K2O,CaO,41,0.9888142413
铅钡,K2O,CaO,42未风化点1,0.9556921129
铅钡,K2O,CaO,42未风化点2,0.8367163202
铅钡,K2O,CaO,43部位1,0.8017783483
铅钡,K2O,CaO,43部位2,0.7680743775
铅钡,K2O,CaO,44未风化点,0.9895637629
铅钡,K2O,CaO,45,0.978760504
铅钡,K2O,CaO,46,0.8776614011
铅钡,K2O,CaO,47,0.8923417311
铅钡,K2O,CaO,48,0.9565979127
铅钡,K2O,CaO,49,0.8223088084
铅钡,K2O,CaO,49未风化点,0.9353366448
铅钡,K2O,CaO,50,0.869182162
铅钡,K2O,CaO,50未风化点,0.8716844288
铅钡,K2O,CaO,51部位1,0.8554998085
铅钡,K2O,CaO,51部位2,0.8051286024
铅钡,K2O,CaO,52,0.903260396
铅钡,K2O,CaO,53未风化点,0.9760561225
铅钡,K2O,CaO,54,0.9728436597
铅钡,K2O,CaO,54严重风化点,1
铅钡,K2O,CaO,55,0.9493842202
铅钡,K2O,CaO,56,0.9459943271
铅钡,K2O,CaO,57,0.941790852
铅钡,K2O,CaO,58,0.975694025
铅钡,K2O,MgO,02,0.7099055554
铅钡,K2O,MgO,08,1
铅钡,K2O,MgO,08严重风化点,1
铅钡,K2O,MgO,11,0.9894080475
铅钡,K2O,MgO,19,0.9187771153
铅钡,K2O,MgO,20,0.7163980378
铅钡,K2O,MgO,23未风化点,0.9038456674
铅钡,K2O,MgO,24,1
铅钡,K2O,MgO,25未风化点,1
铅钡,K2O,MgO,26,1
铅钡,K2O,MgO,26严重风化点,0.8176437655
铅钡,K2O,MgO,28未风化点,0.995154801
铅钡,K2O,MgO,29未风化点,0.9469824416
铅钡,K2O,MgO,30部位1,0.6100056255
铅钡,K2O,MgO,30部位2,0.9290085395
铅钡,K2O,MgO,31,0.8823368065
铅钡,K2O,MgO,32,0.8951838879
铅钡,K2O,MgO,33,0.9379093864
铅钡,K2O,MgO,34,0.8776614011
铅钡,K2O,MgO,35,1
铅钡,K2O,MgO,36,0.9275927774
铅钡,K2O,MgO,37,0.8863360499
铅钡,K2O,MgO,38,1
铅钡,K2O,MgO,39,1
铅钡,K2O,MgO,40,1
铅钡,K2O,MgO,41,0.8593108925
铅钡,K2O,MgO,42未风化点1,0.9261949332
铅钡,K2O,MgO,42未风化点2,0.9791074028
铅钡,K2O,MgO,43部位1,0.8823368065
铅钡,K2O,MgO,43部位2,0.8753928836
铅钡,K2O,MgO,44未风化点,0.8996743818
铅钡,K2O,MgO,45,0.9527925907
铅钡,K2O,MgO,46,0.9002240416
铅钡,K2O,MgO,47,0.9343225034
铅钡,K2O,MgO,48,0.9502756269
铅钡,K2O,MgO,49,0.8194981897
铅钡,K2O,MgO,49未风化点,0.9876217979
铅钡,K2O,MgO,50,0.9342101823
铅钡,K2O,MgO,50未风化点,0.9251451627
铅钡,K2O,MgO,51部位1,0.8486767989
铅钡,K2O,MgO,51部位2,0.8215156736
铅钡,K2O,MgO,52,0.9238645011
铅钡,K2O,MgO,53未风化点,0.9013225145
铅钡,K2O,MgO,54,0.986807471
铅钡,K2O,MgO,54严重风化点,0.8573991101
铅钡,K2O,MgO,55,1
铅钡,K2O,MgO,56,1
铅钡,K2O,MgO,57,1
铅钡,K2O,MgO,58,0.9335306771
铅钡,K2O,Al2O3,02,0.6971881764
铅钡,K2O,Al2O3,08,0.9658676952
铅钡,K2O,Al2O3,08严重风化点,0.9715596062
铅钡,K2O,Al2O3,11,0.9558874943
铅钡,K2O,Al2O3,19,0.9139530866
铅钡,K2O,Al2O3,20,0.798629796
铅钡,K2O,Al2O3,23未风化点,0.9639035013
铅钡,K2O,Al2O3,24,0.9597560003
铅钡,K2O,Al2O3,25未风化点,0.95228408
铅钡,K2O,Al2O3,26,0.9818742049
铅钡,K2O,Al2O3,26严重风化点,0.8389912519
铅钡,K2O,Al2O3,28未风化点,0.9794138957
铅钡,K2O,Al2O3,29未风化点,0.8258288248
铅钡,K2O,Al2O3,30部位1,0.5982828511
铅钡,K2O,Al2O3,30部位2,0.9076090759
铅钡,K2O,Al2O3,31,0.9241999477
铅钡,K2O,Al2O3,32,0.9480012035
铅钡,K2O,Al2O3,33,0.9787985143
铅钡,K2O,Al2O3,34,0.911852232
铅钡,K2O,Al2O3,35,0.9634137004
铅钡,K2O,Al2O3,36,0.9653776315
铅钡,K2O,Al2O3,37,0.9465140217
铅钡,K2O,Al2O3,38,0.9365259629
铅钡,K2O,Al2O3,39,0.9869856045
铅钡,K2O,Al2O3,40,0.9882717805
铅钡,K2O,Al2O3,41,0.86392314
铅钡,K2O,Al2O3,42未风化点1,0.9906303775
铅钡,K2O,Al2O3,42未风化点2,0.9561302234
铅钡,K2O,Al2O3,43部位1,0.94398665
铅钡,K2O,Al2O3,43部位2,0.9174913408
铅钡,K2O,Al2O3,44未风化点,0.8175628793
铅钡,K2O,Al2O3,45,0.9341187151
铅钡,K2O,Al2O3,46,0.987098956
铅钡,K2O,Al2O3,47,0.9250729071
铅钡,K2O,Al2O3,48,0.8463411142
铅钡,K2O,Al2O3,49,0.8757476948
铅钡,K2O,Al2O3,49未风化点,0.9958689746
铅钡,K2O,Al2O3,50,0.9530020806
铅钡,K2O,Al2O3,50未风化点,0.9011383244
铅钡,K2O,Al2O3,51部位1,0.8783849394
铅钡,K2O,Al2O3,51部位2,0.9379158455
铅钡,K2O,Al2O3,52,0.9703165348
铅钡,K2O,Al2O3,53未风化点,0.91034713
铅钡,K2O,Al2O3,54,0.93547349
铅钡,K2O,Al2O3,54严重风化点,0.9121941736
铅钡,K2O,Al2O3,55,0.9631689866
铅钡,K2O,Al2O3,56,0.9534813495
铅钡,K2O,Al2O3,57,0.9456345483
铅钡,K2O,Al2O3,58,0.9117905808
铅钡,K2O,Fe2O3,02,0.7626764788
铅钡,K2O,Fe2O3,08,1
铅钡,K2O,Fe2O3,08严重风化点,1
铅钡,K2O,Fe2O3,11,0.8951838879
铅钡,K2O,Fe2O3,19,0.8360367376
铅钡,K2O,Fe2O3,20,0.8523624287
铅钡,K2O,Fe2O3,23未风化点,1
铅钡,K2O,Fe2O3,24,1
铅钡,K2O,Fe2O3,25未风化点,0.8139607048
铅钡,K2O,Fe2O3,26,1
铅钡,K2O,Fe2O3,26严重风化点,0.8176437655
铅钡,K2O,Fe2O3,28未风化点,0.9220760174
铅钡,K2O,Fe2O3,29未风化点,0.9543545857
铅钡,K2O,Fe2O3,30部位1,0.6786301869
铅钡,K2O,Fe2O3,30部位2,0.7122324272
铅钡,K2O,Fe2O3,31,0.5963619165
铅钡,K2O,Fe2O3,32,0.9705256284
铅钡,K2O,Fe2O3,33,0.9228200036
铅钡,K2O,Fe2O3,34,0.934504229
铅钡,K2O,Fe2O3,35,0.9755451038
铅钡,K2O,Fe2O3,36,0.9700519859
铅钡,K2O,Fe2O3,37,0.8863360499
铅钡,K2O,Fe2O3,38,0.9589907375
铅钡,K2O,Fe2O3,39,1
铅钡,K2O,Fe2O3,40,0.9727464669
铅钡,K2O,Fe2O3,41,0.9817190223
铅钡,K2O,Fe2O3,42未风化点1,0.9228200036
铅钡,K2O,Fe2O3,42未风化点2,0.8367163202
铅钡,K2O,Fe2O3,43部位1,0.89922527
铅钡,K2O,Fe2O3,43部位2,0.8298981149
铅钡,K2O,Fe2O3,44未风化点,0.9979743898
铅钡,K2O,Fe2O3,45,0.9422119816
铅钡,K2O,Fe2O3,46,0.8776614011
铅钡,K2O,Fe2O3,47,0.8608117211
铅钡,K2O,Fe2O3,48,0.9741470678
铅钡,K2O,Fe2O3,49,0.7122324272
铅钡,K2O,Fe2O3,49未风化点,0.9803899465
铅钡,K2O,Fe2O3,50,0.9535967651
铅钡,K2O,Fe2O3,50未风化点,1
铅钡,K2O,Fe2O3,51部位1,0.8507195537
铅钡,K2O,Fe2O3,51部位2,0.9416794095
铅钡,K2O,Fe2O3,52,0.9671970905
铅钡,K2O,Fe2O3,53未风化点,0.9422119816
铅钡,K2O,Fe2O3,54,0.8485930107
铅钡,K2O,Fe2O3,54严重风化点,1
铅钡,K2O,Fe2O3,55,1
铅钡,K2O,Fe2O3,56,1
铅钡,K2O,Fe2O3,57,1
铅钡,K2O,Fe2O3,58,0.9409477211
铅钡,K2O,CuO,02,0.6361058448
铅钡,K2O,CuO,08,0.6511767596
铅钡,K2O,CuO,08严重风化点,0.8608969624
铅钡,K2O,CuO,11,0.8798164487
铅钡,K2O,CuO,19,0.8470134612
铅钡,K2O,CuO,20,0.8696399477
铅钡,K2O,CuO,23未风化点,0.866655934
铅钡,K2O,CuO,24,0.6967002172
铅钡,K2O,CuO,25未风化点,0.9455072558
铅钡,K2O,CuO,26,0.6477041867
铅钡,K2O,CuO,26严重风化点,0.9635986381
铅钡,K2O,CuO,28未风化点,0.8865358432
铅钡,K2O,CuO,29未风化点,0.8855900005
铅钡,K2O,CuO,30部位1,0.5598576123
铅钡,K2O,CuO,30部位2,1
铅钡,K2O,CuO,31,0.9778596245
铅钡,K2O,CuO,32,0.8997429888
铅钡,K2O,CuO,33,0.9438864062
铅钡,K2O,CuO,34,0.9418949956
铅钡,K2O,CuO,35,0.9918338995
铅钡,K2O,CuO,36,0.9587106289
铅钡,K2O,CuO,37,0.9740423867
铅钡,K2O,CuO,38,0.9637954204
铅钡,K2O,CuO,39,0.9566784054
铅钡,K2O,CuO,40,1
铅钡,K2O,CuO,41,0.8093547981
铅钡,K2O,CuO,42未风化点1,0.9489837417
铅钡,K2O,CuO,42未风化点2,0.9477042534
铅钡,K2O,CuO,43部位1,0.7841279145
铅钡,K2O,CuO,43部位2,0.9279002083
铅钡,K2O,CuO,44未风化点,0.9179481345
铅钡,K2O,CuO,45,0.9670624631
铅钡,K2O,CuO,46,0.9092821521
铅钡,K2O,CuO,47,0.8863312941
铅钡,K2O,CuO,48,0.8485930107
铅钡,K2O,CuO,49,0.9652315493
铅钡,K2O,CuO,49未风化点,0.8740390603
铅钡,K2O,CuO,50,0.9450474502
铅钡,K2O,CuO,50未风化点,0.9652315493
铅钡,K2O,CuO,51部位1,0.9341447313
铅钡,K2O,CuO,51部位2,0.962840373
铅钡,K2O,CuO,52,0.9652315493
铅钡,K2O,CuO,53未风化点,0.9675439462
铅钡,K2O,CuO,54,0.8805058602
铅钡,K2O,CuO,54严重风化点,0.9354937939
铅钡,K2O,CuO,55,0.9576212618
铅钡,K2O,CuO,56,0.9609359452
铅钡,K2O,CuO,57,0.9436707127
铅钡,K2O,CuO,58,0.9722822538
铅钡,K2O,PbO,02,0.690662043
铅钡,K2O,PbO,08,0.9232085125
铅钡,K2O,PbO,08严重风化点,0.9139825184
铅钡,K2O,PbO,11,0.9583576444
铅钡,K2O,PbO,19,0.8895306694
铅钡,K2O,PbO,20,0.7305136529
铅钡,K2O,PbO,23未风化点,0.9530652557
铅钡,K2O,PbO,24,0.9220728299
铅钡,K2O,PbO,25未风化点,0.9153169805
铅钡,K2O,PbO,26,0.9211121549
铅钡,K2O,PbO,26严重风化点,0.8800870103
铅钡,K2O,PbO,28未风化点,0.9130276395
铅钡,K2O,PbO,29未风化点,0.8837295491
铅钡,K2O,PbO,30部位1,0.5979355749
铅钡,K2O,PbO,30部位2,0.9013433657
铅钡,K2O,PbO,31,0.9541993897
铅钡,K2O,PbO,32,0.9435919336
铅钡,K2O,PbO,33,0.9645368343
铅钡,K2O,PbO,34,0.9956338117
铅钡,K2O,PbO,35,0.9398935087
铅钡,K2O,PbO,36,0.9591224299
铅钡,K2O,PbO,37,0.9274372342
铅钡,K2O,PbO,38,0.8748822966
铅钡,K2O,PbO,39,0.8496164257
铅钡,K2O,PbO,40,0.8308229038
铅钡,K2O,PbO,41,0.8949582864
铅钡,K2O,PbO,42未风化点1,0.9802214243
铅钡,K2O,PbO,42未风化点2,0.8796658155
铅钡,K2O,PbO,43部位1,0.8520939992
铅钡,K2O,PbO,43部位2,0.8851235354
铅钡,K2O,PbO,44未风化点,0.9328001706
铅钡,K2O,PbO,45,0.9852629962
铅钡,K2O,PbO,46,0.9379451061
铅钡,K2O,PbO,47,0.919093918
铅钡,K2O,PbO,48,0.8827228413
铅钡,K2O,PbO,49,0.9098102815
铅钡,K2O,PbO,49未风化点,0.9086726496
铅钡,K2O,PbO,50,0.8868309545
铅钡,K2O,PbO,50未风化点,0.9184622413
铅钡,K2O,PbO,51部位1,0.895491078
铅钡,K2O,PbO,51部位2,0.8703989927
铅钡,K2O,PbO,52,0.879098125
铅钡,K2O,PbO,53未风化点,0.9787465253
铅钡,K2O,PbO,54,0.9827296811
铅钡,K2O,PbO,54严重风化点,0.8550310966
铅钡,K2O,PbO,55,0.9128452394
铅钡,K2O,PbO,56,0.8931482504
铅钡,K2O,PbO,57,0.8843289878
铅钡,K2O,PbO,58,0.9298450184
铅钡,K2O,BaO,02,0.6307379072
铅钡,K2O,BaO,08,0.7764349085
铅钡,K2O,BaO,08严重风化点,0.7798403037
铅钡,K2O,BaO,11,0.9826908321
铅钡,K2O,BaO,19,0.9529921839
铅钡,K2O,BaO,20,0.8483613215
铅钡,K2O,BaO,23未风化点,0.9014302262
铅钡,K2O,BaO,24,0.8052577591
铅钡,K2O,BaO,25未风化点,0.9422296039
铅钡,K2O,BaO,26,0.7708066038
铅钡,K2O,BaO,26严重风化点,0.9059452154
铅钡,K2O,BaO,28未风化点,0.9027562105
铅钡,K2O,BaO,29未风化点,0.8706603926
铅钡,K2O,BaO,30部位1,0.5912627296
铅钡,K2O,BaO,30部位2,0.9128867516
铅钡,K2O,BaO,31,0.9694317689
铅钡,K2O,BaO,32,0.9327525274
铅钡,K2O,BaO,33,0.951561486
铅钡,K2O,BaO,34,0.9549343467
铅钡,K2O,BaO,35,0.9502369268
铅钡,K2O,BaO,36,0.9786723705
铅钡,K2O,BaO,37,0.9681420155
铅钡,K2O,BaO,38,0.9172099048
铅钡,K2O,BaO,39,0.9375869096
铅钡,K2O,BaO,40,0.9419023013
铅钡,K2O,BaO,41,0.8655439891
铅钡,K2O,BaO,42未风化点1,0.9872666519
铅钡,K2O,BaO,42未风化点2,0.913379215
铅钡,K2O,BaO,43部位1,0.9370199066
铅钡,K2O,BaO,43部位2,0.9708201317
铅钡,K2O,BaO,44未风化点,0.9403929184
铅钡,K2O,BaO,45,0.961799269
铅钡,K2O,BaO,46,0.9554390715
铅钡,K2O,BaO,47,0.9288549184
铅钡,K2O,BaO,48,0.9000708712
铅钡,K2O,BaO,49,0.9467531932
铅钡,K2O,BaO,49未风化点,0.8860233441
铅钡,K2O,BaO,50,0.8842336509
铅钡,K2O,BaO,50未风化点,0.9457625276
铅钡,K2O,BaO,51部位1,0.9238506433
铅钡,K2O,BaO,51部位2,1
铅钡,K2O,BaO,52,0.9262174508
铅钡,K2O,BaO,53未风化点,0.9789000512
铅钡,K2O,BaO,54,0.8980586666
铅钡,K2O,BaO,54严重风化点,1
铅钡,K2O,BaO,55,0.9317074028
铅钡,K2O,BaO,56,0.8753135928
铅钡,K2O,BaO,57,0.862437328
铅钡,K2O,BaO,58,0.8936965972
铅钡,K2O,P2O5,02,0.6754123908
铅钡,K2O,P2O5,08,0.9046047639
铅钡,K2O,P2O5,08严重风化点,0.818281927
铅钡,K2O,P2O5,11,0.8632255961
铅钡,K2O,P2O5,19,0.7940424216
铅钡,K2O,P2O5,20,0.8150174754
铅钡,K2O,P2O5,23未风化点,1
铅钡,K2O,P2O5,24,0.9959043857
铅钡,K2O,P2O5,25未风化点,0.9944497847
铅钡,K2O,P2O5,26,0.9157988897
铅钡,K2O,P2O5,26严重风化点,0.956385612
铅钡,K2O,P2O5,28未风化点,0.8973297324
铅钡,K2O,P2O5,29未风化点,0.8656312945
铅钡,K2O,P2O5,30部位1,0.5598576123
铅钡,K2O,P2O5,30部位2,0.9602289307
铅钡,K2O,P2O5,31,0.9545746503
铅钡,K2O,P2O5,32,0.899203578
铅钡,K2O,P2O5,33,0.9260835055
铅钡,K2O,P2O5,34,0.8854226194
铅钡,K2O,P2O5,35,0.9878129838
铅钡,K2O,P2O5,36,0.9293653959
铅钡,K2O,P2O5,37,0.9213590667
铅钡,K2O,P2O5,38,0.986096188
铅钡,K2O,P2O5,39,0.9670481754
铅钡,K2O,P2O5,40,0.9505764772
铅钡,K2O,P2O5,41,0.9744746747
铅钡,K2O,P2O5,42未风化点1,0.9248255845
铅钡,K2O,P2O5,42未风化点2,0.8367163202
铅钡,K2O,P2O5,43部位1,1
铅钡,K2O,P2O5,43部位2,0.7262811087
铅钡,K2O,P2O5,44未风化点,0.8996743818
铅钡,K2O,P2O5,45,0.9422119816
铅钡,K2O,P2O5,46,0.88221026
铅钡,K2O,P2O5,47,0.8629938945
铅钡,K2O,P2O5,48,0.8725173286
铅钡,K2O,P2O5,49,0.7541141929
铅钡,K2O,P2O5,49未风化点,0.96119539
铅钡,K2O,P2O5,50,0.8430028804
铅钡,K2O,P2O5,50未风化点,0.8430028804
铅钡,K2O,P2O5,51部位1,0.8077968353
铅钡,K2O,P2O5,51部位2,0.7955268591
铅钡,K2O,P2O5,52,0.856362704
铅钡,K2O,P2O5,53未风化点,0.9422119816
铅钡,K2O,P2O5,54,0.9488813877
铅钡,K2O,P2O5,54严重风化点,0.7066815971
铅钡,K2O,P2O5,55,0.9898234829
铅钡,K2O,P2O5,56,0.930568666
铅钡,K2O,P2O5,57,1
铅钡,K2O,P2O5,58,0.9306602491
铅钡,K2O,SrO,02,0.6524727213
铅钡,K2O,SrO,08,0.9067438699
铅钡,K2O,SrO,08严重风化点,0.8715950768
铅钡,K2O,SrO,11,0.9859583278
铅钡,K2O,SrO,19,0.9498358788
铅钡,K2O,SrO,20,0.7163980378
铅钡,K2O,SrO,23未风化点,0.9159785307
铅钡,K2O,SrO,24,0.7981172815
铅钡,K2O,SrO,25未风化点,0.9473347097
铅钡,K2O,SrO,26,0.8888221162
铅钡,K2O,SrO,26严重风化点,0.951757467
铅钡,K2O,SrO,28未风化点,0.8995949808
铅钡,K2O,SrO,29未风化点,0.910930588
铅钡,K2O,SrO,30部位1,0.5921082087
铅钡,K2O,SrO,30部位2,0.8822827608
铅钡,K2O,SrO,31,0.9230289167
铅钡,K2O,SrO,32,0.8951838879
铅钡,K2O,SrO,33,0.9228200036
铅钡,K2O,SrO,34,0.9274380465
铅钡,K2O,SrO,35,1
铅钡,K2O,SrO,36,0.9833742409
铅钡,K2O,SrO,37,0.9596275942
铅钡,K2O,SrO,38,0.8976935535
铅钡,K2O,SrO,39,0.8550231253
铅钡,K2O,SrO,40,0.8410311503
铅钡,K2O,SrO,41,0.897114164
铅钡,K2O,SrO,42未风化点1,0.9865308784
铅钡,K2O,SrO,42未风化点2,0.8367163202
铅钡,K2O,SrO,43部位1,0.8489699608
铅钡,K2O,SrO,43部位2,0.884451828
铅钡,K2O,SrO,44未风化点,0.9622396002
铅钡,K2O,SrO,45,0.9974069456
铅钡,K2O,SrO,46,0.9805206202
铅钡,K2O,SrO,47,0.9305991426
铅钡,K2O,SrO,48,0.9017703297
铅钡,K2O,SrO,49,0.8866315867
铅钡,K2O,SrO,49未风化点,0.9226111851
铅钡,K2O,SrO,50,0.8449819092
铅钡,K2O,SrO,50未风化点,0.9399096177
铅钡,K2O,SrO,51部位1,0.9021960153
铅钡,K2O,SrO,51部位2,1
铅钡,K2O,SrO,52,0.8910234963
铅钡,K2O,SrO,53未风化点,0.9864672288
铅钡,K2O,SrO,54,0.9379204413
铅钡,K2O,SrO,54严重风化点,0.7625895173
铅钡,K2O,SrO,55,1
铅钡,K2O,SrO,56,1
铅钡,K2O,SrO,57,1
铅钡,K2O,SrO,58,0.8905823483
铅钡,K2O,SnO2,02,0.6307379072
铅钡,K2O,SnO2,08,1
铅钡,K2O,SnO2,08严重风化点,1
铅钡,K2O,SnO2,11,0.8951838879
铅钡,K2O,SnO2,19,1
铅钡,K2O,SnO2,20,0.7163980378
铅钡,K2O,SnO2,23未风化点,1
铅钡,K2O,SnO2,24,1
铅钡,K2O,SnO2,25未风化点,1
铅钡,K2O,SnO2,26,1
铅钡,K2O,SnO2,26严重风化点,0.8176437655
铅钡,K2O,SnO2,28未风化点,0.8080784128
铅钡,K2O,SnO2,29未风化点,0.8566999078
铅钡,K2O,SnO2,30部位1,0.8920593368
铅钡,K2O,SnO2,30部位2,0.5774727447
铅钡,K2O,SnO2,31,1
铅钡,K2O,SnO2,32,0.8951838879
铅钡,K2O,SnO2,33,0.9228200036
铅钡,K2O,SnO2,34,0.8776614011
铅钡,K2O,SnO2,35,1
铅钡,K2O,SnO2,36,0.9275927774
铅钡,K2O,SnO2,37,0.8863360499
铅钡,K2O,SnO2,38,1
铅钡,K2O,SnO2,39,1
铅钡,K2O,SnO2,40,1
铅钡,K2O,SnO2,41,0.8030005498
铅钡,K2O,SnO2,42未风化点1,0.9228200036
铅钡,K2O,SnO2,42未风化点2,0.8367163202
铅钡,K2O,SnO2,43部位1,1
铅钡,K2O,SnO2,43部位2,1
铅钡,K2O,SnO2,44未风化点,0.8996743818
铅钡,K2O,SnO2,45,0.9422119816
铅钡,K2O,SnO2,46,0.8776614011
铅钡,K2O,SnO2,47,0.8608117211
铅钡,K2O,SnO2,48,0.3333333333
铅钡,K2O,SnO2,49,1
铅钡,K2O,SnO2,49未风化点,0.8566999078
铅钡,K2O,SnO2,50,1
铅钡,K2O,SnO2,50未风化点,1
铅钡,K2O,SnO2,51部位1,0.5613023664
铅钡,K2O,SnO2,51部位2,1
铅钡,K2O,SnO2,52,1
铅钡,K2O,SnO2,53未风化点,0.9422119816
铅钡,K2O,SnO2,54,0.8485930107
铅钡,K2O,SnO2,54严重风化点,1
铅钡,K2O,SnO2,55,1
铅钡,K2O,SnO2,56,1
铅钡,K2O,SnO2,57,1
铅钡,K2O,SnO2,58,0.8406381054
铅钡,K2O,SO2,02,0.6307379072
铅钡,K2O,SO2,08,0.7621466636
铅钡,K2O,SO2,08严重风化点,0.354853122
铅钡,K2O,SO2,11,0.8951838879
铅钡,K2O,SO2,19,1
铅钡,K2O,SO2,20,0.7163980378
铅钡,K2O,SO2,23未风化点,1
铅钡,K2O,SO2,24,1
铅钡,K2O,SO2,25未风化点,1
铅钡,K2O,SO2,26,0.8083508278
铅钡,K2O,SO2,26严重风化点,0.3695045788
铅钡,K2O,SO2,28未风化点,0.8733874413
铅钡,K2O,SO2,29未风化点,0.8566999078
铅钡,K2O,SO2,30部位1,0.5598576123
铅钡,K2O,SO2,30部位2,1
铅钡,K2O,SO2,31,1
铅钡,K2O,SO2,32,0.8951838879
铅钡,K2O,SO2,33,0.9228200036
铅钡,K2O,SO2,34,0.8776614011
铅钡,K2O,SO2,35,1
铅钡,K2O,SO2,36,0.9275927774
铅钡,K2O,SO2,37,0.7607555157
铅钡,K2O,SO2,38,1
铅钡,K2O,SO2,39,1
铅钡,K2O,SO2,40,1
铅钡,K2O,SO2,41,0.8030005498
铅钡,K2O,SO2,42未风化点1,0.9228200036
铅钡,K2O,SO2,42未风化点2,0.8367163202
铅钡,K2O,SO2,43部位1,1
铅钡,K2O,SO2,43部位2,1
铅钡,K2O,SO2,44未风化点,0.8996743818
铅钡,K2O,SO2,45,0.9422119816
铅钡,K2O,SO2,46,0.8776614011
铅钡,K2O,SO2,47,0.8608117211
铅钡,K2O,SO2,48,0.8485930107
铅钡,K2O,SO2,49,1
铅钡,K2O,SO2,49未风化点,0.8566999078
铅钡,K2O,SO2,50,1
铅钡,K2O,SO2,50未风化点,1
铅钡,K2O,SO2,51部位1,1
铅钡,K2O,SO2,51部位2,1
铅钡,K2O,SO2,52,1
铅钡,K2O,SO2,53未风化点,0.9422119816
铅钡,K2O,SO2,54,0.8485930107
铅钡,K2O,SO2,54严重风化点,1
铅钡,K2O,SO2,55,1
铅钡,K2O,SO2,56,1
铅钡,K2O,SO2,57,1
铅钡,K2O,SO2,58,0.8406381054
铅钡,CaO,SiO2,02,0.9806871247
铅钡,CaO,SiO2,08,0.9810821113
铅钡,CaO,SiO2,08严重风化点,0.8803180052
铅钡,CaO,SiO2,11,0.9257421372
铅钡,CaO,SiO2,19,0.9406753675
铅钡,CaO,SiO2,20,0.9166841433
铅钡,CaO,SiO2,23未风化点,0.9026968701
铅钡,CaO,SiO2,24,0.9469521315
铅钡,CaO,SiO2,25未风化点,0.9140283829
铅钡,CaO,SiO2,26,0.9820396956
铅钡,CaO,SiO2,26严重风化点,0.8851013312
铅钡,CaO,SiO2,28未风化点,0.9059586663
铅钡,CaO,SiO2,29未风化点,0.9837539609
铅钡,CaO,SiO2,30部位1,0.8899953423
铅钡,CaO,SiO2,30部位2,0.9043496893
铅钡,CaO,SiO2,31,0.9203619077
铅钡,CaO,SiO2,32,0.8708020145
铅钡,CaO,SiO2,33,0.866421566
铅钡,CaO,SiO2,34,0.9514206401
铅钡,CaO,SiO2,35,0.8750338968
铅钡,CaO,SiO2,36,0.9266165574
铅钡,CaO,SiO2,37,0.9048146952
铅钡,CaO,SiO2,38,0.9535253268
铅钡,CaO,SiO2,39,0.9875068376
铅钡,CaO,SiO2,40,0.9563709051
铅钡,CaO,SiO2,41,0.8446539016
铅钡,CaO,SiO2,42未风化点1,0.9188999552
铅钡,CaO,SiO2,42未风化点2,0.8889883833
铅钡,CaO,SiO2,43部位1,0.8253871177
铅钡,CaO,SiO2,43部位2,0.80484971
铅钡,CaO,SiO2,44未风化点,0.9532532273
铅钡,CaO,SiO2,45,0.9006352561
铅钡,CaO,SiO2,46,0.8815906974
铅钡,CaO,SiO2,47,0.9214482087
铅钡,CaO,SiO2,48,0.9996412195
铅钡,CaO,SiO2,49,0.8762281006
铅钡,CaO,SiO2,49未风化点,0.9644183911
铅钡,CaO,SiO2,50,0.9062674734
铅钡,CaO,SiO2,50未风化点,0.9667295207
铅钡,CaO,SiO2,51部位1,0.9047398621
铅钡,CaO,SiO2,51部位2,0.8440749039
铅钡,CaO,SiO2,52,0.9595960098
铅钡,CaO,SiO2,53未风化点,0.8937465447
铅钡,CaO,SiO2,54,0.9149414699
铅钡,CaO,SiO2,54严重风化点,0.9600386806
铅钡,CaO,SiO2,55,0.9371207181
铅钡,CaO,SiO2,56,0.9851315804
铅钡,CaO,SiO2,57,0.9985968018
铅钡,CaO,SiO2,58,0.9198983825
铅钡,CaO,Na2O,02,0.9025644585
铅钡,CaO,Na2O,08,0.9360853408
铅钡,CaO,Na2O,08严重风化点,0.8717117448
铅钡,CaO,Na2O,11,0.8606361822
铅钡,CaO,Na2O,19,0.8809227577
铅钡,CaO,Na2O,20,1
铅钡,CaO,Na2O,23未风化点,0.55399722
铅钡,CaO,Na2O,24,0.9787770881
铅钡,CaO,Na2O,25未风化点,0.8247603316
铅钡,CaO,Na2O,26,0.9377051544
铅钡,CaO,Na2O,26严重风化点,0.8780679343
铅钡,CaO,Na2O,28未风化点,0.9417793209
铅钡,CaO,Na2O,29未风化点,0.9603536608
铅钡,CaO,Na2O,30部位1,0.828402466
铅钡,CaO,Na2O,30部位2,0.8363937301
铅钡,CaO,Na2O,31,0.9312593039
铅钡,CaO,Na2O,32,0.9792192559
铅钡,CaO,Na2O,33,0.9713208674
铅钡,CaO,Na2O,34,0.965265218
铅钡,CaO,Na2O,35,0.9827710321
铅钡,CaO,Na2O,36,0.8230061335
铅钡,CaO,Na2O,37,0.9605599201
铅钡,CaO,Na2O,38,0.8985338258
铅钡,CaO,Na2O,39,0.9512856147
铅钡,CaO,Na2O,40,0.9205805762
铅钡,CaO,Na2O,41,0.8137849952
铅钡,CaO,Na2O,42未风化点1,0.6394927777
铅钡,CaO,Na2O,42未风化点2,0.6273873467
铅钡,CaO,Na2O,43部位1,0.8053193674
铅钡,CaO,Na2O,43部位2,0.7720463031
铅钡,CaO,Na2O,44未风化点,0.8188451092
铅钡,CaO,Na2O,45,0.8068537882
铅钡,CaO,Na2O,46,1
铅钡,CaO,Na2O,47,0.6910268768
铅钡,CaO,Na2O,48,0.9556127317
铅钡,CaO,Na2O,49,0.8255628648
铅钡,CaO,Na2O,49未风化点,0.9124427196
铅钡,CaO,Na2O,50,0.8717117448
铅钡,CaO,Na2O,50未风化点,0.8741726306
铅钡,CaO,Na2O,51部位1,0.8582508153
铅钡,CaO,Na2O,51部位2,0.808624058
铅钡,CaO,Na2O,52,0.977669235
铅钡,CaO,Na2O,53未风化点,0.7801020899
铅钡,CaO,Na2O,54,0.8717117448
铅钡,CaO,Na2O,54严重风化点,1
铅钡,CaO,Na2O,55,0.8121952144
铅钡,CaO,Na2O,56,0.9471289656
铅钡,CaO,Na2O,57,0.9430084835
铅钡,CaO,Na2O,58,0.861320153
铅钡,CaO,K2O,02,0.6828250867
铅钡,CaO,K2O,08,0.9360853408
铅钡,CaO,K2O,08严重风化点,0.8717117448
铅钡,CaO,K2O,11,0.9547090223
铅钡,CaO,K2O,19,0.8809227577
铅钡,CaO,K2O,20,0.7209334151
铅钡,CaO,K2O,23未风化点,0.9774529776
铅钡,CaO,K2O,24,0.9787770881
铅钡,CaO,K2O,25未风化点,0.9717563226
铅钡,CaO,K2O,26,0.9377051544
铅钡,CaO,K2O,26严重风化点,0.9265992596
铅钡,CaO,K2O,28未风化点,0.9259845443
铅钡,CaO,K2O,29未风化点,0.9745834376
铅钡,CaO,K2O,30部位1,0.6403743441
铅钡,CaO,K2O,30部位2,0.8363937301
铅钡,CaO,K2O,31,0.9312593039
铅钡,CaO,K2O,32,0.9146872541
铅钡,CaO,K2O,33,0.9503410634
铅钡,CaO,K2O,34,0.9088308
铅钡,CaO,K2O,35,0.9827710321
铅钡,CaO,K2O,36,0.9440570064
铅钡,CaO,K2O,37,0.9222232897
铅钡,CaO,K2O,38,0.9695829426
铅钡,CaO,K2O,39,0.9512856147
铅钡,CaO,K2O,40,0.9205805762
铅钡,CaO,K2O,41,0.989059654
铅钡,CaO,K2O,42未风化点1,0.9566323452
铅钡,CaO,K2O,42未风化点2,0.839757947
铅钡,CaO,K2O,43部位1,0.8053193674
铅钡,CaO,K2O,43部位2,0.7720463031
铅钡,CaO,K2O,44未风化点,0.989792901
铅钡,CaO,K2O,45,0.979221858
铅钡,CaO,K2O,46,0.8800496507
铅钡,CaO,K2O,47,0.8944778529
铅钡,CaO,K2O,48,0.9575197779
铅钡,CaO,K2O,49,0.8255628648
铅钡,CaO,K2O,49未风化点,0.9366802096
铅钡,CaO,K2O,50,0.8717117448
铅钡,CaO,K2O,50未风化点,0.8741726306
铅钡,CaO,K2O,51部位1,0.8582508153
铅钡,CaO,K2O,51部位2,0.808624058
铅钡,CaO,K2O,52,0.9052028881
铅钡,CaO,K2O,53未风化点,0.9765748139
铅钡,CaO,K2O,54,0.9734300476
铅钡,CaO,K2O,54严重风化点,1
铅钡,CaO,K2O,55,0.9504513687
铅钡,CaO,K2O,56,0.9471289656
铅钡,CaO,K2O,57,0.9430084835
铅钡,CaO,K2O,58,0.9762203693
铅钡,CaO,MgO,02,0.9390285054
铅钡,CaO,MgO,08,0.9360853408
铅钡,CaO,MgO,08严重风化点,0.8717117448
铅钡,CaO,MgO,11,0.9452622862
铅钡,CaO,MgO,19,0.9535333168
铅钡,CaO,MgO,20,1
铅钡,CaO,MgO,23未风化点,0.9251065117
铅钡,CaO,MgO,24,0.9787770881
铅钡,CaO,MgO,25未风化点,0.9717563226
铅钡,CaO,MgO,26,0.9377051544
铅钡,CaO,MgO,26严重风化点,0.8780679343
铅钡,CaO,MgO,28未风化点,0.9219203361
铅钡,CaO,MgO,29未风化点,0.9252206174
铅钡,CaO,MgO,30部位1,0.9402378567
铅钡,CaO,MgO,30部位2,0.8921498877
铅钡,CaO,MgO,31,0.9464488218
铅钡,CaO,MgO,32,0.9792192559
铅钡,CaO,MgO,33,0.8952660611
铅钡,CaO,MgO,34,0.965265218
铅钡,CaO,MgO,35,0.9827710321
铅钡,CaO,MgO,36,0.9832168166
铅钡,CaO,MgO,37,0.9605599201
铅钡,CaO,MgO,38,0.9695829426
铅钡,CaO,MgO,39,0.9512856147
铅钡,CaO,MgO,40,0.9205805762
铅钡,CaO,MgO,41,0.8538595776
铅钡,CaO,MgO,42未风化点1,0.8902718927
铅钡,CaO,MgO,42未风化点2,0.8547342692
铅钡,CaO,MgO,43部位1,0.8998086086
铅钡,CaO,MgO,43部位2,0.8649977125
铅钡,CaO,MgO,44未风化点,0.9101439774
铅钡,CaO,MgO,45,0.9348709614
铅钡,CaO,MgO,46,0.8034222378
铅钡,CaO,MgO,47,0.9530746862
铅钡,CaO,MgO,48,0.9127998713
铅钡,CaO,MgO,49,0.9959382868
铅钡,CaO,MgO,49未风化点,0.9260497896
铅钡,CaO,MgO,50,0.9273793098
铅钡,CaO,MgO,50未风化点,0.9391239453
铅钡,CaO,MgO,51部位1,0.9908946
铅钡,CaO,MgO,51部位2,0.9763472108
铅钡,CaO,MgO,52,0.9764261907
铅钡,CaO,MgO,53未风化点,0.8841425664
铅钡,CaO,MgO,54,0.9611987812
铅钡,CaO,MgO,54严重风化点,0.8601198701
铅钡,CaO,MgO,55,0.9504513687
铅钡,CaO,MgO,56,0.9471289656
铅钡,CaO,MgO,57,0.9430084835
铅钡,CaO,MgO,58,0.9566963214
铅钡,CaO,Al2O3,02,0.9617183512
铅钡,CaO,Al2O3,08,0.967376138
铅钡,CaO,Al2O3,08严重风化点,0.8940188685
铅钡,CaO,Al2O3,11,0.9152781044
铅钡,CaO,Al2O3,19,0.9586682865
铅钡,CaO,Al2O3,20,0.8767782717
铅钡,CaO,Al2O3,23未风化点,0.9866307204
铅钡,CaO,Al2O3,24,0.981047864
铅钡,CaO,Al2O3,25未风化点,0.9804587182
铅钡,CaO,Al2O3,26,0.9538504367
铅钡,CaO,Al2O3,26严重风化点,0.9021725806
铅钡,CaO,Al2O3,28未风化点,0.9439491667
铅钡,CaO,Al2O3,29未风化点,0.8114869369
铅钡,CaO,Al2O3,30部位1,0.9132676871
铅钡,CaO,Al2O3,30部位2,0.9123494153
铅钡,CaO,Al2O3,31,0.9936576513
铅钡,CaO,Al2O3,32,0.9618754884
铅钡,CaO,Al2O3,33,0.9698629001
铅钡,CaO,Al2O3,34,0.9942430782
铅钡,CaO,Al2O3,35,0.9807745747
铅钡,CaO,Al2O3,36,0.9763817628
铅钡,CaO,Al2O3,37,0.9717406141
铅钡,CaO,Al2O3,38,0.9662756835
铅钡,CaO,Al2O3,39,0.9630984083
铅钡,CaO,Al2O3,40,0.9305209217
铅钡,CaO,Al2O3,41,0.874925043
铅钡,CaO,Al2O3,42未风化点1,0.9482429056
铅钡,CaO,Al2O3,42未风化点2,0.8726350066
铅钡,CaO,Al2O3,43部位1,0.8447925126
铅钡,CaO,Al2O3,43部位2,0.8282771219
铅钡,CaO,Al2O3,44未风化点,0.8139942443
铅钡,CaO,Al2O3,45,0.9172777793
铅钡,CaO,Al2O3,46,0.890059982
铅钡,CaO,Al2O3,47,0.9626756486
铅钡,CaO,Al2O3,48,0.8184014845
铅钡,CaO,Al2O3,49,0.9323481893
铅钡,CaO,Al2O3,49未风化点,0.9331349398
铅钡,CaO,Al2O3,50,0.909962408
铅钡,CaO,Al2O3,50未风化点,0.9646319217
铅钡,CaO,Al2O3,51部位1,0.9710823819
铅钡,CaO,Al2O3,51部位2,0.8532836573
铅钡,CaO,Al2O3,52,0.9303954607
铅钡,CaO,Al2O3,53未风化点,0.8926303293
铅钡,CaO,Al2O3,54,0.961397848
铅钡,CaO,Al2O3,54严重风化点,0.9139743637
铅钡,CaO,Al2O3,55,0.9854736084
铅钡,CaO,Al2O3,56,0.9919488942
铅钡,CaO,Al2O3,57,0.995797573
铅钡,CaO,Al2O3,58,0.9343714347
铅钡,CaO,Fe2O3,02,0.8618947272
铅钡,CaO,Fe2O3,08,0.9360853408
铅钡,CaO,Fe2O3,08严重风化点,0.8717117448
铅钡,CaO,Fe2O3,11,0.8606361822
铅钡,CaO,Fe2O3,19,0.9464355625
铅钡,CaO,Fe2O3,20,0.8212048142
铅钡,CaO,Fe2O3,23未风化点,0.9774529776
铅钡,CaO,Fe2O3,24,0.9787770881
铅钡,CaO,Fe2O3,25未风化点,0.8372222716
铅钡,CaO,Fe2O3,26,0.9377051544
铅钡,CaO,Fe2O3,26严重风化点,0.8780679343
铅钡,CaO,Fe2O3,28未风化点,0.9973042569
铅钡,CaO,Fe2O3,29未风化点,0.9797311225
铅钡,CaO,Fe2O3,30部位1,0.910303575
铅钡,CaO,Fe2O3,30部位2,0.8337054499
铅钡,CaO,Fe2O3,31,0.6297207381
铅钡,CaO,Fe2O3,32,0.8904991667
铅钡,CaO,Fe2O3,33,0.9713208674
铅钡,CaO,Fe2O3,34,0.9691956786
铅钡,CaO,Fe2O3,35,0.9930675413
铅钡,CaO,Fe2O3,36,0.9717509007
铅钡,CaO,Fe2O3,37,0.9605599201
铅钡,CaO,Fe2O3,38,0.9896648567
铅钡,CaO,Fe2O3,39,0.9512856147
铅钡,CaO,Fe2O3,40,0.9443981727
铅钡,CaO,Fe2O3,41,0.9715626635
铅钡,CaO,Fe2O3,42未风化点1,0.9648355596
铅钡,CaO,Fe2O3,42未风化点2,1
铅钡,CaO,Fe2O3,43部位1,0.8832666453
铅钡,CaO,Fe2O3,43部位2,0.9133766557
铅钡,CaO,Fe2O3,44未风化点,0.9878523249
铅钡,CaO,Fe2O3,45,0.9626929925
铅钡,CaO,Fe2O3,46,1
铅钡,CaO,Fe2O3,47,0.9614120137
铅钡,CaO,Fe2O3,48,0.9819184558
铅钡,CaO,Fe2O3,49,0.8447524494
铅钡,CaO,Fe2O3,49未风化点,0.9198288045
铅钡,CaO,Fe2O3,50,0.909432891
铅钡,CaO,Fe2O3,50未风化点,0.8741726306
铅钡,CaO,Fe2O3,51部位1,0.9936185082
铅钡,CaO,Fe2O3,51部位2,0.8502606743
铅钡,CaO,Fe2O3,52,0.9332174613
铅钡,CaO,Fe2O3,53未风化点,0.965265218
铅钡,CaO,Fe2O3,54,0.8717117448
铅钡,CaO,Fe2O3,54严重风化点,1
铅钡,CaO,Fe2O3,55,0.9504513687
铅钡,CaO,Fe2O3,56,0.9471289656
铅钡,CaO,Fe2O3,57,0.9430084835
铅钡,CaO,Fe2O3,58,0.964313373
铅钡,CaO,CuO,02,0.9133490069
铅钡,CaO,CuO,08,0.6870397006
铅钡,CaO,CuO,08严重风化点,0.9892891953
铅钡,CaO,CuO,11,0.9206992418
铅钡,CaO,CuO,19,0.9602099451
铅钡,CaO,CuO,20,0.8061170451
铅钡,CaO,CuO,23未风化点,0.8870121069
铅钡,CaO,CuO,24,0.7122519089
铅钡,CaO,CuO,25未风化点,0.973434649
铅钡,CaO,CuO,26,0.6824000679
铅钡,CaO,CuO,26严重风化点,0.9594381305
铅钡,CaO,CuO,28未风化点,0.9567406769
铅钡,CaO,CuO,29未风化点,0.9088880338
铅钡,CaO,CuO,30部位1,0.828402466
铅钡,CaO,CuO,30部位2,0.8363937301
铅钡,CaO,CuO,31,0.9508637798
铅钡,CaO,CuO,32,0.984555386
铅钡,CaO,CuO,33,0.9941573566
铅钡,CaO,CuO,34,0.9615442189
铅钡,CaO,CuO,35,0.9906087225
铅钡,CaO,CuO,36,0.9831432174
铅钡,CaO,CuO,37,0.9005809804
铅钡,CaO,CuO,38,0.9946685402
铅钡,CaO,CuO,39,0.993117543
铅钡,CaO,CuO,40,0.9205805762
铅钡,CaO,CuO,41,0.8201658459
铅钡,CaO,CuO,42未风化点1,0.9108297649
铅钡,CaO,CuO,42未风化点2,0.8796143215
铅钡,CaO,CuO,43部位1,0.9732815971
铅钡,CaO,CuO,43部位2,0.8201557375
铅钡,CaO,CuO,44未风化点,0.9284266543
铅钡,CaO,CuO,45,0.9880594838
铅钡,CaO,CuO,46,0.9627011167
铅钡,CaO,CuO,47,0.9926239922
铅钡,CaO,CuO,48,0.8848785868
铅钡,CaO,CuO,49,0.8502873663
铅钡,CaO,CuO,49未风化点,0.9316915303
铅钡,CaO,CuO,50,0.9171702255
铅钡,CaO,CuO,50未风化点,0.9019434163
铅钡,CaO,CuO,51部位1,0.9122202845
铅钡,CaO,CuO,51部位2,0.8340763778
铅钡,CaO,CuO,52,0.9350138255
铅钡,CaO,CuO,53未风化点,0.9912634084
铅钡,CaO,CuO,54,0.9046456411
铅钡,CaO,CuO,54严重风化点,0.936834314
铅钡,CaO,CuO,55,0.9912186202
铅钡,CaO,CuO,56,0.984182131
铅钡,CaO,CuO,57,0.9979359926
铅钡,CaO,CuO,58,0.9964956527
铅钡,CaO,PbO,02,0.9741338659
铅钡,CaO,PbO,08,0.987113097
铅钡,CaO,PbO,08严重风化点,0.9477388117
铅钡,CaO,PbO,11,0.9174922301
铅钡,CaO,PbO,19,0.9864464499
铅钡,CaO,PbO,20,0.9743037762
铅钡,CaO,PbO,23未风化点,0.9755273529
铅钡,CaO,PbO,24,0.942546834
铅钡,CaO,PbO,25未风化点,0.9421511089
铅钡,CaO,PbO,26,0.9829835389
铅钡,CaO,PbO,26严重风化点,0.9487542617
铅钡,CaO,PbO,28未风化点,0.9869598623
铅钡,CaO,PbO,29未风化点,0.9069718892
铅钡,CaO,PbO,30部位1,0.9124766592
铅钡,CaO,PbO,30部位2,0.9186262268
铅钡,CaO,PbO,31,0.9738231321
铅钡,CaO,PbO,32,0.9663555836
铅钡,CaO,PbO,33,0.9839591576
铅钡,CaO,PbO,34,0.9123864789
铅钡,CaO,PbO,35,0.9569371229
铅钡,CaO,PbO,36,0.9083209667
铅钡,CaO,PbO,37,0.9922292903
铅钡,CaO,PbO,38,0.9021466023
铅钡,CaO,PbO,39,0.8913717365
铅钡,CaO,PbO,40,0.8986033857
铅钡,CaO,PbO,41,0.9060387202
铅钡,CaO,PbO,42未风化点1,0.9750355809
铅钡,CaO,PbO,42未风化点2,0.9460214832
铅钡,CaO,PbO,43部位1,0.9328233256
铅钡,CaO,PbO,43部位2,0.8559062443
铅钡,CaO,PbO,44未风化点,0.9432800352
铅钡,CaO,PbO,45,0.9934497935
铅钡,CaO,PbO,46,0.9331782332
铅钡,CaO,PbO,47,0.9690906111
铅钡,CaO,PbO,48,0.9211950405
铅钡,CaO,PbO,49,0.8973732576
铅钡,CaO,PbO,49未风化点,0.970236416
铅钡,CaO,PbO,50,0.9781019565
铅钡,CaO,PbO,50未风化点,0.9459559289
铅钡,CaO,PbO,51部位1,0.9514352574
铅钡,CaO,PbO,51部位2,0.9165288224
铅钡,CaO,PbO,52,0.9711057263
铅钡,CaO,PbO,53未风化点,0.9972537769
铅钡,CaO,PbO,54,0.9899900231
铅钡,CaO,PbO,54严重风化点,0.8577895435
铅钡,CaO,PbO,55,0.9604059483
铅钡,CaO,PbO,56,0.9423660811
铅钡,CaO,PbO,57,0.9368001329
铅钡,CaO,PbO,58,0.9529113691
铅钡,CaO,BaO,02,0.9025644585
铅钡,CaO,BaO,08,0.8242173924
铅钡,CaO,BaO,08严重风化点,0.8858312292
铅钡,CaO,BaO,11,0.97067001
铅钡,CaO,BaO,19,0.9200131886
铅钡,CaO,BaO,20,0.8248697785
铅钡,CaO,BaO,23未风化点,0.922632235
铅钡,CaO,BaO,24,0.8231870461
铅钡,CaO,BaO,25未风化点,0.9700376576
铅钡,CaO,BaO,26,0.8167844543
铅钡,CaO,BaO,26严重风化点,0.8469324345
铅钡,CaO,BaO,28未风化点,0.9752313896
铅钡,CaO,BaO,29未风化点,0.8935123065
铅钡,CaO,BaO,30部位1,0.8973645643
铅钡,CaO,BaO,30部位2,0.9071942064
铅钡,CaO,BaO,31,0.9587892056
铅钡,CaO,BaO,32,0.9777336959
铅钡,CaO,BaO,33,0.9975273843
铅钡,CaO,BaO,34,0.9486142724
铅钡,CaO,BaO,35,0.9674207158
铅钡,CaO,BaO,36,0.9254400111
铅钡,CaO,BaO,37,0.9504260411
铅钡,CaO,BaO,38,0.9461727575
铅钡,CaO,BaO,39,0.9863079189
铅钡,CaO,BaO,40,0.9746987492
铅钡,CaO,BaO,41,0.8765505318
铅钡,CaO,BaO,42未风化点1,0.9452285897
铅钡,CaO,BaO,42未风化点2,0.9106742362
铅钡,CaO,BaO,43部位1,0.8503248405
铅钡,CaO,BaO,43部位2,0.7899712141
铅钡,CaO,BaO,44未风化点,0.9508714248
铅钡,CaO,BaO,45,0.9433464071
铅钡,CaO,BaO,46,0.9168466981
铅钡,CaO,BaO,47,0.9587035399
铅钡,CaO,BaO,48,0.939676527
铅钡,CaO,BaO,49,0.8648268088
铅钡,CaO,BaO,49未风化点,0.9450146088
铅钡,CaO,BaO,50,0.9812102274
铅钡,CaO,BaO,50未风化点,0.9192333537
铅钡,CaO,BaO,51部位1,0.9220304142
铅钡,CaO,BaO,51部位2,0.808624058
铅钡,CaO,BaO,52,0.973869434
铅钡,CaO,BaO,53未风化点,0.9568794665
铅钡,CaO,BaO,54,0.9227647542
铅钡,CaO,BaO,54严重风化点,1
铅钡,CaO,BaO,55,0.9808338101
铅钡,CaO,BaO,56,0.9229643727
铅钡,CaO,BaO,57,0.9127997819
铅钡,CaO,BaO,58,0.9157923888
铅钡,CaO,P2O5,02,0.9946164732
铅钡,CaO,P2O5,08,0.9663355394
铅钡,CaO,P2O5,08严重风化点,0.9345983265
铅钡,CaO,P2O5,11,0.9029415073
铅钡,CaO,P2O5,19,0.8940932222
铅钡,CaO,P2O5,20,0.8582528584
铅钡,CaO,P2O5,23未风化点,0.9774529776
铅钡,CaO,P2O5,24,0.9826446702
铅钡,CaO,P2O5,25未风化点,0.9769372661
铅钡,CaO,P2O5,26,0.9770682244
铅钡,CaO,P2O5,26严重风化点,0.9665352284
铅钡,CaO,P2O5,28未风化点,0.9690412097
铅钡,CaO,P2O5,29未风化点,0.8883333446
铅钡,CaO,P2O5,30部位1,0.828402466
铅钡,CaO,P2O5,30部位2,0.8657187217
铅钡,CaO,P2O5,31,0.9734412479
铅钡,CaO,P2O5,32,0.9839238435
铅钡,CaO,P2O5,33,0.9748565886
铅钡,CaO,P2O5,34,0.9744510139
铅钡,CaO,P2O5,35,0.994562419
铅钡,CaO,P2O5,36,0.9851643604
铅钡,CaO,P2O5,37,0.9991245198
铅钡,CaO,P2O5,38,0.9827196661
铅钡,CaO,P2O5,39,0.9824242222
铅钡,CaO,P2O5,40,0.9657812654
铅钡,CaO,P2O5,41,0.985657182
铅钡,CaO,P2O5,42未风化点1,0.9669793964
铅钡,CaO,P2O5,42未风化点2,1
铅钡,CaO,P2O5,43部位1,0.8053193674
铅钡,CaO,P2O5,43部位2,0.9317422538
铅钡,CaO,P2O5,44未风化点,0.9101439774
铅钡,CaO,P2O5,45,0.9626929925
铅钡,CaO,P2O5,46,0.9942881935
铅钡,CaO,P2O5,47,0.9640742785
铅钡,CaO,P2O5,48,0.9103296703
铅钡,CaO,P2O5,49,0.9029088235
铅钡,CaO,P2O5,49未风化点,0.9726447981
铅钡,CaO,P2O5,50,0.966243134
铅钡,CaO,P2O5,50未风化点,0.963237465
铅钡,CaO,P2O5,51部位1,0.9367712254
铅钡,CaO,P2O5,51部位2,0.9855533234
铅钡,CaO,P2O5,52,0.9440337612
铅钡,CaO,P2O5,53未风化点,0.965265218
铅钡,CaO,P2O5,54,0.9752460199
铅钡,CaO,P2O5,54严重风化点,0.7113097436
铅钡,CaO,P2O5,55,0.9596205102
铅钡,CaO,P2O5,56,0.9831544034
铅钡,CaO,P2O5,57,0.9430084835
铅钡,CaO,P2O5,58,0.9114007887
铅钡,CaO,SrO,02,0.9466898344
铅钡,CaO,SrO,08,0.9687226582
铅钡,CaO,SrO,08严重风化点,0.9968952703
铅钡,CaO,SrO,11,0.9421826806
铅钡,CaO,SrO,19,0.922908208
铅钡,CaO,SrO,20,1
铅钡,CaO,SrO,23未风化点,0.9375350723
铅钡,CaO,SrO,24,0.8158905576
铅钡,CaO,SrO,25未风化点,0.975328709
铅钡,CaO,SrO,26,0.9470804228
铅钡,CaO,SrO,26严重风化点,0.9712021747
铅钡,CaO,SrO,28未风化点,0.971624751
铅钡,CaO,SrO,29未风化点,0.9349900407
铅钡,CaO,SrO,30部位1,0.8992701928
铅钡,CaO,SrO,30部位2,0.9388390246
铅钡,CaO,SrO,31,0.9923341033
铅钡,CaO,SrO,32,0.9792192559
铅钡,CaO,SrO,33,0.9713208674
铅钡,CaO,SrO,34,0.97674257
铅钡,CaO,SrO,35,0.9827710321
铅钡,CaO,SrO,36,0.9590244767
铅钡,CaO,SrO,37,0.9585904094
铅钡,CaO,SrO,38,0.9258688541
铅钡,CaO,SrO,39,0.8971918776
铅钡,CaO,SrO,40,0.9102885706
铅钡,CaO,SrO,41,0.9081992454
铅钡,CaO,SrO,42未风化点1,0.9445690706
铅钡,CaO,SrO,42未风化点2,1
铅钡,CaO,SrO,43部位1,0.9365123137
铅钡,CaO,SrO,43部位2,0.8565213139
铅钡,CaO,SrO,44未风化点,0.972706483
铅钡,CaO,SrO,45,0.9767903286
铅钡,CaO,SrO,46,0.8953562702
铅钡,CaO,SrO,47,0.839706066
铅钡,CaO,SrO,48,0.9414878206
铅钡,CaO,SrO,49,0.9205840158
铅钡,CaO,SrO,49未风化点,0.9857856454
铅钡,CaO,SrO,50,0.9687861425
铅钡,CaO,SrO,50未风化点,0.9247059182
铅钡,CaO,SrO,51部位1,0.9441455752
铅钡,CaO,SrO,51部位2,0.808624058
铅钡,CaO,SrO,52,0.9853506645
铅钡,CaO,SrO,53未风化点,0.9639472176
铅钡,CaO,SrO,54,0.9157379389
铅钡,CaO,SrO,54严重风化点,0.7666268351
铅钡,CaO,SrO,55,0.9504513687
铅钡,CaO,SrO,56,0.9471289656
铅钡,CaO,SrO,57,0.9430084835
铅钡,CaO,SrO,58,0.9125948046
铅钡,CaO,SnO2,02,0.9025644585
铅钡,CaO,SnO2,08,0.9360853408
铅钡,CaO,SnO2,08严重风化点,0.8717117448
铅钡,CaO,SnO2,11,0.8606361822
铅钡,CaO,SnO2,19,0.8809227577
铅钡,CaO,SnO2,20,1
铅钡,CaO,SnO2,23未风化点,0.9774529776
铅钡,CaO,SnO2,24,0.9787770881
铅钡,CaO,SnO2,25未风化点,0.9717563226
铅钡,CaO,SnO2,26,0.9377051544
铅钡,CaO,SnO2,26严重风化点,0.8780679343
铅钡,CaO,SnO2,28未风化点,0.7620981795
铅钡,CaO,SnO2,29未风化点,0.8791363221
铅钡,CaO,SnO2,30部位1,0.6928715031
铅钡,CaO,SnO2,30部位2,0.657962355
铅钡,CaO,SnO2,31,0.9312593039
铅钡,CaO,SnO2,32,0.9792192559
铅钡,CaO,SnO2,33,0.9713208674
铅钡,CaO,SnO2,34,0.965265218
铅钡,CaO,SnO2,35,0.9827710321
铅钡,CaO,SnO2,36,0.9832168166
铅钡,CaO,SnO2,37,0.9605599201
铅钡,CaO,SnO2,38,0.9695829426
铅钡,CaO,SnO2,39,0.9512856147
铅钡,CaO,SnO2,40,0.9205805762
铅钡,CaO,SnO2,41,0.8137849952
铅钡,CaO,SnO2,42未风化点1,0.9648355596
铅钡,CaO,SnO2,42未风化点2,1
铅钡,CaO,SnO2,43部位1,0.8053193674
铅钡,CaO,SnO2,43部位2,0.7720463031
铅钡,CaO,SnO2,44未风化点,0.9101439774
铅钡,CaO,SnO2,45,0.9626929925
铅钡,CaO,SnO2,46,1
铅钡,CaO,SnO2,47,0.9614120137
铅钡,CaO,SnO2,48,0.3333333333
铅钡,CaO,SnO2,49,0.8255628648
铅钡,CaO,SnO2,49未风化点,0.9124427196
铅钡,CaO,SnO2,50,0.8717117448
铅钡,CaO,SnO2,50未风化点,0.8741726306
铅钡,CaO,SnO2,51部位1,0.6253622143
铅钡,CaO,SnO2,51部位2,0.808624058
铅钡,CaO,SnO2,52,0.9052028881
铅钡,CaO,SnO2,53未风化点,0.965265218
铅钡,CaO,SnO2,54,0.8717117448
铅钡,CaO,SnO2,54严重风化点,1
铅钡,CaO,SnO2,55,0.9504513687
铅钡,CaO,SnO2,56,0.9471289656
铅钡,CaO,SnO2,57,0.9430084835
铅钡,CaO,SnO2,58,0.861320153
铅钡,CaO,SO2,02,0.9025644585
铅钡,CaO,SO2,08,0.8084845704
铅钡,CaO,SO2,08严重风化点,0.3801457469
铅钡,CaO,SO2,11,0.8606361822
铅钡,CaO,SO2,19,0.8809227577
铅钡,CaO,SO2,20,1
铅钡,CaO,SO2,23未风化点,0.9774529776
铅钡,CaO,SO2,24,0.9787770881
铅钡,CaO,SO2,25未风化点,0.9717563226
铅钡,CaO,SO2,26,0.8580787704
铅钡,CaO,SO2,26严重风化点,0.3639419232
铅钡,CaO,SO2,28未风化点,0.9417793209
铅钡,CaO,SO2,29未风化点,0.8791363221
铅钡,CaO,SO2,30部位1,0.828402466
铅钡,CaO,SO2,30部位2,0.8363937301
铅钡,CaO,SO2,31,0.9312593039
铅钡,CaO,SO2,32,0.9792192559
铅钡,CaO,SO2,33,0.9713208674
铅钡,CaO,SO2,34,0.965265218
铅钡,CaO,SO2,35,0.9827710321
铅钡,CaO,SO2,36,0.9832168166
铅钡,CaO,SO2,37,0.718471916
铅钡,CaO,SO2,38,0.9695829426
铅钡,CaO,SO2,39,0.9512856147
铅钡,CaO,SO2,40,0.9205805762
铅钡,CaO,SO2,41,0.8137849952
铅钡,CaO,SO2,42未风化点1,0.9648355596
铅钡,CaO,SO2,42未风化点2,1
铅钡,CaO,SO2,43部位1,0.8053193674
铅钡,CaO,SO2,43部位2,0.7720463031
铅钡,CaO,SO2,44未风化点,0.9101439774
铅钡,CaO,SO2,45,0.9626929925
铅钡,CaO,SO2,46,1
铅钡,CaO,SO2,47,0.9614120137
铅钡,CaO,SO2,48,0.8848785868
铅钡,CaO,SO2,49,0.8255628648
铅钡,CaO,SO2,49未风化点,0.9124427196
铅钡,CaO,SO2,50,0.8717117448
铅钡,CaO,SO2,50未风化点,0.8741726306
铅钡,CaO,SO2,51部位1,0.8582508153
铅钡,CaO,SO2,51部位2,0.808624058
铅钡,CaO,SO2,52,0.9052028881
铅钡,CaO,SO2,53未风化点,0.965265218
铅钡,CaO,SO2,54,0.8717117448
铅钡,CaO,SO2,54严重风化点,1
铅钡,CaO,SO2,55,0.9504513687
铅钡,CaO,SO2,56,0.9471289656
铅钡,CaO,SO2,57,0.9430084835
铅钡,CaO,SO2,58,0.861320153
铅钡,MgO,SiO2,02,0.9183846079
铅钡,MgO,SiO2,08,0.9510642392
铅钡,MgO,SiO2,08严重风化点,0.9883594667
铅钡,MgO,SiO2,11,0.9771102895
铅钡,MgO,SiO2,19,0.9851692584
铅钡,MgO,SiO2,20,0.9128690632
铅钡,MgO,SiO2,23未风化点,0.9725913535
铅钡,MgO,SiO2,24,0.9245559272
铅钡,MgO,SiO2,25未风化点,0.8855054996
铅钡,MgO,SiO2,26,0.9518737344
铅钡,MgO,SiO2,26严重风化点,0.9905856144
铅钡,MgO,SiO2,28未风化点,0.9803255405
铅钡,MgO,SiO2,29未风化点,0.9367376308
铅钡,MgO,SiO2,30部位1,0.9406873726
铅钡,MgO,SiO2,30部位2,0.9843687993
铅钡,MgO,SiO2,31,0.9695087914
铅钡,MgO,SiO2,32,0.8488278678
铅钡,MgO,SiO2,33,0.9624162206
铅钡,MgO,SiO2,34,0.9162453114
铅钡,MgO,SiO2,35,0.8558808627
铅钡,MgO,SiO2,36,0.9081881175
铅钡,MgO,SiO2,37,0.8668556392
铅钡,MgO,SiO2,38,0.9223989567
铅钡,MgO,SiO2,39,0.9371513343
铅钡,MgO,SiO2,40,0.9590571596
铅钡,MgO,SiO2,41,0.7283956079
铅钡,MgO,SiO2,42未风化点1,0.9645527147
铅钡,MgO,SiO2,42未风化点2,0.9547984636
铅钡,MgO,SiO2,43部位1,0.9047876769
铅钡,MgO,SiO2,43部位2,0.9168177927
铅钡,MgO,SiO2,44未风化点,0.8656670101
铅钡,MgO,SiO2,45,0.9590480143
铅钡,MgO,SiO2,46,0.8961390999
铅钡,MgO,SiO2,47,0.9635592479
铅钡,MgO,SiO2,48,0.9085134098
铅钡,MgO,SiO2,49,0.8675858233
铅钡,MgO,SiO2,49未风化点,0.9568314426
铅钡,MgO,SiO2,50,0.9742984004
铅钡,MgO,SiO2,50未风化点,0.9690561878
铅钡,MgO,SiO2,51部位1,0.8926805494
铅钡,MgO,SiO2,51部位2,0.8557583321
铅钡,MgO,SiO2,52,0.9814859695
铅钡,MgO,SiO2,53未风化点,0.987397335
铅钡,MgO,SiO2,54,0.8771762199
铅钡,MgO,SiO2,54严重风化点,0.8872534667
铅钡,MgO,SiO2,55,0.888722376
铅钡,MgO,SiO2,56,0.9306892968
铅钡,MgO,SiO2,57,0.9390173636
铅钡,MgO,SiO2,58,0.957936797
铅钡,MgO,Na2O,02,0.8463411792
铅钡,MgO,Na2O,08,1
铅钡,MgO,Na2O,08严重风化点,1
铅钡,MgO,Na2O,11,0.9015167923
铅钡,MgO,Na2O,19,0.9167765836
铅钡,MgO,Na2O,20,1
铅钡,MgO,Na2O,23未风化点,0.5680434802
铅钡,MgO,Na2O,24,1
铅钡,MgO,Na2O,25未风化点,0.7976683598
铅钡,MgO,Na2O,26,1
铅钡,MgO,Na2O,26严重风化点,1
铅钡,MgO,Na2O,28未风化点,0.8666551257
铅钡,MgO,Na2O,29未风化点,0.886343031
铅钡,MgO,Na2O,30部位1,0.8689725865
铅钡,MgO,Na2O,30部位2,0.9272400528
铅钡,MgO,Na2O,31,0.8795564029
铅钡,MgO,Na2O,32,1
铅钡,MgO,Na2O,33,0.8666551257
铅钡,MgO,Na2O,34,1
铅钡,MgO,Na2O,35,1
铅钡,MgO,Na2O,36,0.804006383
铅钡,MgO,Na2O,37,1
铅钡,MgO,Na2O,38,0.8684072446
铅钡,MgO,Na2O,39,1
铅钡,MgO,Na2O,40,1
铅钡,MgO,Na2O,41,0.7042045496
铅钡,MgO,Na2O,42未风化点1,0.6837222098
铅钡,MgO,Na2O,42未风化点2,0.6919344622
铅钡,MgO,Na2O,43部位1,0.8795564029
铅钡,MgO,Na2O,43部位2,0.8724721099
铅钡,MgO,Na2O,44未风化点,0.7484979635
铅钡,MgO,Na2O,45,0.8487316507
铅钡,MgO,Na2O,46,0.7955773935
铅钡,MgO,Na2O,47,0.7052960005
铅钡,MgO,Na2O,48,0.8702453293
铅钡,MgO,Na2O,49,0.8155433206
铅钡,MgO,Na2O,49未风化点,0.8441427051
铅钡,MgO,Na2O,50,0.9325618686
铅钡,MgO,Na2O,50未风化点,0.9232883814
铅钡,MgO,Na2O,51部位1,0.8452405126
铅钡,MgO,Na2O,51部位2,0.8175951694
铅钡,MgO,Na2O,52,0.9529794883
铅钡,MgO,Na2O,53未风化点,0.8632516873
铅钡,MgO,Na2O,54,0.8354618502
铅钡,MgO,Na2O,54严重风化点,0.8541268476
铅钡,MgO,Na2O,55,0.770667424
铅钡,MgO,Na2O,56,1
铅钡,MgO,Na2O,57,1
铅钡,MgO,Na2O,58,0.8916227229
铅钡,MgO,K2O,02,0.7044155613
铅钡,MgO,K2O,08,1
铅钡,MgO,K2O,08严重风化点,1
铅钡,MgO,K2O,11,0.989126578
铅钡,MgO,K2O,19,0.9167765836
铅钡,MgO,K2O,20,0.7109808901
铅钡,MgO,K2O,23未风化点,0.9015167923
铅钡,MgO,K2O,24,1
铅钡,MgO,K2O,25未风化点,1
铅钡,MgO,K2O,26,1
铅钡,MgO,K2O,26严重风化点,0.8136575042
铅钡,MgO,K2O,28未风化点,0.9950252773
铅钡,MgO,K2O,29未风化点,0.9456355055
铅钡,MgO,K2O,30部位1,0.603680502
铅钡,MgO,K2O,30部位2,0.9272400528
铅钡,MgO,K2O,31,0.8795564029
铅钡,MgO,K2O,32,0.8926701351
铅钡,MgO,K2O,33,0.9363474387
铅钡,MgO,K2O,34,0.8747861953
铅钡,MgO,K2O,35,1
铅钡,MgO,K2O,36,0.9257918395
铅钡,MgO,K2O,37,0.8836376862
铅钡,MgO,K2O,38,1
铅钡,MgO,K2O,39,1
铅钡,MgO,K2O,40,1
铅钡,MgO,K2O,41,0.8560751356
铅钡,MgO,K2O,42未风化点1,0.9243620626
铅钡,MgO,K2O,42未风化点2,0.978558137
铅钡,MgO,K2O,43部位1,0.8795564029
铅钡,MgO,K2O,43部位2,0.8724721099
铅钡,MgO,K2O,44未风化点,0.8972559618
铅钡,MgO,K2O,45,0.9515857176
铅钡,MgO,K2O,46,0.8978173667
铅钡,MgO,K2O,47,0.9326768011
铅钡,MgO,K2O,48,0.9490078506
铅钡,MgO,K2O,49,0.8155433206
铅钡,MgO,K2O,49未风化点,0.9872934703
铅钡,MgO,K2O,50,0.9325618686
铅钡,MgO,K2O,50未风化点,0.9232883814
铅钡,MgO,K2O,51部位1,0.8452405126
铅钡,MgO,K2O,51部位2,0.8175951694
铅钡,MgO,K2O,52,0.9219786319
铅钡,MgO,K2O,53未风化点,0.8989393611
铅钡,MgO,K2O,54,0.9864578399
铅钡,MgO,K2O,54严重风化点,0.8541268476
铅钡,MgO,K2O,55,1
铅钡,MgO,K2O,56,1
铅钡,MgO,K2O,57,1
铅钡,MgO,K2O,58,0.9318665806
铅钡,MgO,CaO,02,0.9361653369
铅钡,MgO,CaO,08,0.9330938112
铅钡,MgO,CaO,08严重风化点,0.8661380711
铅钡,MgO,CaO,11,0.9426739798
铅钡,MgO,CaO,19,0.9513159682
铅钡,MgO,CaO,20,1
铅钡,MgO,CaO,23未风化点,0.9216441309
铅钡,MgO,CaO,24,0.9777362237
铅钡,MgO,CaO,25未风化点,0.9703815487
铅钡,MgO,CaO,26,0.9347841584
铅钡,MgO,CaO,26严重风化点,0.8727300962
铅钡,MgO,CaO,28未风化点,0.9183236609
铅钡,MgO,CaO,29未风化点,0.9217630657
铅钡,MgO,CaO,30部位1,0.9374276941
铅钡,MgO,CaO,30部位2,0.8873494284
铅钡,MgO,CaO,31,0.9439132925
铅钡,MgO,CaO,32,0.9781995942
铅钡,MgO,CaO,33,0.8905872939
铅钡,MgO,CaO,34,0.9635863261
铅钡,MgO,CaO,35,0.9819224303
铅钡,MgO,CaO,36,0.9823897782
铅钡,MgO,CaO,37,0.958663339
铅钡,MgO,CaO,38,0.9681058506
铅钡,MgO,CaO,39,0.9489667483
铅钡,MgO,CaO,40,0.9169277471
铅钡,MgO,CaO,41,0.8476458486
铅钡,MgO,CaO,42未风化点1,0.8853985807
铅钡,MgO,CaO,42未风化点2,0.8485511346
铅钡,MgO,CaO,43部位1,0.8953090399
铅钡,MgO,CaO,43部位2,0.8591794606
铅钡,MgO,CaO,44未风化点,0.9060601092
铅钡,MgO,CaO,45,0.9318267322
铅钡,MgO,CaO,46,0.7955773935
铅钡,MgO,CaO,47,0.9508365806
铅钡,MgO,CaO,48,0.9088246188
铅钡,MgO,CaO,49,0.9957354155
铅钡,MgO,CaO,49未风化点,0.9226273699
铅钡,MgO,CaO,50,0.9240133716
铅钡,MgO,CaO,50未风化点,0.9362649544
铅钡,MgO,CaO,51部位1,0.990442228
铅钡,MgO,CaO,51部位2,0.9751901953
铅钡,MgO,CaO,52,0.9752729407
铅钡,MgO,CaO,53未风化点,0.8790340229
铅钡,MgO,CaO,54,0.9593316208
铅钡,MgO,CaO,54严重风化点,0.8541268476
铅钡,MgO,CaO,55,0.9480949579
铅钡,MgO,CaO,56,0.9446237554
铅钡,MgO,CaO,57,0.9403203332
铅钡,MgO,CaO,58,0.9546227258
铅钡,MgO,Al2O3,02,0.9742930578
铅钡,MgO,Al2O3,08,0.9649828064
铅钡,MgO,Al2O3,08严重风化点,0.9708178232
铅钡,MgO,Al2O3,11,0.9648830004
铅钡,MgO,Al2O3,19,0.9941354437
铅钡,MgO,Al2O3,20,0.8713922451
铅钡,MgO,Al2O3,23未风化点,0.9338922487
铅钡,MgO,Al2O3,24,0.9587194362
铅钡,MgO,Al2O3,25未风化点,0.9510648744
铅钡,MgO,Al2O3,26,0.9813962961
铅钡,MgO,Al2O3,26严重风化点,0.9690344921
铅钡,MgO,Al2O3,28未风化点,0.9741052761
铅钡,MgO,Al2O3,29未风化点,0.8627525023
铅钡,MgO,Al2O3,30部位1,0.9680691712
铅钡,MgO,Al2O3,30部位2,0.9746005227
铅钡,MgO,Al2O3,31,0.9499235077
铅钡,MgO,Al2O3,32,0.9399291099
铅钡,MgO,Al2O3,33,0.9172441233
铅钡,MgO,Al2O3,34,0.9579732913
铅钡,MgO,Al2O3,35,0.9624676633
铅钡,MgO,Al2O3,36,0.9584705921
铅钡,MgO,Al2O3,37,0.9313944112
铅钡,MgO,Al2O3,38,0.9349316282
铅钡,MgO,Al2O3,39,0.9866406304
铅钡,MgO,Al2O3,40,0.9879604833
铅钡,MgO,Al2O3,41,0.751956691
铅钡,MgO,Al2O3,42未风化点1,0.9327359101
铅钡,MgO,Al2O3,42未风化点2,0.9754159751
铅钡,MgO,Al2O3,43部位1,0.9293632041
铅钡,MgO,Al2O3,43部位2,0.9489251679
铅钡,MgO,Al2O3,44未风化点,0.7442404511
铅钡,MgO,Al2O3,45,0.978909335
铅钡,MgO,Al2O3,46,0.8871279935
铅钡,MgO,Al2O3,47,0.9891303063
铅钡,MgO,Al2O3,48,0.8828444817
铅钡,MgO,Al2O3,49,0.9255118044
铅钡,MgO,Al2O3,49未风化点,0.9914630496
铅钡,MgO,Al2O3,50,0.9787854654
铅钡,MgO,Al2O3,50未风化点,0.9712795232
铅钡,MgO,Al2O3,51部位1,0.960686324
铅钡,MgO,Al2O3,51部位2,0.8657055983
铅钡,MgO,Al2O3,52,0.9494778696
铅钡,MgO,Al2O3,53未风化点,0.9888319402
铅钡,MgO,Al2O3,54,0.9220340919
铅钡,MgO,Al2O3,54严重风化点,0.9328859493
铅钡,MgO,Al2O3,55,0.9622168699
铅钡,MgO,Al2O3,56,0.9522912031
铅钡,MgO,Al2O3,57,0.9442553841
铅钡,MgO,Al2O3,58,0.9744431076
铅钡,MgO,Fe2O3,02,0.9090209407
铅钡,MgO,Fe2O3,08,1
铅钡,MgO,Fe2O3,08严重风化点,1
铅钡,MgO,Fe2O3,11,0.9015167923
铅钡,MgO,Fe2O3,19,0.9004058016
铅钡,MgO,Fe2O3,20,0.8139052459
铅钡,MgO,Fe2O3,23未风化点,0.9015167923
铅钡,MgO,Fe2O3,24,1
铅钡,MgO,Fe2O3,25未风化点,0.80991265
铅钡,MgO,Fe2O3,26,1
铅钡,MgO,Fe2O3,26严重风化点,1
铅钡,MgO,Fe2O3,28未风化点,0.9159360273
铅钡,MgO,Fe2O3,29未风化点,0.9036660889
铅钡,MgO,Fe2O3,30部位1,0.8545356586
铅钡,MgO,Fe2O3,30部位2,0.7482669119
铅钡,MgO,Fe2O3,31,0.6418150743
铅钡,MgO,Fe2O3,32,0.8684927928
铅钡,MgO,Fe2O3,33,0.8666551257
铅钡,MgO,Fe2O3,34,0.9335608847
铅钡,MgO,Fe2O3,35,0.9749045857
铅钡,MgO,Fe2O3,36,0.9537849142
铅钡,MgO,Fe2O3,37,1
铅钡,MgO,Fe2O3,38,0.9579353264
铅钡,MgO,Fe2O3,39,1
铅钡,MgO,Fe2O3,40,0.9720347486
铅钡,MgO,Fe2O3,41,0.8703219519
铅钡,MgO,Fe2O3,42未风化点1,0.8563777038
铅钡,MgO,Fe2O3,42未风化点2,0.8485511346
铅钡,MgO,Fe2O3,43部位1,0.9786100052
铅钡,MgO,Fe2O3,43部位2,0.9395799343
铅钡,MgO,Fe2O3,44未风化点,0.8955811286
铅钡,MgO,Fe2O3,45,0.8977808905
铅钡,MgO,Fe2O3,46,0.7955773935
铅钡,MgO,Fe2O3,47,0.9141975111
铅钡,MgO,Fe2O3,48,0.9250829819
铅钡,MgO,Fe2O3,49,0.8412449218
铅钡,MgO,Fe2O3,49未风化点,0.9923887568
铅钡,MgO,Fe2O3,50,0.9781421392
铅钡,MgO,Fe2O3,50未风化点,0.9232883814
铅钡,MgO,Fe2O3,51部位1,0.9971030478
铅钡,MgO,Fe2O3,51部位2,0.8624386326
铅钡,MgO,Fe2O3,52,0.9525649081
铅钡,MgO,Fe2O3,53未风化点,0.8507726614
铅钡,MgO,Fe2O3,54,0.8354618502
铅钡,MgO,Fe2O3,54严重风化点,0.8541268476
铅钡,MgO,Fe2O3,55,1
铅钡,MgO,Fe2O3,56,1
铅钡,MgO,Fe2O3,57,1
铅钡,MgO,Fe2O3,58,0.9914039055
铅钡,MgO,CuO,02,0.8562978292
铅钡,MgO,CuO,08,0.6451309177
铅钡,MgO,CuO,08严重风化点,0.857691643
铅钡,MgO,CuO,11,0.8686108168
铅钡,MgO,CuO,19,0.9134981269
铅钡,MgO,CuO,20,0.7983527512
铅钡,MgO,CuO,23未风化点,0.9535139232
铅钡,MgO,CuO,24,0.6910690675
铅钡,MgO,CuO,25未风化点,0.9441250532
铅钡,MgO,CuO,26,0.6416312811
铅钡,MgO,CuO,26严重风化点,0.8401758904
铅钡,MgO,CuO,28未风化点,0.8799532201
铅钡,MgO,CuO,29未风化点,0.8402291964
铅钡,MgO,CuO,30部位1,0.8689725865
铅钡,MgO,CuO,30部位2,0.9272400528
铅钡,MgO,CuO,31,0.8979185254
铅钡,MgO,CuO,32,0.9942210992
铅钡,MgO,CuO,33,0.8857189346
铅钡,MgO,CuO,34,0.9261063077
铅钡,MgO,CuO,35,0.9916163481
铅钡,MgO,CuO,36,0.9653145492
铅钡,MgO,CuO,37,0.8627748946
铅钡,MgO,CuO,38,0.9628588732
铅钡,MgO,CuO,39,0.9555662417
铅钡,MgO,CuO,40,1
铅钡,MgO,CuO,41,0.7092187561
铅钡,MgO,CuO,42未风化点1,0.9740664007
铅钡,MgO,CuO,42未风化点2,0.9664148402
铅钡,MgO,CuO,43部位1,0.8727818708
铅钡,MgO,CuO,43部位2,0.9377530764
铅钡,MgO,CuO,44未风化点,0.9777832451
铅钡,MgO,CuO,45,0.9209359134
铅钡,MgO,CuO,46,0.8221917425
铅钡,MgO,CuO,47,0.9438334248
铅钡,MgO,CuO,48,0.8084422457
铅钡,MgO,CuO,49,0.8409100331
铅钡,MgO,CuO,49未风化点,0.8614336935
铅钡,MgO,CuO,50,0.9875521195
铅钡,MgO,CuO,50未风化点,0.9559346222
铅钡,MgO,CuO,51部位1,0.9003304649
铅钡,MgO,CuO,51部位2,0.8449738443
铅钡,MgO,CuO,52,0.9545306836
铅钡,MgO,CuO,53未风化点,0.8719398605
铅钡,MgO,CuO,54,0.8672388597
铅钡,MgO,CuO,54严重风化点,0.9091077832
铅钡,MgO,CuO,55,0.9565322035
铅钡,MgO,CuO,56,0.9599285039
铅钡,MgO,CuO,57,0.9422447719
铅钡,MgO,CuO,58,0.9580001454
铅钡,MgO,PbO,02,0.9612588662
铅钡,MgO,PbO,08,0.9213077785
铅钡,MgO,PbO,08严重风化点,0.9118752219
铅钡,MgO,PbO,11,0.9674677227
铅钡,MgO,PbO,19,0.96455596
铅钡,MgO,PbO,20,0.9730495618
铅钡,MgO,PbO,23未风化点,0.9445791477
铅钡,MgO,PbO,24,0.920146417
铅钡,MgO,PbO,25未风化点,0.9132392728
铅钡,MgO,PbO,26,0.9191640755
铅钡,MgO,PbO,26严重风化点,0.9181838292
铅钡,MgO,PbO,28未风化点,0.9067696865
铅钡,MgO,PbO,29未风化点,0.8385093657
铅钡,MgO,PbO,30部位1,0.9671358701
铅钡,MgO,PbO,30部位2,0.9671868736
铅钡,MgO,PbO,31,0.9194149222
铅钡,MgO,PbO,32,0.9444222367
铅钡,MgO,PbO,33,0.9043762597
铅钡,MgO,PbO,34,0.878245865
铅钡,MgO,PbO,35,0.9383781941
铅钡,MgO,PbO,36,0.8897420863
铅钡,MgO,PbO,37,0.9511639463
铅钡,MgO,PbO,38,0.8719513054
铅钡,MgO,PbO,39,0.8461976098
铅钡,MgO,PbO,40,0.8270638019
铅钡,MgO,PbO,41,0.7760085712
铅钡,MgO,PbO,42未风化点1,0.9069908698
铅钡,MgO,PbO,42未风化点2,0.8940075408
铅钡,MgO,PbO,43部位1,0.9603324313
铅钡,MgO,PbO,43部位2,0.9872683691
铅钡,MgO,PbO,44未风化点,0.9610461585
铅钡,MgO,PbO,45,0.9378780023
铅钡,MgO,PbO,46,0.8462025113
铅钡,MgO,PbO,47,0.9821154024
铅钡,MgO,PbO,48,0.8402232639
铅钡,MgO,PbO,49,0.8893767027
铅钡,MgO,PbO,49未风化点,0.8959958511
铅钡,MgO,PbO,50,0.9445331466
铅钡,MgO,PbO,50未风化点,0.991988468
铅钡,MgO,PbO,51部位1,0.9405089715
铅钡,MgO,PbO,51部位2,0.9344043426
铅钡,MgO,PbO,52,0.946431524
铅钡,MgO,PbO,53未风化点,0.8812743058
铅钡,MgO,PbO,54,0.969204467
铅钡,MgO,PbO,54严重风化点,0.9966940606
铅钡,MgO,PbO,55,0.910712803
铅钡,MgO,PbO,56,0.8905916446
铅钡,MgO,PbO,57,0.8815893422
铅钡,MgO,PbO,58,0.9956588946
铅钡,MgO,BaO,02,0.8463411792
铅钡,MgO,BaO,08,0.7717992455
铅钡,MgO,BaO,08严重风化点,0.7752548131
铅钡,MgO,BaO,11,0.9717415372
铅钡,MgO,BaO,19,0.961421484
铅钡,MgO,BaO,20,0.8176866193
铅钡,MgO,BaO,23未风化点,0.9969649647
铅钡,MgO,BaO,24,0.8010666177
铅钡,MgO,BaO,25未风化点,0.9407694721
铅钡,MgO,BaO,26,0.7660893953
铅钡,MgO,BaO,26严重风化点,0.7487119889
铅钡,MgO,BaO,28未风化点,0.8963687144
铅钡,MgO,BaO,29未风化点,0.8264227871
铅钡,MgO,BaO,30部位1,0.9493408049
铅钡,MgO,BaO,30部位2,0.9808532781
铅钡,MgO,BaO,31,0.9053399233
铅钡,MgO,BaO,32,0.9558383768
铅钡,MgO,BaO,33,0.8926567142
铅钡,MgO,BaO,34,0.9135121556
铅钡,MgO,BaO,35,0.9489682167
铅钡,MgO,BaO,36,0.9070012552
铅钡,MgO,BaO,37,0.91083377
铅钡,MgO,BaO,38,0.9151743362
铅钡,MgO,BaO,39,0.9360174031
铅钡,MgO,BaO,40,0.9404344199
铅钡,MgO,BaO,41,0.7532173722
铅钡,MgO,BaO,42未风化点1,0.9358186626
铅钡,MgO,BaO,42未风化点2,0.9298245815
铅钡,MgO,BaO,43部位1,0.9364016467
铅钡,MgO,BaO,43部位2,0.8966165218
铅钡,MgO,BaO,44未风化点,0.9529064415
铅钡,MgO,BaO,45,0.9900084121
铅钡,MgO,BaO,46,0.8608041054
铅钡,MgO,BaO,47,0.9935721747
铅钡,MgO,BaO,48,0.8563561475
铅钡,MgO,BaO,49,0.8558537252
铅钡,MgO,BaO,49未风化点,0.8733895226
铅钡,MgO,BaO,50,0.9415085317
铅钡,MgO,BaO,50未风化点,0.9763750109
铅钡,MgO,BaO,51部位1,0.9103698132
铅钡,MgO,BaO,51部位2,0.8175951694
铅钡,MgO,BaO,52,0.9971843372
铅钡,MgO,BaO,53未风化点,0.9171886484
铅钡,MgO,BaO,54,0.884728141
铅钡,MgO,BaO,54严重风化点,0.8541268476
铅钡,MgO,BaO,55,0.9300010824
铅钡,MgO,BaO,56,0.8723912315
铅钡,MgO,BaO,57,0.8592617003
铅钡,MgO,BaO,58,0.953262817
铅钡,MgO,P2O5,02,0.9312100661
铅钡,MgO,P2O5,08,0.9022922868
铅钡,MgO,P2O5,08严重风化点,0.8143064476
铅钡,MgO,P2O5,11,0.8520097535
铅钡,MgO,P2O5,19,0.8506520894
铅钡,MgO,P2O5,20,0.8521935915
铅钡,MgO,P2O5,23未风化点,0.9015167923
铅钡,MgO,P2O5,24,0.9957948155
铅钡,MgO,P2O5,25未风化点,0.9943015222
铅钡,MgO,P2O5,26,0.9137318914
铅钡,MgO,P2O5,26严重风化点,0.8458878494
铅钡,MgO,P2O5,28未风化点,0.8908756703
铅钡,MgO,P2O5,29未风化点,0.8217693443
铅钡,MgO,P2O5,30部位1,0.8689725865
铅钡,MgO,P2O5,30部位2,0.965308447
铅钡,MgO,P2O5,31,0.919057442
铅钡,MgO,P2O5,32,0.9948983018
铅钡,MgO,P2O5,33,0.8696104256
铅钡,MgO,P2O5,34,0.989848394
铅钡,MgO,P2O5,35,0.9874896631
铅钡,MgO,P2O5,36,0.9978929776
铅钡,MgO,P2O5,37,0.9578183871
铅钡,MgO,P2O5,38,0.985727979
铅钡,MgO,P2O5,39,0.9661928196
铅钡,MgO,P2O5,40,0.9493159623
铅钡,MgO,P2O5,41,0.8368064791
铅钡,MgO,P2O5,42未风化点1,0.8581511019
铅钡,MgO,P2O5,42未风化点2,0.8485511346
铅钡,MgO,P2O5,43部位1,0.8795564029
铅钡,MgO,P2O5,43部位2,0.8059095129
铅钡,MgO,P2O5,44未风化点,1
铅钡,MgO,P2O5,45,0.8977808905
铅钡,MgO,P2O5,46,0.7994142137
铅钡,MgO,P2O5,47,0.9167254494
铅钡,MgO,P2O5,48,0.8307259095
铅钡,MgO,P2O5,49,0.9020039484
铅钡,MgO,P2O5,49未风化点,0.9484733541
铅钡,MgO,P2O5,50,0.8937156975
铅钡,MgO,P2O5,50未风化点,0.9024018493
铅钡,MgO,P2O5,51部位1,0.9423008526
铅钡,MgO,P2O5,51部位2,0.9607673372
铅钡,MgO,P2O5,52,0.9194456222
铅钡,MgO,P2O5,53未风化点,0.8507726614
铅钡,MgO,P2O5,54,0.9354117741
铅钡,MgO,P2O5,54严重风化点,0.7965402813
铅钡,MgO,P2O5,55,0.9895529366
铅钡,MgO,P2O5,56,0.9288360668
铅钡,MgO,P2O5,57,1
铅钡,MgO,P2O5,58,0.8698506414
铅钡,MgO,SrO,02,0.8870562367
铅钡,MgO,SrO,08,0.9044777713
铅钡,MgO,SrO,08严重风化点,0.8685986454
铅钡,MgO,SrO,11,0.9963818264
铅钡,MgO,SrO,19,0.9647425701
铅钡,MgO,SrO,20,1
铅钡,MgO,SrO,23未风化点,0.9851744552
铅钡,MgO,SrO,24,0.7938118149
铅钡,MgO,SrO,25未风化点,0.9459962127
铅钡,MgO,SrO,26,0.8861751919
铅钡,MgO,SrO,26严重风化点,0.8496402507
铅钡,MgO,SrO,28未风化点,0.8931685488
铅钡,MgO,SrO,29未风化点,0.8636359376
铅钡,MgO,SrO,30部位1,0.9515810887
铅钡,MgO,SrO,30部位2,0.9446986022
铅钡,MgO,SrO,31,0.9511971871
铅钡,MgO,SrO,32,1
铅钡,MgO,SrO,33,0.8666551257
铅钡,MgO,SrO,34,0.9409149158
铅钡,MgO,SrO,35,1
铅钡,MgO,SrO,36,0.9409149158
铅钡,MgO,SrO,37,0.918708652
铅钡,MgO,SrO,38,0.8952329446
铅钡,MgO,SrO,39,0.8517057711
铅钡,MgO,SrO,40,0.8374544977
铅钡,MgO,SrO,41,0.777672561
铅钡,MgO,SrO,42未风化点1,0.9364985102
铅钡,MgO,SrO,42未风化点2,0.8485511346
铅钡,MgO,SrO,43部位1,0.9562600547
铅钡,MgO,SrO,43部位2,0.9881279054
铅钡,MgO,SrO,44未风化点,0.9309143426
铅钡,MgO,SrO,45,0.9540092763
铅钡,MgO,SrO,46,0.881669104
铅钡,MgO,SrO,47,0.8705016634
铅钡,MgO,SrO,48,0.8579357977
铅钡,MgO,SrO,49,0.9133445548
铅钡,MgO,SrO,49未风化点,0.9099149642
铅钡,MgO,SrO,50,0.8960002278
铅钡,MgO,SrO,50未风化点,0.9828632551
铅钡,MgO,SrO,51部位1,0.9330306318
铅钡,MgO,SrO,51部位2,0.8175951694
铅钡,MgO,SrO,52,0.9606453659
铅钡,MgO,SrO,53未风化点,0.9104689387
铅钡,MgO,SrO,54,0.9485518139
铅钡,MgO,SrO,54严重风化点,0.8703984181
铅钡,MgO,SrO,55,1
铅钡,MgO,SrO,56,1
铅钡,MgO,SrO,57,1
铅钡,MgO,SrO,58,0.9496256102
铅钡,MgO,SnO2,02,0.8463411792
铅钡,MgO,SnO2,08,1
铅钡,MgO,SnO2,08严重风化点,1
铅钡,MgO,SnO2,11,0.9015167923
铅钡,MgO,SnO2,19,0.9167765836
铅钡,MgO,SnO2,20,1
铅钡,MgO,SnO2,23未风化点,0.9015167923
铅钡,MgO,SnO2,24,1
铅钡,MgO,SnO2,25未风化点,1
铅钡,MgO,SnO2,26,1
铅钡,MgO,SnO2,26严重风化点,1
铅钡,MgO,SnO2,28未风化点,0.8071775162
铅钡,MgO,SnO2,29未风化点,0.8135017446
铅钡,MgO,SnO2,30部位1,0.6526337857
铅钡,MgO,SnO2,30部位2,0.5977745398
铅钡,MgO,SnO2,31,0.8795564029
铅钡,MgO,SnO2,32,1
铅钡,MgO,SnO2,33,0.8666551257
铅钡,MgO,SnO2,34,1
铅钡,MgO,SnO2,35,1
铅钡,MgO,SnO2,36,1
铅钡,MgO,SnO2,37,1
铅钡,MgO,SnO2,38,1
铅钡,MgO,SnO2,39,1
铅钡,MgO,SnO2,40,1
铅钡,MgO,SnO2,41,0.7042045496
铅钡,MgO,SnO2,42未风化点1,0.8563777038
铅钡,MgO,SnO2,42未风化点2,0.8485511346
铅钡,MgO,SnO2,43部位1,0.8795564029
铅钡,MgO,SnO2,43部位2,0.8724721099
铅钡,MgO,SnO2,44未风化点,1
铅钡,MgO,SnO2,45,0.8977808905
铅钡,MgO,SnO2,46,0.7955773935
铅钡,MgO,SnO2,47,0.9141975111
铅钡,MgO,SnO2,48,0.3333333333
铅钡,MgO,SnO2,49,0.8155433206
铅钡,MgO,SnO2,49未风化点,0.8441427051
铅钡,MgO,SnO2,50,0.9325618686
铅钡,MgO,SnO2,50未风化点,0.9232883814
铅钡,MgO,SnO2,51部位1,0.6174846447
铅钡,MgO,SnO2,51部位2,0.8175951694
铅钡,MgO,SnO2,52,0.9219786319
铅钡,MgO,SnO2,53未风化点,0.8507726614
铅钡,MgO,SnO2,54,0.8354618502
铅钡,MgO,SnO2,54严重风化点,0.8541268476
铅钡,MgO,SnO2,55,1
铅钡,MgO,SnO2,56,1
铅钡,MgO,SnO2,57,1
铅钡,MgO,SnO2,58,0.8916227229
铅钡,MgO,SO2,02,0.8463411792
铅钡,MgO,SO2,08,0.757307337
铅钡,MgO,SO2,08严重风化点,0.348807405
铅钡,MgO,SO2,11,0.9015167923
铅钡,MgO,SO2,19,0.9167765836
铅钡,MgO,SO2,20,1
铅钡,MgO,SO2,23未风化点,0.9015167923
铅钡,MgO,SO2,24,1
铅钡,MgO,SO2,25未风化点,1
铅钡,MgO,SO2,26,0.8042100686
铅钡,MgO,SO2,26严重风化点,0.3354368607
铅钡,MgO,SO2,28未风化点,0.8666551257
铅钡,MgO,SO2,29未风化点,0.8135017446
铅钡,MgO,SO2,30部位1,0.8689725865
铅钡,MgO,SO2,30部位2,0.9272400528
铅钡,MgO,SO2,31,0.8795564029
铅钡,MgO,SO2,32,1
铅钡,MgO,SO2,33,0.8666551257
铅钡,MgO,SO2,34,1
铅钡,MgO,SO2,35,1
铅钡,MgO,SO2,36,1
铅钡,MgO,SO2,37,0.6874660911
铅钡,MgO,SO2,38,1
铅钡,MgO,SO2,39,1
铅钡,MgO,SO2,40,1
铅钡,MgO,SO2,41,0.7042045496
铅钡,MgO,SO2,42未风化点1,0.8563777038
铅钡,MgO,SO2,42未风化点2,0.8485511346
铅钡,MgO,SO2,43部位1,0.8795564029
铅钡,MgO,SO2,43部位2,0.8724721099
铅钡,MgO,SO2,44未风化点,1
铅钡,MgO,SO2,45,0.8977808905
铅钡,MgO,SO2,46,0.7955773935
铅钡,MgO,SO2,47,0.9141975111
铅钡,MgO,SO2,48,0.8084422457
铅钡,MgO,SO2,49,0.8155433206
铅钡,MgO,SO2,49未风化点,0.8441427051
铅钡,MgO,SO2,50,0.9325618686
铅钡,MgO,SO2,50未风化点,0.9232883814
铅钡,MgO,SO2,51部位1,0.8452405126
铅钡,MgO,SO2,51部位2,0.8175951694
铅钡,MgO,SO2,52,0.9219786319
铅钡,MgO,SO2,53未风化点,0.8507726614
铅钡,MgO,SO2,54,0.8354618502
铅钡,MgO,SO2,54严重风化点,0.8541268476
铅钡,MgO,SO2,55,1
铅钡,MgO,SO2,56,1
铅钡,MgO,SO2,57,1
铅钡,MgO,SO2,58,0.8916227229
铅钡,Al2O3,SiO2,02,0.9403998756
铅钡,Al2O3,SiO2,08,0.985356535
铅钡,Al2O3,SiO2,08严重风化点,0.9822642498
铅钡,Al2O3,SiO2,11,0.9875482076
铅钡,Al2O3,SiO2,19,0.9796285385
铅钡,Al2O3,SiO2,20,0.9498717926
铅钡,Al2O3,SiO2,23未风化点,0.9084408835
铅钡,Al2O3,SiO2,24,0.9626214839
铅钡,Al2O3,SiO2,25未风化点,0.9266733035
铅钡,Al2O3,SiO2,26,0.96925999
铅钡,Al2O3,SiO2,26严重风化点,0.9781567417
铅钡,Al2O3,SiO2,28未风化点,0.9549771231
铅钡,Al2O3,SiO2,29未风化点,0.8119065796
铅钡,Al2O3,SiO2,30部位1,0.9707406231
铅钡,Al2O3,SiO2,30部位2,0.990343145
铅钡,Al2O3,SiO2,31,0.9211409827
铅钡,Al2O3,SiO2,32,0.8957448008
铅钡,Al2O3,SiO2,33,0.8835012059
铅钡,Al2O3,SiO2,34,0.9541475485
铅钡,Al2O3,SiO2,35,0.8834074269
铅钡,Al2O3,SiO2,36,0.944698034
铅钡,Al2O3,SiO2,37,0.9248366293
铅钡,Al2O3,SiO2,38,0.9859872437
铅钡,Al2O3,SiO2,39,0.9485951903
铅钡,Al2O3,SiO2,40,0.9703194491
铅钡,Al2O3,SiO2,41,0.9583891567
铅钡,Al2O3,SiO2,42未风化点1,0.9656499438
铅钡,Al2O3,SiO2,42未风化点2,0.9784642371
铅钡,Al2O3,SiO2,43部位1,0.9715551562
铅钡,Al2O3,SiO2,43部位2,0.9641792709
铅钡,Al2O3,SiO2,44未风化点,0.8385323966
铅钡,Al2O3,SiO2,45,0.9794293783
铅钡,Al2O3,SiO2,46,0.9891851516
铅钡,Al2O3,SiO2,47,0.9529656477
铅钡,Al2O3,SiO2,48,0.8073458508
铅钡,Al2O3,SiO2,49,0.9317238353
铅钡,Al2O3,SiO2,49未风化点,0.9645604059
铅钡,Al2O3,SiO2,50,0.9958815411
铅钡,Al2O3,SiO2,50未风化点,0.9982699552
铅钡,Al2O3,SiO2,51部位1,0.9253952058
铅钡,Al2O3,SiO2,51部位2,0.9870904949
铅钡,Al2O3,SiO2,52,0.9666239427
铅钡,Al2O3,SiO2,53未风化点,0.9991830962
铅钡,Al2O3,SiO2,54,0.9468087179
铅钡,Al2O3,SiO2,54严重风化点,0.9471139219
铅钡,Al2O3,SiO2,55,0.9195971251
铅钡,Al2O3,SiO2,56,0.9762744995
铅钡,Al2O3,SiO2,57,0.9946604568
铅钡,Al2O3,SiO2,58,0.9828569093
铅钡,Al2O3,Na2O,02,0.8632491241
铅钡,Al2O3,Na2O,08,0.9647682265
铅钡,Al2O3,Na2O,08严重风化点,0.97074934
铅钡,Al2O3,Na2O,11,0.9310957383
铅钡,Al2O3,Na2O,19,0.9103835715
铅钡,Al2O3,Na2O,20,0.8690819501
铅钡,Al2O3,Na2O,23未风化点,0.5400768005
铅钡,Al2O3,Na2O,24,0.9583500555
铅钡,Al2O3,Na2O,25未风化点,0.8287508388
铅钡,Al2O3,Na2O,26,0.9815973088
铅钡,Al2O3,Na2O,26严重风化点,0.9689211653
铅钡,Al2O3,Na2O,28未风化点,0.8851010819
铅钡,Al2O3,Na2O,29未风化点,0.772855272
铅钡,Al2O3,Na2O,30部位1,0.8927805251
铅钡,Al2O3,Na2O,30部位2,0.9037583736
铅钡,Al2O3,Na2O,31,0.9210940864
铅钡,Al2O3,Na2O,32,0.939107866
铅钡,Al2O3,Na2O,33,0.9393528109
铅钡,Al2O3,Na2O,34,0.9575856089
铅钡,Al2O3,Na2O,35,0.9621906697
铅钡,Al2O3,Na2O,36,0.8299910552
铅钡,Al2O3,Na2O,37,0.9303741369
铅钡,Al2O3,Na2O,38,0.9230851548
铅钡,Al2O3,Na2O,39,0.9869774628
铅钡,Al2O3,Na2O,40,0.9883317291
铅钡,Al2O3,Na2O,41,0.9159403998
铅钡,Al2O3,Na2O,42未风化点1,0.6461799973
铅钡,Al2O3,Na2O,42未风化点2,0.6749195763
铅钡,Al2O3,Na2O,43部位1,0.9418093056
铅钡,Al2O3,Na2O,43部位2,0.9140806017
铅钡,Al2O3,Na2O,44未风化点,0.9929032608
铅钡,Al2O3,Na2O,45,0.8620951637
铅钡,Al2O3,Na2O,46,0.8831476745
铅钡,Al2O3,Na2O,47,0.6949219815
铅钡,Al2O3,Na2O,48,0.7762438332
铅钡,Al2O3,Na2O,49,0.8705524935
铅钡,Al2O3,Na2O,49未风化点,0.8476052391
铅钡,Al2O3,Na2O,50,0.9512623345
铅钡,Al2O3,Na2O,50未风化点,0.8970054355
铅钡,Al2O3,Na2O,51部位1,0.8732967472
铅钡,Al2O3,Na2O,51部位2,0.9354489626
铅钡,Al2O3,Na2O,52,0.9054194835
铅钡,Al2O3,Na2O,53未风化点,0.8522853609
铅钡,Al2O3,Na2O,54,0.8972289071
铅钡,Al2O3,Na2O,54严重风化点,0.9085462484
铅钡,Al2O3,Na2O,55,0.7910353818
铅钡,Al2O3,Na2O,56,0.9517651216
铅钡,Al2O3,Na2O,57,0.9435365104
铅钡,Al2O3,Na2O,58,0.9115356769
铅钡,Al2O3,K2O,02,0.6865238192
铅钡,Al2O3,K2O,08,0.9647682265
铅钡,Al2O3,K2O,08严重风化点,0.97074934
铅钡,Al2O3,K2O,11,0.9542897284
铅钡,Al2O3,K2O,19,0.9103835715
铅钡,Al2O3,K2O,20,0.7906449006
铅钡,Al2O3,K2O,23未风化点,0.9627050786
铅钡,Al2O3,K2O,24,0.9583500555
铅钡,Al2O3,K2O,25未风化点,0.9505091489
铅钡,Al2O3,K2O,26,0.9815973088
铅钡,Al2O3,K2O,26严重风化点,0.8323847022
铅钡,Al2O3,K2O,28未风化点,0.9790086881
铅钡,Al2O3,K2O,29未风化点,0.8187531128
铅钡,Al2O3,K2O,30部位1,0.586073418
铅钡,Al2O3,K2O,30部位2,0.9037583736
铅钡,Al2O3,K2O,31,0.9210940864
铅钡,Al2O3,K2O,32,0.9460175953
铅钡,Al2O3,K2O,33,0.9783613197
铅钡,Al2O3,K2O,34,0.9081891035
铅钡,Al2O3,K2O,35,0.9621906697
铅钡,Al2O3,K2O,36,0.9642534333
铅钡,Al2O3,K2O,37,0.9444584337
铅钡,Al2O3,K2O,38,0.933993372
铅钡,Al2O3,K2O,39,0.9869774628
铅钡,Al2O3,K2O,40,0.9883317291
铅钡,Al2O3,K2O,41,0.8582576147
铅钡,Al2O3,K2O,42未风化点1,0.9908156757
铅钡,Al2O3,K2O,42未风化点2,0.9545444439
铅钡,Al2O3,K2O,43部位1,0.9418093056
铅钡,Al2O3,K2O,43部位2,0.9140806017
铅钡,Al2O3,K2O,44未风化点,0.8102022746
铅钡,Al2O3,K2O,45,0.9314728306
铅钡,Al2O3,K2O,46,0.9870968076
铅钡,Al2O3,K2O,47,0.9220070875
铅钡,Al2O3,K2O,48,0.8400048456
铅钡,Al2O3,K2O,49,0.8705524935
铅钡,Al2O3,K2O,49未风化点,0.9963349288
铅钡,Al2O3,K2O,50,0.9512623345
铅钡,Al2O3,K2O,50未风化点,0.8970054355
铅钡,Al2O3,K2O,51部位1,0.8732967472
铅钡,Al2O3,K2O,51部位2,0.9354489626
铅钡,Al2O3,K2O,52,0.9694427979
铅钡,Al2O3,K2O,53未风化点,0.906617237
铅钡,Al2O3,K2O,54,0.9328912863
铅钡,Al2O3,K2O,54严重风化点,0.9085462484
铅钡,Al2O3,K2O,55,0.9619336713
铅钡,Al2O3,K2O,56,0.9517651216
铅钡,Al2O3,K2O,57,0.9435365104
铅钡,Al2O3,K2O,58,0.9081247126
铅钡,Al2O3,CaO,02,0.9595341751
铅钡,Al2O3,CaO,08,0.9656013246
铅钡,Al2O3,CaO,08严重风化点,0.8873458097
铅钡,Al2O3,CaO,11,0.9099335918
铅钡,Al2O3,CaO,19,0.956265627
铅钡,Al2O3,CaO,20,0.8690819501
铅钡,Al2O3,CaO,23未风化点,0.9862888805
铅钡,Al2O3,CaO,24,0.9802841869
铅钡,Al2O3,CaO,25未风化点,0.9796508282
铅钡,Al2O3,CaO,26,0.9511058006
铅钡,Al2O3,CaO,26严重风化点,0.8960003347
铅钡,Al2O3,CaO,28未风化点,0.9405137732
铅钡,Al2O3,CaO,29未风化点,0.800351553
铅钡,Al2O3,CaO,30部位1,0.9077943724
铅钡,Al2O3,CaO,30部位2,0.9068174897
铅钡,Al2O3,CaO,31,0.9938541456
铅钡,Al2O3,CaO,32,0.9597026101
铅钡,Al2O3,CaO,33,0.9682696931
铅钡,Al2O3,CaO,34,0.9944847939
铅钡,Al2O3,CaO,35,0.9799903812
铅钡,Al2O3,CaO,36,0.9752694975
铅钡,Al2O3,CaO,37,0.9702852154
铅钡,Al2O3,CaO,38,0.9644208322
铅钡,Al2O3,CaO,39,0.9610135953
铅钡,Al2O3,CaO,40,0.9261745506
铅钡,Al2O3,CaO,41,0.8671216064
铅钡,Al2O3,CaO,42未风化点1,0.9451050742
铅钡,Al2O3,CaO,42未风化点2,0.8646999782
铅钡,Al2O3,CaO,43部位1,0.8353255282
铅钡,Al2O3,CaO,43部位2,0.8179605462
铅钡,Al2O3,CaO,44未风化点,0.8029782646
铅钡,Al2O3,CaO,45,0.9120620377
铅钡,Al2O3,CaO,46,0.8831476745
铅钡,Al2O3,CaO,47,0.9605603637
铅钡,Al2O3,CaO,48,0.8075978288
铅钡,Al2O3,CaO,49,0.9281240354
铅钡,Al2O3,CaO,49未风化点,0.928963577
铅钡,Al2O3,CaO,50,0.904278772
铅钡,Al2O3,CaO,50未风化点,0.9626578909
铅钡,Al2O3,CaO,51部位1,0.9695786079
铅钡,Al2O3,CaO,51部位2,0.8442705883
铅钡,Al2O3,CaO,52,0.9260407182
铅钡,Al2O3,CaO,53未风化点,0.8858730655
铅钡,Al2O3,CaO,54,0.959190641
铅钡,Al2O3,CaO,54严重风化点,0.9085462484
铅钡,Al2O3,CaO,55,0.9850439114
铅钡,Al2O3,CaO,56,0.9920137225
铅钡,Al2O3,CaO,57,0.9961596436
铅钡,Al2O3,CaO,58,0.9302832469
铅钡,Al2O3,MgO,02,0.9743124503
铅钡,Al2O3,MgO,08,0.9647682265
铅钡,Al2O3,MgO,08严重风化点,0.97074934
铅钡,Al2O3,MgO,11,0.9646659374
铅钡,Al2O3,MgO,19,0.9946689301
铅钡,Al2O3,MgO,20,0.8690819501
铅钡,Al2O3,MgO,23未风化点,0.9329298231
铅钡,Al2O3,MgO,24,0.9583500555
铅钡,Al2O3,MgO,25未风化点,0.9505091489
铅钡,Al2O3,MgO,26,0.9815973088
铅钡,Al2O3,MgO,26严重风化点,0.9689211653
铅钡,Al2O3,MgO,28未风化点,0.9741199039
铅钡,Al2O3,MgO,29未风化点,0.8602721785
铅钡,Al2O3,MgO,30部位1,0.9679316411
铅钡,Al2O3,MgO,30部位2,0.9746277209
铅钡,Al2O3,MgO,31,0.949340264
铅钡,Al2O3,MgO,32,0.939107866
铅钡,Al2O3,MgO,33,0.9159023992
铅钡,Al2O3,MgO,34,0.9575856089
铅钡,Al2O3,MgO,35,0.9621906697
铅钡,Al2O3,MgO,36,0.9580951044
铅钡,Al2O3,MgO,37,0.9303741369
铅钡,Al2O3,MgO,38,0.933993372
铅钡,Al2O3,MgO,39,0.9869774628
铅钡,Al2O3,MgO,40,0.9883317291
铅钡,Al2O3,MgO,41,0.7476451038
铅钡,Al2O3,MgO,42未风化点1,0.931746663
铅钡,Al2O3,MgO,42未风化点2,0.9754638999
铅钡,Al2O3,MgO,43部位1,0.9282961326
铅钡,Al2O3,MgO,43部位2,0.9483179112
铅钡,Al2O3,MgO,44未风化点,0.7398253786
铅钡,Al2O3,MgO,45,0.979046453
铅钡,Al2O3,MgO,46,0.8851375325
铅钡,Al2O3,MgO,47,0.9895321315
铅钡,Al2O3,MgO,48,0.8807656573
铅钡,Al2O3,MgO,49,0.9243566028
铅钡,Al2O3,MgO,49未风化点,0.9919260715
铅钡,Al2O3,MgO,50,0.9789194096
铅钡,Al2O3,MgO,50未风化点,0.9712226775
铅钡,Al2O3,MgO,51部位1,0.9603653302
铅钡,Al2O3,MgO,51部位2,0.8632829465
铅钡,Al2O3,MgO,52,0.9488839004
铅钡,Al2O3,MgO,53未风化点,0.989225959
铅钡,Al2O3,MgO,54,0.9207999889
铅钡,Al2O3,MgO,54严重风化点,0.9319001783
铅钡,Al2O3,MgO,55,0.9619336713
铅钡,Al2O3,MgO,56,0.9517651216
铅钡,Al2O3,MgO,57,0.9435365104
铅钡,Al2O3,MgO,58,0.9744663089
铅钡,Al2O3,Fe2O3,02,0.8857510215
铅钡,Al2O3,Fe2O3,08,0.9647682265
铅钡,Al2O3,Fe2O3,08严重风化点,0.97074934
铅钡,Al2O3,Fe2O3,11,0.9310957383
铅钡,Al2O3,Fe2O3,19,0.9036073215
铅钡,Al2O3,Fe2O3,20,0.9238555962
铅钡,Al2O3,Fe2O3,23未风化点,0.9627050786
铅钡,Al2O3,Fe2O3,24,0.9583500555
铅钡,Al2O3,Fe2O3,25未风化点,0.8423164535
铅钡,Al2O3,Fe2O3,26,0.9815973088
铅钡,Al2O3,Fe2O3,26严重风化点,0.9689211653
铅钡,Al2O3,Fe2O3,28未风化点,0.9379462343
铅钡,Al2O3,Fe2O3,29未风化点,0.7863320488
铅钡,Al2O3,Fe2O3,30部位1,0.8280406228
铅钡,Al2O3,Fe2O3,30部位2,0.7589930737
铅钡,Al2O3,Fe2O3,31,0.6151631267
铅钡,Al2O3,Fe2O3,32,0.9182412878
铅钡,Al2O3,Fe2O3,33,0.9393528109
铅钡,Al2O3,Fe2O3,34,0.9734258162
铅钡,Al2O3,Fe2O3,35,0.9872629233
铅钡,Al2O3,Fe2O3,36,0.9954542864
铅钡,Al2O3,Fe2O3,37,0.9303741369
铅钡,Al2O3,Fe2O3,38,0.9749943655
铅钡,Al2O3,Fe2O3,39,0.9869774628
铅钡,Al2O3,Fe2O3,40,0.9839471117
铅钡,Al2O3,Fe2O3,41,0.8440545737
铅钡,Al2O3,Fe2O3,42未风化点1,0.9113050226
铅钡,Al2O3,Fe2O3,42未风化点2,0.8646999782
铅钡,Al2O3,Fe2O3,43部位1,0.948019079
铅钡,Al2O3,Fe2O3,43部位2,0.8925117074
铅钡,Al2O3,Fe2O3,44未风化点,0.8116075354
铅钡,Al2O3,Fe2O3,45,0.8786230834
铅钡,Al2O3,Fe2O3,46,0.8831476745
铅钡,Al2O3,Fe2O3,47,0.9222734774
铅钡,Al2O3,Fe2O3,48,0.820740517
铅钡,Al2O3,Fe2O3,49,0.7841109568
铅钡,Al2O3,Fe2O3,49未风化点,0.9842484806
铅钡,Al2O3,Fe2O3,50,1
铅钡,Al2O3,Fe2O3,50未风化点,0.8970054355
铅钡,Al2O3,Fe2O3,51部位1,0.9631207364
铅钡,Al2O3,Fe2O3,51部位2,0.9962167927
铅钡,Al2O3,Fe2O3,52,0.9971971701
铅钡,Al2O3,Fe2O3,53未风化点,0.8564744469
铅钡,Al2O3,Fe2O3,54,0.8972289071
铅钡,Al2O3,Fe2O3,54严重风化点,0.9085462484
铅钡,Al2O3,Fe2O3,55,0.9619336713
铅钡,Al2O3,Fe2O3,56,0.9517651216
铅钡,Al2O3,Fe2O3,57,0.9435365104
铅钡,Al2O3,Fe2O3,58,0.9660967007
铅钡,Al2O3,CuO,02,0.8738757628
铅钡,Al2O3,CuO,08,0.6552588307
铅钡,Al2O3,CuO,08严重风化点,0.8782605321
铅钡,Al2O3,CuO,11,0.8391200306
铅钡,Al2O3,CuO,19,0.9171327151
铅钡,Al2O3,CuO,20,0.9033737042
铅钡,Al2O3,CuO,23未风化点,0.891361194
铅钡,Al2O3,CuO,24,0.7074525429
铅钡,Al2O3,CuO,25未风化点,0.9928163902
铅钡,Al2O3,CuO,26,0.644100008
铅钡,Al2O3,CuO,26严重风化点,0.8608865083
铅钡,Al2O3,CuO,28未风化点,0.899333021
铅钡,Al2O3,CuO,29未风化点,0.736706666
铅钡,Al2O3,CuO,30部位1,0.8927805251
铅钡,Al2O3,CuO,30部位2,0.9037583736
铅钡,Al2O3,CuO,31,0.9417735799
铅钡,Al2O3,CuO,32,0.9443935097
铅钡,Al2O3,CuO,33,0.9623728841
铅钡,Al2O3,CuO,34,0.9651202177
铅钡,Al2O3,CuO,35,0.9702838018
铅钡,Al2O3,CuO,36,0.9931517092
铅钡,Al2O3,CuO,37,0.9200761457
铅钡,Al2O3,CuO,38,0.9698190218
铅钡,Al2O3,CuO,39,0.9679550528
铅钡,Al2O3,CuO,40,0.9883317291
铅钡,Al2O3,CuO,41,0.9246588456
铅钡,Al2O3,CuO,42未风化点1,0.9560645848
铅钡,Al2O3,CuO,42未风化点2,0.9909804392
铅钡,Al2O3,CuO,43部位1,0.8151969373
铅钡,Al2O3,CuO,43部位2,0.9879626065
铅钡,Al2O3,CuO,44未风化点,0.7528005874
铅钡,Al2O3,CuO,45,0.9013644
铅钡,Al2O3,CuO,46,0.9169305993
铅钡,Al2O3,CuO,47,0.9532340768
铅钡,Al2O3,CuO,48,0.72551759
铅钡,Al2O3,CuO,49,0.9002763793
铅钡,Al2O3,CuO,49未风化点,0.8654909162
铅钡,Al2O3,CuO,50,0.9914631205
铅钡,Al2O3,CuO,50未风化点,0.9285959443
铅钡,Al2O3,CuO,51部位1,0.9338289484
铅钡,Al2O3,CuO,51部位2,0.9724120658
铅钡,Al2O3,CuO,52,0.9949976917
铅钡,Al2O3,CuO,53未风化点,0.8784875104
铅钡,Al2O3,CuO,54,0.9349520087
铅钡,Al2O3,CuO,54严重风化点,0.9727071836
铅钡,Al2O3,CuO,55,0.9943878028
铅钡,Al2O3,CuO,56,0.9921841517
铅钡,Al2O3,CuO,57,0.9983745435
铅钡,Al2O3,CuO,58,0.9335718979
铅钡,Al2O3,PbO,02,0.9866010425
铅钡,Al2O3,PbO,08,0.9526699392
铅钡,Al2O3,PbO,08严重风化点,0.9366979728
铅钡,Al2O3,PbO,11,0.9978545671
铅钡,Al2O3,PbO,19,0.9699885876
铅钡,Al2O3,PbO,20,0.8910743533
铅钡,Al2O3,PbO,23未风化点,0.9884032688
铅钡,Al2O3,PbO,24,0.9577218647
铅钡,Al2O3,PbO,25未风化点,0.9578867023
铅钡,Al2O3,PbO,26,0.9345377364
铅钡,Al2O3,PbO,26严重风化点,0.9452594143
铅钡,Al2O3,PbO,28未风化点,0.9280954323
铅钡,Al2O3,PbO,29未风化点,0.735350739
铅钡,Al2O3,PbO,30部位1,0.9996669907
铅钡,Al2O3,PbO,30部位2,0.9926787637
铅钡,Al2O3,PbO,31,0.9660640982
铅钡,Al2O3,PbO,32,0.9955193041
铅钡,Al2O3,PbO,33,0.9850118335
铅钡,Al2O3,PbO,34,0.9120134858
铅钡,Al2O3,PbO,35,0.9740329483
铅钡,Al2O3,PbO,36,0.9242610043
铅钡,Al2O3,PbO,37,0.9782897977
铅钡,Al2O3,PbO,38,0.9271925296
铅钡,Al2O3,PbO,39,0.8533951365
铅钡,Al2O3,PbO,40,0.8324934145
铅钡,Al2O3,PbO,41,0.9600857072
铅钡,Al2O3,PbO,42未风化点1,0.9703893317
铅钡,Al2O3,PbO,42未风化点2,0.9132156249
铅钡,Al2O3,PbO,43部位1,0.8931800013
铅钡,Al2O3,PbO,43部位2,0.9603600605
铅钡,Al2O3,PbO,44未风化点,0.7632943729
铅钡,Al2O3,PbO,45,0.9180063585
铅钡,Al2O3,PbO,46,0.9476790719
铅钡,Al2O3,PbO,47,0.9933296661
铅钡,Al2O3,PbO,48,0.7516796534
铅钡,Al2O3,PbO,49,0.9575580966
铅钡,Al2O3,PbO,49未风化点,0.9013067681
铅钡,Al2O3,PbO,50,0.9244309075
铅钡,Al2O3,PbO,50未风化点,0.9790971358
铅钡,Al2O3,PbO,51部位1,0.9782740514
铅钡,Al2O3,PbO,51部位2,0.9204801754
铅钡,Al2O3,PbO,52,0.8993579417
铅钡,Al2O3,PbO,53未风化点,0.8882061932
铅钡,Al2O3,PbO,54,0.9492772247
铅钡,Al2O3,PbO,54严重风化点,0.928955996
铅钡,Al2O3,PbO,55,0.9437750686
铅钡,Al2O3,PbO,56,0.9311815084
铅钡,Al2O3,PbO,57,0.9289381642
铅钡,Al2O3,PbO,58,0.9787300088
铅钡,Al2O3,BaO,02,0.8632491241
铅钡,Al2O3,BaO,08,0.790345632
铅钡,Al2O3,BaO,08严重风化点,0.7900554299
铅钡,Al2O3,BaO,11,0.9376945524
铅钡,Al2O3,BaO,19,0.9555635105
铅钡,Al2O3,BaO,20,0.9288548816
铅钡,Al2O3,BaO,23未风化点,0.930220966
铅钡,Al2O3,BaO,24,0.8265897447
铅钡,Al2O3,BaO,25未风化点,0.9890128063
铅钡,Al2O3,BaO,26,0.7734301612
铅钡,Al2O3,BaO,26严重风化点,0.7629641428
铅钡,Al2O3,BaO,28未风化点,0.916929729
铅钡,Al2O3,BaO,29未风化点,0.7258057537
铅钡,Al2O3,BaO,30部位1,0.9801943594
铅钡,Al2O3,BaO,30部位2,0.9940182949
铅钡,Al2O3,BaO,31,0.9501496981
铅钡,Al2O3,BaO,32,0.9828321328
铅钡,Al2O3,BaO,33,0.970778524
铅钡,Al2O3,BaO,34,0.9511091039
铅钡,Al2O3,BaO,35,0.9857406261
铅钡,Al2O3,BaO,36,0.943381403
铅钡,Al2O3,BaO,37,0.9764087129
铅钡,Al2O3,BaO,38,0.9775293803
铅钡,Al2O3,BaO,39,0.9474040132
铅钡,Al2O3,BaO,40,0.9507879262
铅钡,Al2O3,BaO,41,0.9984092888
铅钡,Al2O3,BaO,42未风化点1,0.9970763325
铅钡,Al2O3,BaO,42未风化点2,0.9516080995
铅钡,Al2O3,BaO,43部位1,0.9924536615
铅钡,Al2O3,BaO,43部位2,0.9413102976
铅钡,Al2O3,BaO,44未风化点,0.7686412188
铅钡,Al2O3,BaO,45,0.9692269042
铅钡,Al2O3,BaO,46,0.9665049018
铅钡,Al2O3,BaO,47,0.9960702329
铅钡,Al2O3,BaO,48,0.7648976658
铅钡,Al2O3,BaO,49,0.9178690824
铅钡,Al2O3,BaO,49未风化点,0.8778706138
铅钡,Al2O3,BaO,50,0.9214602892
铅钡,Al2O3,BaO,50未风化点,0.9483709434
铅钡,Al2O3,BaO,51部位1,0.9449107662
铅钡,Al2O3,BaO,51部位2,0.9354489626
铅钡,Al2O3,BaO,52,0.951497826
铅钡,Al2O3,BaO,53未风化点,0.9256631113
铅钡,Al2O3,BaO,54,0.9558384453
铅钡,Al2O3,BaO,54严重风化点,0.9085462484
铅钡,Al2O3,BaO,55,0.9650422815
铅钡,Al2O3,BaO,56,0.9108101179
铅钡,Al2O3,BaO,57,0.9035712621
铅钡,Al2O3,BaO,58,0.9778131927
铅钡,Al2O3,P2O5,02,0.9541979608
铅钡,Al2O3,P2O5,08,0.9318485116
铅钡,Al2O3,P2O5,08严重风化点,0.8317343256
铅钡,Al2O3,P2O5,11,0.8232316585
铅钡,Al2O3,P2O5,19,0.8523116695
铅钡,Al2O3,P2O5,20,0.9748303048
铅钡,Al2O3,P2O5,23未风化点,0.9627050786
铅钡,Al2O3,P2O5,24,0.9623433982
铅钡,Al2O3,P2O5,25未风化点,0.9558480647
铅钡,Al2O3,P2O5,26,0.9287814793
铅钡,Al2O3,P2O5,26严重风化点,0.8670376123
铅钡,Al2O3,P2O5,28未风化点,0.9110379161
铅钡,Al2O3,P2O5,29未风化点,0.7221234368
铅钡,Al2O3,P2O5,30部位1,0.8927805251
铅钡,Al2O3,P2O5,30部位2,0.9408384666
铅钡,Al2O3,P2O5,31,0.965659434
铅钡,Al2O3,P2O5,32,0.9437678442
铅钡,Al2O3,P2O5,33,0.9429140283
铅钡,Al2O3,P2O5,34,0.9673261653
铅钡,Al2O3,P2O5,35,0.9743690126
铅钡,Al2O3,P2O5,36,0.9600865633
铅钡,Al2O3,P2O5,37,0.9711743068
铅钡,Al2O3,P2O5,38,0.9471258605
铅钡,Al2O3,P2O5,39,0.9791400527
铅钡,Al2O3,P2O5,40,0.9600993496
铅钡,Al2O3,P2O5,41,0.8790651378
铅钡,Al2O3,P2O5,42未风化点1,0.9133644769
铅钡,Al2O3,P2O5,42未风化点2,0.8646999782
铅钡,Al2O3,P2O5,43部位1,0.9418093056
铅钡,Al2O3,P2O5,43部位2,0.7683825362
铅钡,Al2O3,P2O5,44未风化点,0.7398253786
铅钡,Al2O3,P2O5,45,0.8786230834
铅钡,Al2O3,P2O5,46,0.8879986596
铅钡,Al2O3,P2O5,47,0.9249117175
铅钡,Al2O3,P2O5,48,0.7438786187
铅钡,Al2O3,P2O5,49,0.8380621174
铅钡,Al2O3,P2O5,49未风化点,0.955854087
铅钡,Al2O3,P2O5,50,0.8745295496
铅钡,Al2O3,P2O5,50未风化点,0.9260234848
铅钡,Al2O3,P2O5,51部位1,0.9057527029
铅钡,Al2O3,P2O5,51部位2,0.8331679767
铅钡,Al2O3,P2O5,52,0.8743539869
铅钡,Al2O3,P2O5,53未风化点,0.8564744469
铅钡,Al2O3,P2O5,54,0.9850133008
铅钡,Al2O3,P2O5,54严重风化点,0.7490761725
铅钡,Al2O3,P2O5,55,0.9720554895
铅钡,Al2O3,P2O5,56,0.9741839254
铅钡,Al2O3,P2O5,57,0.9435365104
铅钡,Al2O3,P2O5,58,0.8477330928
铅钡,Al2O3,SrO,02,0.9067764462
铅钡,Al2O3,SrO,08,0.934238925
铅钡,Al2O3,SrO,08严重风化点,0.8899941721
铅钡,Al2O3,SrO,11,0.9681432788
铅钡,Al2O3,SrO,19,0.9589275987
铅钡,Al2O3,SrO,20,0.8690819501
铅钡,Al2O3,SrO,23未风化点,0.9465555522
铅钡,Al2O3,SrO,24,0.8186737149
铅钡,Al2O3,SrO,25未风化点,0.9949382863
铅钡,Al2O3,SrO,26,0.8996252629
铅钡,Al2O3,SrO,26严重风化点,0.8710808096
铅钡,Al2O3,SrO,28未风化点,0.9134968178
铅钡,Al2O3,SrO,29未风化点,0.7551051334
铅钡,Al2O3,SrO,30部位1,0.9826434813
铅钡,Al2O3,SrO,30部位2,0.9684187265
铅钡,Al2O3,SrO,31,0.9992442217
铅钡,Al2O3,SrO,32,0.939107866
铅钡,Al2O3,SrO,33,0.9393528109
铅钡,Al2O3,SrO,34,0.9816283791
铅钡,Al2O3,SrO,35,0.9621906697
铅钡,Al2O3,SrO,36,0.9810935542
铅钡,Al2O3,SrO,37,0.9856955692
铅钡,Al2O3,SrO,38,0.9542498278
铅钡,Al2O3,SrO,39,0.8591406234
铅钡,Al2O3,SrO,40,0.8432920871
铅钡,Al2O3,SrO,41,0.9574867609
铅钡,Al2O3,SrO,42未风化点1,0.9962862136
铅钡,Al2O3,SrO,42未风化点2,0.8646999782
铅钡,Al2O3,SrO,43部位1,0.8895672734
铅钡,Al2O3,SrO,43部位2,0.9595275791
铅钡,Al2O3,SrO,44未风化点,0.7839588202
铅钡,Al2O3,SrO,45,0.9338538849
铅钡,Al2O3,SrO,46,0.9935743873
铅钡,Al2O3,SrO,47,0.8597632635
铅钡,Al2O3,SrO,48,0.7661896538
铅钡,Al2O3,SrO,49,0.9861256642
铅钡,Al2O3,SrO,49未风化点,0.9157553087
铅钡,Al2O3,SrO,50,0.8767724912
铅钡,Al2O3,SrO,50未风化点,0.9546472732
铅钡,Al2O3,SrO,51部位1,0.9699824597
铅钡,Al2O3,SrO,51部位2,0.9354489626
铅钡,Al2O3,SrO,52,0.9125131595
铅钡,Al2O3,SrO,53未风化点,0.9186470161
铅钡,Al2O3,SrO,54,0.8759442587
铅钡,Al2O3,SrO,54严重风化点,0.815828182
铅钡,Al2O3,SrO,55,0.9619336713
铅钡,Al2O3,SrO,56,0.9517651216
铅钡,Al2O3,SrO,57,0.9435365104
铅钡,Al2O3,SrO,58,0.973890034
铅钡,Al2O3,SnO2,02,0.8632491241
铅钡,Al2O3,SnO2,08,0.9647682265
铅钡,Al2O3,SnO2,08严重风化点,0.97074934
铅钡,Al2O3,SnO2,11,0.9310957383
铅钡,Al2O3,SnO2,19,0.9103835715
铅钡,Al2O3,SnO2,20,0.8690819501
铅钡,Al2O3,SnO2,23未风化点,0.9627050786
铅钡,Al2O3,SnO2,24,0.9583500555
铅钡,Al2O3,SnO2,25未风化点,0.9505091489
铅钡,Al2O3,SnO2,26,0.9815973088
铅钡,Al2O3,SnO2,26严重风化点,0.9689211653
铅钡,Al2O3,SnO2,28未风化点,0.786469304
铅钡,Al2O3,SnO2,29未风化点,0.7155710077
铅钡,Al2O3,SnO2,30部位1,0.6333643546
铅钡,Al2O3,SnO2,30部位2,0.6015000965
铅钡,Al2O3,SnO2,31,0.9210940864
铅钡,Al2O3,SnO2,32,0.939107866
铅钡,Al2O3,SnO2,33,0.9393528109
铅钡,Al2O3,SnO2,34,0.9575856089
铅钡,Al2O3,SnO2,35,0.9621906697
铅钡,Al2O3,SnO2,36,0.9580951044
铅钡,Al2O3,SnO2,37,0.9303741369
铅钡,Al2O3,SnO2,38,0.933993372
铅钡,Al2O3,SnO2,39,0.9869774628
铅钡,Al2O3,SnO2,40,0.9883317291
铅钡,Al2O3,SnO2,41,0.9159403998
铅钡,Al2O3,SnO2,42未风化点1,0.9113050226
铅钡,Al2O3,SnO2,42未风化点2,0.8646999782
铅钡,Al2O3,SnO2,43部位1,0.9418093056
铅钡,Al2O3,SnO2,43部位2,0.9140806017
铅钡,Al2O3,SnO2,44未风化点,0.7398253786
铅钡,Al2O3,SnO2,45,0.8786230834
铅钡,Al2O3,SnO2,46,0.8831476745
铅钡,Al2O3,SnO2,47,0.9222734774
铅钡,Al2O3,SnO2,48,0.3431800041
铅钡,Al2O3,SnO2,49,0.8705524935
铅钡,Al2O3,SnO2,49未风化点,0.8476052391
铅钡,Al2O3,SnO2,50,0.9512623345
铅钡,Al2O3,SnO2,50未风化点,0.8970054355
铅钡,Al2O3,SnO2,51部位1,0.5965020284
铅钡,Al2O3,SnO2,51部位2,0.9354489626
铅钡,Al2O3,SnO2,52,0.9694427979
铅钡,Al2O3,SnO2,53未风化点,0.8564744469
铅钡,Al2O3,SnO2,54,0.8972289071
铅钡,Al2O3,SnO2,54严重风化点,0.9085462484
铅钡,Al2O3,SnO2,55,0.9619336713
铅钡,Al2O3,SnO2,56,0.9517651216
铅钡,Al2O3,SnO2,57,0.9435365104
铅钡,Al2O3,SnO2,58,0.9115356769
铅钡,Al2O3,SO2,02,0.8632491241
铅钡,Al2O3,SO2,08,0.7747784218
铅钡,Al2O3,SO2,08严重风化点,0.3468963057
铅钡,Al2O3,SO2,11,0.9310957383
铅钡,Al2O3,SO2,19,0.9103835715
铅钡,Al2O3,SO2,20,0.8690819501
铅钡,Al2O3,SO2,23未风化点,0.9627050786
铅钡,Al2O3,SO2,24,0.9583500555
铅钡,Al2O3,SO2,25未风化点,0.9505091489
铅钡,Al2O3,SO2,26,0.8133392283
铅钡,Al2O3,SO2,26严重风化点,0.3335631529
铅钡,Al2O3,SO2,28未风化点,0.8851010819
铅钡,Al2O3,SO2,29未风化点,0.7155710077
铅钡,Al2O3,SO2,30部位1,0.8927805251
铅钡,Al2O3,SO2,30部位2,0.9037583736
铅钡,Al2O3,SO2,31,0.9210940864
铅钡,Al2O3,SO2,32,0.939107866
铅钡,Al2O3,SO2,33,0.9393528109
铅钡,Al2O3,SO2,34,0.9575856089
铅钡,Al2O3,SO2,35,0.9621906697
铅钡,Al2O3,SO2,36,0.9580951044
铅钡,Al2O3,SO2,37,0.7194648283
铅钡,Al2O3,SO2,38,0.933993372
铅钡,Al2O3,SO2,39,0.9869774628
铅钡,Al2O3,SO2,40,0.9883317291
铅钡,Al2O3,SO2,41,0.9159403998
铅钡,Al2O3,SO2,42未风化点1,0.9113050226
铅钡,Al2O3,SO2,42未风化点2,0.8646999782
铅钡,Al2O3,SO2,43部位1,0.9418093056
铅钡,Al2O3,SO2,43部位2,0.9140806017
铅钡,Al2O3,SO2,44未风化点,0.7398253786
铅钡,Al2O3,SO2,45,0.8786230834
铅钡,Al2O3,SO2,46,0.8831476745
铅钡,Al2O3,SO2,47,0.9222734774
铅钡,Al2O3,SO2,48,0.72551759
铅钡,Al2O3,SO2,49,0.8705524935
铅钡,Al2O3,SO2,49未风化点,0.8476052391
铅钡,Al2O3,SO2,50,0.9512623345
铅钡,Al2O3,SO2,50未风化点,0.8970054355
铅钡,Al2O3,SO2,51部位1,0.8732967472
铅钡,Al2O3,SO2,51部位2,0.9354489626
铅钡,Al2O3,SO2,52,0.9694427979
铅钡,Al2O3,SO2,53未风化点,0.8564744469
铅钡,Al2O3,SO2,54,0.8972289071
铅钡,Al2O3,SO2,54严重风化点,0.9085462484
铅钡,Al2O3,SO2,55,0.9619336713
铅钡,Al2O3,SO2,56,0.9517651216
铅钡,Al2O3,SO2,57,0.9435365104
铅钡,Al2O3,SO2,58,0.9115356769
铅钡,Fe2O3,SiO2,02,0.8463102706
铅钡,Fe2O3,SiO2,08,0.9528788984
铅钡,Fe2O3,SiO2,08严重风化点,0.9888074023
铅钡,Fe2O3,SiO2,11,0.9238079015
铅钡,Fe2O3,SiO2,19,0.8922405687
铅钡,Fe2O3,SiO2,20,0.8865143141
铅钡,Fe2O3,SiO2,23未风化点,0.883333895
铅钡,Fe2O3,SiO2,24,0.9272784173
铅钡,Fe2O3,SiO2,25未风化点,0.9080172089
铅钡,Fe2O3,SiO2,26,0.9536598381
铅钡,Fe2O3,SiO2,26严重风化点,0.9909486708
铅钡,Fe2O3,SiO2,28未风化点,0.9029378889
铅钡,Fe2O3,SiO2,29未风化点,0.9638105969
铅钡,Fe2O3,SiO2,30部位1,0.8168598009
铅钡,Fe2O3,SiO2,30部位2,0.7644863656
铅钡,Fe2O3,SiO2,31,0.6639504325
铅钡,Fe2O3,SiO2,32,0.9750038002
铅钡,Fe2O3,SiO2,33,0.8435931487
铅钡,Fe2O3,SiO2,34,0.9809157368
铅钡,Fe2O3,SiO2,35,0.8794345533
铅钡,Fe2O3,SiO2,36,0.9518456177
铅钡,Fe2O3,SiO2,37,0.8713706284
铅钡,Fe2O3,SiO2,38,0.9627857762
铅钡,Fe2O3,SiO2,39,0.9394490713
铅钡,Fe2O3,SiO2,40,0.9867974751
铅钡,Fe2O3,SiO2,41,0.8229317113
铅钡,Fe2O3,SiO2,42未风化点1,0.8882078136
铅钡,Fe2O3,SiO2,42未风化点2,0.8880722387
铅钡,Fe2O3,SiO2,43部位1,0.9258148807
铅钡,Fe2O3,SiO2,43部位2,0.8703210331
铅钡,Fe2O3,SiO2,44未风化点,0.9642424393
铅钡,Fe2O3,SiO2,45,0.8692133532
铅钡,Fe2O3,SiO2,46,0.8806217002
铅钡,Fe2O3,SiO2,47,0.8876657623
铅钡,Fe2O3,SiO2,48,0.9814044716
铅钡,Fe2O3,SiO2,49,0.7529811043
铅钡,Fe2O3,SiO2,49未风化点,0.9517178763
铅钡,Fe2O3,SiO2,50,0.9961386344
铅钡,Fe2O3,SiO2,50未风化点,0.9004619527
铅钡,Fe2O3,SiO2,51部位1,0.8986739004
铅钡,Fe2O3,SiO2,51部位2,0.9913758514
铅钡,Fe2O3,SiO2,52,0.9711282328
铅钡,Fe2O3,SiO2,53未风化点,0.8648204911
铅钡,Fe2O3,SiO2,54,0.9481316888
铅钡,Fe2O3,SiO2,54严重风化点,0.9596822996
铅钡,Fe2O3,SiO2,55,0.8925877346
铅钡,Fe2O3,SiO2,56,0.9332064466
铅钡,Fe2O3,SiO2,57,0.9412511557
铅钡,Fe2O3,SiO2,58,0.9518963141
铅钡,Fe2O3,Na2O,02,0.7869796805
铅钡,Fe2O3,Na2O,08,1
铅钡,Fe2O3,Na2O,08严重风化点,1
铅钡,Fe2O3,Na2O,11,1
铅钡,Fe2O3,Na2O,19,0.8378357566
铅钡,Fe2O3,Na2O,20,0.819842637
铅钡,Fe2O3,Na2O,23未风化点,0.544713936
铅钡,Fe2O3,Na2O,24,1
铅钡,Fe2O3,Na2O,25未风化点,0.9821106436
铅钡,Fe2O3,Na2O,26,1
铅钡,Fe2O3,Na2O,26严重风化点,1
铅钡,Fe2O3,Na2O,28未风化点,0.9436933952
铅钡,Fe2O3,Na2O,29未风化点,0.9796370281
铅钡,Fe2O3,Na2O,30部位1,0.7642233751
铅钡,Fe2O3,Na2O,30部位2,0.7149266508
铅钡,Fe2O3,Na2O,31,0.5995310029
铅钡,Fe2O3,Na2O,32,0.8729604015
铅钡,Fe2O3,Na2O,33,1
铅钡,Fe2O3,Na2O,34,0.9359809209
铅钡,Fe2O3,Na2O,35,0.9758576273
铅钡,Fe2O3,Na2O,36,0.8419522504
铅钡,Fe2O3,Na2O,37,1
铅钡,Fe2O3,Na2O,38,0.906262201
铅钡,Fe2O3,Na2O,39,1
铅钡,Fe2O3,Na2O,40,0.9730937693
铅钡,Fe2O3,Na2O,41,0.7933398014
铅钡,Fe2O3,Na2O,42未风化点1,0.6227569949
铅钡,Fe2O3,Na2O,42未风化点2,0.6252224387
铅钡,Fe2O3,Na2O,43部位1,0.9004135642
铅钡,Fe2O3,Na2O,43部位2,0.8317509328
铅钡,Fe2O3,Na2O,44未风化点,0.8258479014
铅钡,Fe2O3,Na2O,45,0.7808111996
铅钡,Fe2O3,Na2O,46,1
铅钡,Fe2O3,Na2O,47,0.6703372083
铅钡,Fe2O3,Na2O,48,0.9385562118
铅钡,Fe2O3,Na2O,49,0.7149266508
铅钡,Fe2O3,Na2O,49未风化点,0.8440102657
铅钡,Fe2O3,Na2O,50,0.954176604
铅钡,Fe2O3,Na2O,50未风化点,1
铅钡,Fe2O3,Na2O,51部位1,0.8523859163
铅钡,Fe2O3,Na2O,51部位2,0.9423991685
铅钡,Fe2O3,Na2O,52,0.9130088071
铅钡,Fe2O3,Na2O,53未风化点,0.7571042327
铅钡,Fe2O3,Na2O,54,1
铅钡,Fe2O3,Na2O,54严重风化点,1
铅钡,Fe2O3,Na2O,55,0.777607387
铅钡,Fe2O3,Na2O,56,1
铅钡,Fe2O3,Na2O,57,1
铅钡,Fe2O3,Na2O,58,0.8887676169
铅钡,Fe2O3,K2O,02,0.765054213
铅钡,Fe2O3,K2O,08,1
铅钡,Fe2O3,K2O,08严重风化点,1
铅钡,Fe2O3,K2O,11,0.8964143469
铅钡,Fe2O3,K2O,19,0.8378357566
铅钡,Fe2O3,K2O,20,0.8540135994
铅钡,Fe2O3,K2O,23未风化点,1
铅钡,Fe2O3,K2O,24,1
铅钡,Fe2O3,K2O,25未风化点,0.8159486198
铅钡,Fe2O3,K2O,26,1
铅钡,Fe2O3,K2O,26严重风化点,0.8196010476
铅钡,Fe2O3,K2O,28未风化点,0.9230179321
铅钡,Fe2O3,K2O,29未风化点,0.9549254027
铅钡,Fe2O3,K2O,30部位1,0.6814983258
铅钡,Fe2O3,K2O,30部位2,0.7149266508
铅钡,Fe2O3,K2O,31,0.5995310029
铅钡,Fe2O3,K2O,32,0.9709003852
铅钡,Fe2O3,K2O,33,0.9237536689
铅钡,Fe2O3,K2O,34,0.9353064564
铅钡,Fe2O3,K2O,35,0.9758576273
铅钡,Fe2O3,K2O,36,0.9704325815
铅钡,Fe2O3,K2O,37,0.8876573407
铅钡,Fe2O3,K2O,38,0.9595060373
铅钡,Fe2O3,K2O,39,1
铅钡,Fe2O3,K2O,40,0.9730937693
铅钡,Fe2O3,K2O,41,0.9819541051
铅钡,Fe2O3,K2O,42未风化点1,0.9237536689
铅钡,Fe2O3,K2O,42未风化点2,0.838509323
铅钡,Fe2O3,K2O,43部位1,0.9004135642
铅钡,Fe2O3,K2O,43部位2,0.8317509328
铅钡,Fe2O3,K2O,44未风化点,0.9980008636
铅钡,Fe2O3,K2O,45,0.9429255662
铅钡,Fe2O3,K2O,46,0.8790697724
铅钡,Fe2O3,K2O,47,0.8623836521
铅钡,Fe2O3,K2O,48,0.9744769902
铅钡,Fe2O3,K2O,49,0.7149266508
铅钡,Fe2O3,K2O,49未风化点,0.9806417835
铅钡,Fe2O3,K2O,50,0.954176604
铅钡,Fe2O3,K2O,50未风化点,1
铅钡,Fe2O3,K2O,51部位1,0.8523859163
铅钡,Fe2O3,K2O,51部位2,0.9423991685
铅钡,Fe2O3,K2O,52,0.9676127563
铅钡,Fe2O3,K2O,53未风化点,0.9429255662
铅钡,Fe2O3,K2O,54,0.8502789334
铅钡,Fe2O3,K2O,54严重风化点,1
铅钡,Fe2O3,K2O,55,1
铅钡,Fe2O3,K2O,56,1
铅钡,Fe2O3,K2O,57,1
铅钡,Fe2O3,K2O,58,0.9416759509
铅钡,Fe2O3,CaO,02,0.8607900007
铅钡,Fe2O3,CaO,08,0.9355296856
铅钡,Fe2O3,CaO,08严重风化点,0.8706737632
铅钡,Fe2O3,CaO,11,0.8595230293
铅钡,Fe2O3,CaO,19,0.9459646949
铅钡,Fe2O3,CaO,20,0.819842637
铅钡,Fe2O3,CaO,23未风化点,0.9772482194
铅钡,Fe2O3,CaO,24,0.9785840912
铅钡,Fe2O3,CaO,25未风化点,0.835957749
铅钡,Fe2O3,CaO,26,0.9371626362
铅钡,Fe2O3,CaO,26严重风化点,0.8770741285
铅钡,Fe2O3,CaO,28未风化点,0.997279274
铅钡,Fe2O3,CaO,29未风化点,0.9795466201
铅钡,Fe2O3,CaO,30部位1,0.9095454395
铅钡,Fe2O3,CaO,30部位2,0.8324190757
铅钡,Fe2O3,CaO,31,0.6275613393
铅钡,Fe2O3,CaO,32,0.8895939417
铅钡,Fe2O3,CaO,33,0.9710620698
铅钡,Fe2O3,CaO,34,0.9689183172
铅钡,Fe2O3,CaO,35,0.9930035699
铅钡,Fe2O3,CaO,36,0.9714958698
铅钡,Fe2O3,CaO,37,0.9602079949
铅钡,Fe2O3,CaO,38,0.9895698159
铅钡,Fe2O3,CaO,39,0.9508551685
铅钡,Fe2O3,CaO,40,0.9439104565
铅钡,Fe2O3,CaO,41,0.9713059834
铅钡,Fe2O3,CaO,42未风化点1,0.9645203769
铅钡,Fe2O3,CaO,42未风化点2,1
铅钡,Fe2O3,CaO,43部位1,0.8823095323
铅钡,Fe2O3,CaO,43部位2,0.912642002
铅钡,Fe2O3,CaO,44未风化点,0.9877408226
铅钡,Fe2O3,CaO,45,0.9623593549
铅钡,Fe2O3,CaO,46,1
铅钡,Fe2O3,CaO,47,0.9610673836
铅钡,Fe2O3,CaO,48,0.9817534933
铅钡,Fe2O3,CaO,49,0.843535492
铅钡,Fe2O3,CaO,49未风化点,0.9191440274
铅钡,Fe2O3,CaO,50,0.9086681347
铅钡,Fe2O3,CaO,50未风化点,0.8731516627
铅钡,Fe2O3,CaO,51部位1,0.9935595881
铅钡,Fe2O3,CaO,51部位2,0.8490791807
铅钡,Fe2O3,CaO,52,0.9326386678
铅钡,Fe2O3,CaO,53未风化点,0.9649537464
铅钡,Fe2O3,CaO,54,0.8706737632
铅钡,Fe2O3,CaO,54严重风化点,1
铅钡,Fe2O3,CaO,55,0.9500139384
铅钡,Fe2O3,CaO,56,0.94666385
铅钡,Fe2O3,CaO,57,0.9425093196
铅钡,Fe2O3,CaO,58,0.9639936845
铅钡,Fe2O3,MgO,02,0.9122508233
铅钡,Fe2O3,MgO,08,1
铅钡,Fe2O3,MgO,08严重风化点,1
铅钡,Fe2O3,MgO,11,0.9049852364
铅钡,Fe2O3,MgO,19,0.9039092028
铅钡,Fe2O3,MgO,20,0.819842637
铅钡,Fe2O3,MgO,23未风化点,0.9049852364
铅钡,Fe2O3,MgO,24,1
铅钡,Fe2O3,MgO,25未风化点,0.8159486198
铅钡,Fe2O3,MgO,26,1
铅钡,Fe2O3,MgO,26严重风化点,1
铅钡,Fe2O3,MgO,28未风化点,0.9189423056
铅钡,Fe2O3,MgO,29未风化点,0.9070666409
铅钡,Fe2O3,MgO,30部位1,0.8594006632
铅钡,Fe2O3,MgO,30部位2,0.7556698381
铅钡,Fe2O3,MgO,31,0.6508879416
铅钡,Fe2O3,MgO,32,0.8729604015
铅钡,Fe2O3,MgO,33,0.871175904
铅钡,Fe2O3,MgO,34,0.9359809209
铅钡,Fe2O3,MgO,35,0.9758576273
铅钡,Fe2O3,MgO,36,0.9555034043
铅钡,Fe2O3,MgO,37,1
铅钡,Fe2O3,MgO,38,0.9595060373
铅钡,Fe2O3,MgO,39,1
铅钡,Fe2O3,MgO,40,0.9730937693
铅钡,Fe2O3,MgO,41,0.8747363824
铅钡,Fe2O3,MgO,42未风化点1,0.8611911091
铅钡,Fe2O3,MgO,42未风化点2,0.8535819954
铅钡,Fe2O3,MgO,43部位1,0.9794252969
铅钡,Fe2O3,MgO,43部位2,0.9417943968
铅钡,Fe2O3,MgO,44未风化点,0.8992352532
铅钡,Fe2O3,MgO,45,0.9013665128
铅钡,Fe2O3,MgO,46,0.8019572538
铅钡,Fe2O3,MgO,47,0.9172603456
铅钡,Fe2O3,MgO,48,0.927787938
铅钡,Fe2O3,MgO,49,0.8464745711
铅钡,Fe2O3,MgO,49未风化点,0.9926827905
铅钡,Fe2O3,MgO,50,0.9789748807
铅钡,Fe2O3,MgO,50未风化点,0.9260529539
铅钡,Fe2O3,MgO,51部位1,0.9972154724
铅钡,Fe2O3,MgO,51部位2,0.8670804377
铅钡,Fe2O3,MgO,52,0.9543265912
铅钡,Fe2O3,MgO,53未风化点,0.8557422726
铅钡,Fe2O3,MgO,54,0.8408459621
铅钡,Fe2O3,MgO,54严重风化点,0.8590032689
铅钡,Fe2O3,MgO,55,1
铅钡,Fe2O3,MgO,56,1
铅钡,Fe2O3,MgO,57,1
铅钡,Fe2O3,MgO,58,0.9917356687
铅钡,Fe2O3,Al2O3,02,0.8916246632
铅钡,Fe2O3,Al2O3,08,0.9662996196
铅钡,Fe2O3,Al2O3,08严重风化点,0.9719215967
铅钡,Fe2O3,Al2O3,11,0.9345692408
铅钡,Fe2O3,Al2O3,19,0.9085654051
铅钡,Fe2O3,Al2O3,20,0.927728938
铅钡,Fe2O3,Al2O3,23未风化点,0.9643593642
铅钡,Fe2O3,Al2O3,24,0.9602620827
铅钡,Fe2O3,Al2O3,25未风化点,0.8502557332
铅钡,Fe2O3,Al2O3,26,0.9821073285
铅钡,Fe2O3,Al2O3,26严重风化点,0.9702036473
铅钡,Fe2O3,Al2O3,28未风化点,0.941035623
铅钡,Fe2O3,Al2O3,29未风化点,0.7965937923
铅钡,Fe2O3,Al2O3,30部位1,0.8366086306
铅钡,Fe2O3,Al2O3,30部位2,0.7702486594
铅钡,Fe2O3,Al2O3,31,0.6301087691
铅钡,Fe2O3,Al2O3,32,0.9224203451
铅钡,Fe2O3,Al2O3,33,0.9423626352
铅钡,Fe2O3,Al2O3,34,0.9744359833
铅钡,Fe2O3,Al2O3,35,0.9874215109
铅钡,Fe2O3,Al2O3,36,0.9950980341
铅钡,Fe2O3,Al2O3,37,0.9338877725
铅钡,Fe2O3,Al2O3,38,0.9759091436
铅钡,Fe2O3,Al2O3,39,0.9871538484
铅钡,Fe2O3,Al2O3,40,0.9843118384
铅钡,Fe2O3,Al2O3,41,0.8519156037
铅钡,Fe2O3,Al2O3,42未风化点1,0.9158565424
铅钡,Fe2O3,Al2O3,42未风化点2,0.8716033949
铅钡,Fe2O3,Al2O3,43部位1,0.9505334591
铅钡,Fe2O3,Al2O3,43部位2,0.8980432377
铅钡,Fe2O3,Al2O3,44未风化点,0.8208683884
铅钡,Fe2O3,Al2O3,45,0.8848514279
铅钡,Fe2O3,Al2O3,46,0.8891515783
铅钡,Fe2O3,Al2O3,47,0.9262333538
铅钡,Fe2O3,Al2O3,48,0.8296203958
铅钡,Fe2O3,Al2O3,49,0.7944568913
铅钡,Fe2O3,Al2O3,49未风化点,0.9845945256
铅钡,Fe2O3,Al2O3,50,0.9993546094
铅钡,Fe2O3,Al2O3,50未风化点,0.9023065113
铅钡,Fe2O3,Al2O3,51部位1,0.9647503039
铅钡,Fe2O3,Al2O3,51部位2,0.9958122107
铅钡,Fe2O3,Al2O3,52,0.996730348
铅钡,Fe2O3,Al2O3,53未风化点,0.8637656159
铅钡,Fe2O3,Al2O3,54,0.9025184589
铅钡,Fe2O3,Al2O3,54严重风化点,0.9132442976
铅钡,Fe2O3,Al2O3,55,0.9636337757
铅钡,Fe2O3,Al2O3,56,0.9540625611
铅钡,Fe2O3,Al2O3,57,0.9463082784
铅钡,Fe2O3,Al2O3,58,0.9675486938
铅钡,Fe2O3,CuO,02,0.7952432497
铅钡,Fe2O3,CuO,08,0.6541650518
铅钡,Fe2O3,CuO,08严重风化点,0.8624680845
铅钡,Fe2O3,CuO,11,0.7997649513
铅钡,Fe2O3,CuO,19,0.9849325908
铅钡,Fe2O3,CuO,20,0.977513828
铅钡,Fe2O3,CuO,23未风化点,0.8681719709
铅钡,Fe2O3,CuO,24,0.699478502
铅钡,Fe2O3,CuO,25未风化点,0.855659798
铅钡,Fe2O3,CuO,26,0.6507062703
铅钡,Fe2O3,CuO,26严重风化点,0.845434285
铅钡,Fe2O3,CuO,28未风化点,0.9588579598
铅钡,Fe2O3,CuO,29未风化点,0.9256716737
铅钡,Fe2O3,CuO,30部位1,0.7642233751
铅钡,Fe2O3,CuO,30部位2,0.7149266508
铅钡,Fe2O3,CuO,31,0.6076717485
铅钡,Fe2O3,CuO,32,0.877238351
铅钡,Fe2O3,CuO,33,0.9766877386
铅钡,Fe2O3,CuO,34,0.9917814214
铅钡,Fe2O3,CuO,35,0.983657385
铅钡,Fe2O3,CuO,36,0.9881078105
铅钡,Fe2O3,CuO,37,0.8674070975
铅钡,Fe2O3,CuO,38,0.9948959124
铅钡,Fe2O3,CuO,39,0.9572214646
铅钡,Fe2O3,CuO,40,0.9730937693
铅钡,Fe2O3,CuO,41,0.7994596432
铅钡,Fe2O3,CuO,42未风化点1,0.8805960231
铅钡,Fe2O3,CuO,42未风化点2,0.8786313774
铅钡,Fe2O3,CuO,43部位1,0.8612551754
铅钡,Fe2O3,CuO,43部位2,0.8884162812
铅钡,Fe2O3,CuO,44未风化点,0.9172471293
铅钡,Fe2O3,CuO,45,0.9737897079
铅钡,Fe2O3,CuO,46,0.9623675489
铅钡,Fe2O3,CuO,47,0.9680449365
铅钡,Fe2O3,CuO,48,0.8696460171
铅钡,Fe2O3,CuO,49,0.7335703509
铅钡,Fe2O3,CuO,49未风化点,0.860609856
铅钡,Fe2O3,CuO,50,0.9907244254
铅钡,Fe2O3,CuO,50未风化点,0.9656712376
铅钡,Fe2O3,CuO,51部位1,0.9061230925
铅钡,Fe2O3,CuO,51部位2,0.9774854438
铅钡,Fe2O3,CuO,52,0.9979264752
铅钡,Fe2O3,CuO,53未风化点,0.973308374
铅钡,Fe2O3,CuO,54,0.9595537546
铅钡,Fe2O3,CuO,54严重风化点,0.936284727
铅钡,Fe2O3,CuO,55,0.9581530188
铅钡,Fe2O3,CuO,56,0.9614277857
铅钡,Fe2O3,CuO,57,0.9443673481
铅钡,Fe2O3,CuO,58,0.967303363
铅钡,Fe2O3,PbO,02,0.8811164053
铅钡,Fe2O3,PbO,08,0.9241378643
铅钡,Fe2O3,PbO,08严重风化点,0.9150132472
铅钡,Fe2O3,PbO,11,0.9322507349
铅钡,Fe2O3,PbO,19,0.9337160935
铅钡,Fe2O3,PbO,20,0.8381335691
铅钡,Fe2O3,PbO,23未风化点,0.9536514133
铅钡,Fe2O3,PbO,24,0.9230147799
铅钡,Fe2O3,PbO,25未风化点,0.881631101
铅钡,Fe2O3,PbO,26,0.9220647357
铅钡,Fe2O3,PbO,26严重风化点,0.9211166451
铅钡,Fe2O3,PbO,28未风化点,0.9895042671
铅钡,Fe2O3,PbO,29未风化点,0.9236657562
铅钡,Fe2O3,PbO,30部位1,0.8359386135
铅钡,Fe2O3,PbO,30部位2,0.7747594645
铅钡,Fe2O3,PbO,31,0.6170553946
铅钡,Fe2O3,PbO,32,0.9182997312
铅钡,Fe2O3,PbO,33,0.955790732
铅钡,Fe2O3,PbO,34,0.9391078887
铅钡,Fe2O3,PbO,35,0.9630448888
铅钡,Fe2O3,PbO,36,0.9323749286
铅钡,Fe2O3,PbO,37,0.952975091
铅钡,Fe2O3,PbO,38,0.9099718135
铅钡,Fe2O3,PbO,39,0.8512929496
铅钡,Fe2O3,PbO,40,0.8522903193
铅钡,Fe2O3,PbO,41,0.881670171
铅钡,Fe2O3,PbO,42未风化点1,0.9410646419
铅钡,Fe2O3,PbO,42未风化点2,0.9455471851
铅钡,Fe2O3,PbO,43部位1,0.9427687367
铅钡,Fe2O3,PbO,43部位2,0.930928082
铅钡,Fe2O3,PbO,44未风化点,0.9318790099
铅钡,Fe2O3,PbO,45,0.956235451
铅钡,Fe2O3,PbO,46,0.9325991243
铅钡,Fe2O3,PbO,47,0.9322258599
铅钡,Fe2O3,PbO,48,0.9050371324
铅钡,Fe2O3,PbO,49,0.7686910135
铅钡,Fe2O3,PbO,49未风化点,0.8937105758
铅钡,Fe2O3,PbO,50,0.9277165553
铅钡,Fe2O3,PbO,50未风化点,0.9194440217
铅钡,Fe2O3,PbO,51部位1,0.9451794376
铅钡,Fe2O3,PbO,51部位2,0.9209570445
铅钡,Fe2O3,PbO,52,0.9072293527
铅钡,Fe2O3,PbO,53未风化点,0.9623726924
铅钡,Fe2O3,PbO,54,0.8630056497
铅钡,Fe2O3,PbO,54严重风化点,0.8566574404
铅钡,Fe2O3,PbO,55,0.913888312
铅钡,Fe2O3,PbO,56,0.8943997872
铅钡,Fe2O3,PbO,57,0.8856706002
铅钡,Fe2O3,PbO,58,0.9876313434
铅钡,Fe2O3,BaO,02,0.7869796805
铅钡,Fe2O3,BaO,08,0.7787147924
铅钡,Fe2O3,BaO,08严重风化点,0.7820952061
铅钡,Fe2O3,BaO,11,0.8826601067
铅钡,Fe2O3,BaO,19,0.8734610278
铅钡,Fe2O3,BaO,20,0.9945689357
铅钡,Fe2O3,BaO,23未风化点,0.9025953368
铅钡,Fe2O3,BaO,24,0.8073166549
铅钡,Fe2O3,BaO,25未风化点,0.8583264717
铅钡,Fe2O3,BaO,26,0.773127113
铅钡,Fe2O3,BaO,26严重风化点,0.7561060925
铅钡,Fe2O3,BaO,28未风化点,0.9776073724
铅钡,Fe2O3,BaO,29未风化点,0.9095822358
铅钡,Fe2O3,BaO,30部位1,0.823121521
铅钡,Fe2O3,BaO,30部位2,0.7665370174
铅钡,Fe2O3,BaO,31,0.6109290515
铅钡,Fe2O3,BaO,32,0.9081634573
铅钡,Fe2O3,BaO,33,0.9687087055
铅钡,Fe2O3,BaO,34,0.9779053103
铅钡,Fe2O3,BaO,35,0.9737632517
铅钡,Fe2O3,BaO,36,0.950592653
铅钡,Fe2O3,BaO,37,0.914005383
铅钡,Fe2O3,BaO,38,0.9552211542
铅钡,Fe2O3,BaO,39,0.9383538695
铅钡,Fe2O3,BaO,40,0.9678450126
铅钡,Fe2O3,BaO,41,0.8534709916
铅钡,Fe2O3,BaO,42未风化点1,0.9130182548
铅钡,Fe2O3,BaO,42未风化点2,0.9099189236
铅钡,Fe2O3,BaO,43部位1,0.9576087727
铅钡,Fe2O3,BaO,43部位2,0.8527914151
铅钡,Fe2O3,BaO,44未风化点,0.9393566762
铅钡,Fe2O3,BaO,45,0.9093166278
铅钡,Fe2O3,BaO,46,0.9161387718
铅钡,Fe2O3,BaO,47,0.9225216698
铅钡,Fe2O3,BaO,48,0.9230387039
铅钡,Fe2O3,BaO,49,0.7444686379
铅钡,Fe2O3,BaO,49未风化点,0.8720721042
铅钡,Fe2O3,BaO,50,0.9249117324
铅钡,Fe2O3,BaO,50未风化点,0.9464347616
铅钡,Fe2O3,BaO,51部位1,0.9158927373
铅钡,Fe2O3,BaO,51部位2,0.9423991685
铅钡,Fe2O3,BaO,52,0.9568045077
铅钡,Fe2O3,BaO,53未风化点,0.9243839379
铅钡,Fe2O3,BaO,54,0.9397982305
铅钡,Fe2O3,BaO,54严重风化点,1
铅钡,Fe2O3,BaO,55,0.9325414144
铅钡,Fe2O3,BaO,56,0.8767451965
铅钡,Fe2O3,BaO,57,0.8639938008
铅钡,Fe2O3,BaO,58,0.9474597272
铅钡,Fe2O3,P2O5,02,0.8567611111
铅钡,Fe2O3,P2O5,08,0.9057362748
铅钡,Fe2O3,P2O5,08严重风化点,0.8202338655
铅钡,Fe2O3,P2O5,11,0.7862090701
铅钡,Fe2O3,P2O5,19,0.9412380831
铅钡,Fe2O3,P2O5,20,0.9496191835
铅钡,Fe2O3,P2O5,23未风化点,1
铅钡,Fe2O3,P2O5,24,0.995957804
铅钡,Fe2O3,P2O5,25未风化点,0.8196323166
铅钡,Fe2O3,P2O5,26,0.9168098344
铅钡,Fe2O3,P2O5,26严重风化点,0.8509916442
铅钡,Fe2O3,P2O5,28未风化点,0.9713296566
铅钡,Fe2O3,P2O5,29未风化点,0.9041662979
铅钡,Fe2O3,P2O5,30部位1,0.7642233751
铅钡,Fe2O3,P2O5,30部位2,0.7364480807
铅钡,Fe2O3,P2O5,31,0.6169006205
铅钡,Fe2O3,P2O5,32,0.8767322901
铅钡,Fe2O3,P2O5,33,0.9962454483
铅钡,Fe2O3,P2O5,34,0.9446963047
铅钡,Fe2O3,P2O5,35,0.9875920499
铅钡,Fe2O3,P2O5,36,0.9573597285
铅钡,Fe2O3,P2O5,37,0.9593932795
铅钡,Fe2O3,P2O5,38,0.9724904613
铅钡,Fe2O3,P2O5,39,0.9674656647
铅钡,Fe2O3,P2O5,40,0.9768848269
铅钡,Fe2O3,P2O5,41,0.9576448628
铅钡,Fe2O3,P2O5,42未风化点1,0.9976861653
铅钡,Fe2O3,P2O5,42未风化点2,1
铅钡,Fe2O3,P2O5,43部位1,0.9004135642
铅钡,Fe2O3,P2O5,43部位2,0.8549501377
铅钡,Fe2O3,P2O5,44未风化点,0.8992352532
铅钡,Fe2O3,P2O5,45,1
铅钡,Fe2O3,P2O5,46,0.9942354207
铅钡,Fe2O3,P2O5,47,0.9971093788
铅钡,Fe2O3,P2O5,48,0.8944510709
铅钡,Fe2O3,P2O5,49,0.9285432464
铅钡,Fe2O3,P2O5,49未风化点,0.9437676237
铅钡,Fe2O3,P2O5,50,0.8804578953
铅钡,Fe2O3,P2O5,50未风化点,0.8447396607
铅钡,Fe2O3,P2O5,51部位1,0.9419374958
铅钡,Fe2O3,P2O5,51部位2,0.8385455076
铅钡,Fe2O3,P2O5,52,0.8833440953
铅钡,Fe2O3,P2O5,53未风化点,1
铅钡,Fe2O3,P2O5,54,0.8905372544
铅钡,Fe2O3,P2O5,54严重风化点,0.7094065866
铅钡,Fe2O3,P2O5,55,0.9899554134
铅钡,Fe2O3,P2O5,56,0.9314155605
铅钡,Fe2O3,P2O5,57,1
铅钡,Fe2O3,P2O5,58,0.8806951378
铅钡,Fe2O3,SrO,02,0.8206414245
铅钡,Fe2O3,SrO,08,0.9078525928
铅钡,Fe2O3,SrO,08严重风化点,0.8730631836
铅钡,Fe2O3,SrO,11,0.9078525928
铅钡,Fe2O3,SrO,19,0.8760943896
铅钡,Fe2O3,SrO,20,0.819842637
铅钡,Fe2O3,SrO,23未风化点,0.9169875141
铅钡,Fe2O3,SrO,24,0.8002329415
铅钡,Fe2O3,SrO,25未风化点,0.854188137
铅钡,Fe2O3,SrO,26,0.8901180903
铅钡,Fe2O3,SrO,26严重风化点,0.8546411305
铅钡,Fe2O3,SrO,28未风化点,0.9739496181
铅钡,Fe2O3,SrO,29未风化点,0.9530201262
铅钡,Fe2O3,SrO,30部位1,0.8247395156
铅钡,Fe2O3,SrO,30部位2,0.7892231967
铅钡,Fe2O3,SrO,31,0.6306471184
铅钡,Fe2O3,SrO,32,0.8729604015
铅钡,Fe2O3,SrO,33,1
铅钡,Fe2O3,SrO,34,0.9920179723
铅钡,Fe2O3,SrO,35,0.9758576273
铅钡,Fe2O3,SrO,36,0.9864045375
铅钡,Fe2O3,SrO,37,0.9216242608
铅钡,Fe2O3,SrO,38,0.9343432364
铅钡,Fe2O3,SrO,39,0.8566495435
铅钡,Fe2O3,SrO,40,0.8628938515
铅钡,Fe2O3,SrO,41,0.8837349654
铅钡,Fe2O3,SrO,42未风化点1,0.9123971893
铅钡,Fe2O3,SrO,42未风化点2,1
铅钡,Fe2O3,SrO,43部位1,0.9389957926
铅钡,Fe2O3,SrO,43部位2,0.9316625144
铅钡,Fe2O3,SrO,44未风化点,0.9608626832
铅钡,Fe2O3,SrO,45,0.9406498419
铅钡,Fe2O3,SrO,46,0.8944864404
铅钡,Fe2O3,SrO,47,0.8109138564
铅钡,Fe2O3,SrO,48,0.9248026362
铅钡,Fe2O3,SrO,49,0.7858205311
铅钡,Fe2O3,SrO,49未风化点,0.9070113093
铅钡,Fe2O3,SrO,50,0.882588572
铅钡,Fe2O3,SrO,50未风化点,0.9406498419
铅钡,Fe2O3,SrO,51部位1,0.9379185955
铅钡,Fe2O3,SrO,51部位2,0.9423991685
铅钡,Fe2O3,SrO,52,0.9197669792
铅钡,Fe2O3,SrO,53未风化点,0.9310398657
铅钡,Fe2O3,SrO,54,0.805537995
铅钡,Fe2O3,SrO,54严重风化点,0.7649678542
铅钡,Fe2O3,SrO,55,1
铅钡,Fe2O3,SrO,56,1
铅钡,Fe2O3,SrO,57,1
铅钡,Fe2O3,SrO,58,0.9440059079
铅钡,Fe2O3,SnO2,02,0.7869796805
铅钡,Fe2O3,SnO2,08,1
铅钡,Fe2O3,SnO2,08严重风化点,1
铅钡,Fe2O3,SnO2,11,1
铅钡,Fe2O3,SnO2,19,0.8378357566
铅钡,Fe2O3,SnO2,20,0.819842637
铅钡,Fe2O3,SnO2,23未风化点,1
铅钡,Fe2O3,SnO2,24,1
铅钡,Fe2O3,SnO2,25未风化点,0.8159486198
铅钡,Fe2O3,SnO2,26,1
铅钡,Fe2O3,SnO2,26严重风化点,1
铅钡,Fe2O3,SnO2,28未风化点,0.7588428237
铅钡,Fe2O3,SnO2,29未风化点,0.8945526883
铅钡,Fe2O3,SnO2,30部位1,0.7418738955
铅钡,Fe2O3,SnO2,30部位2,0.7556542055
铅钡,Fe2O3,SnO2,31,0.5995310029
铅钡,Fe2O3,SnO2,32,0.8729604015
铅钡,Fe2O3,SnO2,33,1
铅钡,Fe2O3,SnO2,34,0.9359809209
铅钡,Fe2O3,SnO2,35,0.9758576273
铅钡,Fe2O3,SnO2,36,0.9555034043
铅钡,Fe2O3,SnO2,37,1
铅钡,Fe2O3,SnO2,38,0.9595060373
铅钡,Fe2O3,SnO2,39,1
铅钡,Fe2O3,SnO2,40,0.9730937693
铅钡,Fe2O3,SnO2,41,0.7933398014
铅钡,Fe2O3,SnO2,42未风化点1,1
铅钡,Fe2O3,SnO2,42未风化点2,1
铅钡,Fe2O3,SnO2,43部位1,0.9004135642
铅钡,Fe2O3,SnO2,43部位2,0.8317509328
铅钡,Fe2O3,SnO2,44未风化点,0.8992352532
铅钡,Fe2O3,SnO2,45,1
铅钡,Fe2O3,SnO2,46,1
铅钡,Fe2O3,SnO2,47,1
铅钡,Fe2O3,SnO2,48,0.3333333333
铅钡,Fe2O3,SnO2,49,0.7149266508
铅钡,Fe2O3,SnO2,49未风化点,0.8440102657
铅钡,Fe2O3,SnO2,50,0.954176604
铅钡,Fe2O3,SnO2,50未风化点,1
铅钡,Fe2O3,SnO2,51部位1,0.6257202879
铅钡,Fe2O3,SnO2,51部位2,0.9423991685
铅钡,Fe2O3,SnO2,52,0.9676127563
铅钡,Fe2O3,SnO2,53未风化点,1
铅钡,Fe2O3,SnO2,54,1
铅钡,Fe2O3,SnO2,54严重风化点,1
铅钡,Fe2O3,SnO2,55,1
铅钡,Fe2O3,SnO2,56,1
铅钡,Fe2O3,SnO2,57,1
铅钡,Fe2O3,SnO2,58,0.8887676169
铅钡,Fe2O3,SO2,02,0.7869796805
铅钡,Fe2O3,SO2,08,0.7645280671
铅钡,Fe2O3,SO2,08严重风化点,0.3578767081
铅钡,Fe2O3,SO2,11,1
铅钡,Fe2O3,SO2,19,0.8378357566
铅钡,Fe2O3,SO2,20,0.819842637
铅钡,Fe2O3,SO2,23未风化点,1
铅钡,Fe2O3,SO2,24,1
铅钡,Fe2O3,SO2,25未风化点,0.8159486198
铅钡,Fe2O3,SO2,26,0.8103847227
铅钡,Fe2O3,SO2,26严重风化点,0.3443423486
铅钡,Fe2O3,SO2,28未风化点,0.9436933952
铅钡,Fe2O3,SO2,29未风化点,0.8945526883
铅钡,Fe2O3,SO2,30部位1,0.7642233751
铅钡,Fe2O3,SO2,30部位2,0.7149266508
铅钡,Fe2O3,SO2,31,0.5995310029
铅钡,Fe2O3,SO2,32,0.8729604015
铅钡,Fe2O3,SO2,33,1
铅钡,Fe2O3,SO2,34,0.9359809209
铅钡,Fe2O3,SO2,35,0.9758576273
铅钡,Fe2O3,SO2,36,0.9555034043
铅钡,Fe2O3,SO2,37,0.6959304489
铅钡,Fe2O3,SO2,38,0.9595060373
铅钡,Fe2O3,SO2,39,1
铅钡,Fe2O3,SO2,40,0.9730937693
铅钡,Fe2O3,SO2,41,0.7933398014
铅钡,Fe2O3,SO2,42未风化点1,1
铅钡,Fe2O3,SO2,42未风化点2,1
铅钡,Fe2O3,SO2,43部位1,0.9004135642
铅钡,Fe2O3,SO2,43部位2,0.8317509328
铅钡,Fe2O3,SO2,44未风化点,0.8992352532
铅钡,Fe2O3,SO2,45,1
铅钡,Fe2O3,SO2,46,1
铅钡,Fe2O3,SO2,47,1
铅钡,Fe2O3,SO2,48,0.8696460171
铅钡,Fe2O3,SO2,49,0.7149266508
铅钡,Fe2O3,SO2,49未风化点,0.8440102657
铅钡,Fe2O3,SO2,50,0.954176604
铅钡,Fe2O3,SO2,50未风化点,1
铅钡,Fe2O3,SO2,51部位1,0.8523859163
铅钡,Fe2O3,SO2,51部位2,0.9423991685
铅钡,Fe2O3,SO2,52,0.9676127563
铅钡,Fe2O3,SO2,53未风化点,1
铅钡,Fe2O3,SO2,54,1
铅钡,Fe2O3,SO2,54严重风化点,1
铅钡,Fe2O3,SO2,55,1
铅钡,Fe2O3,SO2,56,1
铅钡,Fe2O3,SO2,57,1
铅钡,Fe2O3,SO2,58,0.8887676169
铅钡,CuO,SiO2,02,0.9340671089
铅钡,CuO,SiO2,08,0.6916569466
铅钡,CuO,SiO2,08严重风化点,0.8788773959
铅钡,CuO,SiO2,11,0.864912991
铅钡,CuO,SiO2,19,0.9106455153
铅钡,CuO,SiO2,20,0.876817852
铅钡,CuO,SiO2,23未风化点,0.9819398371
铅钡,CuO,SiO2,24,0.7537357932
铅钡,CuO,SiO2,25未风化点,0.9410084769
铅钡,CuO,SiO2,26,0.6876813335
铅钡,CuO,SiO2,26严重风化点,0.8608962465
铅钡,CuO,SiO2,28未风化点,0.877256907
铅钡,CuO,SiO2,29未风化点,0.9012024346
铅钡,CuO,SiO2,30部位1,0.9272662279
铅钡,CuO,SiO2,30部位2,0.9222072345
铅钡,CuO,SiO2,31,0.8851410524
铅钡,CuO,SiO2,32,0.8665257714
铅钡,CuO,SiO2,33,0.8693578492
铅钡,CuO,SiO2,34,0.9897166782
铅钡,CuO,SiO2,35,0.8748970097
铅钡,CuO,SiO2,36,0.9449478094
铅钡,CuO,SiO2,37,0.9951453714
铅钡,CuO,SiO2,38,0.9608637072
铅钡,CuO,SiO2,39,0.981946509
铅钡,CuO,SiO2,40,0.9632345505
铅钡,CuO,SiO2,41,0.9678764127
铅钡,CuO,SiO2,42未风化点1,0.9910278916
铅钡,CuO,SiO2,42未风化点2,0.988869651
铅钡,CuO,SiO2,43部位1,0.8167218453
铅钡,CuO,SiO2,43部位2,0.9786927192
铅钡,CuO,SiO2,44未风化点,0.8941131822
铅钡,CuO,SiO2,45,0.8969126878
铅钡,CuO,SiO2,46,0.9176566226
铅钡,CuO,SiO2,47,0.9199475311
铅钡,CuO,SiO2,48,0.8914120883
铅钡,CuO,SiO2,49,0.9683437677
铅钡,CuO,SiO2,49未风化点,0.9062241874
铅钡,CuO,SiO2,50,0.9878341036
铅钡,CuO,SiO2,50未风化点,0.9347861047
铅钡,CuO,SiO2,51部位1,0.9915617433
铅钡,CuO,SiO2,51部位2,0.9868408872
铅钡,CuO,SiO2,52,0.9749208021
铅钡,CuO,SiO2,53未风化点,0.8929371468
铅钡,CuO,SiO2,54,0.9884554527
铅钡,CuO,SiO2,54严重风化点,0.9763487833
铅钡,CuO,SiO2,55,0.9334293593
铅钡,CuO,SiO2,56,0.9715704088
铅钡,CuO,SiO2,57,0.9967493004
铅钡,CuO,SiO2,58,0.9272512156
铅钡,CuO,Na2O,02,0.9878656874
铅钡,CuO,Na2O,08,0.6703280219
铅钡,CuO,Na2O,08严重风化点,0.8708182665
铅钡,CuO,Na2O,11,0.8110882543
铅钡,CuO,Na2O,19,0.8577613787
铅钡,CuO,Na2O,20,0.8157771963
铅钡,CuO,Na2O,23未风化点,0.6111376721
铅钡,CuO,Na2O,24,0.7144481356
铅钡,CuO,Na2O,25未风化点,0.8518810438
铅钡,CuO,Na2O,26,0.6669485904
铅钡,CuO,Na2O,26严重风化点,0.8546443675
铅钡,CuO,Na2O,28未风化点,0.984648908
铅钡,CuO,Na2O,29未风化点,0.9475428324
铅钡,CuO,Na2O,30部位1,1
铅钡,CuO,Na2O,30部位2,1
铅钡,CuO,Na2O,31,0.9796360802
铅钡,CuO,Na2O,32,0.9948300599
铅钡,CuO,Na2O,33,0.9782777913
铅钡,CuO,Na2O,34,0.9334122453
铅钡,CuO,Na2O,35,0.9924977172
铅钡,CuO,Na2O,36,0.8432952955
铅钡,CuO,Na2O,37,0.8755006966
铅钡,CuO,Na2O,38,0.9082697498
铅钡,CuO,Na2O,39,0.9600849865
铅钡,CuO,Na2O,40,1
铅钡,CuO,Na2O,41,0.9911035536
铅钡,CuO,Na2O,42未风化点1,0.6957065847
铅钡,CuO,Na2O,42未风化点2,0.6997240325
铅钡,CuO,Na2O,43部位1,0.7982414354
铅钡,CuO,Na2O,43部位2,0.9334122453
铅钡,CuO,Na2O,44未风化点,0.7811873142
铅钡,CuO,Na2O,45,0.8089907476
铅钡,CuO,Na2O,46,0.9648992322
铅钡,CuO,Na2O,47,0.700873918
铅钡,CuO,Na2O,48,0.9271788844
铅钡,CuO,Na2O,49,0.9679880617
铅钡,CuO,Na2O,49未风化点,0.9791828983
铅钡,CuO,Na2O,50,0.9493201775
铅钡,CuO,Na2O,50未风化点,0.9679880617
铅钡,CuO,Na2O,51部位1,0.9392106492
铅钡,CuO,Na2O,51部位2,0.9657797416
铅钡,CuO,Na2O,52,0.9202140319
铅钡,CuO,Na2O,53未风化点,0.7855815048
铅钡,CuO,Na2O,54,0.9622673111
铅钡,CuO,Na2O,54严重风化点,0.9404625494
铅钡,CuO,Na2O,55,0.8160424539
铅钡,CuO,Na2O,56,0.964020327
铅钡,CuO,Na2O,57,0.9480446006
铅钡,CuO,Na2O,58,0.8711766745
铅钡,CuO,K2O,02,0.6556469787
铅钡,CuO,K2O,08,0.6703280219
铅钡,CuO,K2O,08严重风化点,0.8708182665
铅钡,CuO,K2O,11,0.8885630209
铅钡,CuO,K2O,19,0.8577613787
铅钡,CuO,K2O,20,0.8790252986
铅钡,CuO,K2O,23未风化点,0.8762255436
铅钡,CuO,K2O,24,0.7144481356
铅钡,CuO,K2O,25未风化点,0.949746133
铅钡,CuO,K2O,26,0.6669485904
铅钡,CuO,K2O,26严重风化点,0.9664801152
铅钡,CuO,K2O,28未风化点,0.8948518425
铅钡,CuO,K2O,29未风化点,0.8939670311
铅钡,CuO,K2O,30部位1,0.5807949092
铅钡,CuO,K2O,30部位2,1
铅钡,CuO,K2O,31,0.9796360802
铅钡,CuO,K2O,32,0.9071923451
铅钡,CuO,K2O,33,0.9482444643
铅钡,CuO,K2O,34,0.9463989336
铅钡,CuO,K2O,35,0.9924977172
铅钡,CuO,K2O,36,0.9619637602
铅钡,CuO,K2O,37,0.976117642
铅钡,CuO,K2O,38,0.9666618594
铅钡,CuO,K2O,39,0.9600849865
铅钡,CuO,K2O,40,1
铅钡,CuO,K2O,41,0.8221930021
铅钡,CuO,K2O,42未风化点1,0.9529656428
铅钡,CuO,K2O,42未风化点2,0.9517809463
铅钡,CuO,K2O,43部位1,0.7982414354
铅钡,CuO,K2O,43部位2,0.9334122453
铅钡,CuO,K2O,44未风化点,0.9241588222
铅钡,CuO,K2O,45,0.969678377
铅钡,CuO,K2O,46,0.916088826
铅钡,CuO,K2O,47,0.8946605038
铅钡,CuO,K2O,48,0.8592483988
铅钡,CuO,K2O,49,0.9679880617
铅钡,CuO,K2O,49未风化点,0.8831502503
铅钡,CuO,K2O,50,0.9493201775
铅钡,CuO,K2O,50未风化点,0.9679880617
铅钡,CuO,K2O,51部位1,0.9392106492
铅钡,CuO,K2O,51部位2,0.9657797416
铅钡,CuO,K2O,52,0.9679880617
铅钡,CuO,K2O,53未风化点,0.9701228019
铅钡,CuO,K2O,54,0.8892085773
铅钡,CuO,K2O,54严重风化点,0.9404625494
铅钡,CuO,K2O,55,0.9609567274
铅钡,CuO,K2O,56,0.964020327
铅钡,CuO,K2O,57,0.9480446006
铅钡,CuO,K2O,58,0.9744945432
铅钡,CuO,CaO,02,0.9182084619
铅钡,CuO,CaO,08,0.700428002
铅钡,CuO,CaO,08严重风化点,0.9899367885
铅钡,CuO,CaO,11,0.9251802572
铅钡,CuO,CaO,19,0.9625491604
铅钡,CuO,CaO,20,0.8157771963
铅钡,CuO,CaO,23未风化点,0.8931758083
铅钡,CuO,CaO,24,0.7249933695
铅钡,CuO,CaO,25未风化点,0.9750166265
铅钡,CuO,CaO,26,0.6958989979
铅钡,CuO,CaO,26严重风化点,0.9618209158
铅钡,CuO,CaO,28未风化点,0.9592751966
铅钡,CuO,CaO,29未风化点,0.9139741004
铅钡,CuO,CaO,30部位1,0.8371765305
铅钡,CuO,CaO,30部位2,0.8448357222
铅钡,CuO,CaO,31,0.9537259673
铅钡,CuO,CaO,32,0.9854849939
铅钡,CuO,CaO,33,0.9945122453
铅钡,CuO,CaO,34,0.9638079502
铅钡,CuO,CaO,35,0.9911772464
铅钡,CuO,CaO,36,0.9841564556
铅钡,CuO,CaO,37,0.9060828478
铅钡,CuO,CaO,38,0.9949925355
铅钡,CuO,CaO,39,0.9935351805
铅钡,CuO,CaO,40,0.9250677512
铅钡,CuO,CaO,41,0.829274267
铅钡,CuO,CaO,42未风化点1,0.9158174792
铅钡,CuO,CaO,42未风化点2,0.8861297786
铅钡,CuO,CaO,43部位1,0.9748724536
铅钡,CuO,CaO,43部位2,0.829264564
铅钡,CuO,CaO,44未风化点,0.9325030309
铅钡,CuO,CaO,45,0.9887805843
铅钡,CuO,CaO,46,0.9648992322
铅钡,CuO,CaO,47,0.9930713701
铅钡,CuO,CaO,48,0.8911443925
铅钡,CuO,CaO,49,0.8581340531
铅钡,CuO,CaO,49未风化点,0.9355948589
铅钡,CuO,CaO,50,0.9218337236
铅钡,CuO,CaO,50未风化点,0.9073776406
铅钡,CuO,CaO,51部位1,0.9171372963
铅钡,CuO,CaO,51部位2,0.8426154437
铅钡,CuO,CaO,52,0.9387397919
铅钡,CuO,CaO,53未风化点,0.9917926277
铅钡,CuO,CaO,54,0.9099450625
铅钡,CuO,CaO,54严重风化点,0.9404625494
铅钡,CuO,CaO,55,0.9917505299
铅钡,CuO,CaO,56,0.9851338658
铅钡,CuO,CaO,57,0.9980618102
铅钡,CuO,CaO,58,0.9967089809
铅钡,CuO,MgO,02,0.8695334624
铅钡,CuO,MgO,08,0.6703280219
铅钡,CuO,MgO,08严重风化点,0.8708182665
铅钡,CuO,MgO,11,0.8808701428
铅钡,CuO,MgO,19,0.921945582
铅钡,CuO,MgO,20,0.8157771963
铅钡,CuO,MgO,23未风化点,0.9582322582
铅钡,CuO,MgO,24,0.7144481356
铅钡,CuO,MgO,25未风化点,0.949746133
铅钡,CuO,MgO,26,0.6669485904
铅钡,CuO,MgO,26严重风化点,0.8546443675
铅钡,CuO,MgO,28未风化点,0.8912866936
铅钡,CuO,MgO,29未风化点,0.8546936825
铅钡,CuO,MgO,30部位1,0.8812027741
铅钡,CuO,MgO,30部位2,0.9344418309
铅钡,CuO,MgO,31,0.9077337562
铅钡,CuO,MgO,32,0.9948300599
铅钡,CuO,MgO,33,0.8965720537
铅钡,CuO,MgO,34,0.9334122453
铅钡,CuO,MgO,35,0.9924977172
铅钡,CuO,MgO,36,0.96887422
铅钡,CuO,MgO,37,0.8755006966
铅钡,CuO,MgO,38,0.9666618594
铅钡,CuO,MgO,39,0.9600849865
铅钡,CuO,MgO,40,1
铅钡,CuO,MgO,41,0.7317574441
铅钡,CuO,MgO,42未风化点1,0.9767495269
铅钡,CuO,MgO,42未风化点2,0.9698651163
铅钡,CuO,MgO,43部位1,0.8847036735
铅钡,CuO,MgO,43部位2,0.9439771464
铅钡,CuO,MgO,44未风化点,0.9800896817
铅钡,CuO,MgO,45,0.9287137032
铅钡,CuO,MgO,46,0.8379743125
铅钡,CuO,MgO,47,0.9494822729
铅钡,CuO,MgO,48,0.8251857576
铅钡,CuO,MgO,49,0.8553234944
铅钡,CuO,MgO,49未风化点,0.8742657481
铅钡,CuO,MgO,50,0.9888559572
铅钡,CuO,MgO,50未风化点,0.9604174559
铅钡,CuO,MgO,51部位1,0.9099370464
铅钡,CuO,MgO,51部位2,0.8590808258
铅钡,CuO,MgO,52,0.9591502388
铅钡,CuO,MgO,53未风化点,0.8839300757
铅钡,CuO,MgO,54,0.8796084542
铅钡,CuO,MgO,54严重风化点,0.9179454713
铅钡,CuO,MgO,55,0.9609567274
铅钡,CuO,MgO,56,0.964020327
铅钡,CuO,MgO,57,0.9480446006
铅钡,CuO,MgO,58,0.9622811417
铅钡,CuO,Al2O3,02,0.8877434197
铅钡,CuO,Al2O3,08,0.685230559
铅钡,CuO,Al2O3,08严重风化点,0.8916869098
铅钡,CuO,Al2O3,11,0.8563248874
铅钡,CuO,Al2O3,19,0.9264505476
铅钡,CuO,Al2O3,20,0.9141859982
铅钡,CuO,Al2O3,23未风化点,0.9034422757
铅钡,CuO,Al2O3,24,0.7346542182
铅钡,CuO,Al2O3,25未风化点,0.9931373431
铅钡,CuO,Al2O3,26,0.6745737893
铅钡,CuO,Al2O3,26严重风化点,0.8760348278
铅钡,CuO,Al2O3,28未风化点,0.9105758526
铅钡,CuO,Al2O3,29未风化点,0.7620555705
铅钡,CuO,Al2O3,30部位1,0.9047134467
铅钡,CuO,Al2O3,30部位2,0.9145294829
铅钡,CuO,Al2O3,31,0.9483057632
铅钡,CuO,Al2O3,32,0.9506213086
铅钡,CuO,Al2O3,33,0.9664695519
铅钡,CuO,Al2O3,34,0.9688847576
铅钡,CuO,Al2O3,35,0.973419477
铅钡,CuO,Al2O3,36,0.9934299115
铅钡,CuO,Al2O3,37,0.9290685803
铅钡,CuO,Al2O3,38,0.9730115494
铅钡,CuO,Al2O3,39,0.971375091
铅钡,CuO,Al2O3,40,0.9892220143
铅钡,CuO,Al2O3,41,0.9331406783
铅钡,CuO,Al2O3,42未风化点1,0.9609173775
铅钡,CuO,Al2O3,42未风化点2,0.9915350144
铅钡,CuO,Al2O3,43部位1,0.8345317704
铅钡,CuO,Al2O3,43部位2,0.9888995508
铅钡,CuO,Al2O3,44未风化点,0.777039449
铅钡,CuO,Al2O3,45,0.9123912615
铅钡,CuO,Al2O3,46,0.9262707023
铅钡,CuO,Al2O3,47,0.9584231953
铅钡,CuO,Al2O3,48,0.7516003666
铅钡,CuO,Al2O3,49,0.9114190353
铅钡,CuO,Al2O3,49未风化点,0.8801898208
铅钡,CuO,Al2O3,50,0.9919563485
铅钡,CuO,Al2O3,50未风化点,0.9366352408
铅钡,CuO,Al2O3,51部位1,0.9412745249
铅钡,CuO,Al2O3,51部位2,0.975286785
铅钡,CuO,Al2O3,52,0.9950400933
铅钡,CuO,Al2O3,53未风化点,0.8918909222
铅钡,CuO,Al2O3,54,0.942269346
铅钡,CuO,Al2O3,54严重风化点,0.9755456361
铅钡,CuO,Al2O3,55,0.9945081946
铅钡,CuO,Al2O3,56,0.9925856415
铅钡,CuO,Al2O3,57,0.9979836177
铅钡,CuO,Al2O3,58,0.9410467855
铅钡,CuO,Fe2O3,02,0.8067604722
铅钡,CuO,Fe2O3,08,0.6703280219
铅钡,CuO,Fe2O3,08严重风化点,0.8708182665
铅钡,CuO,Fe2O3,11,0.8110882543
铅钡,CuO,Fe2O3,19,0.9859683684
铅钡,CuO,Fe2O3,20,0.9790487445
铅钡,CuO,Fe2O3,23未风化点,0.8762255436
铅钡,CuO,Fe2O3,24,0.7144481356
铅钡,CuO,Fe2O3,25未风化点,0.8643583317
铅钡,CuO,Fe2O3,26,0.6669485904
铅钡,CuO,Fe2O3,26严重风化点,0.8546443675
铅钡,CuO,Fe2O3,28未风化点,0.9616163301
铅钡,CuO,Fe2O3,29未风化点,0.930493735
铅钡,CuO,Fe2O3,30部位1,0.7769961283
铅钡,CuO,Fe2O3,30部位2,0.7294244422
铅钡,CuO,Fe2O3,31,0.6247612172
铅钡,CuO,Fe2O3,32,0.8848115332
铅钡,CuO,Fe2O3,33,0.9782777913
铅钡,CuO,Fe2O3,34,0.9923500471
铅钡,CuO,Fe2O3,35,0.9847794692
铅钡,CuO,Fe2O3,36,0.9889277679
铅钡,CuO,Fe2O3,37,0.8755006966
铅钡,CuO,Fe2O3,38,0.9952500852
铅钡,CuO,Fe2O3,39,0.9600849865
铅钡,CuO,Fe2O3,40,0.9749226608
铅钡,CuO,Fe2O3,41,0.8107961269
铅钡,CuO,Fe2O3,42未风化点1,0.8879885184
铅钡,CuO,Fe2O3,42未风化点2,0.8861297786
铅钡,CuO,Fe2O3,43部位1,0.8696678702
铅钡,CuO,Fe2O3,43部位2,0.895382132
铅钡,CuO,Fe2O3,44未风化点,0.9225700173
铅钡,CuO,Fe2O3,45,0.975572482
铅钡,CuO,Fe2O3,46,0.9648992322
铅钡,CuO,Fe2O3,47,0.9702065039
铅钡,CuO,Fe2O3,48,0.8776222319
铅钡,CuO,Fe2O3,49,0.7474549222
铅钡,CuO,Fe2O3,49未风化点,0.8690557302
铅钡,CuO,Fe2O3,50,0.9913655457
铅钡,CuO,Fe2O3,50未风化点,0.9679880617
铅钡,CuO,Fe2O3,51部位1,0.9120929338
铅钡,CuO,Fe2O3,51部位2,0.9790222563
铅钡,CuO,Fe2O3,52,0.9980707649
铅钡,CuO,Fe2O3,53未风化点,0.9751230512
铅钡,CuO,Fe2O3,54,0.9622673111
铅钡,CuO,Fe2O3,54严重风化点,0.9404625494
铅钡,CuO,Fe2O3,55,0.9609567274
铅钡,CuO,Fe2O3,56,0.964020327
铅钡,CuO,Fe2O3,57,0.9480446006
铅钡,CuO,Fe2O3,58,0.9695135136
铅钡,CuO,PbO,02,0.8976592124
铅钡,CuO,PbO,08,0.7064937417
铅钡,CuO,PbO,08严重风化点,0.9416722507
铅钡,CuO,PbO,11,0.8581440683
铅钡,CuO,PbO,19,0.9507433429
铅钡,CuO,PbO,20,0.8325966324
铅钡,CuO,PbO,23未风化点,0.9123704478
铅钡,CuO,PbO,24,0.7563777912
铅钡,CuO,PbO,25未风化点,0.9689667194
铅钡,CuO,PbO,26,0.7038603348
铅钡,CuO,PbO,26严重风化点,0.9170867885
铅钡,CuO,PbO,28未风化点,0.9708282992
铅钡,CuO,PbO,29未风化点,0.9978222524
铅钡,CuO,PbO,30部位1,0.9054435338
铅钡,CuO,PbO,30部位2,0.9086858782
铅钡,CuO,PbO,31,0.9772491901
铅钡,CuO,PbO,32,0.95472854
铅钡,CuO,PbO,33,0.9796001261
铅钡,CuO,PbO,34,0.9500188406
铅钡,CuO,PbO,35,0.9513357993
铅钡,CuO,PbO,36,0.9270682477
铅钡,CuO,PbO,37,0.9121602502
铅钡,CuO,PbO,38,0.91173507
铅钡,CuO,PbO,39,0.8921162601
铅钡,CuO,PbO,40,0.8424967622
铅钡,CuO,PbO,41,0.9021183302
铅钡,CuO,PbO,42未风化点1,0.9364340984
铅钡,CuO,PbO,42未风化点2,0.9302937033
铅钡,CuO,PbO,43部位1,0.9145857376
铅钡,CuO,PbO,43部位2,0.9543643552
铅钡,CuO,PbO,44未风化点,0.9843250589
铅钡,CuO,PbO,45,0.9827648462
铅钡,CuO,PbO,46,0.9700680375
铅钡,CuO,PbO,47,0.964390667
铅钡,CuO,PbO,48,0.9598485556
铅钡,CuO,PbO,49,0.9452327413
铅钡,CuO,PbO,49未风化点,0.961505463
铅钡,CuO,PbO,50,0.9400498044
铅钡,CuO,PbO,50未风化点,0.9538028805
铅钡,CuO,PbO,51部位1,0.9593033001
铅钡,CuO,PbO,51部位2,0.9080423253
铅钡,CuO,PbO,52,0.9147501758
铅钡,CuO,PbO,53未风化点,0.9892558062
铅钡,CuO,PbO,54,0.9021516568
铅钡,CuO,PbO,54严重风化点,0.9154533998
铅钡,CuO,PbO,55,0.9550856582
铅钡,CuO,PbO,56,0.9323888845
铅钡,CuO,PbO,57,0.9387158564
铅钡,CuO,PbO,58,0.9586849571
铅钡,CuO,BaO,02,0.9878656874
铅钡,CuO,BaO,08,0.8146956616
铅钡,CuO,BaO,08严重风化点,0.9002147998
铅钡,CuO,BaO,11,0.9015171934
铅钡,CuO,BaO,19,0.8924277538
铅钡,CuO,BaO,20,0.9742034836
铅钡,CuO,BaO,23未风化点,0.9607379864
铅钡,CuO,BaO,24,0.8491481195
铅钡,CuO,BaO,25未风化点,0.9966336065
铅钡,CuO,BaO,26,0.8154098434
铅钡,CuO,BaO,26严重风化点,0.8849567556
铅钡,CuO,BaO,28未风化点,0.9817326614
铅钡,CuO,BaO,29未风化点,0.9825336373
铅钡,CuO,BaO,30部位1,0.9198764863
铅钡,CuO,BaO,30部位2,0.9194469276
铅钡,CuO,BaO,31,0.9919038039
铅钡,CuO,BaO,32,0.9651473109
铅钡,CuO,BaO,33,0.9922156826
铅钡,CuO,BaO,34,0.9868651259
铅钡,CuO,BaO,35,0.9610571072
铅钡,CuO,BaO,36,0.9437989199
铅钡,CuO,BaO,37,0.9481568345
铅钡,CuO,BaO,38,0.9538506253
铅钡,CuO,BaO,39,0.9808333672
铅钡,CuO,BaO,40,0.9464057051
铅钡,CuO,BaO,41,0.9314110412
铅钡,CuO,BaO,42未风化点1,0.9638418965
铅钡,CuO,BaO,42未风化点2,0.9648726636
铅钡,CuO,BaO,43部位1,0.8395983836
铅钡,CuO,BaO,43部位2,0.9580903996
铅钡,CuO,BaO,44未风化点,0.9766852531
铅钡,CuO,BaO,45,0.936562236
铅钡,CuO,BaO,46,0.9534907052
铅钡,CuO,BaO,47,0.9547255693
铅钡,CuO,BaO,48,0.9417282489
铅钡,CuO,BaO,49,0.9817738622
铅钡,CuO,BaO,49未风化点,0.985991317
铅钡,CuO,BaO,50,0.937370235
铅钡,CuO,BaO,50未风化点,0.9807957552
铅钡,CuO,BaO,51部位1,0.9891674699
铅钡,CuO,BaO,51部位2,0.9657797416
铅钡,CuO,BaO,52,0.9614783606
铅钡,CuO,BaO,53未风化点,0.9518491219
铅钡,CuO,BaO,54,0.9800273388
铅钡,CuO,BaO,54严重风化点,0.9404625494
铅钡,CuO,BaO,55,0.9740272456
铅钡,CuO,BaO,56,0.9145297417
铅钡,CuO,BaO,57,0.9160547552
铅钡,CuO,BaO,58,0.9233331874
铅钡,CuO,P2O5,02,0.9225132864
铅钡,CuO,P2O5,08,0.7168515405
铅钡,CuO,P2O5,08严重风化点,0.9473834175
铅钡,CuO,P2O5,11,0.9803385059
铅钡,CuO,P2O5,19,0.932566974
铅钡,CuO,P2O5,20,0.9339210327
铅钡,CuO,P2O5,23未风化点,0.8762255436
铅钡,CuO,P2O5,24,0.7163805668
铅钡,CuO,P2O5,25未风化点,0.9543907387
铅钡,CuO,P2O5,26,0.7067369468
铅钡,CuO,P2O5,26严重风化点,0.992865446
铅钡,CuO,P2O5,28未风化点,0.987696148
铅钡,CuO,P2O5,29未风化点,0.9766548863
铅钡,CuO,P2O5,30部位1,1
铅钡,CuO,P2O5,30部位2,0.9633670082
铅钡,CuO,P2O5,31,0.9776105528
铅钡,CuO,P2O5,32,0.9993882619
铅钡,CuO,P2O5,33,0.9816446225
铅钡,CuO,P2O5,34,0.941470119
铅钡,CuO,P2O5,35,0.9962462433
铅钡,CuO,P2O5,36,0.9706495923
铅钡,CuO,P2O5,37,0.9067588011
铅钡,CuO,P2O5,38,0.9789114261
铅钡,CuO,P2O5,39,0.9898141601
铅钡,CuO,P2O5,40,0.954440031
铅钡,CuO,P2O5,41,0.8387777762
铅钡,CuO,P2O5,42未风化点1,0.8896930264
铅钡,CuO,P2O5,42未风化点2,0.8861297786
铅钡,CuO,P2O5,43部位1,0.7982414354
铅钡,CuO,P2O5,43部位2,0.7845157793
铅钡,CuO,P2O5,44未风化点,0.9800896817
铅钡,CuO,P2O5,45,0.975572482
铅钡,CuO,P2O5,46,0.9699472583
铅钡,CuO,P2O5,47,0.9727517378
铅钡,CuO,P2O5,48,0.9711890248
铅钡,CuO,P2O5,49,0.7897128787
铅钡,CuO,P2O5,49未风化点,0.9130372897
铅钡,CuO,P2O5,50,0.8947771089
铅钡,CuO,P2O5,50未风化点,0.8788029227
铅钡,CuO,P2O5,51部位1,0.8667589165
铅钡,CuO,P2O5,51部位2,0.8329556156
铅钡,CuO,P2O5,52,0.8921233593
铅钡,CuO,P2O5,53未风化点,0.9751230512
铅钡,CuO,P2O5,54,0.9301153997
铅钡,CuO,P2O5,54严重风化点,0.7588620972
铅钡,CuO,P2O5,55,0.9697529149
铅钡,CuO,P2O5,56,0.9697644808
铅钡,CuO,P2O5,57,0.9480446006
铅钡,CuO,P2O5,58,0.9135952179
铅钡,CuO,SrO,02,0.9650604957
铅钡,CuO,SrO,08,0.7156232796
铅钡,CuO,SrO,08严重风化点,0.987079434
铅钡,CuO,SrO,11,0.8783581322
铅钡,CuO,SrO,19,0.8949846781
铅钡,CuO,SrO,20,0.8157771963
铅钡,CuO,SrO,23未风化点,0.9460353426
铅钡,CuO,SrO,24,0.8565673478
铅钡,CuO,SrO,25未风化点,0.9981303793
铅钡,CuO,SrO,26,0.7222686741
铅钡,CuO,SrO,26严重风化点,0.9882849937
铅钡,CuO,SrO,28未风化点,0.9851891852
铅钡,CuO,SrO,29未风化点,0.9719689591
铅钡,CuO,SrO,30部位1,0.9180041512
铅钡,CuO,SrO,30部位2,0.8908721058
铅钡,CuO,SrO,31,0.9471737452
铅钡,CuO,SrO,32,0.9948300599
铅钡,CuO,SrO,33,0.9782777913
铅钡,CuO,SrO,34,0.9850332235
铅钡,CuO,SrO,35,0.9924977172
铅钡,CuO,SrO,36,0.9765452493
铅钡,CuO,SrO,37,0.9406525224
铅钡,CuO,SrO,38,0.9344539106
铅钡,CuO,SrO,39,0.8975879071
铅钡,CuO,SrO,40,0.8521259752
铅钡,CuO,SrO,41,0.900116515
铅钡,CuO,SrO,42未风化点1,0.9644866432
铅钡,CuO,SrO,42未风化点2,0.8861297786
铅钡,CuO,SrO,43部位1,0.9179142579
铅钡,CuO,SrO,43部位2,0.9536473996
铅钡,CuO,SrO,44未风化点,0.9559891471
铅钡,CuO,SrO,45,0.9674392497
铅钡,CuO,SrO,46,0.9316556327
铅钡,CuO,SrO,47,0.8430204481
铅钡,CuO,SrO,48,0.9400265146
铅钡,CuO,SrO,49,0.9222361238
铅钡,CuO,SrO,49未风化点,0.9475977762
铅钡,CuO,SrO,50,0.8968239581
铅钡,CuO,SrO,50未风化点,0.9750150387
铅钡,CuO,SrO,51部位1,0.9663667786
铅钡,CuO,SrO,51部位2,0.9657797416
铅钡,CuO,SrO,52,0.9265976905
铅钡,CuO,SrO,53未风化点,0.9584124119
铅钡,CuO,SrO,54,0.8436234626
铅钡,CuO,SrO,54严重风化点,0.8179848997
铅钡,CuO,SrO,55,0.9609567274
铅钡,CuO,SrO,56,0.964020327
铅钡,CuO,SrO,57,0.9480446006
铅钡,CuO,SrO,58,0.920280685
铅钡,CuO,SnO2,02,0.9878656874
铅钡,CuO,SnO2,08,0.6703280219
铅钡,CuO,SnO2,08严重风化点,0.8708182665
铅钡,CuO,SnO2,11,0.8110882543
铅钡,CuO,SnO2,19,0.8577613787
铅钡,CuO,SnO2,20,0.8157771963
铅钡,CuO,SnO2,23未风化点,0.8762255436
铅钡,CuO,SnO2,24,0.7144481356
铅钡,CuO,SnO2,25未风化点,0.949746133
铅钡,CuO,SnO2,26,0.6669485904
铅钡,CuO,SnO2,26严重风化点,0.8546443675
铅钡,CuO,SnO2,28未风化点,0.7487526065
铅钡,CuO,SnO2,29未风化点,0.9662205992
铅钡,CuO,SnO2,30部位1,0.6208530806
铅钡,CuO,SnO2,30部位2,0.598173516
铅钡,CuO,SnO2,31,0.9796360802
铅钡,CuO,SnO2,32,0.9948300599
铅钡,CuO,SnO2,33,0.9782777913
铅钡,CuO,SnO2,34,0.9334122453
铅钡,CuO,SnO2,35,0.9924977172
铅钡,CuO,SnO2,36,0.96887422
铅钡,CuO,SnO2,37,0.8755006966
铅钡,CuO,SnO2,38,0.9666618594
铅钡,CuO,SnO2,39,0.9600849865
铅钡,CuO,SnO2,40,1
铅钡,CuO,SnO2,41,0.9911035536
铅钡,CuO,SnO2,42未风化点1,0.8879885184
铅钡,CuO,SnO2,42未风化点2,0.8861297786
铅钡,CuO,SnO2,43部位1,0.7982414354
铅钡,CuO,SnO2,43部位2,0.9334122453
铅钡,CuO,SnO2,44未风化点,0.9800896817
铅钡,CuO,SnO2,45,0.975572482
铅钡,CuO,SnO2,46,0.9648992322
铅钡,CuO,SnO2,47,0.9702065039
铅钡,CuO,SnO2,48,0.3333333333
铅钡,CuO,SnO2,49,0.9679880617
铅钡,CuO,SnO2,49未风化点,0.9791828983
铅钡,CuO,SnO2,50,0.9493201775
铅钡,CuO,SnO2,50未风化点,0.9679880617
铅钡,CuO,SnO2,51部位1,0.6050216633
铅钡,CuO,SnO2,51部位2,0.9657797416
铅钡,CuO,SnO2,52,0.9679880617
铅钡,CuO,SnO2,53未风化点,0.9751230512
铅钡,CuO,SnO2,54,0.9622673111
铅钡,CuO,SnO2,54严重风化点,0.9404625494
铅钡,CuO,SnO2,55,0.9609567274
铅钡,CuO,SnO2,56,0.964020327
铅钡,CuO,SnO2,57,0.9480446006
铅钡,CuO,SnO2,58,0.8711766745
铅钡,CuO,SO2,02,0.9878656874
铅钡,CuO,SO2,08,0.8296797145
铅钡,CuO,SO2,08严重风化点,0.3966970508
铅钡,CuO,SO2,11,0.8110882543
铅钡,CuO,SO2,19,0.8577613787
铅钡,CuO,SO2,20,0.8157771963
铅钡,CuO,SO2,23未风化点,0.8762255436
铅钡,CuO,SO2,24,0.7144481356
铅钡,CuO,SO2,25未风化点,0.949746133
铅钡,CuO,SO2,26,0.7802152197
铅钡,CuO,SO2,26严重风化点,0.3844299642
铅钡,CuO,SO2,28未风化点,0.984648908
铅钡,CuO,SO2,29未风化点,0.9662205992
铅钡,CuO,SO2,30部位1,1
铅钡,CuO,SO2,30部位2,1
铅钡,CuO,SO2,31,0.9796360802
铅钡,CuO,SO2,32,0.9948300599
铅钡,CuO,SO2,33,0.9782777913
铅钡,CuO,SO2,34,0.9334122453
铅钡,CuO,SO2,35,0.9924977172
铅钡,CuO,SO2,36,0.96887422
铅钡,CuO,SO2,37,0.7909773522
铅钡,CuO,SO2,38,0.9666618594
铅钡,CuO,SO2,39,0.9600849865
铅钡,CuO,SO2,40,1
铅钡,CuO,SO2,41,0.9911035536
铅钡,CuO,SO2,42未风化点1,0.8879885184
铅钡,CuO,SO2,42未风化点2,0.8861297786
铅钡,CuO,SO2,43部位1,0.7982414354
铅钡,CuO,SO2,43部位2,0.9334122453
铅钡,CuO,SO2,44未风化点,0.9800896817
铅钡,CuO,SO2,45,0.975572482
铅钡,CuO,SO2,46,0.9648992322
铅钡,CuO,SO2,47,0.9702065039
铅钡,CuO,SO2,48,1
铅钡,CuO,SO2,49,0.9679880617
铅钡,CuO,SO2,49未风化点,0.9791828983
铅钡,CuO,SO2,50,0.9493201775
铅钡,CuO,SO2,50未风化点,0.9679880617
铅钡,CuO,SO2,51部位1,0.9392106492
铅钡,CuO,SO2,51部位2,0.9657797416
铅钡,CuO,SO2,52,0.9679880617
铅钡,CuO,SO2,53未风化点,0.9751230512
铅钡,CuO,SO2,54,0.9622673111
铅钡,CuO,SO2,54严重风化点,0.9404625494
铅钡,CuO,SO2,55,0.9609567274
铅钡,CuO,SO2,56,0.964020327
铅钡,CuO,SO2,57,0.9480446006
铅钡,CuO,SO2,58,0.8711766745
铅钡,PbO,SiO2,02,0.9579040408
铅钡,PbO,SiO2,08,0.9702961184
铅钡,PbO,SiO2,08严重风化点,0.9284367627
铅钡,PbO,SiO2,11,0.9911540662
铅钡,PbO,SiO2,19,0.9552024511
铅钡,PbO,SiO2,20,0.9421003984
铅钡,PbO,SiO2,23未风化点,0.9268736115
铅钡,PbO,SiO2,24,0.9956736068
铅钡,PbO,SiO2,25未风化点,0.9700080812
铅钡,PbO,SiO2,26,0.9673610518
铅钡,PbO,SiO2,26严重风化点,0.9325948888
铅钡,PbO,SiO2,28未风化点,0.8994535026
铅钡,PbO,SiO2,29未风化点,0.8978519469
铅钡,PbO,SiO2,30部位1,0.9745154498
铅钡,PbO,SiO2,30部位2,0.9841672268
铅钡,PbO,SiO2,31,0.9022587362
铅钡,PbO,SiO2,32,0.9021485094
铅钡,PbO,SiO2,33,0.8835657196
铅钡,PbO,SiO2,34,0.9590305629
铅钡,PbO,SiO2,35,0.9145971112
铅钡,PbO,SiO2,36,0.9799583737
铅钡,PbO,SiO2,37,0.9149541026
铅钡,PbO,SiO2,38,0.9461908712
铅钡,PbO,SiO2,39,0.905543898
铅钡,PbO,SiO2,40,0.868422783
铅钡,PbO,SiO2,41,0.9289318527
铅钡,PbO,SiO2,42未风化点1,0.9436857571
铅钡,PbO,SiO2,42未风化点2,0.9392999535
铅钡,PbO,SiO2,43部位1,0.8823190892
铅钡,PbO,SiO2,43部位2,0.9340016085
铅钡,PbO,SiO2,44未风化点,0.9055796006
铅钡,PbO,SiO2,45,0.9098730892
铅钡,PbO,SiO2,46,0.9436409956
铅钡,PbO,SiO2,47,0.9516934354
铅钡,PbO,SiO2,48,0.9248336565
铅钡,PbO,SiO2,49,0.9752361761
铅钡,PbO,SiO2,49未风化点,0.939506911
铅钡,PbO,SiO2,50,0.9282479148
铅钡,PbO,SiO2,50未风化点,0.979058119
铅钡,PbO,SiO2,51部位1,0.9509183151
铅钡,PbO,SiO2,51部位2,0.9179421094
铅钡,PbO,SiO2,52,0.93589245
铅钡,PbO,SiO2,53未风化点,0.900139509
铅钡,PbO,SiO2,54,0.9103945671
铅钡,PbO,SiO2,54严重风化点,0.8939448175
铅钡,PbO,SiO2,55,0.9761668701
铅钡,PbO,SiO2,56,0.9580626186
铅钡,PbO,SiO2,57,0.9407885419
铅钡,PbO,SiO2,58,0.9655155295
铅钡,PbO,Na2O,02,0.886089814
铅钡,PbO,Na2O,08,0.9280042207
铅钡,PbO,Na2O,08严重风化点,0.9192611386
铅钡,PbO,Na2O,11,0.9357711591
铅钡,PbO,Na2O,19,0.8960402137
铅钡,PbO,Na2O,20,0.9757085957
铅钡,PbO,Na2O,23未风化点,0.5723089599
铅钡,PbO,Na2O,24,0.9269285276
铅钡,PbO,Na2O,25未风化点,0.8737946455
铅钡,PbO,Na2O,26,0.9260184784
铅钡,PbO,Na2O,26严重风化点,0.9251102144
铅钡,PbO,Na2O,28未风化点,0.9558315467
铅钡,PbO,Na2O,29未风化点,0.944854369
铅钡,PbO,Na2O,30部位1,0.9039673643
铅钡,PbO,Na2O,30部位2,0.9072671368
铅钡,PbO,Na2O,31,0.9572991728
铅钡,PbO,Na2O,32,0.9493682852
铅钡,PbO,Na2O,33,0.9582717752
铅钡,PbO,Na2O,34,0.8879721368
铅钡,PbO,Na2O,35,0.9437902654
铅钡,PbO,Na2O,36,0.9017005403
铅钡,PbO,Na2O,37,0.9555832424
铅钡,PbO,Na2O,38,0.996128819
铅钡,PbO,Na2O,39,0.8579818675
铅钡,PbO,Na2O,40,0.8399959605
铅钡,PbO,Na2O,41,0.8932116914
铅钡,PbO,Na2O,42未风化点1,0.6598584162
铅钡,PbO,Na2O,42未风化点2,0.6603941635
铅钡,PbO,Na2O,43部位1,0.8603498012
铅钡,PbO,Na2O,43部位2,0.8918473601
铅钡,PbO,Na2O,44未风化点,0.7878164263
铅钡,PbO,Na2O,45,0.8178169891
铅钡,PbO,Na2O,46,0.9361045521
铅钡,PbO,Na2O,47,0.715484427
铅钡,PbO,Na2O,48,0.9642336339
铅钡,PbO,Na2O,49,0.9153039686
铅钡,PbO,Na2O,49未风化点,0.9414472369
铅钡,PbO,Na2O,50,0.8934720374
铅钡,PbO,Na2O,50未风化点,0.9235076429
铅钡,PbO,Na2O,51部位1,0.9017071335
铅钡,PbO,Na2O,51部位2,0.8778219129
铅钡,PbO,Na2O,52,0.993797836
铅钡,PbO,Na2O,53未风化点,0.7891472506
铅钡,PbO,Na2O,54,0.8692752747
铅钡,PbO,Na2O,54严重风化点,0.8631559681
铅钡,PbO,Na2O,55,0.8461994936
铅钡,PbO,Na2O,56,0.8994801714
铅钡,PbO,Na2O,57,0.8910911977
铅钡,PbO,Na2O,58,0.9036786658
铅钡,PbO,K2O,02,0.7045039835
铅钡,PbO,K2O,08,0.9280042207
铅钡,PbO,K2O,08严重风化点,0.9192611386
铅钡,PbO,K2O,11,0.9612212452
铅钡,PbO,K2O,19,0.8960402137
铅钡,PbO,K2O,20,0.743272924
铅钡,PbO,K2O,23未风化点,0.9562291021
铅钡,PbO,K2O,24,0.9269285276
铅钡,PbO,K2O,25未风化点,0.9205263764
铅钡,PbO,K2O,26,0.9260184784
铅钡,PbO,K2O,26严重风化点,0.8870528773
铅钡,PbO,K2O,28未风化点,0.9183556635
铅钡,PbO,K2O,29未风化点,0.8905206685
铅钡,PbO,K2O,30部位1,0.6135325532
铅钡,PbO,K2O,30部位2,0.9072671368
铅钡,PbO,K2O,31,0.9572991728
铅钡,PbO,K2O,32,0.9472849686
铅钡,PbO,K2O,33,0.9670457056
铅钡,PbO,K2O,34,0.9962894153
铅钡,PbO,K2O,35,0.9437902654
铅钡,PbO,K2O,36,0.9619423703
铅钡,PbO,K2O,37,0.9320082265
铅钡,PbO,K2O,38,0.882095103
铅钡,PbO,K2O,39,0.8579818675
铅钡,PbO,K2O,40,0.8399959605
铅钡,PbO,K2O,41,0.9012007488
铅钡,PbO,K2O,42未风化点1,0.9818097287
铅钡,PbO,K2O,42未风化点2,0.8866517866
铅钡,PbO,K2O,43部位1,0.8603498012
铅钡,PbO,K2O,43部位2,0.8918473601
铅钡,PbO,K2O,44未风化点,0.9370831276
铅钡,PbO,K2O,45,0.9865492659
铅钡,PbO,K2O,46,0.9419485373
铅钡,PbO,K2O,47,0.9241062423
铅钡,PbO,K2O,48,0.8895624151
铅钡,PbO,K2O,49,0.9153039686
铅钡,PbO,K2O,49未风化点,0.9142246196
铅钡,PbO,K2O,50,0.8934720374
铅钡,PbO,K2O,50未风化点,0.9235076429
铅钡,PbO,K2O,51部位1,0.9017071335
铅钡,PbO,K2O,51部位2,0.8778219129
铅钡,PbO,K2O,52,0.8861111592
铅钡,PbO,K2O,53未风化点,0.9804226257
铅钡,PbO,K2O,54,0.9841680913
铅钡,PbO,K2O,54严重风化点,0.8631559681
铅钡,PbO,K2O,55,0.9181826881
铅钡,PbO,K2O,56,0.8994801714
铅钡,PbO,K2O,57,0.8910911977
铅钡,PbO,K2O,58,0.9342871134
铅钡,PbO,CaO,02,0.9755452467
铅钡,PbO,CaO,08,0.9880167125
铅钡,PbO,CaO,08严重风化点,0.9501417527
铅钡,PbO,CaO,11,0.9209635545
铅钡,PbO,CaO,19,0.9873764693
铅钡,PbO,CaO,20,0.9757085957
铅钡,PbO,CaO,23未风化点,0.9768848555
铅钡,PbO,CaO,24,0.9451383279
铅钡,PbO,CaO,25未风化点,0.9447568864
铅钡,PbO,CaO,26,0.9840501498
铅钡,PbO,CaO,26严重风化点,0.9511200757
铅钡,PbO,CaO,28未风化点,0.9878695501
铅钡,PbO,CaO,29未风化点,0.9107977822
铅钡,PbO,CaO,30部位1,0.9161181224
铅钡,PbO,CaO,30部位2,0.9220588064
铅钡,PbO,CaO,31,0.9752465062
铅钡,PbO,CaO,32,0.9680648889
铅钡,PbO,CaO,33,0.9849873818
铅钡,PbO,CaO,34,0.9160309829
铅钡,PbO,CaO,35,0.9590007745
铅钡,PbO,CaO,36,0.9121018837
铅钡,PbO,CaO,37,0.9929291032
铅钡,PbO,CaO,38,0.9061321758
铅钡,PbO,CaO,39,0.89570718
铅钡,PbO,CaO,40,0.9027050319
铅钡,PbO,CaO,41,0.9098956386
铅钡,PbO,CaO,42未风化点1,0.976412115
铅钡,PbO,CaO,42未风化点2,0.9484870274
铅钡,PbO,CaO,43部位1,0.9357621916
铅钡,PbO,CaO,43部位2,0.8613278152
铅钡,PbO,CaO,44未风化点,0.9458450315
铅钡,PbO,CaO,45,0.9941006832
铅钡,PbO,CaO,46,0.9361045521
铅钡,PbO,CaO,47,0.9706957039
铅钡,PbO,CaO,48,0.9245394744
铅钡,PbO,CaO,49,0.9015149678
铅钡,PbO,CaO,49未风化点,0.9717976747
铅钡,PbO,CaO,50,0.9793595107
铅钡,PbO,CaO,50未风化点,0.9484238582
铅钡,PbO,CaO,51部位1,0.9537026562
铅钡,PbO,CaO,51部位2,0.9200329829
铅钡,PbO,CaO,52,0.9726336593
铅钡,PbO,CaO,53未风化点,0.9977514334
铅钡,PbO,CaO,54,0.9907792907
铅钡,PbO,CaO,54严重风化点,0.8631559681
铅钡,PbO,CaO,55,0.96233991
铅钡,PbO,CaO,56,0.9449641007
铅钡,PbO,CaO,57,0.9395978339
铅钡,PbO,CaO,58,0.9551243391
铅钡,PbO,MgO,02,0.9648757622
铅钡,PbO,MgO,08,0.9280042207
铅钡,PbO,MgO,08严重风化点,0.9192611386
铅钡,PbO,MgO,11,0.970582991
铅钡,PbO,MgO,19,0.9679072448
铅钡,PbO,MgO,20,0.9757085957
铅钡,PbO,MgO,23未风化点,0.9495130193
铅钡,PbO,MgO,24,0.9269285276
铅钡,PbO,MgO,25未风化点,0.9205263764
铅钡,PbO,MgO,26,0.9260184784
铅钡,PbO,MgO,26严重风化点,0.9251102144
铅钡,PbO,MgO,28未风化点,0.9145227711
铅钡,PbO,MgO,29未风化点,0.8507621509
铅钡,PbO,MgO,30部位1,0.9702781056
铅钡,PbO,MgO,30部位2,0.9703249656
铅钡,PbO,MgO,31,0.9262508797
铅钡,PbO,MgO,32,0.9493682852
铅钡,PbO,MgO,33,0.9123000107
铅钡,PbO,MgO,34,0.8879721368
铅钡,PbO,MgO,35,0.9437902654
铅钡,PbO,MgO,36,0.8986890595
铅钡,PbO,MgO,37,0.9555832424
铅钡,PbO,MgO,38,0.882095103
铅钡,PbO,MgO,39,0.8579818675
铅钡,PbO,MgO,40,0.8399959605
铅钡,PbO,MgO,41,0.791705431
铅钡,PbO,MgO,42未风化点1,0.9147281356
铅钡,PbO,MgO,42未风化点2,0.9026598779
铅钡,PbO,MgO,43部位1,0.9640236466
铅钡,PbO,MgO,43部位2,0.9887427501
铅钡,PbO,MgO,44未风化点,0.9646801302
铅钡,PbO,MgO,45,0.9433283769
铅钡,PbO,MgO,46,0.8579864672
铅钡,PbO,MgO,47,0.9840228315
铅钡,PbO,MgO,48,0.8523724494
铅钡,PbO,MgO,49,0.8983487767
铅钡,PbO,MgO,49未风化点,0.9045098315
铅钡,PbO,MgO,50,0.9494705886
铅钡,PbO,MgO,50未风化点,0.9930624699
铅钡,PbO,MgO,51部位1,0.945757422
铅钡,PbO,MgO,51部位2,0.9401196075
铅钡,PbO,MgO,52,0.9512213448
铅钡,PbO,MgO,53未风化点,0.8907973848
铅钡,PbO,MgO,54,0.9721783155
铅钡,PbO,MgO,54严重风化点,0.9973653884
铅钡,PbO,MgO,55,0.9181826881
铅钡,PbO,MgO,56,0.8994801714
铅钡,PbO,MgO,57,0.8910911977
铅钡,PbO,MgO,58,0.996419107
铅钡,PbO,Al2O3,02,0.9878320553
铅钡,PbO,Al2O3,08,0.9574353976
铅钡,PbO,Al2O3,08严重风化点,0.9430481087
铅钡,PbO,Al2O3,11,0.997863262
铅钡,PbO,Al2O3,19,0.9729784713
铅钡,PbO,Al2O3,20,0.9016694231
铅钡,PbO,Al2O3,23未风化点,0.9894402015
铅钡,PbO,Al2O3,24,0.9619755232
铅钡,PbO,Al2O3,25未风化点,0.962123576
铅钡,PbO,Al2O3,26,0.9410982957
铅钡,PbO,Al2O3,26严重风化点,0.9507664376
铅钡,PbO,Al2O3,28未风化点,0.9352779775
铅钡,PbO,Al2O3,29未风化点,0.7572147227
铅钡,PbO,Al2O3,30部位1,0.9994765059
铅钡,PbO,Al2O3,30部位2,0.9932527212
铅钡,PbO,Al2O3,31,0.9694615416
铅钡,PbO,Al2O3,32,0.995783689
铅钡,PbO,Al2O3,33,0.9864134571
铅钡,PbO,Al2O3,34,0.920712367
铅钡,PbO,Al2O3,35,0.9765996394
铅钡,PbO,Al2O3,36,0.9318098057
铅钡,PbO,Al2O3,37,0.9804075753
铅钡,PbO,Al2O3,38,0.9344615834
铅钡,PbO,Al2O3,39,0.8671778833
铅钡,PbO,Al2O3,40,0.84791892
铅钡,PbO,Al2O3,41,0.9640981501
铅钡,PbO,Al2O3,42未风化点1,0.9733374267
铅钡,PbO,Al2O3,42未风化点2,0.921802957
铅钡,PbO,Al2O3,43部位1,0.9035884016
铅钡,PbO,Al2O3,43部位2,0.9643444357
铅钡,PbO,Al2O3,44未风化点,0.7835100886
铅钡,PbO,Al2O3,45,0.9261462582
铅钡,PbO,Al2O3,46,0.9529451638
铅钡,PbO,Al2O3,47,0.9938328255
铅钡,PbO,Al2O3,48,0.7726006397
铅钡,PbO,Al2O3,49,0.9618284255
铅钡,PbO,Al2O3,49未风化点,0.9109862931
铅钡,PbO,Al2O3,50,0.9319635426
铅钡,PbO,Al2O3,50未风化点,0.9811293711
铅钡,PbO,Al2O3,51部位1,0.9803934961
铅钡,PbO,Al2O3,51部位2,0.9283872252
铅钡,PbO,Al2O3,52,0.9092134718
铅钡,PbO,Al2O3,53未风化点,0.8990540835
铅钡,PbO,Al2O3,54,0.9543835453
铅钡,PbO,Al2O3,54严重风化点,0.9360559371
铅钡,PbO,Al2O3,55,0.9494293147
铅钡,PbO,Al2O3,56,0.9380671384
铅钡,PbO,Al2O3,57,0.9360398184
铅钡,PbO,Al2O3,58,0.9808011593
铅钡,PbO,Fe2O3,02,0.8867115837
铅钡,PbO,Fe2O3,08,0.9280042207
铅钡,PbO,Fe2O3,08严重风化点,0.9192611386
铅钡,PbO,Fe2O3,11,0.9357711591
铅钡,PbO,Fe2O3,19,0.9371733628
铅钡,PbO,Fe2O3,20,0.8452777092
铅钡,PbO,Fe2O3,23未风化点,0.9562291021
铅钡,PbO,Fe2O3,24,0.9269285276
铅钡,PbO,Fe2O3,25未风化点,0.8872066493
铅钡,PbO,Fe2O3,26,0.9260184784
铅钡,PbO,Fe2O3,26严重风化点,0.9251102144
铅钡,PbO,Fe2O3,28未风化点,0.9904047109
铅钡,PbO,Fe2O3,29未风化点,0.9275520491
铅钡,PbO,Fe2O3,30部位1,0.8431570483
铅钡,PbO,Fe2O3,30部位2,0.7838598401
铅钡,PbO,Fe2O3,31,0.6293067009
铅钡,PbO,Fe2O3,32,0.9224111223
铅钡,PbO,Fe2O3,33,0.9582717752
铅钡,PbO,Fe2O3,34,0.9423310106
铅钡,PbO,Fe2O3,35,0.9651949699
铅钡,PbO,Fe2O3,36,0.9358900081
铅钡,PbO,Fe2O3,37,0.9555832424
铅钡,PbO,Fe2O3,38,0.9144270798
铅钡,PbO,Fe2O3,39,0.8579818675
铅钡,PbO,Fe2O3,40,0.8589440508
铅钡,PbO,Fe2O3,41,0.8872442281
铅钡,PbO,Fe2O3,42未风化点1,0.9442021009
铅钡,PbO,Fe2O3,42未风化点2,0.9484870274
铅钡,PbO,Fe2O3,43部位1,0.9458312955
铅钡,PbO,Fe2O3,43部位2,0.9345053341
铅钡,PbO,Fe2O3,44未风化点,0.9354154222
铅钡,PbO,Fe2O3,45,0.9586963488
铅钡,PbO,Fe2O3,46,0.9361045521
铅钡,PbO,Fe2O3,47,0.9357473544
铅钡,PbO,Fe2O3,48,0.9096930183
铅钡,PbO,Fe2O3,49,0.7779581149
铅钡,PbO,Fe2O3,49未风化点,0.8988180883
铅钡,PbO,Fe2O3,50,0.9314310938
铅钡,PbO,Fe2O3,50未风化点,0.9235076429
铅钡,PbO,Fe2O3,51部位1,0.9481355647
铅钡,PbO,Fe2O3,51部位2,0.9249573097
铅钡,PbO,Fe2O3,52,0.9117964027
铅钡,PbO,Fe2O3,53未风化点,0.9645536525
铅钡,PbO,Fe2O3,54,0.8692752747
铅钡,PbO,Fe2O3,54严重风化点,0.8631559681
铅钡,PbO,Fe2O3,55,0.9181826881
铅钡,PbO,Fe2O3,56,0.8994801714
铅钡,PbO,Fe2O3,57,0.8910911977
铅钡,PbO,Fe2O3,58,0.9886224309
铅钡,PbO,CuO,02,0.8960470296
铅钡,PbO,CuO,08,0.7023628811
铅钡,PbO,CuO,08严重风化点,0.9408637106
铅钡,PbO,CuO,11,0.8558819503
铅钡,PbO,CuO,19,0.950110897
铅钡,PbO,CuO,20,0.8299502801
铅钡,PbO,CuO,23未风化点,0.9110175211
铅钡,PbO,CuO,24,0.7527524232
铅钡,PbO,CuO,25未风化点,0.9686988628
铅钡,PbO,CuO,26,0.6997057546
铅钡,PbO,CuO,26严重风化点,0.9158189663
铅钡,PbO,CuO,28未风化点,0.9705985009
铅钡,PbO,CuO,29未风化点,0.9981612991
铅钡,PbO,CuO,30部位1,0.9039673643
铅钡,PbO,CuO,30部位2,0.9072671368
铅钡,PbO,CuO,31,0.9771518196
铅钡,PbO,CuO,32,0.9541745895
铅钡,PbO,CuO,33,0.979551692
铅钡,PbO,CuO,34,0.9493721987
铅钡,PbO,CuO,35,0.9507149792
铅钡,PbO,CuO,36,0.9259837223
铅钡,PbO,CuO,37,0.9108035531
铅钡,PbO,CuO,38,0.910370752
铅钡,PbO,CuO,39,0.8904088288
铅钡,PbO,CuO,40,0.8399959605
铅钡,PbO,CuO,41,0.9005837387
铅钡,PbO,CuO,42未风化点1,0.9355255017
铅钡,PbO,CuO,42未风化点2,0.9292693347
铅钡,PbO,CuO,43部位1,0.9132726647
铅钡,PbO,CuO,43部位2,0.9538032027
铅钡,PbO,CuO,44未风化点,0.9843757063
铅钡,PbO,CuO,45,0.9827826684
铅钡,PbO,CuO,46,0.9698226782
铅钡,PbO,CuO,47,0.964029899
铅钡,PbO,CuO,48,0.9593964674
铅钡,PbO,CuO,49,0.9444928931
铅钡,PbO,CuO,49未风化点,0.9610865832
铅钡,PbO,CuO,50,0.9392101455
铅钡,PbO,CuO,50未风化点,0.9532306359
铅钡,PbO,CuO,51部位1,0.9588403098
铅钡,PbO,CuO,51部位2,0.9066121491
铅钡,PbO,CuO,52,0.9134400697
铅钡,PbO,CuO,53未风化点,0.9894108892
铅钡,PbO,CuO,54,0.9006176485
铅钡,PbO,CuO,54严重风化点,0.9141559945
铅钡,PbO,CuO,55,0.9545387755
铅钡,PbO,CuO,56,0.9314038346
铅钡,PbO,CuO,57,0.937850698
铅钡,PbO,CuO,58,0.9582096189
铅钡,PbO,BaO,02,0.886089814
铅钡,PbO,BaO,08,0.8392472076
铅钡,PbO,BaO,08严重风化点,0.8503232236
铅钡,PbO,BaO,11,0.94620477
铅钡,PbO,BaO,19,0.9347670347
铅钡,PbO,BaO,20,0.8489997595
铅钡,PbO,BaO,23未风化点,0.9470142411
铅钡,PbO,BaO,24,0.8717770897
铅钡,PbO,BaO,25未风化点,0.9719457879
铅钡,PbO,BaO,26,0.8346908323
铅钡,PbO,BaO,26严重风化点,0.8165642503
铅钡,PbO,BaO,28未风化点,0.9888314112
铅钡,PbO,BaO,29未风化点,0.9847024845
铅钡,PbO,BaO,30部位1,0.9829885936
铅钡,PbO,BaO,30部位2,0.9873970219
铅钡,PbO,BaO,31,0.9851741139
铅钡,PbO,BaO,32,0.988965331
铅钡,PbO,BaO,33,0.9872981328
铅钡,PbO,BaO,34,0.961779931
铅钡,PbO,BaO,35,0.9896390503
铅钡,PbO,BaO,36,0.9812230472
铅钡,PbO,BaO,37,0.9595941017
铅钡,PbO,BaO,38,0.9532371292
铅钡,PbO,BaO,39,0.906512539
铅钡,PbO,BaO,40,0.8828734085
铅钡,PbO,BaO,41,0.9659903744
铅钡,PbO,BaO,42未风化点1,0.9702927521
铅钡,PbO,BaO,42未风化点2,0.9625151098
铅钡,PbO,BaO,43部位1,0.9096566523
铅钡,PbO,BaO,43部位2,0.9148341147
铅钡,PbO,BaO,44未风化点,0.9923320577
铅钡,PbO,BaO,45,0.9515982452
铅钡,PbO,BaO,46,0.9824031822
铅钡,PbO,BaO,47,0.9897744822
铅钡,PbO,BaO,48,0.9803146974
铅钡,PbO,BaO,49,0.9617091086
铅钡,PbO,BaO,49未风化点,0.9746746758
铅钡,PbO,BaO,50,0.9972888779
铅钡,PbO,BaO,50未风化点,0.9717481399
铅钡,PbO,BaO,51部位1,0.9692310326
铅钡,PbO,BaO,51部位2,0.8778219129
铅钡,PbO,BaO,52,0.9488949076
铅钡,PbO,BaO,53未风化点,0.9613789315
铅钡,PbO,BaO,54,0.9178167702
铅钡,PbO,BaO,54严重风化点,0.8631559681
铅钡,PbO,BaO,55,0.9800059808
铅钡,PbO,BaO,56,0.9794345437
铅钡,PbO,BaO,57,0.9741659904
铅钡,PbO,BaO,58,0.9611795465
铅钡,PbO,P2O5,02,0.9706321456
铅钡,PbO,P2O5,08,0.9799172056
铅钡,PbO,P2O5,08严重风化点,0.8932107799
铅钡,PbO,P2O5,11,0.8411406755
铅钡,PbO,P2O5,19,0.8878361698
铅钡,PbO,P2O5,20,0.8828825065
铅钡,PbO,P2O5,23未风化点,0.9562291021
铅钡,PbO,P2O5,24,0.9302524333
铅钡,PbO,P2O5,25未风化点,0.9249808478
铅钡,PbO,P2O5,26,0.9945124175
铅钡,PbO,P2O5,26严重风化点,0.922013885
铅钡,PbO,P2O5,28未风化点,0.9827296941
铅钡,PbO,P2O5,29未风化点,0.978674779
铅钡,PbO,P2O5,30部位1,0.9039673643
铅钡,PbO,P2O5,30部位2,0.9403906336
铅钡,PbO,P2O5,31,1
铅钡,PbO,P2O5,32,0.9536059459
铅钡,PbO,P2O5,33,0.9615700479
铅钡,PbO,P2O5,34,0.8954156252
铅钡,PbO,P2O5,35,0.9542048026
铅钡,PbO,P2O5,36,0.9002484089
铅钡,PbO,P2O5,37,0.993757938
铅钡,PbO,P2O5,38,0.8925000165
铅钡,PbO,P2O5,39,0.8821562395
铅钡,PbO,P2O5,40,0.8758513512
铅钡,PbO,P2O5,41,0.9215928315
铅钡,PbO,P2O5,42未风化点1,0.9461699768
铅钡,PbO,P2O5,42未风化点2,0.9484870274
铅钡,PbO,P2O5,43部位1,0.8603498012
铅钡,PbO,P2O5,43部位2,0.8121997287
铅钡,PbO,P2O5,44未风化点,0.9646801302
铅钡,PbO,P2O5,45,0.9586963488
铅钡,PbO,P2O5,46,0.9409551678
铅钡,PbO,P2O5,47,0.9381645468
铅钡,PbO,P2O5,48,0.9881088464
铅钡,PbO,P2O5,49,0.8248614324
铅钡,PbO,P2O5,49未风化点,0.9469864802
铅钡,PbO,P2O5,50,0.9482576354
铅钡,PbO,P2O5,50未风化点,0.9166181273
铅钡,PbO,P2O5,51部位1,0.8982726682
铅钡,PbO,P2O5,51部位2,0.9082905416
铅钡,PbO,P2O5,52,0.9728366915
铅钡,PbO,P2O5,53未风化点,0.9645536525
铅钡,PbO,P2O5,54,0.9674564429
铅钡,PbO,P2O5,54严重风化点,0.8131749069
铅钡,PbO,P2O5,55,0.9263797799
铅钡,PbO,P2O5,56,0.9598622135
铅钡,PbO,P2O5,57,0.8910911977
铅钡,PbO,P2O5,58,0.8770601042
铅钡,PbO,SrO,02,0.9267417598
铅钡,PbO,SrO,08,0.9822701374
铅钡,PbO,SrO,08严重风化点,0.952844635
铅钡,PbO,SrO,11,0.9737156626
铅钡,PbO,SrO,19,0.9376317203
铅钡,PbO,SrO,20,0.9757085957
铅钡,PbO,SrO,23未风化点,0.9620613995
铅钡,PbO,SrO,24,0.8639335582
铅钡,PbO,SrO,25未风化点,0.9669076298
铅钡,PbO,SrO,26,0.9647079524
铅钡,PbO,SrO,26严重风化点,0.9260833318
铅钡,PbO,SrO,28未风化点,0.9852765783
铅钡,PbO,SrO,29未风化点,0.9696629028
铅钡,PbO,SrO,30部位1,0.9851808227
铅钡,PbO,SrO,30部位2,0.9783965138
铅钡,PbO,SrO,31,0.9682537079
铅钡,PbO,SrO,32,0.9493682852
铅钡,PbO,SrO,33,0.9582717752
铅钡,PbO,SrO,34,0.9355933443
铅钡,PbO,SrO,35,0.9437902654
铅钡,PbO,SrO,36,0.9474982745
铅钡,PbO,SrO,37,0.9675700725
铅钡,PbO,SrO,38,0.9738624435
铅钡,PbO,SrO,39,0.9934529165
铅钡,PbO,SrO,40,0.9868669318
铅钡,PbO,SrO,41,0.99787376
铅钡,PbO,SrO,42未风化点1,0.9696265492
铅钡,PbO,SrO,42未风化点2,0.9484870274
铅钡,PbO,SrO,43部位1,0.9963515698
铅钡,PbO,SrO,43部位2,0.999582079
铅钡,PbO,SrO,44未风化点,0.9705367926
铅钡,PbO,SrO,45,0.9841831601
铅钡,PbO,SrO,46,0.958765919
铅钡,PbO,SrO,47,0.8680324079
铅钡,PbO,SrO,48,0.9784322
铅钡,PbO,SrO,49,0.9741390706
铅钡,PbO,SrO,49未风化点,0.9850292645
铅钡,PbO,SrO,50,0.9506051178
铅钡,PbO,SrO,50未风化点,0.977611192
铅钡,PbO,SrO,51部位1,0.9926612688
铅钡,PbO,SrO,51部位2,0.8778219129
铅钡,PbO,SrO,52,0.986305604
铅钡,PbO,SrO,53未风化点,0.9682161595
铅钡,PbO,SrO,54,0.9275335054
铅钡,PbO,SrO,54严重风化点,0.88299862
铅钡,PbO,SrO,55,0.9181826881
铅钡,PbO,SrO,56,0.8994801714
铅钡,PbO,SrO,57,0.8910911977
铅钡,PbO,SrO,58,0.9578030208
铅钡,PbO,SnO2,02,0.886089814
铅钡,PbO,SnO2,08,0.9280042207
铅钡,PbO,SnO2,08严重风化点,0.9192611386
铅钡,PbO,SnO2,11,0.9357711591
铅钡,PbO,SnO2,19,0.8960402137
铅钡,PbO,SnO2,20,0.9757085957
铅钡,PbO,SnO2,23未风化点,0.9562291021
铅钡,PbO,SnO2,24,0.9269285276
铅钡,PbO,SnO2,25未风化点,0.9205263764
铅钡,PbO,SnO2,26,0.9260184784
铅钡,PbO,SnO2,26严重风化点,0.9251102144
铅钡,PbO,SnO2,28未风化点,0.7624705848
铅钡,PbO,SnO2,29未风化点,0.9679802335
铅钡,PbO,SnO2,30部位1,0.659419704
铅钡,PbO,SnO2,30部位2,0.6317688208
铅钡,PbO,SnO2,31,0.9572991728
铅钡,PbO,SnO2,32,0.9493682852
铅钡,PbO,SnO2,33,0.9582717752
铅钡,PbO,SnO2,34,0.8879721368
铅钡,PbO,SnO2,35,0.9437902654
铅钡,PbO,SnO2,36,0.8986890595
铅钡,PbO,SnO2,37,0.9555832424
铅钡,PbO,SnO2,38,0.882095103
铅钡,PbO,SnO2,39,0.8579818675
铅钡,PbO,SnO2,40,0.8399959605
铅钡,PbO,SnO2,41,0.8932116914
铅钡,PbO,SnO2,42未风化点1,0.9442021009
铅钡,PbO,SnO2,42未风化点2,0.9484870274
铅钡,PbO,SnO2,43部位1,0.8603498012
铅钡,PbO,SnO2,43部位2,0.8918473601
铅钡,PbO,SnO2,44未风化点,0.9646801302
铅钡,PbO,SnO2,45,0.9586963488
铅钡,PbO,SnO2,46,0.9361045521
铅钡,PbO,SnO2,47,0.9357473544
铅钡,PbO,SnO2,48,0.3334621081
铅钡,PbO,SnO2,49,0.9153039686
铅钡,PbO,SnO2,49未风化点,0.9414472369
铅钡,PbO,SnO2,50,0.8934720374
铅钡,PbO,SnO2,50未风化点,0.9235076429
铅钡,PbO,SnO2,51部位1,0.6162101345
铅钡,PbO,SnO2,51部位2,0.8778219129
铅钡,PbO,SnO2,52,0.8861111592
铅钡,PbO,SnO2,53未风化点,0.9645536525
铅钡,PbO,SnO2,54,0.8692752747
铅钡,PbO,SnO2,54严重风化点,0.8631559681
铅钡,PbO,SnO2,55,0.9181826881
铅钡,PbO,SnO2,56,0.8994801714
铅钡,PbO,SnO2,57,0.8910911977
铅钡,PbO,SnO2,58,0.9036786658
铅钡,PbO,SO2,02,0.886089814
铅钡,PbO,SO2,08,0.823603362
铅钡,PbO,SO2,08严重风化点,0.3823277715
铅钡,PbO,SO2,11,0.9357711591
铅钡,PbO,SO2,19,0.8960402137
铅钡,PbO,SO2,20,0.9757085957
铅钡,PbO,SO2,23未风化点,0.9562291021
铅钡,PbO,SO2,24,0.9269285276
铅钡,PbO,SO2,25未风化点,0.9205263764
铅钡,PbO,SO2,26,0.8759881572
铅钡,PbO,SO2,26严重风化点,0.3667372508
铅钡,PbO,SO2,28未风化点,0.9558315467
铅钡,PbO,SO2,29未风化点,0.9679802335
铅钡,PbO,SO2,30部位1,0.9039673643
铅钡,PbO,SO2,30部位2,0.9072671368
铅钡,PbO,SO2,31,0.9572991728
铅钡,PbO,SO2,32,0.9493682852
铅钡,PbO,SO2,33,0.9582717752
铅钡,PbO,SO2,34,0.8879721368
铅钡,PbO,SO2,35,0.9437902654
铅钡,PbO,SO2,36,0.8986890595
铅钡,PbO,SO2,37,0.7311377897
铅钡,PbO,SO2,38,0.882095103
铅钡,PbO,SO2,39,0.8579818675
铅钡,PbO,SO2,40,0.8399959605
铅钡,PbO,SO2,41,0.8932116914
铅钡,PbO,SO2,42未风化点1,0.9442021009
铅钡,PbO,SO2,42未风化点2,0.9484870274
铅钡,PbO,SO2,43部位1,0.8603498012
铅钡,PbO,SO2,43部位2,0.8918473601
铅钡,PbO,SO2,44未风化点,0.9646801302
铅钡,PbO,SO2,45,0.9586963488
铅钡,PbO,SO2,46,0.9361045521
铅钡,PbO,SO2,47,0.9357473544
铅钡,PbO,SO2,48,0.9593964674
铅钡,PbO,SO2,49,0.9153039686
铅钡,PbO,SO2,49未风化点,0.9414472369
铅钡,PbO,SO2,50,0.8934720374
铅钡,PbO,SO2,50未风化点,0.9235076429
铅钡,PbO,SO2,51部位1,0.9017071335
铅钡,PbO,SO2,51部位2,0.8778219129
铅钡,PbO,SO2,52,0.8861111592
铅钡,PbO,SO2,53未风化点,0.9645536525
铅钡,PbO,SO2,54,0.8692752747
铅钡,PbO,SO2,54严重风化点,0.8631559681
铅钡,PbO,SO2,55,0.9181826881
铅钡,PbO,SO2,56,0.8994801714
铅钡,PbO,SO2,57,0.8910911977
铅钡,PbO,SO2,58,0.9036786658
铅钡,BaO,SiO2,02,0.9212208687
铅钡,BaO,SiO2,08,0.8161117313
铅钡,BaO,SiO2,08严重风化点,0.7957981861
铅钡,BaO,SiO2,11,0.9537950666
铅钡,BaO,SiO2,19,0.9773905758
铅钡,BaO,SiO2,20,0.8947360804
铅钡,BaO,SiO2,23未风化点,0.9773339584
铅钡,BaO,SiO2,24,0.8666762418
铅钡,BaO,SiO2,25未风化点,0.9423245187
铅钡,BaO,SiO2,26,0.8096791464
铅钡,BaO,SiO2,26严重风化点,0.7687057015
铅钡,BaO,SiO2,28未风化点,0.8887445731
铅钡,BaO,SiO2,29未风化点,0.8838036209
铅钡,BaO,SiO2,30部位1,0.9911390833
铅钡,BaO,SiO2,30部位2,0.9966519306
铅钡,BaO,SiO2,31,0.8885070607
铅钡,BaO,SiO2,32,0.8915140172
铅钡,BaO,SiO2,33,0.8718576893
铅钡,BaO,SiO2,34,0.996996311
铅钡,BaO,SiO2,35,0.9043698388
铅钡,BaO,SiO2,36,0.9986724136
铅钡,BaO,SiO2,37,0.9511223448
铅钡,BaO,SiO2,38,0.9921657085
铅钡,BaO,SiO2,39,0.9988087621
铅钡,BaO,SiO2,40,0.9813061733
铅钡,BaO,SiO2,41,0.9599310328
铅钡,BaO,SiO2,42未风化点1,0.9714680891
铅钡,BaO,SiO2,42未风化点2,0.974703016
铅钡,BaO,SiO2,43部位1,0.9667192081
铅钡,BaO,SiO2,43部位2,0.9778295158
铅钡,BaO,SiO2,44未风化点,0.9111001684
铅钡,BaO,SiO2,45,0.9535542885
铅钡,BaO,SiO2,46,0.9594518028
铅钡,BaO,SiO2,47,0.9607427957
铅钡,BaO,SiO2,48,0.9417510307
铅钡,BaO,SiO2,49,0.9856318277
铅钡,BaO,SiO2,49未风化点,0.9156485061
铅钡,BaO,SiO2,50,0.9245080008
铅钡,BaO,SiO2,50未风化点,0.9507643408
铅钡,BaO,SiO2,51部位1,0.9803128145
铅钡,BaO,SiO2,51部位2,0.9520868643
铅钡,BaO,SiO2,52,0.9854172898
铅钡,BaO,SiO2,53未风化点,0.9332485555
铅钡,BaO,SiO2,54,0.9911018006
铅钡,BaO,SiO2,54严重风化点,0.9612332893
铅钡,BaO,SiO2,55,0.9559510773
铅钡,BaO,SiO2,56,0.9378696596
铅钡,BaO,SiO2,57,0.9164239222
铅钡,BaO,SiO2,58,0.9952998211
铅钡,BaO,Na2O,02,1
铅钡,BaO,Na2O,08,0.7856726957
铅钡,BaO,Na2O,08严重风化点,0.7889756224
铅钡,BaO,Na2O,11,0.886824654
铅钡,BaO,Na2O,19,0.9553540579
铅钡,BaO,Na2O,20,0.8293870415
铅钡,BaO,Na2O,23未风化点,0.5886583154
铅钡,BaO,Na2O,24,0.8135905088
铅钡,BaO,Na2O,25未风化点,0.8503847081
铅钡,BaO,Na2O,26,0.7802111217
铅钡,BaO,Na2O,26严重风化点,0.7635590376
铅钡,BaO,Na2O,28未风化点,0.9659134206
铅钡,BaO,Na2O,29未风化点,0.9298232921
铅钡,BaO,Na2O,30部位1,0.9175293884
铅钡,BaO,Na2O,30部位2,0.9170883806
铅钡,BaO,Na2O,31,0.9709927894
铅钡,BaO,Na2O,32,0.9591158704
铅钡,BaO,Na2O,33,0.9699233391
铅钡,BaO,Na2O,34,0.9196669193
铅钡,BaO,Na2O,35,0.9527303701
铅钡,BaO,Na2O,36,0.8847145491
铅钡,BaO,Na2O,37,0.9171618525
铅钡,BaO,Na2O,38,0.9485037888
铅钡,BaO,Na2O,39,0.9406746261
铅钡,BaO,Na2O,40,0.9447890973
铅钡,BaO,Na2O,41,0.9214434567
铅钡,BaO,Na2O,42未风化点1,0.6711120713
铅钡,BaO,Na2O,42未风化点2,0.6754912246
铅钡,BaO,Na2O,43部位1,0.940133883
铅钡,BaO,Na2O,43部位2,0.9723122779
铅钡,BaO,Na2O,44未风化点,0.7908814637
铅钡,BaO,Na2O,45,0.8519709432
铅钡,BaO,Na2O,46,0.9192238548
铅钡,BaO,Na2O,47,0.7186589323
铅钡,BaO,Na2O,48,0.9830956135
铅钡,BaO,Na2O,49,0.9494119006
铅钡,BaO,Na2O,49未风化点,0.9646925146
铅钡,BaO,Na2O,50,0.8896502155
铅钡,BaO,Na2O,50未风化点,0.9484680083
铅钡,BaO,Na2O,51部位1,0.9275654232
铅钡,BaO,Na2O,51部位2,1
铅钡,BaO,Na2O,52,0.9540822098
铅钡,BaO,Na2O,53未风化点,0.8133686837
铅钡,BaO,Na2O,54,0.9420679691
铅钡,BaO,Na2O,54严重风化点,1
铅钡,BaO,Na2O,55,0.8298019312
铅钡,BaO,Na2O,56,0.8810913911
铅钡,BaO,Na2O,57,0.8687223077
铅钡,BaO,Na2O,58,0.9372859655
铅钡,BaO,K2O,02,0.6432296514
铅钡,BaO,K2O,08,0.7856726957
铅钡,BaO,K2O,08严重风化点,0.7889756224
铅钡,BaO,K2O,11,0.9835862194
铅钡,BaO,K2O,19,0.9553540579
铅钡,BaO,K2O,20,0.8551814184
铅钡,BaO,K2O,23未风化点,0.9061276033
铅钡,BaO,K2O,24,0.8135905088
铅钡,BaO,K2O,25未风化点,0.9451010847
铅钡,BaO,K2O,26,0.7802111217
铅钡,BaO,K2O,26严重风化点,0.9104488041
铅钡,BaO,K2O,28未风化点,0.9073968888
铅钡,BaO,K2O,29未风化点,0.8766234215
铅钡,BaO,K2O,30部位1,0.6042519964
铅钡,BaO,K2O,30部位2,0.9170883806
铅钡,BaO,K2O,31,0.9709927894
铅钡,BaO,K2O,32,0.9360631021
铅钡,BaO,K2O,33,0.953991774
铅钡,BaO,K2O,34,0.9572030203
铅钡,BaO,K2O,35,0.9527303701
铅钡,BaO,K2O,36,0.9797713501
铅钡,BaO,K2O,37,0.9697668455
铅钡,BaO,K2O,38,0.9212210143
铅钡,BaO,K2O,39,0.9406746261
铅钡,BaO,K2O,40,0.9447890973
铅钡,BaO,K2O,41,0.8717081452
铅钡,BaO,K2O,42未风化点1,0.987928244
铅钡,BaO,K2O,42未风化点2,0.9175592366
铅钡,BaO,K2O,43部位1,0.940133883
铅钡,BaO,K2O,43部位2,0.9723122779
铅钡,BaO,K2O,44未风化点,0.9433502029
铅钡,BaO,K2O,45,0.9637354762
铅钡,BaO,K2O,46,0.9576834625
铅钡,BaO,K2O,47,0.9323434536
铅钡,BaO,K2O,48,0.9048261892
铅钡,BaO,K2O,49,0.9494119006
铅钡,BaO,K2O,49未风化点,0.8913664588
铅钡,BaO,K2O,50,0.8896502155
铅钡,BaO,K2O,50未风化点,0.9484680083
铅钡,BaO,K2O,51部位1,0.9275654232
铅钡,BaO,K2O,51部位2,1
铅钡,BaO,K2O,52,0.9298255413
铅钡,BaO,K2O,53未风化点,0.9799875386
铅钡,BaO,K2O,54,0.9028994091
铅钡,BaO,K2O,54严重风化点,1
铅钡,BaO,K2O,55,0.9350658469
铅钡,BaO,K2O,56,0.8810913911
铅钡,BaO,K2O,57,0.8687223077
铅钡,BaO,K2O,58,0.8987211153
铅钡,BaO,CaO,02,0.9053077418
铅钡,BaO,CaO,08,0.8287479892
铅钡,BaO,CaO,08严重风化点,0.8889876878
铅钡,BaO,CaO,11,0.9715562205
铅钡,BaO,CaO,19,0.9223074936
铅钡,BaO,CaO,20,0.8293870415
铅钡,BaO,CaO,23未风化点,0.9248575522
铅钡,BaO,CaO,24,0.8277386488
铅钡,BaO,CaO,25未风化点,0.9709424027
铅钡,BaO,CaO,26,0.8214651292
铅钡,BaO,CaO,26严重风化点,0.8509834257
铅钡,BaO,CaO,28未风化点,0.9759831873
铅钡,BaO,CaO,29未风化点,0.8964812207
铅钡,BaO,CaO,30部位1,0.9002380678
铅钡,BaO,CaO,30部位2,0.9098201637
铅钡,BaO,CaO,31,0.9600196107
铅钡,BaO,CaO,32,0.9784112229
铅钡,BaO,CaO,33,0.9976040978
铅钡,BaO,CaO,34,0.950132664
铅钡,BaO,CaO,35,0.9684019083
铅钡,BaO,CaO,36,0.9275909068
铅钡,BaO,CaO,37,0.9518936118
铅钡,BaO,CaO,38,0.9477593201
铅钡,BaO,CaO,39,0.9867280879
铅钡,BaO,CaO,40,0.9754663074
铅钡,BaO,CaO,41,0.8799287973
铅钡,BaO,CaO,42未风化点1,0.9468414183
铅钡,BaO,CaO,42未风化点2,0.9132111456
铅钡,BaO,CaO,43部位1,0.8543014955
铅钡,BaO,CaO,43部位2,0.795165109
铅钡,BaO,CaO,44未风化点,0.9523264719
铅钡,BaO,CaO,45,0.9450114352
铅钡,BaO,CaO,46,0.9192238548
铅钡,BaO,CaO,47,0.9599363957
铅钡,BaO,CaO,48,0.9414427164
铅钡,BaO,CaO,49,0.8684777622
铅钡,BaO,CaO,49未风化点,0.9466333826
铅钡,BaO,CaO,50,0.9817839402
铅钡,BaO,CaO,50未风化点,0.9215481197
铅钡,BaO,CaO,51部位1,0.9242716207
铅钡,BaO,CaO,51部位2,0.8134655984
铅钡,BaO,CaO,52,0.9746614968
铅钡,BaO,CaO,53未风化点,0.9581644016
铅钡,BaO,CaO,54,0.9249865697
铅钡,BaO,CaO,54严重风化点,1
铅钡,BaO,CaO,55,0.9814187984
铅钡,BaO,CaO,56,0.9251809114
铅钡,BaO,CaO,57,0.9152819403
铅钡,BaO,CaO,58,0.9181969965
铅钡,BaO,MgO,02,0.8565252975
铅钡,BaO,MgO,08,0.7856726957
铅钡,BaO,MgO,08严重风化点,0.7889756224
铅钡,BaO,MgO,11,0.9738710278
铅钡,BaO,MgO,19,0.9643000983
铅钡,BaO,MgO,20,0.8293870415
铅钡,BaO,MgO,23未风化点,0.9971991563
铅钡,BaO,MgO,24,0.8135905088
铅钡,BaO,MgO,25未风化点,0.9451010847
铅钡,BaO,MgO,26,0.7802111217
铅钡,BaO,MgO,26严重风化点,0.7635590376
铅钡,BaO,MgO,28未风化点,0.9036147412
铅钡,BaO,MgO,29未风化点,0.8376738463
铅钡,BaO,MgO,30部位1,0.9530768486
铅钡,BaO,MgO,30部位2,0.9823086304
铅钡,BaO,MgO,31,0.9120202403
铅钡,BaO,MgO,32,0.9591158704
铅钡,BaO,MgO,33,0.9001333718
铅钡,BaO,MgO,34,0.9196669193
铅钡,BaO,MgO,35,0.9527303701
铅钡,BaO,MgO,36,0.9135755214
铅钡,BaO,MgO,37,0.9171618525
铅钡,BaO,MgO,38,0.9212210143
铅钡,BaO,MgO,39,0.9406746261
铅钡,BaO,MgO,40,0.9447890973
铅钡,BaO,MgO,41,0.7678807529
铅钡,BaO,MgO,42未风化点1,0.940489432
铅钡,BaO,MgO,42未风化点2,0.9349012229
铅钡,BaO,MgO,43部位1,0.941032663
铅钡,BaO,MgO,43部位2,0.9038470803
铅钡,BaO,MgO,44未风化点,0.9563916038
铅钡,BaO,MgO,45,0.9907744232
铅钡,BaO,MgO,46,0.8701766954
铅钡,BaO,MgO,47,0.9940666053
铅钡,BaO,MgO,48,0.8659816067
铅钡,BaO,MgO,49,0.8655075638
铅钡,BaO,MgO,49未风化点,0.882030824
铅钡,BaO,MgO,50,0.9457892103
铅钡,BaO,MgO,50未风化点,0.9781631803
铅钡,BaO,MgO,51部位1,0.9167278121
铅钡,BaO,MgO,51部位2,0.8293002354
铅钡,BaO,MgO,52,0.9974016456
铅钡,BaO,MgO,53未风化点,0.9231038037
铅钡,BaO,MgO,54,0.8926906517
铅钡,BaO,MgO,54严重风化点,0.8638779451
铅钡,BaO,MgO,55,0.9350658469
铅钡,BaO,MgO,56,0.8810913911
铅钡,BaO,MgO,57,0.8687223077
铅钡,BaO,MgO,58,0.9567228034
铅钡,BaO,Al2O3,02,0.8747649044
铅钡,BaO,Al2O3,08,0.8068975609
铅钡,BaO,Al2O3,08严重风化点,0.8066253709
铅钡,BaO,Al2O3,11,0.9430324772
铅钡,BaO,Al2O3,19,0.9592655124
铅钡,BaO,Al2O3,20,0.9349803261
铅钡,BaO,Al2O3,23未风化点,0.9362256505
铅钡,BaO,Al2O3,24,0.8407647594
铅钡,BaO,Al2O3,25未风化点,0.9894952243
铅钡,BaO,Al2O3,26,0.7910047976
铅钡,BaO,Al2O3,26严重风化点,0.7811437666
铅钡,BaO,Al2O3,28未风化点,0.924094662
铅钡,BaO,Al2O3,29未风化点,0.7459605808
铅钡,BaO,Al2O3,30部位1,0.9815453906
铅钡,BaO,Al2O3,30部位2,0.9940013867
铅钡,BaO,Al2O3,31,0.9543535425
铅钡,BaO,Al2O3,32,0.9839248276
铅钡,BaO,Al2O3,33,0.9730413727
铅钡,BaO,Al2O3,34,0.9552244071
铅钡,BaO,Al2O3,35,0.9865470029
铅钡,BaO,Al2O3,36,0.9482050666
铅钡,BaO,Al2O3,37,0.9781282851
铅钡,BaO,Al2O3,38,0.9791401252
铅钡,BaO,Al2O3,39,0.9518603149
铅钡,BaO,Al2O3,40,0.9549328889
铅钡,BaO,Al2O3,41,0.9979506115
铅钡,BaO,Al2O3,42未风化点1,0.9967521307
铅钡,BaO,Al2O3,42未风化点2,0.9556772847
铅钡,BaO,Al2O3,43部位1,0.9925933231
铅钡,BaO,Al2O3,43部位2,0.9463219413
铅钡,BaO,Al2O3,44未风化点,0.7864953217
铅钡,BaO,Al2O3,45,0.9716384567
铅钡,BaO,Al2O3,46,0.9691762619
铅钡,BaO,Al2O3,47,0.9958473184
铅钡,BaO,Al2O3,48,0.7829671264
铅钡,BaO,Al2O3,49,0.9249530909
铅钡,BaO,Al2O3,49未风化点,0.8882548397
铅钡,BaO,Al2O3,50,0.9282334088
铅钡,BaO,Al2O3,50未风化点,0.952738497
铅钡,BaO,Al2O3,51部位1,0.9495951129
铅钡,BaO,Al2O3,51部位2,0.940988313
铅钡,BaO,Al2O3,52,0.9555772068
铅钡,BaO,Al2O3,53未风化点,0.9320693578
铅钡,BaO,Al2O3,54,0.9595148181
铅钡,BaO,Al2O3,54严重风化点,0.9164261487
铅钡,BaO,Al2O3,55,0.967852685
铅钡,BaO,Al2O3,56,0.9184982371
铅钡,BaO,Al2O3,57,0.9118692597
铅钡,BaO,Al2O3,58,0.9793963404
铅钡,BaO,Fe2O3,02,0.793746541
铅钡,BaO,Fe2O3,08,0.7856726957
铅钡,BaO,Fe2O3,08严重风化点,0.7889756224
铅钡,BaO,Fe2O3,11,0.886824654
铅钡,BaO,Fe2O3,19,0.8779069015
铅钡,BaO,Fe2O3,20,0.9947851571
铅钡,BaO,Fe2O3,23未风化点,0.9061276033
铅钡,BaO,Fe2O3,24,0.8135905088
铅钡,BaO,Fe2O3,25未风化点,0.863220821
铅钡,BaO,Fe2O3,26,0.7802111217
铅钡,BaO,Fe2O3,26严重风化点,0.7635590376
铅钡,BaO,Fe2O3,28未风化点,0.9784842586
铅钡,BaO,Fe2O3,29未风化点,0.9128855848
铅钡,BaO,Fe2O3,30部位1,0.8289897697
铅钡,BaO,Fe2O3,30部位2,0.7737665854
铅钡,BaO,Fe2O3,31,0.6205922184
铅钡,BaO,Fe2O3,32,0.9115135978
铅钡,BaO,Fe2O3,33,0.9699233391
铅钡,BaO,Fe2O3,34,0.9787707828
铅钡,BaO,Fe2O3,35,0.9747867898
铅钡,BaO,Fe2O3,36,0.9524759982
铅钡,BaO,Fe2O3,37,0.9171618525
铅钡,BaO,Fe2O3,38,0.9569360595
铅钡,BaO,Fe2O3,39,0.9406746261
铅钡,BaO,Fe2O3,40,0.9690921025
铅钡,BaO,Fe2O3,41,0.8585054297
铅钡,BaO,Fe2O3,42未风化点1,0.9162076356
铅钡,BaO,Fe2O3,42未风化点2,0.9132111456
铅钡,BaO,Fe2O3,43部位1,0.9592361411
铅钡,BaO,Fe2O3,43部位2,0.857845313
铅钡,BaO,Fe2O3,44未风化点,0.9416420286
铅钡,BaO,Fe2O3,45,0.9126287485
铅钡,BaO,Fe2O3,46,0.9192238548
铅钡,BaO,Fe2O3,47,0.925391062
铅钡,BaO,Fe2O3,48,0.925890486
铅钡,BaO,Fe2O3,49,0.7521606358
铅钡,BaO,Fe2O3,49未风化点,0.8765598805
铅钡,BaO,Fe2O3,50,0.9276995463
铅钡,BaO,Fe2O3,50未风化点,0.9484680083
铅钡,BaO,Fe2O3,51部位1,0.9189860711
铅钡,BaO,Fe2O3,51部位2,0.944576629
铅钡,BaO,Fe2O3,52,0.9584614119
铅钡,BaO,Fe2O3,53未风化点,0.9271898047
铅钡,BaO,Fe2O3,54,0.9420679691
铅钡,BaO,Fe2O3,54严重风化点,1
铅钡,BaO,Fe2O3,55,0.9350658469
铅钡,BaO,Fe2O3,56,0.8810913911
铅钡,BaO,Fe2O3,57,0.8687223077
铅钡,BaO,Fe2O3,58,0.9494561457
铅钡,BaO,CuO,02,0.9874831305
铅钡,BaO,CuO,08,0.809904173
铅钡,BaO,CuO,08严重风化点,0.8973560105
铅钡,BaO,CuO,11,0.8986915178
铅钡,BaO,CuO,19,0.8893732859
铅钡,BaO,CuO,20,0.9734017973
铅钡,BaO,CuO,23未风化点,0.9595352105
铅钡,BaO,CuO,24,0.8450780783
铅钡,BaO,CuO,25未风化点,0.9965265027
铅钡,BaO,CuO,26,0.8106325292
铅钡,BaO,CuO,26严重风化点,0.8817182683
铅钡,BaO,CuO,28未风化点,0.9811604367
铅钡,BaO,CuO,29未风化点,0.9819860429
铅钡,BaO,CuO,30部位1,0.9175293884
铅钡,BaO,CuO,30部位2,0.9170883806
铅钡,BaO,CuO,31,0.9916474797
铅钡,BaO,CuO,32,0.9640745618
铅钡,BaO,CuO,33,0.9919691525
铅钡,BaO,CuO,34,0.986451457
铅钡,BaO,CuO,35,0.9598636991
铅钡,BaO,CuO,36,0.9421084913
铅钡,BaO,CuO,37,0.9465900665
铅钡,BaO,CuO,38,0.9524473011
铅钡,BaO,CuO,39,0.9802335394
铅钡,BaO,CuO,40,0.9447890973
铅钡,BaO,CuO,41,0.9293758892
铅钡,BaO,CuO,42未风化点1,0.9627305189
铅钡,BaO,CuO,42未风化点2,0.9637917782
铅钡,BaO,CuO,43部位1,0.8353206553
铅钡,BaO,CuO,43部位2,0.9568101622
铅钡,BaO,CuO,44未风化点,0.9759587903
铅钡,BaO,CuO,45,0.934669208
铅钡,BaO,CuO,46,0.9520769863
铅钡,BaO,CuO,47,0.9533475494
铅钡,BaO,CuO,48,0.9399794991
铅钡,BaO,CuO,49,0.9812029035
铅钡,BaO,CuO,49未风化点,0.9855505313
铅钡,BaO,CuO,50,0.9354996578
铅钡,BaO,CuO,50未风化点,0.9801947741
铅钡,BaO,CuO,51部位1,0.9888254898
铅钡,BaO,CuO,51部位2,0.964725747
铅钡,BaO,CuO,52,0.9602973284
铅钡,BaO,CuO,53未风化点,0.9503881009
铅钡,BaO,CuO,54,0.9794028157
铅钡,BaO,CuO,54严重风化点,0.938678289
铅钡,BaO,CuO,55,0.9732202329
铅钡,BaO,CuO,56,0.9120409954
铅钡,BaO,CuO,57,0.9136062198
铅钡,BaO,CuO,58,0.9210786608
铅钡,BaO,PbO,02,0.8847021421
铅钡,BaO,PbO,08,0.8375277443
铅钡,BaO,PbO,08严重风化点,0.8486780945
铅钡,BaO,PbO,11,0.9453098109
铅钡,BaO,PbO,19,0.9337725302
铅钡,BaO,PbO,20,0.8473456141
铅钡,BaO,PbO,23未风化点,0.9461264304
铅钡,BaO,PbO,24,0.8702831976
铅钡,BaO,PbO,25未风化点,0.9712848372
铅钡,BaO,PbO,26,0.8329415301
铅钡,BaO,PbO,26严重风化点,0.8147005109
铅钡,BaO,PbO,28未风化点,0.9883314743
铅钡,BaO,PbO,29未风化点,0.9841626263
铅钡,BaO,PbO,30部位1,0.9824322689
铅钡,BaO,PbO,30部位2,0.986883176
铅钡,BaO,PbO,31,0.9846387977
铅钡,BaO,PbO,32,0.9884666949
铅钡,BaO,PbO,33,0.9867833296
铅钡,BaO,PbO,34,0.9610249125
铅钡,BaO,PbO,35,0.9891469639
铅钡,BaO,PbO,36,0.9806498237
铅钡,BaO,PbO,37,0.9588191386
铅钡,BaO,PbO,38,0.9524047285
铅钡,BaO,PbO,39,0.9052838136
铅钡,BaO,PbO,40,0.8814614951
铅钡,BaO,PbO,41,0.9652740549
铅钡,BaO,PbO,42未风化点1,0.9696163585
铅钡,BaO,PbO,42未风化点2,0.9617668218
铅钡,BaO,PbO,43部位1,0.9084531684
铅钡,BaO,PbO,43部位2,0.9136726449
铅钡,BaO,PbO,44未风化点,0.9918662462
铅钡,BaO,PbO,45,0.9507511732
铅钡,BaO,PbO,46,0.981841247
铅钡,BaO,PbO,47,0.9892837135
铅钡,BaO,PbO,48,0.9797328051
铅钡,BaO,PbO,49,0.9609534423
铅钡,BaO,PbO,49未风化点,0.9740393434
铅钡,BaO,PbO,50,0.9968718248
铅钡,BaO,PbO,50未风化点,0.9710853398
铅钡,BaO,PbO,51部位1,0.9685447504
铅钡,BaO,PbO,51部位2,0.8763723618
铅钡,BaO,PbO,52,0.9480237577
铅钡,BaO,PbO,53未风化点,0.9606202466
铅钡,BaO,PbO,54,0.9166797575
铅钡,BaO,PbO,54严重风化点,0.8616001519
铅钡,BaO,PbO,55,0.9794211462
铅钡,BaO,PbO,56,0.9788442681
铅钡,BaO,PbO,57,0.9735258708
铅钡,BaO,PbO,58,0.9604190399
铅钡,BaO,P2O5,02,0.9096264075
铅钡,BaO,P2O5,08,0.852598056
铅钡,BaO,P2O5,08严重风化点,0.9460085435
铅钡,BaO,P2O5,11,0.8822815748
铅钡,BaO,P2O5,19,0.8340249577
铅钡,BaO,P2O5,20,0.9563079347
铅钡,BaO,P2O5,23未风化点,0.9061276033
铅钡,BaO,P2O5,24,0.8161777023
铅钡,BaO,P2O5,25未风化点,0.9498478326
铅钡,BaO,P2O5,26,0.8371023493
铅钡,BaO,P2O5,26严重风化点,0.8759909063
铅钡,BaO,P2O5,28未风化点,0.9936935511
铅钡,BaO,P2O5,29未风化点,0.9937178491
铅钡,BaO,P2O5,30部位1,0.9175293884
铅钡,BaO,P2O5,30部位2,0.9513232508
铅钡,BaO,P2O5,31,0.9850173638
铅钡,BaO,P2O5,32,0.9634878337
铅钡,BaO,P2O5,33,0.9733388454
铅钡,BaO,P2O5,34,0.9277401264
铅钡,BaO,P2O5,35,0.9634594633
铅钡,BaO,P2O5,36,0.9152043329
铅钡,BaO,P2O5,37,0.9526635108
铅钡,BaO,P2O5,38,0.9326987639
铅钡,BaO,P2O5,39,0.9701351125
铅钡,BaO,P2O5,40,0.9909049683
铅钡,BaO,P2O5,41,0.890982412
铅钡,BaO,P2O5,42未风化点1,0.9180803643
铅钡,BaO,P2O5,42未风化点2,0.9132111456
铅钡,BaO,P2O5,43部位1,0.940133883
铅钡,BaO,P2O5,43部位2,0.7526831324
铅钡,BaO,P2O5,44未风化点,0.9563916038
铅钡,BaO,P2O5,45,0.9126287485
铅钡,BaO,P2O5,46,0.9239511264
铅钡,BaO,P2O5,47,0.9277804175
铅钡,BaO,P2O5,48,0.9678291685
铅钡,BaO,P2O5,49,0.7964146714
铅钡,BaO,P2O5,49未风化点,0.9228284204
铅钡,BaO,P2O5,50,0.9502056722
铅钡,BaO,P2O5,50未风化点,0.8911788711
铅钡,BaO,P2O5,51部位1,0.871588511
铅钡,BaO,P2O5,51部位2,0.8041747259
铅钡,BaO,P2O5,52,0.922988037
铅钡,BaO,P2O5,53未风化点,0.9271898047
铅钡,BaO,P2O5,54,0.9465180679
铅钡,BaO,P2O5,54严重风化点,0.7177538796
铅钡,BaO,P2O5,55,0.9436606585
铅钡,BaO,P2O5,56,0.9396126701
铅钡,BaO,P2O5,57,0.8687223077
铅钡,BaO,P2O5,58,0.8451086814
铅钡,BaO,SrO,02,0.9523484094
铅钡,BaO,SrO,08,0.8508057982
铅钡,BaO,SrO,08严重风化点,0.8866093072
铅钡,BaO,SrO,11,0.970703832
铅钡,BaO,SrO,19,0.9967073495
铅钡,BaO,SrO,20,0.8293870415
铅钡,BaO,SrO,23未风化点,0.9835811747
铅钡,BaO,SrO,24,0.9895836624
铅钡,BaO,SrO,25未风化点,0.9946106727
铅钡,BaO,SrO,26,0.8596986182
铅钡,BaO,SrO,26严重风化点,0.8723099981
铅钡,BaO,SrO,28未风化点,0.9963256817
铅钡,BaO,SrO,29未风化点,0.9541032493
铅钡,BaO,SrO,30部位1,0.9977172116
铅钡,BaO,SrO,30部位2,0.96525191
铅钡,BaO,SrO,31,0.9531704902
铅钡,BaO,SrO,32,0.9591158704
铅钡,BaO,SrO,33,0.9699233391
铅钡,BaO,SrO,34,0.9714265482
铅钡,BaO,SrO,35,0.9527303701
铅钡,BaO,SrO,36,0.9646327302
铅钡,BaO,SrO,37,0.9913921298
铅钡,BaO,SrO,38,0.9780368857
铅钡,BaO,SrO,39,0.9110997421
铅钡,BaO,SrO,40,0.8923484223
铅钡,BaO,SrO,41,0.9629095152
铅钡,BaO,SrO,42未风化点1,0.9992848039
铅钡,BaO,SrO,42未风化点2,0.9132111456
铅钡,BaO,SrO,43部位1,0.9050890807
铅钡,BaO,SrO,43部位2,0.9129945386
铅钡,BaO,SrO,44未风化点,0.9776381389
铅钡,BaO,SrO,45,0.9660285813
铅钡,BaO,SrO,46,0.9752626533
铅钡,BaO,SrO,47,0.8747218934
铅钡,BaO,SrO,48,0.9980202326
铅钡,BaO,SrO,49,0.936455955
铅钡,BaO,SrO,49未风化点,0.9593206865
铅钡,BaO,SrO,50,0.9525881856
铅钡,BaO,SrO,50未风化点,0.9938007398
铅钡,BaO,SrO,51部位1,0.9759771457
铅钡,BaO,SrO,51部位2,1
铅钡,BaO,SrO,52,0.9611669344
铅钡,BaO,SrO,53未风化点,0.9926305099
铅钡,BaO,SrO,54,0.854517832
铅钡,BaO,SrO,54严重风化点,0.7722315755
铅钡,BaO,SrO,55,0.9350658469
铅钡,BaO,SrO,56,0.8810913911
铅钡,BaO,SrO,57,0.8687223077
铅钡,BaO,SrO,58,0.9963066619
铅钡,BaO,SnO2,02,1
铅钡,BaO,SnO2,08,0.7856726957
铅钡,BaO,SnO2,08严重风化点,0.7889756224
铅钡,BaO,SnO2,11,0.886824654
铅钡,BaO,SnO2,19,0.9553540579
铅钡,BaO,SnO2,20,0.8293870415
铅钡,BaO,SnO2,23未风化点,0.9061276033
铅钡,BaO,SnO2,24,0.8135905088
铅钡,BaO,SnO2,25未风化点,0.9451010847
铅钡,BaO,SnO2,26,0.7802111217
铅钡,BaO,SnO2,26严重风化点,0.7635590376
铅钡,BaO,SnO2,28未风化点,0.7535418021
铅钡,BaO,SnO2,29未风化点,0.98257686
铅钡,BaO,SnO2,30部位1,0.6492238514
铅钡,BaO,SnO2,30部位2,0.6239100745
铅钡,BaO,SnO2,31,0.9709927894
铅钡,BaO,SnO2,32,0.9591158704
铅钡,BaO,SnO2,33,0.9699233391
铅钡,BaO,SnO2,34,0.9196669193
铅钡,BaO,SnO2,35,0.9527303701
铅钡,BaO,SnO2,36,0.9135755214
铅钡,BaO,SnO2,37,0.9171618525
铅钡,BaO,SnO2,38,0.9212210143
铅钡,BaO,SnO2,39,0.9406746261
铅钡,BaO,SnO2,40,0.9447890973
铅钡,BaO,SnO2,41,0.9214434567
铅钡,BaO,SnO2,42未风化点1,0.9162076356
铅钡,BaO,SnO2,42未风化点2,0.9132111456
铅钡,BaO,SnO2,43部位1,0.940133883
铅钡,BaO,SnO2,43部位2,0.9723122779
铅钡,BaO,SnO2,44未风化点,0.9563916038
铅钡,BaO,SnO2,45,0.9126287485
铅钡,BaO,SnO2,46,0.9192238548
铅钡,BaO,SnO2,47,0.925391062
铅钡,BaO,SnO2,48,0.3333333333
铅钡,BaO,SnO2,49,0.9494119006
铅钡,BaO,SnO2,49未风化点,0.9646925146
铅钡,BaO,SnO2,50,0.8896502155
铅钡,BaO,SnO2,50未风化点,0.9484680083
铅钡,BaO,SnO2,51部位1,0.6015488912
铅钡,BaO,SnO2,51部位2,1
铅钡,BaO,SnO2,52,0.9298255413
铅钡,BaO,SnO2,53未风化点,0.9271898047
铅钡,BaO,SnO2,54,0.9420679691
铅钡,BaO,SnO2,54严重风化点,1
铅钡,BaO,SnO2,55,0.9350658469
铅钡,BaO,SnO2,56,0.8810913911
铅钡,BaO,SnO2,57,0.8687223077
铅钡,BaO,SnO2,58,0.9372859655
铅钡,BaO,SO2,02,1
铅钡,BaO,SO2,08,0.9776360058
铅钡,BaO,SO2,08严重风化点,0.407334514
铅钡,BaO,SO2,11,0.886824654
铅钡,BaO,SO2,19,0.9553540579
铅钡,BaO,SO2,20,0.8293870415
铅钡,BaO,SO2,23未风化点,0.9061276033
铅钡,BaO,SO2,24,0.8135905088
铅钡,BaO,SO2,25未风化点,0.9451010847
铅钡,BaO,SO2,26,0.9459962244
铅钡,BaO,SO2,26严重风化点,0.3971047327
铅钡,BaO,SO2,28未风化点,0.9659134206
铅钡,BaO,SO2,29未风化点,0.98257686
铅钡,BaO,SO2,30部位1,0.9175293884
铅钡,BaO,SO2,30部位2,0.9170883806
铅钡,BaO,SO2,31,0.9709927894
铅钡,BaO,SO2,32,0.9591158704
铅钡,BaO,SO2,33,0.9699233391
铅钡,BaO,SO2,34,0.9196669193
铅钡,BaO,SO2,35,0.9527303701
铅钡,BaO,SO2,36,0.9135755214
铅钡,BaO,SO2,37,0.7523780424
铅钡,BaO,SO2,38,0.9212210143
铅钡,BaO,SO2,39,0.9406746261
铅钡,BaO,SO2,40,0.9447890973
铅钡,BaO,SO2,41,0.9214434567
铅钡,BaO,SO2,42未风化点1,0.9162076356
铅钡,BaO,SO2,42未风化点2,0.9132111456
铅钡,BaO,SO2,43部位1,0.940133883
铅钡,BaO,SO2,43部位2,0.9723122779
铅钡,BaO,SO2,44未风化点,0.9563916038
铅钡,BaO,SO2,45,0.9126287485
铅钡,BaO,SO2,46,0.9192238548
铅钡,BaO,SO2,47,0.925391062
铅钡,BaO,SO2,48,0.9399794991
铅钡,BaO,SO2,49,0.9494119006
铅钡,BaO,SO2,49未风化点,0.9646925146
铅钡,BaO,SO2,50,0.8896502155
铅钡,BaO,SO2,50未风化点,0.9484680083
铅钡,BaO,SO2,51部位1,0.9275654232
铅钡,BaO,SO2,51部位2,1
铅钡,BaO,SO2,52,0.9298255413
铅钡,BaO,SO2,53未风化点,0.9271898047
铅钡,BaO,SO2,54,0.9420679691
铅钡,BaO,SO2,54严重风化点,1
铅钡,BaO,SO2,55,0.9350658469
铅钡,BaO,SO2,56,0.8810913911
铅钡,BaO,SO2,57,0.8687223077
铅钡,BaO,SO2,58,0.9372859655
铅钡,P2O5,SiO2,02,0.9865725336
铅钡,P2O5,SiO2,08,0.9509504147
铅钡,P2O5,SiO2,08严重风化点,0.8359350786
铅钡,P2O5,SiO2,11,0.8482519613
铅钡,P2O5,SiO2,19,0.8525169389
铅钡,P2O5,SiO2,20,0.9338957715
铅钡,P2O5,SiO2,23未风化点,0.8891131542
铅钡,P2O5,SiO2,24,0.9343848258
铅钡,P2O5,SiO2,25未风化点,0.8991658004
铅钡,P2O5,SiO2,26,0.9617246883
铅钡,P2O5,SiO2,26严重风化点,0.8645142555
铅钡,P2O5,SiO2,28未风化点,0.8854424615
铅钡,P2O5,SiO2,29未风化点,0.8806365687
铅钡,P2O5,SiO2,30部位1,0.9262518974
铅钡,P2O5,SiO2,30部位2,0.9550856543
铅钡,P2O5,SiO2,31,0.9021442796
铅钡,P2O5,SiO2,32,0.8643234693
铅钡,P2O5,SiO2,33,0.8535941075
铅钡,P2O5,SiO2,34,0.9314011628
铅钡,P2O5,SiO2,35,0.8761784971
铅钡,P2O5,SiO2,36,0.9175744373
铅钡,P2O5,SiO2,37,0.9095659007
铅钡,P2O5,SiO2,38,0.9405472513
铅钡,P2O5,SiO2,39,0.9717154785
铅钡,P2O5,SiO2,40,0.9903833278
铅钡,P2O5,SiO2,41,0.8610183914
铅钡,P2O5,SiO2,42未风化点1,0.8955275342
铅钡,P2O5,SiO2,42未风化点2,0.8936450367
铅钡,P2O5,SiO2,43部位1,0.9720312248
铅钡,P2O5,SiO2,43部位2,0.7686950027
铅钡,P2O5,SiO2,44未风化点,0.8765545254
铅钡,P2O5,SiO2,45,0.8755935844
铅钡,P2O5,SiO2,46,0.8908418941
铅钡,P2O5,SiO2,47,0.8954459775
铅钡,P2O5,SiO2,48,0.9144634925
铅钡,P2O5,SiO2,49,0.8083362774
铅钡,P2O5,SiO2,49未风化点,0.9917111173
铅钡,P2O5,SiO2,50,0.8834948785
铅钡,P2O5,SiO2,50未风化点,0.9353013148
铅钡,P2O5,SiO2,51部位1,0.8586078666
铅钡,P2O5,SiO2,51部位2,0.8403161972
铅钡,P2O5,SiO2,52,0.9118844499
铅钡,P2O5,SiO2,53未风化点,0.8713833118
铅钡,P2O5,SiO2,54,0.9394863395
铅钡,P2O5,SiO2,54严重风化点,0.742315751
铅钡,P2O5,SiO2,55,0.9057542374
铅钡,P2O5,SiO2,56,0.9980581941
铅钡,P2O5,SiO2,57,0.9443421567
铅钡,P2O5,SiO2,58,0.850601781
铅钡,P2O5,Na2O,02,0.9109723349
铅钡,P2O5,Na2O,08,0.9105182099
铅钡,P2O5,Na2O,08严重风化点,0.8285321377
铅钡,P2O5,Na2O,11,0.7956867457
铅钡,P2O5,Na2O,19,0.8053346453
铅钡,P2O5,Na2O,20,0.8640015536
铅钡,P2O5,Na2O,23未风化点,0.558890853
铅钡,P2O5,Na2O,24,0.9961821543
铅钡,P2O5,Na2O,25未风化点,0.8163271523
铅钡,P2O5,Na2O,26,0.9210789635
铅钡,P2O5,Na2O,26严重风化点,0.8581156933
铅钡,P2O5,Na2O,28未风化点,0.9723182615
铅钡,P2O5,Na2O,29未风化点,0.9255335894
铅钡,P2O5,Na2O,30部位1,1
铅钡,P2O5,Na2O,30部位2,0.9628359538
铅钡,P2O5,Na2O,31,0.9575359248
铅钡,P2O5,Na2O,32,0.9953678341
铅钡,P2O5,Na2O,33,0.9964538905
铅钡,P2O5,Na2O,34,0.9907783843
铅钡,P2O5,Na2O,35,0.9886332558
铅钡,P2O5,Na2O,36,0.8201324772
铅钡,P2O5,Na2O,37,0.9615687274
铅钡,P2O5,Na2O,38,0.8893771955
铅钡,P2O5,Na2O,39,0.9692225195
铅钡,P2O5,Na2O,40,0.9537857738
铅钡,P2O5,Na2O,41,0.8304155978
铅钡,P2O5,Na2O,42未风化点1,0.6370145538
铅钡,P2O5,Na2O,42未风化点2,0.6385559012
铅钡,P2O5,Na2O,43部位1,1
铅钡,P2O5,Na2O,43部位2,0.7400723792
铅钡,P2O5,Na2O,44未风化点,0.7663183825
铅钡,P2O5,Na2O,45,0.7904643953
铅钡,P2O5,Na2O,46,0.9945548442
铅钡,P2O5,Na2O,47,0.6841586693
铅钡,P2O5,Na2O,48,0.952734172
铅钡,P2O5,Na2O,49,0.7669530856
铅钡,P2O5,Na2O,49未风化点,0.8942469735
铅钡,P2O5,Na2O,50,0.8521106702
铅钡,P2O5,Na2O,50未风化点,0.8521106702
铅钡,P2O5,Na2O,51部位1,0.8185073022
铅钡,P2O5,Na2O,51部位2,0.8067575013
铅钡,P2O5,Na2O,52,0.9664331741
铅钡,P2O5,Na2O,53未风化点,0.7674905945
铅钡,P2O5,Na2O,54,0.8960016937
铅钡,P2O5,Na2O,54严重风化点,0.7210811417
铅钡,P2O5,Na2O,55,0.793348179
铅钡,P2O5,Na2O,56,0.9349883071
铅钡,P2O5,Na2O,57,1
铅钡,P2O5,Na2O,58,0.802503937
铅钡,P2O5,K2O,02,0.690675079
铅钡,P2O5,K2O,08,0.9105182099
铅钡,P2O5,K2O,08严重风化点,0.8285321377
铅钡,P2O5,K2O,11,0.8713392677
铅钡,P2O5,K2O,19,0.8053346453
铅钡,P2O5,K2O,20,0.8254125371
铅钡,P2O5,K2O,23未风化点,1
铅钡,P2O5,K2O,24,0.9961821543
铅钡,P2O5,K2O,25未风化点,0.9948256932
铅钡,P2O5,K2O,26,0.9210789635
铅钡,P2O5,K2O,26严重风化点,0.9592338718
铅钡,P2O5,K2O,28未风化点,0.9036461145
铅钡,P2O5,K2O,29未风化点,0.8736231492
铅钡,P2O5,K2O,30部位1,0.5771521445
铅钡,P2O5,K2O,30部位2,0.9628359538
铅钡,P2O5,K2O,31,0.9575359248
铅钡,P2O5,K2O,32,0.9054168303
铅钡,P2O5,K2O,33,0.9307674079
铅钡,P2O5,K2O,34,0.8923836865
铅钡,P2O5,K2O,35,0.9886332558
铅钡,P2O5,K2O,36,0.9338561867
铅钡,P2O5,K2O,37,0.9263185258
铅钡,P2O5,K2O,38,0.9870304954
铅钡,P2O5,K2O,39,0.9692225195
铅钡,P2O5,K2O,40,0.9537857738
铅钡,P2O5,K2O,41,0.9761710522
铅钡,P2O5,K2O,42未风化点1,0.9295831372
铅钡,P2O5,K2O,42未风化点2,0.8461222384
铅钡,P2O5,K2O,43部位1,1
铅钡,P2O5,K2O,43部位2,0.7400723792
铅钡,P2O5,K2O,44未风化点,0.9058616512
铅钡,P2O5,K2O,45,0.9459335305
铅钡,P2O5,K2O,46,0.8893421006
铅钡,P2O5,K2O,47,0.8711192589
铅钡,P2O5,K2O,48,0.8801563246
铅钡,P2O5,K2O,49,0.7669530856
铅钡,P2O5,K2O,49未风化点,0.9637414531
铅钡,P2O5,K2O,50,0.8521106702
铅钡,P2O5,K2O,50未风化点,0.8521106702
铅钡,P2O5,K2O,51部位1,0.8185073022
铅钡,P2O5,K2O,51部位2,0.8067575013
铅钡,P2O5,K2O,52,0.8648197389
铅钡,P2O5,K2O,53未风化点,0.9459335305
铅钡,P2O5,K2O,54,0.9521952188
铅钡,P2O5,K2O,54严重风化点,0.7210811417
铅钡,P2O5,K2O,55,0.9905097343
铅钡,P2O5,K2O,56,0.9349883071
铅钡,P2O5,K2O,57,1
铅钡,P2O5,K2O,58,0.9350744672
铅钡,P2O5,CaO,02,0.9948678775
铅钡,P2O5,CaO,08,0.9678649597
铅钡,P2O5,CaO,08严重风化点,0.9374763187
铅钡,P2O5,CaO,11,0.9070740441
铅钡,P2O5,CaO,19,0.8985601751
铅钡,P2O5,CaO,20,0.8640015536
铅钡,P2O5,CaO,23未风化点,0.9784885617
铅钡,P2O5,CaO,24,0.9834458385
铅钡,P2O5,CaO,25未风化点,0.9779960037
铅钡,P2O5,CaO,26,0.9781210847
铅钡,P2O5,CaO,26严重风化点,0.9680558766
铅钡,P2O5,CaO,28未风化点,0.9704514667
铅钡,P2O5,CaO,29未风化点,0.8930141685
铅钡,P2O5,CaO,30部位1,0.8351292141
铅钡,P2O5,CaO,30部位2,0.8712100676
铅钡,P2O5,CaO,31,0.9746563132
铅钡,P2O5,CaO,32,0.9846668831
铅钡,P2O5,CaO,33,0.9760084978
铅钡,P2O5,CaO,34,0.9756210392
铅钡,P2O5,CaO,35,0.9948163344
铅钡,P2O5,CaO,36,0.9858508879
铅钡,P2O5,CaO,37,0.9991655803
铅钡,P2O5,CaO,38,0.9835174304
铅钡,P2O5,CaO,39,0.9832353934
铅钡,P2O5,CaO,40,0.9673350159
铅钡,P2O5,CaO,41,0.9863212206
铅钡,P2O5,CaO,42未风化点1,0.9684805196
铅钡,P2O5,CaO,42未风化点2,1
铅钡,P2O5,CaO,43部位1,0.8127464503
铅钡,P2O5,CaO,43部位2,0.9347371509
铅钡,P2O5,CaO,44未风化点,0.9139990573
铅钡,P2O5,CaO,45,0.9643817989
铅钡,P2O5,CaO,46,0.9945548442
铅钡,P2O5,CaO,47,0.9657027847
铅钡,P2O5,CaO,48,0.9141775347
铅钡,P2O5,CaO,49,0.9070426086
铅钡,P2O5,CaO,49未风化点,0.9738953239
铅钡,P2O5,CaO,50,0.9677766125
铅钡,P2O5,CaO,50未风化点,0.9649025229
铅钡,P2O5,CaO,51部位1,0.9395597831
铅钡,P2O5,CaO,51部位2,0.9862221031
铅钡,P2O5,CaO,52,0.9465203072
铅钡,P2O5,CaO,53未风化点,0.9668415959
铅钡,P2O5,CaO,54,0.9763805201
铅钡,P2O5,CaO,54严重风化点,0.7210811417
铅钡,P2O5,CaO,55,0.9614428306
铅钡,P2O5,CaO,56,0.9839324259
铅钡,P2O5,CaO,57,0.945537954
铅钡,P2O5,CaO,58,0.9152069713
铅钡,P2O5,MgO,02,0.9371709529
铅钡,P2O5,MgO,08,0.9105182099
铅钡,P2O5,MgO,08严重风化点,0.8285321377
铅钡,P2O5,MgO,11,0.8638300553
铅钡,P2O5,MgO,19,0.8625633385
铅钡,P2O5,MgO,20,0.8640015536
铅钡,P2O5,MgO,23未风化点,0.909801477
铅钡,P2O5,MgO,24,0.9961821543
铅钡,P2O5,MgO,25未风化点,0.9948256932
铅钡,P2O5,MgO,26,0.9210789635
铅钡,P2O5,MgO,26严重风化点,0.8581156933
铅钡,P2O5,MgO,28未风化点,0.8999561776
铅钡,P2O5,MgO,29未风化点,0.8355387811
铅钡,P2O5,MgO,30部位1,0.8796294422
铅钡,P2O5,MgO,30部位2,0.9684148108
铅钡,P2O5,MgO,31,0.9259876985
铅钡,P2O5,MgO,32,0.9953678341
铅钡,P2O5,MgO,33,0.8802225546
铅钡,P2O5,MgO,34,0.9907783843
铅钡,P2O5,MgO,35,0.9886332558
铅钡,P2O5,MgO,36,0.9980874262
铅钡,P2O5,MgO,37,0.9615687274
铅钡,P2O5,MgO,38,0.9870304954
铅钡,P2O5,MgO,39,0.9692225195
铅钡,P2O5,MgO,40,0.9537857738
铅钡,P2O5,MgO,41,0.8496267815
铅钡,P2O5,MgO,42未风化点1,0.8695559807
铅钡,P2O5,MgO,42未风化点2,0.8606024869
铅钡,P2O5,MgO,43部位1,0.889461945
铅钡,P2O5,MgO,43部位2,0.8206367877
铅钡,P2O5,MgO,44未风化点,1
铅钡,P2O5,MgO,45,0.9063472018
铅钡,P2O5,MgO,46,0.814520912
铅钡,P2O5,MgO,47,0.9238388238
铅钡,P2O5,MgO,48,0.8439348063
铅钡,P2O5,MgO,49,0.9102517319
铅钡,P2O5,MgO,49未风化点,0.953013797
铅钡,P2O5,MgO,50,0.9025857205
铅钡,P2O5,MgO,50未风化点,0.9106194622
铅钡,P2O5,MgO,51部位1,0.9473550164
铅钡,P2O5,MgO,51部位2,0.9642652701
铅钡,P2O5,MgO,52,0.9263453064
铅钡,P2O5,MgO,53未风化点,0.8626758467
铅钡,P2O5,MgO,54,0.9410316242
铅钡,P2O5,MgO,54严重风化点,0.8118124713
铅钡,P2O5,MgO,55,0.9905097343
铅钡,P2O5,MgO,56,0.9349883071
铅钡,P2O5,MgO,57,1
铅钡,P2O5,MgO,58,0.8804459076
铅钡,P2O5,Al2O3,02,0.9586848922
铅钡,P2O5,Al2O3,08,0.938664771
铅钡,P2O5,Al2O3,08严重风化点,0.8476919741
铅钡,P2O5,Al2O3,11,0.8398667957
铅钡,P2O5,Al2O3,19,0.8665650539
铅钡,P2O5,Al2O3,20,0.9770749073
铅钡,P2O5,Al2O3,23未风化点,0.9662781126
铅钡,P2O5,Al2O3,24,0.9659555914
铅钡,P2O5,Al2O3,25未风化点,0.9601589015
铅钡,P2O5,Al2O3,26,0.935909267
铅钡,P2O5,Al2O3,26严重风化点,0.8800154628
铅钡,P2O5,Al2O3,28未风化点,0.9199292842
铅钡,P2O5,Al2O3,29未风化点,0.7455984948
铅钡,P2O5,Al2O3,30部位1,0.9034173592
铅钡,P2O5,Al2O3,30部位2,0.9467302691
铅钡,P2O5,Al2O3,31,0.9689115867
铅钡,P2O5,Al2O3,32,0.9493547728
铅钡,P2O5,Al2O3,33,0.948590002
铅钡,P2O5,Al2O3,34,0.9703964939
铅钡,P2O5,Al2O3,35,0.9766647086
铅钡,P2O5,Al2O3,36,0.9639424935
铅钡,P2O5,Al2O3,37,0.973822651
铅钡,P2O5,Al2O3,38,0.9523611079
铅钡,P2O5,Al2O3,39,0.9809051844
铅钡,P2O5,Al2O3,40,0.9639539018
铅钡,P2O5,Al2O3,41,0.8909667806
铅钡,P2O5,Al2O3,42未风化点1,0.9220283684
铅钡,P2O5,Al2O3,42未风化点2,0.8778834119
铅钡,P2O5,Al2O3,43部位1,0.9476002663
铅钡,P2O5,Al2O3,43部位2,0.7890087529
铅钡,P2O5,Al2O3,44未风化点,0.7622667256
铅钡,P2O5,Al2O3,45,0.8905648266
铅钡,P2O5,Al2O3,46,0.8990810038
铅钡,P2O5,Al2O3,47,0.9324297612
铅钡,P2O5,Al2O3,48,0.7660733993
铅钡,P2O5,Al2O3,49,0.8535054112
铅钡,P2O5,Al2O3,49未风化点,0.96016428
铅钡,P2O5,Al2O3,50,0.8868406549
铅钡,P2O5,Al2O3,50未风化点,0.9334297305
铅钡,P2O5,Al2O3,51部位1,0.9151565906
铅钡,P2O5,Al2O3,51部位2,0.8490098495
铅钡,P2O5,Al2O3,52,0.8866808535
铅钡,P2O5,Al2O3,53未风化点,0.8703719733
铅钡,P2O5,Al2O3,54,0.9861188721
铅钡,P2O5,Al2O3,54严重风化点,0.7709494079
铅钡,P2O5,Al2O3,55,0.9746067742
铅钡,P2O5,Al2O3,56,0.9765001096
铅钡,P2O5,Al2O3,57,0.9491475799
铅钡,P2O5,Al2O3,58,0.8623735795
铅钡,P2O5,Fe2O3,02,0.8636535183
铅钡,P2O5,Fe2O3,08,0.9105182099
铅钡,P2O5,Fe2O3,08严重风化点,0.8285321377
铅钡,P2O5,Fe2O3,11,0.7956867457
铅钡,P2O5,Fe2O3,19,0.9443297312
铅钡,P2O5,Fe2O3,20,0.9522922261
铅钡,P2O5,Fe2O3,23未风化点,1
铅钡,P2O5,Fe2O3,24,0.9961821543
铅钡,P2O5,Fe2O3,25未风化点,0.8279525326
铅钡,P2O5,Fe2O3,26,0.9210789635
铅钡,P2O5,Fe2O3,26严重风化点,0.8581156933
铅钡,P2O5,Fe2O3,28未风化点,0.972883704
铅钡,P2O5,Fe2O3,29未风化点,0.9090198767
铅钡,P2O5,Fe2O3,30部位1,0.7743960298
铅钡,P2O5,Fe2O3,30部位2,0.7474230447
铅钡,P2O5,Fe2O3,31,0.6303551081
铅钡,P2O5,Fe2O3,32,0.8827951805
铅钡,P2O5,Fe2O3,33,0.9964538905
铅钡,P2O5,Fe2O3,34,0.9476161312
铅钡,P2O5,Fe2O3,35,0.9882752507
铅钡,P2O5,Fe2O3,36,0.9596395379
铅钡,P2O5,Fe2O3,37,0.9615687274
铅钡,P2O5,Fe2O3,38,0.9739832737
铅钡,P2O5,Fe2O3,39,0.9692225195
铅钡,P2O5,Fe2O3,40,0.978144537
铅钡,P2O5,Fe2O3,41,0.9599100655
铅钡,P2O5,Fe2O3,42未风化点1,0.9978147984
铅钡,P2O5,Fe2O3,42未风化点2,1
铅钡,P2O5,Fe2O3,43部位1,0.9054373258
铅钡,P2O5,Fe2O3,43部位2,0.8619156413
铅钡,P2O5,Fe2O3,44未风化点,0.9043121393
铅钡,P2O5,Fe2O3,45,1
铅钡,P2O5,Fe2O3,46,0.9945548442
铅钡,P2O5,Fe2O3,47,0.9972699894
铅钡,P2O5,Fe2O3,48,0.8997421265
铅钡,P2O5,Fe2O3,49,0.9322547366
铅钡,P2O5,Fe2O3,49未风化点,0.9467337164
铅钡,P2O5,Fe2O3,50,0.886361294
铅钡,P2O5,Fe2O3,50未风化点,0.8521106702
铅钡,P2O5,Fe2O3,51部位1,0.9449944961
铅钡,P2O5,Fe2O3,51部位2,0.8461570302
铅钡,P2O5,Fe2O3,52,0.8891229126
铅钡,P2O5,Fe2O3,53未风化点,1
铅钡,P2O5,Fe2O3,54,0.8960016937
铅钡,P2O5,Fe2O3,54严重风化点,0.7210811417
铅钡,P2O5,Fe2O3,55,0.9905097343
铅钡,P2O5,Fe2O3,56,0.9349883071
铅钡,P2O5,Fe2O3,57,1
铅钡,P2O5,Fe2O3,58,0.8865883298
铅钡,P2O5,CuO,02,0.9214382882
铅钡,P2O5,CuO,08,0.7138084829
铅钡,P2O5,CuO,08严重风化点,0.9466334909
铅钡,P2O5,CuO,11,0.9800483854
铅钡,P2O5,CuO,19,0.9316211153
铅钡,P2O5,CuO,20,0.9329928023
铅钡,P2O5,CuO,23未风化点,0.8745956749
铅钡,P2O5,CuO,24,0.7133344717
铅钡,P2O5,CuO,25未风化点,0.953735808
铅钡,P2O5,CuO,26,0.7036301272
铅钡,P2O5,CuO,26严重风化点,0.9927588048
铅钡,P2O5,CuO,28未风化点,0.9875132124
铅钡,P2O5,CuO,29未风化点,0.9763117247
铅钡,P2O5,CuO,30部位1,1
铅钡,P2O5,CuO,30部位2,0.9628359538
铅钡,P2O5,CuO,31,0.9772811122
铅钡,P2O5,CuO,32,0.9993790572
铅钡,P2O5,CuO,33,0.9813734087
铅钡,P2O5,CuO,34,0.9406411928
铅钡,P2O5,CuO,35,0.9961899414
铅钡,P2O5,CuO,36,0.9702208473
铅钡,P2O5,CuO,37,0.9054876282
铅钡,P2O5,CuO,38,0.9786007077
铅钡,P2O5,CuO,39,0.9896623859
铅钡,P2O5,CuO,40,0.9537857738
铅钡,P2O5,CuO,41,0.8367466675
铅钡,P2O5,CuO,42未风化点1,0.8882178745
铅钡,P2O5,CuO,42未风化点2,0.8846131549
铅钡,P2O5,CuO,43部位1,0.7958239534
铅钡,P2O5,CuO,43部位2,0.7819787546
铅钡,P2O5,CuO,44未风化点,0.9797959654
铅钡,P2O5,CuO,45,0.9752138134
铅钡,P2O5,CuO,46,0.969508576
铅钡,P2O5,CuO,47,0.972352826
铅钡,P2O5,CuO,48,0.9707679225
铅钡,P2O5,CuO,49,0.7872204468
铅钡,P2O5,CuO,49未风化点,0.9118433907
铅钡,P2O5,CuO,50,0.893361798
铅钡,P2O5,CuO,50未风化点,0.8772022367
铅钡,P2O5,CuO,51部位1,0.8650235933
铅钡,P2O5,CuO,51部位2,0.8308659484
铅钡,P2O5,CuO,52,0.890676715
铅钡,P2O5,CuO,53未风化点,0.9747579543
铅钡,P2O5,CuO,54,0.9291377667
铅钡,P2O5,CuO,54严重风化点,0.7561169306
铅钡,P2O5,CuO,55,0.9693114856
铅钡,P2O5,CuO,56,0.9693232149
铅钡,P2O5,CuO,57,0.9473035734
铅钡,P2O5,CuO,58,0.9124082438
铅钡,P2O5,PbO,02,0.9704355215
铅钡,P2O5,PbO,08,0.9796625495
铅钡,P2O5,PbO,08严重风化点,0.8934568424
铅钡,P2O5,PbO,11,0.8416430515
铅钡,P2O5,PbO,19,0.8881102311
铅钡,P2O5,PbO,20,0.8831820593
铅钡,P2O5,PbO,23未风化点,0.9561204044
铅钡,P2O5,PbO,24,0.9302958784
铅钡,P2O5,PbO,25未风化点,0.9250541569
铅钡,P2O5,PbO,26,0.9941644031
铅钡,P2O5,PbO,26严重风化点,0.9221038522
铅钡,P2O5,PbO,28未风化点,0.9824572512
铅钡,P2O5,PbO,29未风化点,0.9784279494
铅钡,P2O5,PbO,30部位1,0.9041563249
铅钡,P2O5,PbO,30部位2,0.9403756859
铅钡,P2O5,PbO,31,0.9996162084
铅钡,P2O5,PbO,32,0.9535129878
铅钡,P2O5,PbO,33,0.9614290422
铅钡,P2O5,PbO,34,0.895650099
铅钡,P2O5,PbO,35,0.9541082586
铅钡,P2O5,PbO,36,0.9004572726
铅钡,P2O5,PbO,37,0.9934148136
铅钡,P2O5,PbO,38,0.892749802
铅钡,P2O5,PbO,39,0.8824595042
铅钡,P2O5,PbO,40,0.8761865684
铅钡,P2O5,PbO,41,0.9216851539
铅钡,P2O5,PbO,42未风化点1,0.9461211772
铅钡,P2O5,PbO,42未风化点2,0.9484245408
铅钡,P2O5,PbO,43部位1,0.8607615009
铅钡,P2O5,PbO,43部位2,0.81283015
铅钡,P2O5,PbO,44未风化点,0.9645201501
铅钡,P2O5,PbO,45,0.95857277
铅钡,P2O5,PbO,46,0.9409369315
铅钡,P2O5,PbO,47,0.9381625288
铅钡,P2O5,PbO,48,0.9878021141
铅钡,P2O5,PbO,49,0.8254371016
铅钡,P2O5,PbO,49未风化点,0.9469328649
铅钡,P2O5,PbO,50,0.9481965067
铅钡,P2O5,PbO,50未风化点,0.9167381119
铅钡,P2O5,PbO,51部位1,0.8984920365
铅钡,P2O5,PbO,51部位2,0.908456152
铅钡,P2O5,PbO,52,0.9726263847
铅钡,P2O5,PbO,53未风化点,0.9643944463
铅钡,P2O5,PbO,54,0.9672794243
铅钡,P2O5,PbO,54严重风化点,0.8138011814
铅钡,P2O5,PbO,55,0.9264451973
铅钡,P2O5,PbO,56,0.9597315767
铅钡,P2O5,PbO,57,0.8913483444
铅钡,P2O5,PbO,58,0.8773892334
铅钡,P2O5,BaO,02,0.9109723349
铅钡,P2O5,BaO,08,0.8546575961
铅钡,P2O5,BaO,08严重风化点,0.9468442975
铅钡,P2O5,BaO,11,0.8839828053
铅钡,P2O5,BaO,19,0.8362941785
铅钡,P2O5,BaO,20,0.9569915088
铅钡,P2O5,BaO,23未风化点,0.9075203404
铅钡,P2O5,BaO,24,0.8186378711
铅钡,P2O5,BaO,25未风化点,0.9506272586
铅钡,P2O5,BaO,26,0.8393376008
铅钡,P2O5,BaO,26严重风化点,0.8777704529
铅钡,P2O5,BaO,28未风化点,0.9937960117
铅钡,P2O5,BaO,29未风化点,0.9938199174
铅钡,P2O5,BaO,30部位1,0.918768128
铅钡,P2O5,BaO,30部位2,0.9520809037
铅钡,P2O5,BaO,31,0.985258695
铅钡,P2O5,BaO,32,0.9640632975
铅钡,P2O5,BaO,33,0.9737632765
铅钡,P2O5,BaO,34,0.9288373921
铅钡,P2O5,BaO,35,0.9640353576
铅钡,P2O5,BaO,36,0.9164748166
铅钡,P2O5,BaO,37,0.9534013245
铅钡,P2O5,BaO,38,0.9337261115
铅钡,P2O5,BaO,39,0.9706090053
铅钡,P2O5,BaO,40,0.991052327
铅钡,P2O5,BaO,41,0.892573211
铅钡,P2O5,BaO,42未风化点1,0.9193115558
铅钡,P2O5,BaO,42未风化点2,0.9145087034
铅钡,P2O5,BaO,43部位1,0.941054907
铅钡,P2O5,BaO,43部位2,0.7557387593
铅钡,P2O5,BaO,44未风化点,0.9570739276
铅钡,P2O5,BaO,45,0.9139341929
铅钡,P2O5,BaO,46,0.9251012829
铅钡,P2O5,BaO,47,0.9288771182
铅钡,P2O5,BaO,48,0.9683384576
铅钡,P2O5,BaO,49,0.7990742235
铅钡,P2O5,BaO,49未风化点,0.9239941599
铅钡,P2O5,BaO,50,0.9509798239
铅钡,P2O5,BaO,50未风化点,0.8927671483
铅钡,P2O5,BaO,51部位1,0.8734221041
铅钡,P2O5,BaO,51部位2,0.8067575013
铅钡,P2O5,BaO,52,0.9241515635
铅钡,P2O5,BaO,53未风化点,0.9282947811
铅钡,P2O5,BaO,54,0.9473463738
铅钡,P2O5,BaO,54严重风化点,0.7210811417
铅钡,P2O5,BaO,55,0.9445306253
铅钡,P2O5,BaO,56,0.9405412056
铅钡,P2O5,BaO,57,0.8705907508
铅钡,P2O5,BaO,58,0.8472541179
铅钡,P2O5,SrO,02,0.9537340716
铅钡,P2O5,SrO,08,0.9975755524
铅钡,P2O5,SrO,08严重风化点,0.9348749109
铅钡,P2O5,SrO,11,0.8613778882
铅钡,P2O5,SrO,19,0.8385730469
铅钡,P2O5,SrO,20,0.8640015536
铅钡,P2O5,SrO,23未风化点,0.9212483083
铅钡,P2O5,SrO,24,0.8117573411
铅钡,P2O5,SrO,25未风化点,0.9554684177
铅钡,P2O5,SrO,26,0.9700399273
铅钡,P2O5,SrO,26严重风化点,0.9952840101
铅钡,P2O5,SrO,28未风化点,0.997391681
铅钡,P2O5,SrO,29未风化点,0.9491838514
铅钡,P2O5,SrO,30部位1,0.9168722332
铅钡,P2O5,SrO,30部位2,0.9210296568
铅钡,P2O5,SrO,31,0.9677120993
铅钡,P2O5,SrO,32,0.9953678341
铅钡,P2O5,SrO,33,0.9964538905
铅钡,P2O5,SrO,34,0.9544883975
铅钡,P2O5,SrO,35,0.9886332558
铅钡,P2O5,SrO,36,0.9478018253
铅钡,P2O5,SrO,37,0.9612282977
铅钡,P2O5,SrO,38,0.9148569462
铅钡,P2O5,SrO,39,0.8878940799
铅钡,P2O5,SrO,40,0.8867648194
铅钡,P2O5,SrO,41,0.9238158416
铅钡,P2O5,SrO,42未风化点1,0.9187169603
铅钡,P2O5,SrO,42未风化点2,1
铅钡,P2O5,SrO,43部位1,0.8577899817
铅钡,P2O5,SrO,43部位2,0.8133587927
铅钡,P2O5,SrO,44未风化点,0.9368991184
铅钡,P2O5,SrO,45,0.9437705903
铅钡,P2O5,SrO,46,0.9042303814
铅钡,P2O5,SrO,47,0.8213904925
铅钡,P2O5,SrO,48,0.9665122477
铅钡,P2O5,SrO,49,0.8440943734
铅钡,P2O5,SrO,49未风化点,0.961033112
铅钡,P2O5,SrO,50,0.9974175563
铅钡,P2O5,SrO,50未风化点,0.8976846425
铅钡,P2O5,SrO,51部位1,0.8922914647
铅钡,P2O5,SrO,51部位2,0.8067575013
铅钡,P2O5,SrO,52,0.9593871297
铅钡,P2O5,SrO,53未风化点,0.9346308097
铅钡,P2O5,SrO,54,0.8993718473
铅钡,P2O5,SrO,54严重风化点,0.9118429628
铅钡,P2O5,SrO,55,0.9905097343
铅钡,P2O5,SrO,56,0.9349883071
铅钡,P2O5,SrO,57,1
铅钡,P2O5,SrO,58,0.8446446314
铅钡,P2O5,SnO2,02,0.9109723349
铅钡,P2O5,SnO2,08,0.9105182099
铅钡,P2O5,SnO2,08严重风化点,0.8285321377
铅钡,P2O5,SnO2,11,0.7956867457
铅钡,P2O5,SnO2,19,0.8053346453
铅钡,P2O5,SnO2,20,0.8640015536
铅钡,P2O5,SnO2,23未风化点,1
铅钡,P2O5,SnO2,24,0.9961821543
铅钡,P2O5,SnO2,25未风化点,0.9948256932
铅钡,P2O5,SnO2,26,0.9210789635
铅钡,P2O5,SnO2,26严重风化点,0.8581156933
铅钡,P2O5,SnO2,28未风化点,0.7530335382
铅钡,P2O5,SnO2,29未风化点,0.9889008888
铅钡,P2O5,SnO2,30部位1,0.6173290593
铅钡,P2O5,SnO2,30部位2,0.6085422545
铅钡,P2O5,SnO2,31,0.9575359248
铅钡,P2O5,SnO2,32,0.9953678341
铅钡,P2O5,SnO2,33,0.9964538905
铅钡,P2O5,SnO2,34,0.9907783843
铅钡,P2O5,SnO2,35,0.9886332558
铅钡,P2O5,SnO2,36,0.9980874262
铅钡,P2O5,SnO2,37,0.9615687274
铅钡,P2O5,SnO2,38,0.9870304954
铅钡,P2O5,SnO2,39,0.9692225195
铅钡,P2O5,SnO2,40,0.9537857738
铅钡,P2O5,SnO2,41,0.8304155978
铅钡,P2O5,SnO2,42未风化点1,0.9978147984
铅钡,P2O5,SnO2,42未风化点2,1
铅钡,P2O5,SnO2,43部位1,1
铅钡,P2O5,SnO2,43部位2,0.7400723792
铅钡,P2O5,SnO2,44未风化点,1
铅钡,P2O5,SnO2,45,1
铅钡,P2O5,SnO2,46,0.9945548442
铅钡,P2O5,SnO2,47,0.9972699894
铅钡,P2O5,SnO2,48,0.3333333333
铅钡,P2O5,SnO2,49,0.7669530856
铅钡,P2O5,SnO2,49未风化点,0.8942469735
铅钡,P2O5,SnO2,50,0.8521106702
铅钡,P2O5,SnO2,50未风化点,0.8521106702
铅钡,P2O5,SnO2,51部位1,0.6637352969
铅钡,P2O5,SnO2,51部位2,0.8067575013
铅钡,P2O5,SnO2,52,0.8648197389
铅钡,P2O5,SnO2,53未风化点,1
铅钡,P2O5,SnO2,54,0.8960016937
铅钡,P2O5,SnO2,54严重风化点,0.7210811417
铅钡,P2O5,SnO2,55,0.9905097343
铅钡,P2O5,SnO2,56,0.9349883071
铅钡,P2O5,SnO2,57,1
铅钡,P2O5,SnO2,58,0.802503937
铅钡,P2O5,SO2,02,0.9109723349
铅钡,P2O5,SO2,08,0.8385316535
铅钡,P2O5,SO2,08严重风化点,0.4020362485
铅钡,P2O5,SO2,11,0.7956867457
铅钡,P2O5,SO2,19,0.8053346453
铅钡,P2O5,SO2,20,0.8640015536
铅钡,P2O5,SO2,23未风化点,1
铅钡,P2O5,SO2,24,0.9961821543
铅钡,P2O5,SO2,25未风化点,0.9948256932
铅钡,P2O5,SO2,26,0.8808536951
铅钡,P2O5,SO2,26严重风化点,0.3798444219
铅钡,P2O5,SO2,28未风化点,0.9723182615
铅钡,P2O5,SO2,29未风化点,0.9889008888
铅钡,P2O5,SO2,30部位1,1
铅钡,P2O5,SO2,30部位2,0.9628359538
铅钡,P2O5,SO2,31,0.9575359248
铅钡,P2O5,SO2,32,0.9953678341
铅钡,P2O5,SO2,33,0.9964538905
铅钡,P2O5,SO2,34,0.9907783843
铅钡,P2O5,SO2,35,0.9886332558
铅钡,P2O5,SO2,36,0.9980874262
铅钡,P2O5,SO2,37,0.7285365432
铅钡,P2O5,SO2,38,0.9870304954
铅钡,P2O5,SO2,39,0.9692225195
铅钡,P2O5,SO2,40,0.9537857738
铅钡,P2O5,SO2,41,0.8304155978
铅钡,P2O5,SO2,42未风化点1,0.9978147984
铅钡,P2O5,SO2,42未风化点2,1
铅钡,P2O5,SO2,43部位1,1
铅钡,P2O5,SO2,43部位2,0.7400723792
铅钡,P2O5,SO2,44未风化点,1
铅钡,P2O5,SO2,45,1
铅钡,P2O5,SO2,46,0.9945548442
铅钡,P2O5,SO2,47,0.9972699894
铅钡,P2O5,SO2,48,0.9707679225
铅钡,P2O5,SO2,49,0.7669530856
铅钡,P2O5,SO2,49未风化点,0.8942469735
铅钡,P2O5,SO2,50,0.8521106702
铅钡,P2O5,SO2,50未风化点,0.8521106702
铅钡,P2O5,SO2,51部位1,0.8185073022
铅钡,P2O5,SO2,51部位2,0.8067575013
铅钡,P2O5,SO2,52,0.8648197389
铅钡,P2O5,SO2,53未风化点,1
铅钡,P2O5,SO2,54,0.8960016937
铅钡,P2O5,SO2,54严重风化点,0.7210811417
铅钡,P2O5,SO2,55,0.9905097343
铅钡,P2O5,SO2,56,0.9349883071
铅钡,P2O5,SO2,57,1
铅钡,P2O5,SO2,58,0.802503937
铅钡,SrO,SiO2,02,0.9657027258
铅钡,SrO,SiO2,08,0.9523667367
铅钡,SrO,SiO2,08严重风化点,0.8858688474
铅钡,SrO,SiO2,11,0.9820471505
铅钡,SrO,SiO2,19,0.980537705
铅钡,SrO,SiO2,20,0.9189916919
铅钡,SrO,SiO2,23未风化点,0.9616085409
铅钡,SrO,SiO2,24,0.8587210143
铅钡,SrO,SiO2,25未风化点,0.9374793025
铅钡,SrO,SiO2,26,0.9328966187
铅钡,SrO,SiO2,26严重风化点,0.8660558685
铅钡,SrO,SiO2,28未风化点,0.8857407734
铅钡,SrO,SiO2,29未风化点,0.9229764607
铅钡,SrO,SiO2,30部位1,0.9888856241
铅钡,SrO,SiO2,30部位2,0.9620959417
铅钡,SrO,SiO2,31,0.9289976314
铅钡,SrO,SiO2,32,0.8587543332
铅钡,SrO,SiO2,33,0.8487795617
铅钡,SrO,SiO2,34,0.9742530424
铅钡,SrO,SiO2,35,0.8654176335
铅钡,SrO,SiO2,36,0.9658385749
铅钡,SrO,SiO2,37,0.9432790271
铅钡,SrO,SiO2,38,0.9705132715
铅钡,SrO,SiO2,39,0.9100295721
铅钡,SrO,SiO2,40,0.8773260181
铅钡,SrO,SiO2,41,0.9256342042
铅钡,SrO,SiO2,42未风化点1,0.9721171235
铅钡,SrO,SiO2,42未风化点2,0.8919726082
铅钡,SrO,SiO2,43部位1,0.8776329938
铅钡,SrO,SiO2,43部位2,0.932230786
铅钡,SrO,SiO2,44未风化点,0.9304273236
铅钡,SrO,SiO2,45,0.9225455472
铅钡,SrO,SiO2,46,0.983367509
铅钡,SrO,SiO2,47,0.9070617129
铅钡,SrO,SiO2,48,0.9434607418
铅钡,SrO,SiO2,49,0.9493690542
铅钡,SrO,SiO2,49未风化点,0.952592152
铅钡,SrO,SiO2,50,0.8837369262
铅钡,SrO,SiO2,50未风化点,0.956395413
铅钡,SrO,SiO2,51部位1,0.9571749519
铅钡,SrO,SiO2,51部位2,0.952041576
铅钡,SrO,SiO2,52,0.9476379643
铅钡,SrO,SiO2,53未风化点,0.9267595903
铅钡,SrO,SiO2,54,0.8478839938
铅钡,SrO,SiO2,54严重风化点,0.7968946875
铅钡,SrO,SiO2,55,0.896349117
铅钡,SrO,SiO2,56,0.9356479844
铅钡,SrO,SiO2,57,0.9434164612
铅钡,SrO,SiO2,58,0.9916328271
铅钡,SrO,Na2O,02,0.9523033559
铅钡,SrO,Na2O,08,0.9111326479
铅钡,SrO,Na2O,08严重风化点,0.8774143808
铅钡,SrO,Na2O,11,0.9111326479
铅钡,SrO,Na2O,19,0.9523033559
铅钡,SrO,Na2O,20,1
铅钡,SrO,Na2O,23未风化点,0.5826889206
铅钡,SrO,Na2O,24,0.8065274151
铅钡,SrO,Na2O,25未风化点,0.846355251
铅钡,SrO,Na2O,26,0.8939556805
铅钡,SrO,Na2O,26严重风化点,0.8595222006
铅钡,SrO,Na2O,28未风化点,0.9693369794
铅钡,SrO,Na2O,29未风化点,0.9733347704
铅钡,SrO,Na2O,30部位1,0.9155305276
铅钡,SrO,Na2O,30部位2,0.8876801182
铅钡,SrO,Na2O,31,0.9267132388
铅钡,SrO,Na2O,32,1
铅钡,SrO,Na2O,33,1
铅钡,SrO,Na2O,34,0.9451851204
铅钡,SrO,Na2O,35,1
铅钡,SrO,Na2O,36,0.8567968391
铅钡,SrO,Na2O,37,0.9244548953
铅钡,SrO,Na2O,38,0.9691168357
铅钡,SrO,Na2O,39,0.8614741036
铅钡,SrO,Na2O,40,0.847994039
铅钡,SrO,Na2O,41,0.8897621595
铅钡,SrO,Na2O,42未风化点1,0.6712156175
铅钡,SrO,Na2O,42未风化点2,0.6345127517
铅钡,SrO,Na2O,43部位1,0.8556448103
铅钡,SrO,Na2O,43部位2,0.8897621595
铅钡,SrO,Na2O,44未风化点,0.8052966365
铅钡,SrO,Na2O,45,0.8270461101
铅钡,SrO,Na2O,46,0.8981889175
铅钡,SrO,Na2O,47,0.8009568978
铅钡,SrO,Na2O,48,0.9850019019
铅钡,SrO,Na2O,49,0.8918539905
铅钡,SrO,Na2O,49未风化点,0.9267132388
铅钡,SrO,Na2O,50,0.8518022454
铅钡,SrO,Na2O,50未风化点,0.9428359641
铅钡,SrO,Na2O,51部位1,0.9067768179
铅钡,SrO,Na2O,51部位2,1
铅钡,SrO,Na2O,52,0.9923259668
铅钡,SrO,Na2O,53未风化点,0.8083328486
铅钡,SrO,Na2O,54,0.8117046436
铅钡,SrO,Na2O,54严重风化点,0.7720569858
铅钡,SrO,Na2O,55,0.7844227177
铅钡,SrO,Na2O,56,1
铅钡,SrO,Na2O,57,1
铅钡,SrO,Na2O,58,0.9404984559
铅钡,SrO,K2O,02,0.6643989311
铅钡,SrO,K2O,08,0.9111326479
铅钡,SrO,K2O,08严重风化点,0.8774143808
铅钡,SrO,K2O,11,0.986673939
铅钡,SrO,K2O,19,0.9523033559
铅钡,SrO,K2O,20,0.7270482207
铅钡,SrO,K2O,23未风化点,0.9199710688
铅钡,SrO,K2O,24,0.8065274151
铅钡,SrO,K2O,25未风化点,0.9499187278
铅钡,SrO,K2O,26,0.8939556805
铅钡,SrO,K2O,26严重风化点,0.954134989
铅钡,SrO,K2O,28未风化点,0.9042846825
铅钡,SrO,K2O,29未风化点,0.9151407723
铅钡,SrO,K2O,30部位1,0.6048514022
铅钡,SrO,K2O,30部位2,0.8876801182
铅钡,SrO,K2O,31,0.9267132388
铅钡,SrO,K2O,32,0.9000567324
铅钡,SrO,K2O,33,0.9265135294
铅钡,SrO,K2O,34,0.9309271132
铅钡,SrO,K2O,35,1
铅钡,SrO,K2O,36,0.9842194381
铅钡,SrO,K2O,37,0.9616328905
铅钡,SrO,K2O,38,0.9024624374
铅钡,SrO,K2O,39,0.8614741036
铅钡,SrO,K2O,40,0.847994039
铅钡,SrO,K2O,41,0.9019071042
铅钡,SrO,K2O,42未风化点1,0.9872176887
铅钡,SrO,K2O,42未风化点2,0.843833107
铅钡,SrO,K2O,43部位1,0.8556448103
铅钡,SrO,K2O,43部位2,0.8897621595
铅钡,SrO,K2O,44未风化点,0.9641200091
铅钡,SrO,K2O,45,0.9975405519
铅钡,SrO,K2O,46,0.9815081579
铅钡,SrO,K2O,47,0.9339470366
铅钡,SrO,K2O,48,0.9063690008
铅钡,SrO,K2O,49,0.8918539905
铅钡,SrO,K2O,49未风化点,0.9263139061
铅钡,SrO,K2O,50,0.8518022454
铅钡,SrO,K2O,50未风化点,0.9428359641
铅钡,SrO,K2O,51部位1,0.9067768179
铅钡,SrO,K2O,51部位2,1
铅钡,SrO,K2O,52,0.8960672993
铅钡,SrO,K2O,53未风化点,0.9871572425
铅钡,SrO,K2O,54,0.9409375715
铅钡,SrO,K2O,54严重风化点,0.7720569858
铅钡,SrO,K2O,55,1
铅钡,SrO,K2O,56,1
铅钡,SrO,K2O,57,1
铅钡,SrO,K2O,58,0.8956441779
铅钡,SrO,CaO,02,0.9482132825
铅钡,SrO,CaO,08,0.9696366672
铅钡,SrO,CaO,08严重风化点,0.9969885583
铅钡,SrO,CaO,11,0.9438272874
铅钡,SrO,CaO,19,0.9250574655
铅钡,SrO,CaO,20,1
铅钡,SrO,CaO,23未风化点,0.9393033632
铅钡,SrO,CaO,24,0.8204429117
铅钡,SrO,CaO,25未风化点,0.9760544431
铅钡,SrO,CaO,26,0.9485933152
铅钡,SrO,CaO,26严重风化点,0.9720458164
铅钡,SrO,CaO,28未风化点,0.9724563643
铅钡,SrO,CaO,29未风化点,0.9368255231
铅钡,SrO,CaO,30部位1,0.9020084878
铅钡,SrO,CaO,30部位2,0.9405727423
铅钡,SrO,CaO,31,0.9925634185
铅钡,SrO,CaO,32,0.9798329115
铅钡,SrO,CaO,33,0.9721611317
铅钡,SrO,CaO,34,0.9774276763
铅钡,SrO,CaO,35,0.9832815944
铅钡,SrO,CaO,36,0.9602102522
铅钡,SrO,CaO,37,0.9597882194
铅钡,SrO,CaO,38,0.9279420157
铅钡,SrO,CaO,39,0.8999803868
铅钡,SrO,CaO,40,0.912756395
铅钡,SrO,CaO,41,0.9107189069
铅钡,SrO,CaO,42未风化点1,0.9461496766
铅钡,SrO,CaO,42未风化点2,1
铅钡,SrO,CaO,43部位1,0.9383076523
铅钡,SrO,CaO,43部位2,0.8602411105
铅钡,SrO,CaO,44未风化点,0.9735072576
铅钡,SrO,CaO,45,0.9774740605
铅钡,SrO,CaO,46,0.8981889175
铅钡,SrO,CaO,47,0.8437823
铅钡,SrO,CaO,48,0.943151
铅钡,SrO,CaO,49,0.9227926493
铅钡,SrO,CaO,49未风化点,0.9862081266
铅钡,SrO,CaO,50,0.9696983544
铅钡,SrO,CaO,50未风化点,0.9268090317
铅钡,SrO,CaO,51部位1,0.9457375633
铅钡,SrO,CaO,51部位2,0.8133149746
铅钡,SrO,CaO,52,0.9857858878
铅钡,SrO,CaO,53未风化点,0.9649957353
铅钡,SrO,CaO,54,0.9180693516
铅钡,SrO,CaO,54严重风化点,0.7720569858
铅钡,SrO,CaO,55,0.9518727879
铅钡,SrO,CaO,56,0.9486405455
铅钡,SrO,CaO,57,0.9446309808
铅钡,SrO,CaO,58,0.9150051117
铅钡,SrO,MgO,02,0.8947836519
铅钡,SrO,MgO,08,0.9111326479
铅钡,SrO,MgO,08严重风化点,0.8774143808
铅钡,SrO,MgO,11,0.9966575597
铅钡,SrO,MgO,19,0.9673504551
铅钡,SrO,MgO,20,1
铅钡,SrO,MgO,23未风化点,0.9862925287
铅钡,SrO,MgO,24,0.8065274151
铅钡,SrO,MgO,25未风化点,0.9499187278
铅钡,SrO,MgO,26,0.8939556805
铅钡,SrO,MgO,26严重风化点,0.8595222006
铅钡,SrO,MgO,28未风化点,0.900524667
铅钡,SrO,MgO,29未风化点,0.8727358392
铅钡,SrO,MgO,30部位1,0.9551171976
铅钡,SrO,MgO,30部位2,0.9487102579
铅钡,SrO,MgO,31,0.9547600001
铅钡,SrO,MgO,32,1
铅钡,SrO,MgO,33,0.875582575
铅钡,SrO,MgO,34,0.9451851204
铅钡,SrO,MgO,35,1
铅钡,SrO,MgO,36,0.9451851204
铅钡,SrO,MgO,37,0.9244548953
铅钡,SrO,MgO,38,0.9024624374
铅钡,SrO,MgO,39,0.8614741036
铅钡,SrO,MgO,40,0.847994039
铅钡,SrO,MgO,41,0.7911215688
铅钡,SrO,MgO,42未风化点1,0.9410679065
铅钡,SrO,MgO,42未风化点2,0.858492742
铅钡,SrO,MgO,43部位1,0.9594690061
铅钡,SrO,MgO,43部位2,0.9890257246
铅钡,SrO,MgO,44未风化点,0.9358580394
铅钡,SrO,MgO,45,0.9573759942
铅钡,SrO,MgO,46,0.889719275
铅钡,SrO,MgO,47,0.8792074801
铅钡,SrO,MgO,48,0.8673576617
铅钡,SrO,MgO,49,0.9194367198
铅钡,SrO,MgO,49未风化点,0.9162261255
铅钡,SrO,MgO,50,0.9031825
铅钡,SrO,MgO,50未风化点,0.9841528248
铅钡,SrO,MgO,51部位1,0.9378330024
铅钡,SrO,MgO,51部位2,0.8291597126
铅钡,SrO,MgO,52,0.9635448569
铅钡,SrO,MgO,53未风化点,0.9167448408
铅钡,SrO,MgO,54,0.9522980653
铅钡,SrO,MgO,54严重风化点,0.8791102118
铅钡,SrO,MgO,55,1
铅钡,SrO,MgO,56,1
铅钡,SrO,MgO,57,1
铅钡,SrO,MgO,58,0.9532975218
铅钡,SrO,Al2O3,02,0.9147282378
铅钡,SrO,Al2O3,08,0.9398303361
铅钡,SrO,Al2O3,08严重风化点,0.8993198703
铅钡,SrO,Al2O3,11,0.970630147
铅钡,SrO,Al2O3,19,0.9622790471
铅钡,SrO,Al2O3,20,0.8800464406
铅钡,SrO,Al2O3,23未风化点,0.9510434043
铅钡,SrO,Al2O3,24,0.8332515361
铅钡,SrO,Al2O3,25未风化点,0.9948240019
铅钡,SrO,Al2O3,26,0.9081688746
铅钡,SrO,Al2O3,26严重风化点,0.8818921831
铅钡,SrO,Al2O3,28未风化点,0.9208838306
铅钡,SrO,Al2O3,29未风化点,0.7735512512
铅钡,SrO,Al2O3,30部位1,0.9837388276
铅钡,SrO,Al2O3,30部位2,0.9708795159
铅钡,SrO,Al2O3,31,0.9986998603
铅钡,SrO,Al2O3,32,0.9442663407
铅钡,SrO,Al2O3,33,0.9444893909
铅钡,SrO,Al2O3,34,0.9828223782
铅钡,SrO,Al2O3,35,0.9652377532
铅钡,SrO,Al2O3,36,0.9823394555
铅钡,SrO,Al2O3,37,0.9864931773
铅钡,SrO,Al2O3,38,0.9580342198
铅钡,SrO,Al2O3,39,0.8708555413
铅钡,SrO,Al2O3,40,0.8561650131
铅钡,SrO,Al2O3,41,0.960971988
铅钡,SrO,Al2O3,42未风化点1,0.9960376566
铅钡,SrO,Al2O3,42未风化点2,0.8759975242
铅钡,SrO,Al2O3,43部位1,0.8989272393
铅钡,SrO,Al2O3,43部位2,0.9628232092
铅钡,SrO,Al2O3,44未风化点,0.8007451182
铅钡,SrO,Al2O3,45,0.9394793478
铅钡,SrO,Al2O3,46,0.9935956338
铅钡,SrO,Al2O3,47,0.8714317242
铅钡,SrO,Al2O3,48,0.7840171076
铅钡,SrO,Al2O3,49,0.9868811805
铅钡,SrO,Al2O3,49未风化点,0.9229506481
铅钡,SrO,Al2O3,50,0.8871437836
铅钡,SrO,Al2O3,50未风化点,0.9583950351
铅钡,SrO,Al2O3,51部位1,0.9722949378
铅钡,SrO,Al2O3,51部位2,0.940933185
铅钡,SrO,Al2O3,52,0.9199833594
铅钡,SrO,Al2O3,53未风化点,0.9255955704
铅钡,SrO,Al2O3,54,0.8863799658
铅钡,SrO,Al2O3,54严重风化点,0.8305956662
铅钡,SrO,Al2O3,55,0.9650047967
铅钡,SrO,Al2O3,56,0.9557778614
铅钡,SrO,Al2O3,57,0.948297432
铅钡,SrO,Al2O3,58,0.9758299633
铅钡,SrO,Fe2O3,02,0.8264323217
铅钡,SrO,Fe2O3,08,0.9111326479
铅钡,SrO,Fe2O3,08严重风化点,0.8774143808
铅钡,SrO,Fe2O3,11,0.9111326479
铅钡,SrO,Fe2O3,19,0.8803559208
铅钡,SrO,Fe2O3,20,0.8256538452
铅钡,SrO,Fe2O3,23未风化点,0.9199710688
铅钡,SrO,Fe2O3,24,0.8065274151
铅钡,SrO,Fe2O3,25未风化点,0.8590819103
铅钡,SrO,Fe2O3,26,0.8939556805
铅钡,SrO,Fe2O3,26严重风化点,0.8595222006
铅钡,SrO,Fe2O3,28未风化点,0.9749418409
铅钡,SrO,Fe2O3,29未风化点,0.9547725057
铅钡,SrO,Fe2O3,30部位1,0.8304254398
铅钡,SrO,Fe2O3,30部位2,0.7957760445
铅钡,SrO,Fe2O3,31,0.6398804136
铅钡,SrO,Fe2O3,32,0.8773146268
铅钡,SrO,Fe2O3,33,1
铅钡,SrO,Fe2O3,34,0.9923274181
铅钡,SrO,Fe2O3,35,0.9767789094
铅钡,SrO,Fe2O3,36,0.9869287365
铅钡,SrO,Fe2O3,37,0.9244548953
铅钡,SrO,Fe2O3,38,0.9367460371
铅钡,SrO,Fe2O3,39,0.8614741036
铅钡,SrO,Fe2O3,40,0.8675407505
铅钡,SrO,Fe2O3,41,0.8877673757
铅钡,SrO,Fe2O3,42未风化点1,0.9155305276
铅钡,SrO,Fe2O3,42未风化点2,1
铅钡,SrO,Fe2O3,43部位1,0.9412390346
铅钡,SrO,Fe2O3,43部位2,0.9341565063
铅钡,SrO,Fe2O3,44未风化点,0.9623340919
铅钡,SrO,Fe2O3,45,0.9428359641
铅钡,SrO,Fe2O3,46,0.8981889175
铅钡,SrO,Fe2O3,47,0.8169487683
铅钡,SrO,Fe2O3,48,0.9275275064
铅钡,SrO,Fe2O3,49,0.7924513452
铅钡,SrO,Fe2O3,49未风化点,0.9103183523
铅钡,SrO,Fe2O3,50,0.8866556431
铅钡,SrO,Fe2O3,50未风化点,0.9428359641
铅钡,SrO,Fe2O3,51部位1,0.9401989255
铅钡,SrO,Fe2O3,51部位2,0.9445246555
铅钡,SrO,Fe2O3,52,0.9226590625
铅钡,SrO,Fe2O3,53未风化点,0.9335549607
铅钡,SrO,Fe2O3,54,0.8117046436
铅钡,SrO,Fe2O3,54严重风化点,0.7720569858
铅钡,SrO,Fe2O3,55,1
铅钡,SrO,Fe2O3,56,1
铅钡,SrO,Fe2O3,57,1
铅钡,SrO,Fe2O3,58,0.9460754984
铅钡,SrO,CuO,02,0.9639507066
铅钡,SrO,CuO,08,0.7089797816
铅钡,SrO,CuO,08严重风化点,0.9866593678
铅钡,SrO,CuO,11,0.8748515312
铅钡,SrO,CuO,19,0.8918983864
铅钡,SrO,CuO,20,0.8108550385
铅钡,SrO,CuO,23未风化点,0.9443560973
铅钡,SrO,CuO,24,0.8525380375
铅钡,SrO,CuO,25未风化点,0.9980688923
铅钡,SrO,CuO,26,0.7157187513
铅钡,SrO,CuO,26严重风化点,0.9879036417
铅钡,SrO,CuO,28未风化点,0.9847086164
铅钡,SrO,CuO,29未风化点,0.9710720269
铅钡,SrO,CuO,30部位1,0.9155305276
铅钡,SrO,CuO,30部位2,0.8876801182
铅钡,SrO,CuO,31,0.9455278845
铅钡,SrO,CuO,32,0.9946606146
铅钡,SrO,CuO,33,0.9775780712
铅钡,SrO,CuO,34,0.9845476735
铅钡,SrO,CuO,35,0.9922524246
铅钡,SrO,CuO,36,0.9757911013
铅钡,SrO,CuO,37,0.9388166101
铅钡,SrO,CuO,38,0.9324400166
铅钡,SrO,CuO,39,0.894569109
铅钡,SrO,CuO,40,0.847994039
铅钡,SrO,CuO,41,0.8971637132
铅钡,SrO,CuO,42未风化点1,0.9633593187
铅钡,SrO,CuO,42未风化点2,0.882817324
铅钡,SrO,CuO,43部位1,0.9154381723
铅钡,SrO,CuO,43部位2,0.9521930526
铅钡,SrO,CuO,44未风化点,0.9546047767
铅钡,SrO,CuO,45,0.9664023868
铅钡,SrO,CuO,46,0.9295622428
铅钡,SrO,CuO,47,0.8386822493
铅钡,SrO,CuO,48,0.9381725095
铅钡,SrO,CuO,49,0.9198790264
铅钡,SrO,CuO,49未风化点,0.945964373
铅钡,SrO,CuO,50,0.8937853059
铅钡,SrO,CuO,50未风化点,0.9742129885
铅钡,SrO,CuO,51部位1,0.9652969891
铅钡,SrO,CuO,51部位2,0.9646919621
铅钡,SrO,CuO,52,0.9243619535
铅钡,SrO,CuO,53未风化点,0.9571008453
铅钡,SrO,CuO,54,0.8392987516
铅钡,SrO,CuO,54严重风化点,0.8131082148
铅钡,SrO,CuO,55,0.9597220299
铅钡,SrO,CuO,56,0.9628787696
铅钡,SrO,CuO,57,0.9464243376
铅钡,SrO,CuO,58,0.9178695948
铅钡,SrO,PbO,02,0.925610738
铅钡,SrO,PbO,08,0.9816890988
铅钡,SrO,PbO,08严重风化点,0.9519633571
铅钡,SrO,PbO,11,0.9730452945
铅钡,SrO,PbO,19,0.9366029945
铅钡,SrO,PbO,20,0.9750588889
铅钡,SrO,PbO,23未风化点,0.9612720305
铅钡,SrO,PbO,24,0.8622654523
铅钡,SrO,PbO,25未风化点,0.9661673674
铅钡,SrO,PbO,26,0.9639453341
铅钡,SrO,PbO,26严重风化点,0.924946212
铅钡,SrO,PbO,28未风化点,0.9847273325
铅钡,SrO,PbO,29未风化点,0.9689507993
铅钡,SrO,PbO,30部位1,0.9846305611
铅钡,SrO,PbO,30部位2,0.9777748174
铅钡,SrO,PbO,31,0.9675271808
铅钡,SrO,PbO,32,0.9484528466
铅钡,SrO,PbO,33,0.9574443808
铅钡,SrO,PbO,34,0.9345452643
铅钡,SrO,PbO,35,0.9428205918
铅钡,SrO,PbO,36,0.9465645744
铅钡,SrO,PbO,37,0.9668365645
铅钡,SrO,PbO,38,0.973193594
铅钡,SrO,PbO,39,0.9929911826
铅钡,SrO,PbO,40,0.9863345876
铅钡,SrO,PbO,41,0.9974599811
铅钡,SrO,PbO,42未风化点1,0.9689140731
铅钡,SrO,PbO,42未风化点2,0.9475629729
铅钡,SrO,PbO,43部位1,0.9959212284
铅钡,SrO,PbO,43部位2,0.9991869511
铅钡,SrO,PbO,44未风化点,0.9698336566
铅钡,SrO,PbO,45,0.9836223276
铅钡,SrO,PbO,46,0.9579434642
铅钡,SrO,PbO,47,0.8663966035
铅钡,SrO,PbO,48,0.9778108766
铅钡,SrO,PbO,49,0.9734730845
铅钡,SrO,PbO,49未风化点,0.9844773956
铅钡,SrO,PbO,50,0.9497018013
铅钡,SrO,PbO,50未风化点,0.9769812947
铅钡,SrO,PbO,51部位1,0.9921909949
铅钡,SrO,PbO,51部位2,0.8762648078
铅钡,SrO,PbO,52,0.9857672876
铅钡,SrO,PbO,53未风化点,0.9674892487
铅钡,SrO,PbO,54,0.9264098295
铅钡,SrO,PbO,54严重风化点,0.8814840159
铅钡,SrO,PbO,55,0.9169731697
铅钡,SrO,PbO,56,0.8981049586
铅钡,SrO,PbO,57,0.8896442603
铅钡,SrO,PbO,58,0.9569709457
铅钡,SrO,BaO,02,0.9523033559
铅钡,SrO,BaO,08,0.8506797914
铅钡,SrO,BaO,08严重风化点,0.8865095058
铅钡,SrO,BaO,11,0.9706755988
铅钡,SrO,BaO,19,0.9967040912
铅钡,SrO,BaO,20,0.8292465754
铅钡,SrO,BaO,23未风化点,0.9835651414
铅钡,SrO,BaO,24,0.9895734286
铅钡,SrO,BaO,25未风化点,0.9946053508
铅钡,SrO,BaO,26,0.8595788825
铅钡,SrO,BaO,26严重风化点,0.8721994253
铅钡,SrO,BaO,28未风化点,0.9963220471
铅钡,SrO,BaO,29未风化点,0.954059775
铅钡,SrO,BaO,30部位1,0.9977149504
铅钡,SrO,BaO,30部位2,0.9652186109
铅钡,SrO,BaO,31,0.9531261757
铅钡,SrO,BaO,32,0.9590769404
铅钡,SrO,BaO,33,0.969894377
铅钡,SrO,BaO,34,0.9713989909
铅钡,SrO,BaO,35,0.9526856598
铅钡,SrO,BaO,36,0.9645988595
铅钡,SrO,BaO,37,0.9913836573
铅钡,SrO,BaO,38,0.9780155594
铅钡,SrO,BaO,39,0.9110193328
铅钡,SrO,BaO,40,0.8922530583
铅钡,SrO,BaO,41,0.9628740577
铅钡,SrO,BaO,42未风化点1,0.9992840943
铅钡,SrO,BaO,42未风化点2,0.913132464
铅钡,SrO,BaO,43部位1,0.9050038017
铅钡,SrO,BaO,43部位2,0.9129156793
铅钡,SrO,BaO,44未风化点,0.9776164343
铅钡,SrO,BaO,45,0.9659960003
铅钡,SrO,BaO,46,0.9752387014
铅钡,SrO,BaO,47,0.8746131089
铅钡,SrO,BaO,48,0.9980182709
铅钡,SrO,BaO,49,0.9363968791
铅钡,SrO,BaO,49未风化点,0.9592819433
铅钡,SrO,BaO,50,0.9525433475
铅钡,SrO,BaO,50未风化点,0.9937946232
铅钡,SrO,BaO,51部位1,0.9759538685
铅钡,SrO,BaO,51部位2,1
铅钡,SrO,BaO,52,0.9611298783
铅钡,SrO,BaO,53未风化点,0.9926232472
铅钡,SrO,BaO,54,0.8543944238
铅钡,SrO,BaO,54严重风化点,0.7720569858
铅钡,SrO,BaO,55,0.9350055683
铅钡,SrO,BaO,56,0.880987385
铅钡,SrO,BaO,57,0.868609096
铅钡,SrO,BaO,58,0.9963030086
铅钡,SrO,P2O5,02,0.9529568
铅钡,SrO,P2O5,08,0.9975329162
铅钡,SrO,P2O5,08严重风化点,0.9338027949
铅钡,SrO,P2O5,11,0.8592779598
铅钡,SrO,P2O5,19,0.8361933532
铅钡,SrO,P2O5,20,0.8619349995
铅钡,SrO,P2O5,23未风化点,0.9199710688
铅钡,SrO,P2O5,24,0.8090723447
铅钡,SrO,P2O5,25未风化点,0.9547188999
铅钡,SrO,P2O5,26,0.969527843
铅钡,SrO,P2O5,26严重风化点,0.9952012689
铅钡,SrO,P2O5,28未风化点,0.9973458199
铅钡,SrO,P2O5,29未风化点,0.9483342769
铅钡,SrO,P2O5,30部位1,0.9155305276
铅钡,SrO,P2O5,30部位2,0.9197491799
铅钡,SrO,P2O5,31,0.9671615741
铅钡,SrO,P2O5,32,0.9952865566
铅钡,SrO,P2O5,33,0.9963916002
铅钡,SrO,P2O5,34,0.9537231837
铅钡,SrO,P2O5,35,0.9884351841
铅钡,SrO,P2O5,36,0.9469304371
铅钡,SrO,P2O5,37,0.9605717248
铅钡,SrO,P2O5,38,0.9134857825
铅钡,SrO,P2O5,39,0.8861427396
铅钡,SrO,P2O5,40,0.8849981226
铅钡,SrO,P2O5,41,0.9225767441
铅钡,SrO,P2O5,42未风化点1,0.9174023468
铅钡,SrO,P2O5,42未风化点2,1
铅钡,SrO,P2O5,43部位1,0.8556448103
铅钡,SrO,P2O5,43部位2,0.8106913116
铅钡,SrO,P2O5,44未风化点,0.9358580394
铅钡,SrO,P2O5,45,0.9428359641
铅钡,SrO,P2O5,46,0.9027062847
铅钡,SrO,P2O5,47,0.8188122296
铅钡,SrO,P2O5,48,0.9659419846
铅钡,SrO,P2O5,49,0.841780716
铅钡,SrO,P2O5,49未风化点,0.96037337
铅钡,SrO,P2O5,50,0.9973721489
铅钡,SrO,P2O5,50未风化点,0.8960683488
铅钡,SrO,P2O5,51部位1,0.890600357
铅钡,SrO,P2O5,51部位2,0.8040184073
铅钡,SrO,P2O5,52,0.9587007174
铅钡,SrO,P2O5,53未风化点,0.9335549607
铅钡,SrO,P2O5,54,0.8977791718
铅钡,SrO,P2O5,54严重风化点,0.9104280134
铅钡,SrO,P2O5,55,0.9903440418
铅钡,SrO,P2O5,56,0.9339179258
铅钡,SrO,P2O5,57,1
铅钡,SrO,P2O5,58,0.8423376146
铅钡,SrO,SnO2,02,0.9523033559
铅钡,SrO,SnO2,08,0.9111326479
铅钡,SrO,SnO2,08严重风化点,0.8774143808
铅钡,SrO,SnO2,11,0.9111326479
铅钡,SrO,SnO2,19,0.9523033559
铅钡,SrO,SnO2,20,1
铅钡,SrO,SnO2,23未风化点,0.9199710688
铅钡,SrO,SnO2,24,0.8065274151
铅钡,SrO,SnO2,25未风化点,0.9499187278
铅钡,SrO,SnO2,26,0.8939556805
铅钡,SrO,SnO2,26严重风化点,0.8595222006
铅钡,SrO,SnO2,28未风化点,0.7512681537
铅钡,SrO,SnO2,29未风化点,0.9381725095
铅钡,SrO,SnO2,30部位1,0.6499639293
铅钡,SrO,SnO2,30部位2,0.6380159924
铅钡,SrO,SnO2,31,0.9267132388
铅钡,SrO,SnO2,32,1
铅钡,SrO,SnO2,33,1
铅钡,SrO,SnO2,34,0.9451851204
铅钡,SrO,SnO2,35,1
铅钡,SrO,SnO2,36,0.9451851204
铅钡,SrO,SnO2,37,0.9244548953
铅钡,SrO,SnO2,38,0.9024624374
铅钡,SrO,SnO2,39,0.8614741036
铅钡,SrO,SnO2,40,0.847994039
铅钡,SrO,SnO2,41,0.8897621595
铅钡,SrO,SnO2,42未风化点1,0.9155305276
铅钡,SrO,SnO2,42未风化点2,1
铅钡,SrO,SnO2,43部位1,0.8556448103
铅钡,SrO,SnO2,43部位2,0.8897621595
铅钡,SrO,SnO2,44未风化点,0.9358580394
铅钡,SrO,SnO2,45,0.9428359641
铅钡,SrO,SnO2,46,0.8981889175
铅钡,SrO,SnO2,47,0.8169487683
铅钡,SrO,SnO2,48,0.3333333333
铅钡,SrO,SnO2,49,0.8918539905
铅钡,SrO,SnO2,49未风化点,0.9267132388
铅钡,SrO,SnO2,50,0.8518022454
铅钡,SrO,SnO2,50未风化点,0.9428359641
铅钡,SrO,SnO2,51部位1,0.610353685
铅钡,SrO,SnO2,51部位2,1
铅钡,SrO,SnO2,52,0.8960672993
铅钡,SrO,SnO2,53未风化点,0.9335549607
铅钡,SrO,SnO2,54,0.8117046436
铅钡,SrO,SnO2,54严重风化点,0.7720569858
铅钡,SrO,SnO2,55,1
铅钡,SrO,SnO2,56,1
铅钡,SrO,SnO2,57,1
铅钡,SrO,SnO2,58,0.9404984559
铅钡,SrO,SO2,02,0.9523033559
铅钡,SrO,SO2,08,0.8344259115
铅钡,SrO,SO2,08严重风化点,0.3869297086
铅钡,SrO,SO2,11,0.9111326479
铅钡,SrO,SO2,19,0.9523033559
铅钡,SrO,SO2,20,1
铅钡,SrO,SO2,23未风化点,0.9199710688
铅钡,SrO,SO2,24,0.8065274151
铅钡,SrO,SO2,25未风化点,0.9499187278
铅钡,SrO,SO2,26,0.9039817578
铅钡,SrO,SO2,26严重风化点,0.3750569881
铅钡,SrO,SO2,28未风化点,0.9693369794
铅钡,SrO,SO2,29未风化点,0.9381725095
铅钡,SrO,SO2,30部位1,0.9155305276
铅钡,SrO,SO2,30部位2,0.8876801182
铅钡,SrO,SO2,31,0.9267132388
铅钡,SrO,SO2,32,1
铅钡,SrO,SO2,33,1
铅钡,SrO,SO2,34,0.9451851204
铅钡,SrO,SO2,35,1
铅钡,SrO,SO2,36,0.9451851204
铅钡,SrO,SO2,37,0.7473076072
铅钡,SrO,SO2,38,0.9024624374
铅钡,SrO,SO2,39,0.8614741036
铅钡,SrO,SO2,40,0.847994039
铅钡,SrO,SO2,41,0.8897621595
铅钡,SrO,SO2,42未风化点1,0.9155305276
铅钡,SrO,SO2,42未风化点2,1
铅钡,SrO,SO2,43部位1,0.8556448103
铅钡,SrO,SO2,43部位2,0.8897621595
铅钡,SrO,SO2,44未风化点,0.9358580394
铅钡,SrO,SO2,45,0.9428359641
铅钡,SrO,SO2,46,0.8981889175
铅钡,SrO,SO2,47,0.8169487683
铅钡,SrO,SO2,48,0.9381725095
铅钡,SrO,SO2,49,0.8918539905
铅钡,SrO,SO2,49未风化点,0.9267132388
铅钡,SrO,SO2,50,0.8518022454
铅钡,SrO,SO2,50未风化点,0.9428359641
铅钡,SrO,SO2,51部位1,0.9067768179
铅钡,SrO,SO2,51部位2,1
铅钡,SrO,SO2,52,0.8960672993
铅钡,SrO,SO2,53未风化点,0.9335549607
铅钡,SrO,SO2,54,0.8117046436
铅钡,SrO,SO2,54严重风化点,0.7720569858
铅钡,SrO,SO2,55,1
铅钡,SrO,SO2,56,1
铅钡,SrO,SO2,57,1
铅钡,SrO,SO2,58,0.9404984559
铅钡,SnO2,SiO2,02,0.9234716705
铅钡,SnO2,SiO2,08,0.9560197485
铅钡,SnO2,SiO2,08严重风化点,0.9895796321
铅钡,SnO2,SiO2,11,0.9287415674
铅钡,SnO2,SiO2,19,0.9365898166
铅钡,SnO2,SiO2,20,0.9213726628
铅钡,SnO2,SiO2,23未风化点,0.8905779469
铅钡,SnO2,SiO2,24,0.9320038977
铅钡,SnO2,SiO2,25未风化点,0.8963765169
铅钡,SnO2,SiO2,26,0.9567509974
铅钡,SnO2,SiO2,26严重风化点,0.9915744233
铅钡,SnO2,SiO2,28未风化点,0.8363737705
铅钡,SnO2,SiO2,29未风化点,0.8736760953
铅钡,SnO2,SiO2,30部位1,0.6526358268
铅钡,SnO2,SiO2,30部位2,0.6299606435
铅钡,SnO2,SiO2,31,0.8691490318
铅钡,SnO2,SiO2,32,0.8626411538
铅钡,SnO2,SiO2,33,0.8528938495
铅钡,SnO2,SiO2,34,0.9244466754
铅钡,SnO2,SiO2,35,0.8691490318
铅钡,SnO2,SiO2,36,0.9171070737
铅钡,SnO2,SiO2,37,0.8792559678
铅钡,SnO2,SiO2,38,0.930043755
铅钡,SnO2,SiO2,39,0.9434319429
铅钡,SnO2,SiO2,40,0.9632345505
铅钡,SnO2,SiO2,41,0.959539975
铅钡,SnO2,SiO2,42未风化点1,0.8951851431
铅钡,SnO2,SiO2,42未风化点2,0.8950570301
铅钡,SnO2,SiO2,43部位1,0.9724346454
铅钡,SnO2,SiO2,43部位2,0.9527740159
铅钡,SnO2,SiO2,44未风化点,0.8781624817
铅钡,SnO2,SiO2,45,0.8772123042
铅钡,SnO2,SiO2,46,0.888012808
铅钡,SnO2,SiO2,47,0.8946729112
铅钡,SnO2,SiO2,48,0.3474412568
铅钡,SnO2,SiO2,49,0.9382960547
铅钡,SnO2,SiO2,49未风化点,0.8890948646
铅钡,SnO2,SiO2,50,0.9605505205
铅钡,SnO2,SiO2,50未风化点,0.9067547519
铅钡,SnO2,SiO2,51部位1,0.6019224999
铅钡,SnO2,SiO2,51部位2,0.9535003061
铅钡,SnO2,SiO2,52,0.9444699499
铅钡,SnO2,SiO2,53未风化点,0.873048871
铅钡,SnO2,SiO2,54,0.9515728822
铅钡,SnO2,SiO2,54严重风化点,0.96238757
铅钡,SnO2,SiO2,55,0.8993226841
铅钡,SnO2,SiO2,56,0.9375726544
铅钡,SnO2,SiO2,57,0.9451224154
铅钡,SnO2,SiO2,58,0.9350894575
铅钡,SnO2,Na2O,02,1
铅钡,SnO2,Na2O,08,1
铅钡,SnO2,Na2O,08严重风化点,1
铅钡,SnO2,Na2O,11,1
铅钡,SnO2,Na2O,19,1
铅钡,SnO2,Na2O,20,1
铅钡,SnO2,Na2O,23未风化点,0.5625717032
铅钡,SnO2,Na2O,24,1
铅钡,SnO2,Na2O,25未风化点,0.8151382497
铅钡,SnO2,Na2O,26,1
铅钡,SnO2,Na2O,26严重风化点,1
铅钡,SnO2,Na2O,28未风化点,0.7401129944
铅钡,SnO2,Na2O,29未风化点,0.9171605859
铅钡,SnO2,Na2O,30部位1,0.6208530806
铅钡,SnO2,Na2O,30部位2,0.598173516
铅钡,SnO2,Na2O,31,1
铅钡,SnO2,Na2O,32,1
铅钡,SnO2,Na2O,33,1
铅钡,SnO2,Na2O,34,1
铅钡,SnO2,Na2O,35,1
铅钡,SnO2,Na2O,36,0.821051798
铅钡,SnO2,Na2O,37,1
铅钡,SnO2,Na2O,38,0.8806829558
铅钡,SnO2,Na2O,39,1
铅钡,SnO2,Na2O,40,1
铅钡,SnO2,Na2O,41,1
铅钡,SnO2,Na2O,42未风化点1,0.6395791014
铅钡,SnO2,Na2O,42未风化点2,0.6419978062
铅钡,SnO2,Na2O,43部位1,1
铅钡,SnO2,Na2O,43部位2,1
铅钡,SnO2,Na2O,44未风化点,0.7689838042
铅钡,SnO2,Na2O,45,0.7929288239
铅钡,SnO2,Na2O,46,1
铅钡,SnO2,Na2O,47,0.6861070276
铅钡,SnO2,Na2O,48,0.3422946675
铅钡,SnO2,Na2O,49,1
铅钡,SnO2,Na2O,49未风化点,1
铅钡,SnO2,Na2O,50,1
铅钡,SnO2,Na2O,50未风化点,1
铅钡,SnO2,Na2O,51部位1,0.5822222222
铅钡,SnO2,Na2O,51部位2,1
铅钡,SnO2,Na2O,52,0.8930371063
铅钡,SnO2,Na2O,53未风化点,0.7701466562
铅钡,SnO2,Na2O,54,1
铅钡,SnO2,Na2O,54严重风化点,1
铅钡,SnO2,Na2O,55,0.7898544613
铅钡,SnO2,Na2O,56,1
铅钡,SnO2,Na2O,57,1
铅钡,SnO2,Na2O,58,1
铅钡,SnO2,K2O,02,0.6504088785
铅钡,SnO2,K2O,08,1
铅钡,SnO2,K2O,08严重风化点,1
铅钡,SnO2,K2O,11,0.9029354525
铅钡,SnO2,K2O,19,1
铅钡,SnO2,K2O,20,0.7334343301
铅钡,SnO2,K2O,23未风化点,1
铅钡,SnO2,K2O,24,1
铅钡,SnO2,K2O,25未风化点,1
铅钡,SnO2,K2O,26,1
铅钡,SnO2,K2O,26严重风化点,0.8300409989
铅钡,SnO2,K2O,28未风化点,0.8209835582
铅钡,SnO2,K2O,29未风化点,0.8668742701
铅钡,SnO2,K2O,30部位1,0.9000161655
铅钡,SnO2,K2O,30部位2,0.598173516
铅钡,SnO2,K2O,31,1
铅钡,SnO2,K2O,32,0.9029354525
铅钡,SnO2,K2O,33,0.9286905755
铅钡,SnO2,K2O,34,0.886544586
铅钡,SnO2,K2O,35,1
铅钡,SnO2,K2O,36,0.9331266236
铅钡,SnO2,K2O,37,0.8946649526
铅钡,SnO2,K2O,38,1
铅钡,SnO2,K2O,39,1
铅钡,SnO2,K2O,40,1
铅钡,SnO2,K2O,41,0.8161694642
铅钡,SnO2,K2O,42未风化点1,0.9286905755
铅钡,SnO2,K2O,42未风化点2,0.8480578827
铅钡,SnO2,K2O,43部位1,1
铅钡,SnO2,K2O,43部位2,1
铅钡,SnO2,K2O,44未风化点,0.9071283096
铅钡,SnO2,K2O,45,0.9466927393
铅钡,SnO2,K2O,46,0.886544586
铅钡,SnO2,K2O,47,0.8707381921
铅钡,SnO2,K2O,48,0.3525854153
铅钡,SnO2,K2O,49,1
铅钡,SnO2,K2O,49未风化点,0.8668742701
铅钡,SnO2,K2O,50,1
铅钡,SnO2,K2O,50未风化点,1
铅钡,SnO2,K2O,51部位1,0.5822222222
铅钡,SnO2,K2O,51部位2,1
铅钡,SnO2,K2O,52,1
铅钡,SnO2,K2O,53未风化点,0.9466927393
铅钡,SnO2,K2O,54,0.8592483988
铅钡,SnO2,K2O,54严重风化点,1
铅钡,SnO2,K2O,55,1
铅钡,SnO2,K2O,56,1
铅钡,SnO2,K2O,57,1
铅钡,SnO2,K2O,58,0.8517555267
铅钡,SnO2,CaO,02,0.907967777
铅钡,SnO2,CaO,08,0.9397538306
铅钡,SnO2,CaO,08严重风化点,0.8785958704
铅钡,SnO2,CaO,11,0.8680246576
铅钡,SnO2,CaO,19,0.8873764671
铅钡,SnO2,CaO,20,1
铅钡,SnO2,CaO,23未风化点,0.9788008733
铅钡,SnO2,CaO,24,0.9800474423
铅钡,SnO2,CaO,25未风化点,0.9734355177
铅钡,SnO2,CaO,26,0.9412865037
铅钡,SnO2,CaO,26严重风化点,0.8846561096
铅钡,SnO2,CaO,28未风化点,0.7733348613
铅钡,SnO2,CaO,29未风化点,0.8856742868
铅钡,SnO2,CaO,30部位1,0.7061170391
铅钡,SnO2,CaO,30部位2,0.672000715
铅钡,SnO2,CaO,31,0.9351856129
铅钡,SnO2,CaO,32,0.9804636711
铅钡,SnO2,CaO,33,0.9730252334
铅钡,SnO2,CaO,34,0.9673173547
铅钡,SnO2,CaO,35,0.9838062734
铅钡,SnO2,CaO,36,0.9842257019
铅钡,SnO2,CaO,37,0.9628793561
铅钡,SnO2,CaO,38,0.9713875489
铅钡,SnO2,CaO,39,0.9541244159
铅钡,SnO2,CaO,40,0.9250677512
铅钡,SnO2,CaO,41,0.8231469115
铅钡,SnO2,CaO,42未风化点1,0.9669122104
铅钡,SnO2,CaO,42未风化点2,1
铅钡,SnO2,CaO,43部位1,0.815010142
铅钡,SnO2,CaO,43部位2,0.7829469356
铅钡,SnO2,CaO,44未风化点,0.9151664783
铅钡,SnO2,CaO,45,0.9648915694
铅钡,SnO2,CaO,46,1
铅钡,SnO2,CaO,47,0.9636832334
铅钡,SnO2,CaO,48,0.3474819412
铅钡,SnO2,CaO,49,0.8344531074
铅钡,SnO2,CaO,49未风化点,0.9173484006
铅钡,SnO2,CaO,50,0.8785958704
铅钡,SnO2,CaO,50未风化点,0.8809427375
铅钡,SnO2,CaO,51部位1,0.6400065173
铅钡,SnO2,CaO,51部位2,0.8181874707
铅钡,SnO2,CaO,52,0.9104744047
铅钡,SnO2,CaO,53未风化点,0.9673173547
铅钡,SnO2,CaO,54,0.8785958704
铅钡,SnO2,CaO,54严重风化点,1
铅钡,SnO2,CaO,55,0.9533364003
铅钡,SnO2,CaO,56,0.9501973117
铅钡,SnO2,CaO,57,0.9463024023
铅钡,SnO2,CaO,58,0.8686779001
铅钡,SnO2,MgO,02,0.8603443013
铅钡,SnO2,MgO,08,1
铅钡,SnO2,MgO,08严重风化点,1
铅钡,SnO2,MgO,11,0.911020331
铅钡,SnO2,MgO,19,0.9249301871
铅钡,SnO2,MgO,20,1
铅钡,SnO2,MgO,23未风化点,0.911020331
铅钡,SnO2,MgO,24,1
铅钡,SnO2,MgO,25未风化点,1
铅钡,SnO2,MgO,26,1
铅钡,SnO2,MgO,26严重风化点,1
铅钡,SnO2,MgO,28未风化点,0.8240075092
铅钡,SnO2,MgO,29未风化点,0.829896071
铅钡,SnO2,MgO,30部位1,0.677564416
铅钡,SnO2,MgO,30部位2,0.6243763439
铅钡,SnO2,MgO,31,0.8909226955
铅钡,SnO2,MgO,32,1
铅钡,SnO2,MgO,33,0.8790715239
铅钡,SnO2,MgO,34,1
铅钡,SnO2,MgO,35,1
铅钡,SnO2,MgO,36,1
铅钡,SnO2,MgO,37,1
铅钡,SnO2,MgO,38,1
铅钡,SnO2,MgO,39,1
铅钡,SnO2,MgO,40,1
铅钡,SnO2,MgO,41,0.7269822778
铅钡,SnO2,MgO,42未风化点1,0.8696071004
铅钡,SnO2,MgO,42未风化点2,0.8623856075
铅钡,SnO2,MgO,43部位1,0.8909226955
铅钡,SnO2,MgO,43部位2,0.8844190966
铅钡,SnO2,MgO,44未风化点,1
铅钡,SnO2,MgO,45,0.9076079933
铅钡,SnO2,MgO,46,0.8131855408
铅钡,SnO2,MgO,47,0.9225824551
铅钡,SnO2,MgO,48,0.3586605487
铅钡,SnO2,MgO,49,0.8317952877
铅钡,SnO2,MgO,49未风化点,0.8583126361
铅钡,SnO2,MgO,50,0.9392713927
铅钡,SnO2,MgO,50未风化点,0.9308521273
铅钡,SnO2,MgO,51部位1,0.6435601736
铅钡,SnO2,MgO,51部位2,0.8337032171
铅钡,SnO2,MgO,52,0.9296616805
铅钡,SnO2,MgO,53未风化点,0.8644366234
铅钡,SnO2,MgO,54,0.8502810309
铅钡,SnO2,MgO,54严重风化点,0.867531505
铅钡,SnO2,MgO,55,1
铅钡,SnO2,MgO,56,1
铅钡,SnO2,MgO,57,1
铅钡,SnO2,MgO,58,0.9019772173
铅钡,SnO2,Al2O3,02,0.878167465
铅钡,SnO2,Al2O3,08,0.9685754147
铅钡,SnO2,Al2O3,08严重风化点,0.9738280211
铅钡,SnO2,Al2O3,11,0.9388522016
铅钡,SnO2,Al2O3,19,0.9204399593
铅钡,SnO2,Al2O3,20,0.8834268783
铅钡,SnO2,Al2O3,23未风化点,0.9667616783
铅钡,SnO2,Al2O3,24,0.962929953
铅钡,SnO2,Al2O3,25未风化点,0.9560203224
铅钡,SnO2,Al2O3,26,0.9833340365
铅钡,SnO2,Al2O3,26严重风化点,0.9722233808
铅钡,SnO2,Al2O3,28未风化点,0.80817977
铅钡,SnO2,Al2O3,29未风化点,0.7422799544
铅钡,SnO2,Al2O3,30部位1,0.664290868
铅钡,SnO2,Al2O3,30部位2,0.6335942044
铅钡,SnO2,Al2O3,31,0.9299735213
铅钡,SnO2,Al2O3,32,0.9459481396
铅钡,SnO2,Al2O3,33,0.9461648429
铅钡,SnO2,Al2O3,34,0.962256917
铅钡,SnO2,Al2O3,35,0.966309305
铅钡,SnO2,Al2O3,36,0.9627055031
铅钡,SnO2,Al2O3,37,0.9382123917
铅钡,SnO2,Al2O3,38,0.9414201915
铅钡,SnO2,Al2O3,39,0.9880387846
铅钡,SnO2,Al2O3,40,0.9892220143
铅钡,SnO2,Al2O3,41,0.9253894736
铅钡,SnO2,Al2O3,42未风化点1,0.9212611983
铅钡,SnO2,Al2O3,42未风化点2,0.8794764387
铅钡,SnO2,Al2O3,43部位1,0.9483373489
铅钡,SnO2,Al2O3,43部位2,0.9237337316
铅钡,SnO2,Al2O3,44未风化点,0.7649641872
铅钡,SnO2,Al2O3,45,0.892012772
铅钡,SnO2,Al2O3,46,0.8960768962
铅钡,SnO2,Al2O3,47,0.9310216913
铅钡,SnO2,Al2O3,48,0.3746011848
铅钡,SnO2,Al2O3,49,0.8847515898
铅钡,SnO2,Al2O3,49未风化点,0.8640217771
铅钡,SnO2,Al2O3,50,0.9566846595
铅钡,SnO2,Al2O3,50未风化点,0.9084945478
铅钡,SnO2,Al2O3,51部位1,0.6287552164
铅钡,SnO2,Al2O3,51部位2,0.9427094616
铅钡,SnO2,Al2O3,52,0.9726813096
铅钡,SnO2,Al2O3,53未风化点,0.8720487061
铅钡,SnO2,Al2O3,54,0.9086944288
铅钡,SnO2,Al2O3,54严重风化点,0.918801866
铅钡,SnO2,Al2O3,55,0.9660832771
铅钡,SnO2,Al2O3,56,0.9571280641
铅钡,SnO2,Al2O3,57,0.9498640487
铅钡,SnO2,Al2O3,58,0.9214667371
铅钡,SnO2,Fe2O3,02,0.7988441412
铅钡,SnO2,Fe2O3,08,1
铅钡,SnO2,Fe2O3,08严重风化点,1
铅钡,SnO2,Fe2O3,11,1
铅钡,SnO2,Fe2O3,19,0.8474168954
铅钡,SnO2,Fe2O3,20,0.8302715025
铅钡,SnO2,Fe2O3,23未风化点,1
铅钡,SnO2,Fe2O3,24,1
铅钡,SnO2,Fe2O3,25未风化点,0.8265552118
铅钡,SnO2,Fe2O3,26,1
铅钡,SnO2,Fe2O3,26严重风化点,1
铅钡,SnO2,Fe2O3,28未风化点,0.7718200283
铅钡,SnO2,Fe2O3,29未风化点,0.9011780721
铅钡,SnO2,Fe2O3,30部位1,0.7554699864
铅钡,SnO2,Fe2O3,30部位2,0.7687507075
铅钡,SnO2,Fe2O3,31,0.6167514326
铅钡,SnO2,Fe2O3,32,0.8807616195
铅钡,SnO2,Fe2O3,33,1
铅钡,SnO2,Fe2O3,34,0.9401773911
铅钡,SnO2,Fe2O3,35,0.977502995
铅钡,SnO2,Fe2O3,36,0.9584769415
铅钡,SnO2,Fe2O3,37,1
铅钡,SnO2,Fe2O3,38,0.9622226691
铅钡,SnO2,Fe2O3,39,1
铅钡,SnO2,Fe2O3,40,0.9749226608
铅钡,SnO2,Fe2O3,41,0.8049378279
铅钡,SnO2,Fe2O3,42未风化点1,1
铅钡,SnO2,Fe2O3,42未风化点2,1
铅钡,SnO2,Fe2O3,43部位1,0.9067091056
铅钡,SnO2,Fe2O3,43部位2,0.8416236227
铅钡,SnO2,Fe2O3,44未风化点,0.905597474
铅钡,SnO2,Fe2O3,45,1
铅钡,SnO2,Fe2O3,46,1
铅钡,SnO2,Fe2O3,47,1
铅钡,SnO2,Fe2O3,48,0.3495821958
铅钡,SnO2,Fe2O3,49,0.7294244422
铅钡,SnO2,Fe2O3,49未风化点,0.8532904763
铅钡,SnO2,Fe2O3,50,0.9572348378
铅钡,SnO2,Fe2O3,50未风化点,1
铅钡,SnO2,Fe2O3,51部位1,0.6424861137
铅钡,SnO2,Fe2O3,51部位2,0.9461991038
铅钡,SnO2,Fe2O3,52,0.9698026461
铅钡,SnO2,Fe2O3,53未风化点,1
铅钡,SnO2,Fe2O3,54,1
铅钡,SnO2,Fe2O3,54严重风化点,1
铅钡,SnO2,Fe2O3,55,1
铅钡,SnO2,Fe2O3,56,1
铅钡,SnO2,Fe2O3,57,1
铅钡,SnO2,Fe2O3,58,0.8957141094
铅钡,SnO2,CuO,02,0.9878656874
铅钡,SnO2,CuO,08,0.6703280219
铅钡,SnO2,CuO,08严重风化点,0.8708182665
铅钡,SnO2,CuO,11,0.8110882543
铅钡,SnO2,CuO,19,0.8577613787
铅钡,SnO2,CuO,20,0.8157771963
铅钡,SnO2,CuO,23未风化点,0.8762255436
铅钡,SnO2,CuO,24,0.7144481356
铅钡,SnO2,CuO,25未风化点,0.949746133
铅钡,SnO2,CuO,26,0.6669485904
铅钡,SnO2,CuO,26严重风化点,0.8546443675
铅钡,SnO2,CuO,28未风化点,0.7487526065
铅钡,SnO2,CuO,29未风化点,0.9662205992
铅钡,SnO2,CuO,30部位1,0.6208530806
铅钡,SnO2,CuO,30部位2,0.598173516
铅钡,SnO2,CuO,31,0.9796360802
铅钡,SnO2,CuO,32,0.9948300599
铅钡,SnO2,CuO,33,0.9782777913
铅钡,SnO2,CuO,34,0.9334122453
铅钡,SnO2,CuO,35,0.9924977172
铅钡,SnO2,CuO,36,0.96887422
铅钡,SnO2,CuO,37,0.8755006966
铅钡,SnO2,CuO,38,0.9666618594
铅钡,SnO2,CuO,39,0.9600849865
铅钡,SnO2,CuO,40,1
铅钡,SnO2,CuO,41,0.9911035536
铅钡,SnO2,CuO,42未风化点1,0.8879885184
铅钡,SnO2,CuO,42未风化点2,0.8861297786
铅钡,SnO2,CuO,43部位1,0.7982414354
铅钡,SnO2,CuO,43部位2,0.9334122453
铅钡,SnO2,CuO,44未风化点,0.9800896817
铅钡,SnO2,CuO,45,0.975572482
铅钡,SnO2,CuO,46,0.9648992322
铅钡,SnO2,CuO,47,0.9702065039
铅钡,SnO2,CuO,48,0.3333333333
铅钡,SnO2,CuO,49,0.9679880617
铅钡,SnO2,CuO,49未风化点,0.9791828983
铅钡,SnO2,CuO,50,0.9493201775
铅钡,SnO2,CuO,50未风化点,0.9679880617
铅钡,SnO2,CuO,51部位1,0.6050216633
铅钡,SnO2,CuO,51部位2,0.9657797416
铅钡,SnO2,CuO,52,0.9679880617
铅钡,SnO2,CuO,53未风化点,0.9751230512
铅钡,SnO2,CuO,54,0.9622673111
铅钡,SnO2,CuO,54严重风化点,0.9404625494
铅钡,SnO2,CuO,55,0.9609567274
铅钡,SnO2,CuO,56,0.964020327
铅钡,SnO2,CuO,57,0.9480446006
铅钡,SnO2,CuO,58,0.8711766745
铅钡,SnO2,PbO,02,0.8878693222
铅钡,SnO2,PbO,08,0.929051805
铅钡,SnO2,PbO,08严重风化点,0.9204673654
铅钡,SnO2,PbO,11,0.936675177
铅钡,SnO2,PbO,19,0.8976525124
铅钡,SnO2,PbO,20,0.9758352817
铅钡,SnO2,PbO,23未风化点,0.9567431091
铅钡,SnO2,PbO,24,0.9279957999
铅钡,SnO2,PbO,25未风化点,0.9217098402
铅钡,SnO2,PbO,26,0.9271023698
铅钡,SnO2,PbO,26严重风化点,0.9262106583
铅钡,SnO2,PbO,28未风化点,0.7659863125
铅钡,SnO2,PbO,29未风化点,0.9682624488
铅钡,SnO2,PbO,30部位1,0.6638978053
铅钡,SnO2,PbO,30部位2,0.6364297131
铅钡,SnO2,PbO,31,0.957792307
铅钡,SnO2,PbO,32,0.9500150023
铅钡,SnO2,PbO,33,0.9587458971
铅钡,SnO2,PbO,34,0.8897203268
铅钡,SnO2,PbO,35,0.944543455
铅钡,SnO2,PbO,36,0.9002561588
铅钡,SnO2,PbO,37,0.9561098248
铅钡,SnO2,PbO,38,0.8839405916
铅钡,SnO2,PbO,39,0.8602116545
铅钡,SnO2,PbO,40,0.8424967622
铅钡,SnO2,PbO,41,0.8948719365
铅钡,SnO2,PbO,42未风化点1,0.9449474731
铅钡,SnO2,PbO,42未风化点2,0.9491506508
铅钡,SnO2,PbO,43部位1,0.8625429124
铅钡,SnO2,PbO,43部位2,0.8935306142
铅钡,SnO2,PbO,44未风化点,0.9650280123
铅钡,SnO2,PbO,45,0.9591621591
铅钡,SnO2,PbO,46,0.937002352
铅钡,SnO2,PbO,47,0.9366518161
铅钡,SnO2,PbO,48,0.3380469496
铅钡,SnO2,PbO,49,0.9165809645
铅钡,SnO2,PbO,49未风化点,0.9422447688
铅钡,SnO2,PbO,50,0.8951278831
铅钡,SnO2,PbO,50未风化点,0.9246372099
铅钡,SnO2,PbO,51部位1,0.6209598044
铅钡,SnO2,PbO,51部位2,0.879737253
铅钡,SnO2,PbO,52,0.8878903131
铅钡,SnO2,PbO,53未风化点,0.9649040423
铅钡,SnO2,PbO,54,0.8713280629
铅钡,SnO2,PbO,54严重风化点,0.8653053162
铅钡,SnO2,PbO,55,0.9194082655
铅钡,SnO2,PbO,56,0.9010337152
铅钡,SnO2,PbO,57,0.8927871711
铅钡,SnO2,PbO,58,0.9051598384
铅钡,SnO2,BaO,02,1
铅钡,SnO2,BaO,08,0.7909172797
铅钡,SnO2,BaO,08严重风化点,0.7941605586
铅钡,SnO2,BaO,11,0.8899407829
铅钡,SnO2,BaO,19,0.956675503
铅钡,SnO2,BaO,20,0.8337882328
铅钡,SnO2,BaO,23未风化点,0.9087669284
铅钡,SnO2,BaO,24,0.8183099254
铅钡,SnO2,BaO,25未风化点,0.9467090726
铅钡,SnO2,BaO,26,0.7855528723
铅钡,SnO2,BaO,26严重风化点,0.7691857723
铅钡,SnO2,BaO,28未风化点,0.7593317855
铅钡,SnO2,BaO,29未风化点,0.9831068035
铅钡,SnO2,BaO,30部位1,0.656346901
铅钡,SnO2,BaO,30部位2,0.6312551987
铅钡,SnO2,BaO,31,0.971864986
铅钡,SnO2,BaO,32,0.9603305955
铅钡,SnO2,BaO,33,0.970826726
铅钡,SnO2,BaO,34,0.9219583578
铅钡,SnO2,BaO,35,0.954125743
铅钡,SnO2,BaO,36,0.9160248469
铅钡,SnO2,BaO,37,0.9195184929
铅钡,SnO2,BaO,38,0.9234718122
铅钡,SnO2,BaO,39,0.9424043638
铅钡,SnO2,BaO,40,0.9464057051
铅钡,SnO2,BaO,41,0.9236884257
铅钡,SnO2,BaO,42未风化点1,0.9185890126
铅钡,SnO2,BaO,42未风化点2,0.9156698445
铅钡,SnO2,BaO,43部位1,0.9418784128
铅钡,SnO2,BaO,43部位2,0.973145897
铅钡,SnO2,BaO,44未风化点,0.9576836995
铅钡,SnO2,BaO,45,0.9151024127
铅钡,SnO2,BaO,46,0.921526853
铅钡,SnO2,BaO,47,0.9275320896
铅钡,SnO2,BaO,48,0.3403534012
铅钡,SnO2,BaO,49,0.9509001845
铅钡,SnO2,BaO,49未风化点,0.9657474669
铅钡,SnO2,BaO,50,0.8926979596
铅钡,SnO2,BaO,50未风化点,0.9499825982
铅钡,SnO2,BaO,51部位1,0.6090570857
铅钡,SnO2,BaO,51部位2,1
铅钡,SnO2,BaO,52,0.931848686
铅钡,SnO2,BaO,53未风化点,0.929283159
铅钡,SnO2,BaO,54,0.9437595102
铅钡,SnO2,BaO,54严重风化点,1
铅钡,SnO2,BaO,55,0.9369481572
铅钡,SnO2,BaO,56,0.8843447906
铅钡,SnO2,BaO,57,0.872265069
铅钡,SnO2,BaO,58,0.93910811
铅钡,SnO2,P2O5,02,0.9121768944
铅钡,SnO2,P2O5,08,0.9117283184
铅钡,SnO2,P2O5,08严重风化点,0.8306447619
铅钡,SnO2,P2O5,11,0.7981054401
铅钡,SnO2,P2O5,19,0.8076667339
铅钡,SnO2,P2O5,20,0.8657479773
铅钡,SnO2,P2O5,23未风化点,1
铅钡,SnO2,P2O5,24,0.9962385708
铅钡,SnO2,P2O5,25未风化点,0.9949020516
铅钡,SnO2,P2O5,26,0.9221584632
铅钡,SnO2,P2O5,26严重风化点,0.8599254466
铅钡,SnO2,P2O5,28未风化点,0.7558022027
铅钡,SnO2,P2O5,29未风化点,0.9890637196
铅钡,SnO2,P2O5,30部位1,0.6208530806
铅钡,SnO2,P2O5,30部位2,0.6120963482
铅钡,SnO2,P2O5,31,0.958139421
铅钡,SnO2,P2O5,32,0.9954362287
铅钡,SnO2,P2O5,33,0.9965063056
铅钡,SnO2,P2O5,34,0.9909139242
铅钡,SnO2,P2O5,35,0.9887999686
铅钡,SnO2,P2O5,36,0.9981157416
铅钡,SnO2,P2O5,37,0.9621171773
铅钡,SnO2,P2O5,38,0.9872204115
铅钡,SnO2,P2O5,39,0.9696651885
铅钡,SnO2,P2O5,40,0.954440031
铅钡,SnO2,P2O5,41,0.8325097074
铅钡,SnO2,P2O5,42未风化点1,0.9978471414
铅钡,SnO2,P2O5,42未风化点2,1
铅钡,SnO2,P2O5,43部位1,1
铅钡,SnO2,P2O5,43部位2,0.742936745
铅钡,SnO2,P2O5,44未风化点,1
铅钡,SnO2,P2O5,45,1
铅钡,SnO2,P2O5,46,0.994635178
铅钡,SnO2,P2O5,47,0.9973103743
铅钡,SnO2,P2O5,48,0.3366624392
铅钡,SnO2,P2O5,49,0.7696134444
铅钡,SnO2,P2O5,49未风化点,0.8956519086
铅钡,SnO2,P2O5,50,0.853983985
铅钡,SnO2,P2O5,50未风化点,0.853983985
铅钡,SnO2,P2O5,51部位1,0.6670624438
铅钡,SnO2,P2O5,51部位2,0.8090765853
铅钡,SnO2,P2O5,52,0.8665572786
铅钡,SnO2,P2O5,53未风化点,1
铅钡,SnO2,P2O5,54,0.8973859922
铅钡,SnO2,P2O5,54严重风化点,0.7240767615
铅钡,SnO2,P2O5,55,0.9906491856
铅钡,SnO2,P2O5,56,0.9358907938
铅钡,SnO2,P2O5,57,1
铅钡,SnO2,P2O5,58,0.8048617204
铅钡,SnO2,SrO,02,0.9537545103
铅钡,SnO2,SrO,08,0.9137229234
铅钡,SnO2,SrO,08严重风化点,0.8808589514
铅钡,SnO2,SrO,11,0.9137229234
铅钡,SnO2,SrO,19,0.9537545103
铅钡,SnO2,SrO,20,1
铅钡,SnO2,SrO,23未风化点,0.922325687
铅钡,SnO2,SrO,24,0.811536016
铅钡,SnO2,SrO,25未风化点,0.951438734
铅钡,SnO2,SrO,26,0.8969900203
铅钡,SnO2,SrO,26严重风化点,0.8633912522
铅钡,SnO2,SrO,28未风化点,0.7572767804
铅钡,SnO2,SrO,29未风化点,0.9400265146
铅钡,SnO2,SrO,30部位1,0.6573034535
铅钡,SnO2,SrO,30部位2,0.6454693889
铅钡,SnO2,SrO,31,0.9288848225
铅钡,SnO2,SrO,32,1
铅钡,SnO2,SrO,33,1
铅钡,SnO2,SrO,34,0.9468407554
铅钡,SnO2,SrO,35,1
铅钡,SnO2,SrO,36,0.9468407554
铅钡,SnO2,SrO,37,0.9266881029
铅钡,SnO2,SrO,38,0.905279157
铅钡,SnO2,SrO,39,0.8652978208
铅钡,SnO2,SrO,40,0.8521259752
铅钡,SnO2,SrO,41,0.8929021168
铅钡,SnO2,SrO,42未风化点1,0.9180041512
铅钡,SnO2,SrO,42未风化点2,1
铅钡,SnO2,SrO,43部位1,0.8596032097
铅钡,SnO2,SrO,43部位2,0.8929021168
铅钡,SnO2,SrO,44未风化点,0.9377768448
铅钡,SnO2,SrO,45,0.9445583913
铅钡,SnO2,SrO,46,0.9011155266
铅钡,SnO2,SrO,47,0.8217472085
铅钡,SnO2,SrO,48,0.3405762296
铅钡,SnO2,SrO,49,0.8949414004
铅钡,SnO2,SrO,49未风化点,0.9288848225
铅钡,SnO2,SrO,50,0.8558482613
铅钡,SnO2,SrO,50未风化点,0.9445583913
铅钡,SnO2,SrO,51部位1,0.6180356673
铅钡,SnO2,SrO,51部位2,1
铅钡,SnO2,SrO,52,0.8990480407
铅钡,SnO2,SrO,53未风化点,0.935537917
铅钡,SnO2,SrO,54,0.8166096923
铅钡,SnO2,SrO,54严重风化点,0.7777120075
铅钡,SnO2,SrO,55,1
铅钡,SnO2,SrO,56,1
铅钡,SnO2,SrO,57,1
铅钡,SnO2,SrO,58,0.942287004
铅钡,SnO2,SO2,02,1
铅钡,SnO2,SO2,08,0.7772891243
铅钡,SnO2,SO2,08严重风化点,0.3746496269
铅钡,SnO2,SO2,11,1
铅钡,SnO2,SO2,19,1
铅钡,SnO2,SO2,20,1
铅钡,SnO2,SO2,23未风化点,1
铅钡,SnO2,SO2,24,1
铅钡,SnO2,SO2,25未风化点,1
铅钡,SnO2,SO2,26,0.8212417077
铅钡,SnO2,SO2,26严重风化点,0.3608373969
铅钡,SnO2,SO2,28未风化点,0.7401129944
铅钡,SnO2,SO2,29未风化点,1
铅钡,SnO2,SO2,30部位1,0.6208530806
铅钡,SnO2,SO2,30部位2,0.598173516
铅钡,SnO2,SO2,31,1
铅钡,SnO2,SO2,32,1
铅钡,SnO2,SO2,33,1
铅钡,SnO2,SO2,34,1
铅钡,SnO2,SO2,35,1
铅钡,SnO2,SO2,36,1
铅钡,SnO2,SO2,37,0.7110037984
铅钡,SnO2,SO2,38,1
铅钡,SnO2,SO2,39,1
铅钡,SnO2,SO2,40,1
铅钡,SnO2,SO2,41,1
铅钡,SnO2,SO2,42未风化点1,1
铅钡,SnO2,SO2,42未风化点2,1
铅钡,SnO2,SO2,43部位1,1
铅钡,SnO2,SO2,43部位2,1
铅钡,SnO2,SO2,44未风化点,1
铅钡,SnO2,SO2,45,1
铅钡,SnO2,SO2,46,1
铅钡,SnO2,SO2,47,1
铅钡,SnO2,SO2,48,0.3333333333
铅钡,SnO2,SO2,49,1
铅钡,SnO2,SO2,49未风化点,1
铅钡,SnO2,SO2,50,1
铅钡,SnO2,SO2,50未风化点,1
铅钡,SnO2,SO2,51部位1,0.5822222222
铅钡,SnO2,SO2,51部位2,1
铅钡,SnO2,SO2,52,1
铅钡,SnO2,SO2,53未风化点,1
铅钡,SnO2,SO2,54,1
铅钡,SnO2,SO2,54严重风化点,1
铅钡,SnO2,SO2,55,1
铅钡,SnO2,SO2,56,1
铅钡,SnO2,SO2,57,1
铅钡,SnO2,SO2,58,1
铅钡,SO2,SiO2,02,0.9234716705
铅钡,SO2,SiO2,08,0.8061141691
铅钡,SO2,SiO2,08严重风化点,0.3761335098
铅钡,SO2,SiO2,11,0.9287415674
铅钡,SO2,SiO2,19,0.9365898166
铅钡,SO2,SiO2,20,0.9213726628
铅钡,SO2,SiO2,23未风化点,0.8905779469
铅钡,SO2,SiO2,24,0.9320038977
铅钡,SO2,SiO2,25未风化点,0.8963765169
铅钡,SO2,SiO2,26,0.8529044518
铅钡,SO2,SiO2,26严重风化点,0.3619471619
铅钡,SO2,SiO2,28未风化点,0.8654207163
铅钡,SO2,SiO2,29未风化点,0.8736760953
铅钡,SO2,SiO2,30部位1,0.9272662279
铅钡,SO2,SiO2,30部位2,0.9222072345
铅钡,SO2,SiO2,31,0.8691490318
铅钡,SO2,SiO2,32,0.8626411538
铅钡,SO2,SiO2,33,0.8528938495
铅钡,SO2,SiO2,34,0.9244466754
铅钡,SO2,SiO2,35,0.8691490318
铅钡,SO2,SiO2,36,0.9171070737
铅钡,SO2,SiO2,37,0.7879369921
铅钡,SO2,SiO2,38,0.930043755
铅钡,SO2,SiO2,39,0.9434319429
铅钡,SO2,SiO2,40,0.9632345505
铅钡,SO2,SiO2,41,0.959539975
铅钡,SO2,SiO2,42未风化点1,0.8951851431
铅钡,SO2,SiO2,42未风化点2,0.8950570301
铅钡,SO2,SiO2,43部位1,0.9724346454
铅钡,SO2,SiO2,43部位2,0.9527740159
铅钡,SO2,SiO2,44未风化点,0.8781624817
铅钡,SO2,SiO2,45,0.8772123042
铅钡,SO2,SiO2,46,0.888012808
铅钡,SO2,SiO2,47,0.8946729112
铅钡,SO2,SiO2,48,0.8914120883
铅钡,SO2,SiO2,49,0.9382960547
铅钡,SO2,SiO2,49未风化点,0.8890948646
铅钡,SO2,SiO2,50,0.9605505205
铅钡,SO2,SiO2,50未风化点,0.9067547519
铅钡,SO2,SiO2,51部位1,0.9467780047
铅钡,SO2,SiO2,51部位2,0.9535003061
铅钡,SO2,SiO2,52,0.9444699499
铅钡,SO2,SiO2,53未风化点,0.873048871
铅钡,SO2,SiO2,54,0.9515728822
铅钡,SO2,SiO2,54严重风化点,0.96238757
铅钡,SO2,SiO2,55,0.8993226841
铅钡,SO2,SiO2,56,0.9375726544
铅钡,SO2,SiO2,57,0.9451224154
铅钡,SO2,SiO2,58,0.9350894575
铅钡,SO2,Na2O,02,1
铅钡,SO2,Na2O,08,0.7772891243
铅钡,SO2,Na2O,08严重风化点,0.3746496269
铅钡,SO2,Na2O,11,1
铅钡,SO2,Na2O,19,1
铅钡,SO2,Na2O,20,1
铅钡,SO2,Na2O,23未风化点,0.5625717032
铅钡,SO2,Na2O,24,1
铅钡,SO2,Na2O,25未风化点,0.8151382497
铅钡,SO2,Na2O,26,0.8212417077
铅钡,SO2,Na2O,26严重风化点,0.3608373969
铅钡,SO2,Na2O,28未风化点,1
铅钡,SO2,Na2O,29未风化点,0.9171605859
铅钡,SO2,Na2O,30部位1,1
铅钡,SO2,Na2O,30部位2,1
铅钡,SO2,Na2O,31,1
铅钡,SO2,Na2O,32,1
铅钡,SO2,Na2O,33,1
铅钡,SO2,Na2O,34,1
铅钡,SO2,Na2O,35,1
铅钡,SO2,Na2O,36,0.821051798
铅钡,SO2,Na2O,37,0.7110037984
铅钡,SO2,Na2O,38,0.8806829558
铅钡,SO2,Na2O,39,1
铅钡,SO2,Na2O,40,1
铅钡,SO2,Na2O,41,1
铅钡,SO2,Na2O,42未风化点1,0.6395791014
铅钡,SO2,Na2O,42未风化点2,0.6419978062
铅钡,SO2,Na2O,43部位1,1
铅钡,SO2,Na2O,43部位2,1
铅钡,SO2,Na2O,44未风化点,0.7689838042
铅钡,SO2,Na2O,45,0.7929288239
铅钡,SO2,Na2O,46,1
铅钡,SO2,Na2O,47,0.6861070276
铅钡,SO2,Na2O,48,0.9271788844
铅钡,SO2,Na2O,49,1
铅钡,SO2,Na2O,49未风化点,1
铅钡,SO2,Na2O,50,1
铅钡,SO2,Na2O,50未风化点,1
铅钡,SO2,Na2O,51部位1,1
铅钡,SO2,Na2O,51部位2,1
铅钡,SO2,Na2O,52,0.8930371063
铅钡,SO2,Na2O,53未风化点,0.7701466562
铅钡,SO2,Na2O,54,1
铅钡,SO2,Na2O,54严重风化点,1
铅钡,SO2,Na2O,55,0.7898544613
铅钡,SO2,Na2O,56,1
铅钡,SO2,Na2O,57,1
铅钡,SO2,Na2O,58,1
铅钡,SO2,K2O,02,0.6504088785
铅钡,SO2,K2O,08,0.7772891243
铅钡,SO2,K2O,08严重风化点,0.3746496269
铅钡,SO2,K2O,11,0.9029354525
铅钡,SO2,K2O,19,1
铅钡,SO2,K2O,20,0.7334343301
铅钡,SO2,K2O,23未风化点,1
铅钡,SO2,K2O,24,1
铅钡,SO2,K2O,25未风化点,1
铅钡,SO2,K2O,26,0.8212417077
铅钡,SO2,K2O,26严重风化点,0.3896248193
铅钡,SO2,K2O,28未风化点,0.8825394309
铅钡,SO2,K2O,29未风化点,0.8668742701
铅钡,SO2,K2O,30部位1,0.5807949092
铅钡,SO2,K2O,30部位2,1
铅钡,SO2,K2O,31,1
铅钡,SO2,K2O,32,0.9029354525
铅钡,SO2,K2O,33,0.9286905755
铅钡,SO2,K2O,34,0.886544586
铅钡,SO2,K2O,35,1
铅钡,SO2,K2O,36,0.9331266236
铅钡,SO2,K2O,37,0.7759605068
铅钡,SO2,K2O,38,1
铅钡,SO2,K2O,39,1
铅钡,SO2,K2O,40,1
铅钡,SO2,K2O,41,0.8161694642
铅钡,SO2,K2O,42未风化点1,0.9286905755
铅钡,SO2,K2O,42未风化点2,0.8480578827
铅钡,SO2,K2O,43部位1,1
铅钡,SO2,K2O,43部位2,1
铅钡,SO2,K2O,44未风化点,0.9071283096
铅钡,SO2,K2O,45,0.9466927393
铅钡,SO2,K2O,46,0.886544586
铅钡,SO2,K2O,47,0.8707381921
铅钡,SO2,K2O,48,0.8592483988
铅钡,SO2,K2O,49,1
铅钡,SO2,K2O,49未风化点,0.8668742701
铅钡,SO2,K2O,50,1
铅钡,SO2,K2O,50未风化点,1
铅钡,SO2,K2O,51部位1,1
铅钡,SO2,K2O,51部位2,1
铅钡,SO2,K2O,52,1
铅钡,SO2,K2O,53未风化点,0.9466927393
铅钡,SO2,K2O,54,0.8592483988
铅钡,SO2,K2O,54严重风化点,1
铅钡,SO2,K2O,55,1
铅钡,SO2,K2O,56,1
铅钡,SO2,K2O,57,1
铅钡,SO2,K2O,58,0.8517555267
铅钡,SO2,CaO,02,0.907967777
铅钡,SO2,CaO,08,0.8180533851
铅钡,SO2,CaO,08严重风化点,0.3951037446
铅钡,SO2,CaO,11,0.8680246576
铅钡,SO2,CaO,19,0.8873764671
铅钡,SO2,CaO,20,1
铅钡,SO2,CaO,23未风化点,0.9788008733
铅钡,SO2,CaO,24,0.9800474423
铅钡,SO2,CaO,25未风化点,0.9734355177
铅钡,SO2,CaO,26,0.8655816528
铅钡,SO2,CaO,26严重风化点,0.3786518174
铅钡,SO2,CaO,28未风化点,0.9451401483
铅钡,SO2,CaO,29未风化点,0.8856742868
铅钡,SO2,CaO,30部位1,0.8371765305
铅钡,SO2,CaO,30部位2,0.8448357222
铅钡,SO2,CaO,31,0.9351856129
铅钡,SO2,CaO,32,0.9804636711
铅钡,SO2,CaO,33,0.9730252334
铅钡,SO2,CaO,34,0.9673173547
铅钡,SO2,CaO,35,0.9838062734
铅钡,SO2,CaO,36,0.9842257019
铅钡,SO2,CaO,37,0.7310419589
铅钡,SO2,CaO,38,0.9713875489
铅钡,SO2,CaO,39,0.9541244159
铅钡,SO2,CaO,40,0.9250677512
铅钡,SO2,CaO,41,0.8231469115
铅钡,SO2,CaO,42未风化点1,0.9669122104
铅钡,SO2,CaO,42未风化点2,1
铅钡,SO2,CaO,43部位1,0.815010142
铅钡,SO2,CaO,43部位2,0.7829469356
铅钡,SO2,CaO,44未风化点,0.9151664783
铅钡,SO2,CaO,45,0.9648915694
铅钡,SO2,CaO,46,1
铅钡,SO2,CaO,47,0.9636832334
铅钡,SO2,CaO,48,0.8911443925
铅钡,SO2,CaO,49,0.8344531074
铅钡,SO2,CaO,49未风化点,0.9173484006
铅钡,SO2,CaO,50,0.8785958704
铅钡,SO2,CaO,50未风化点,0.8809427375
铅钡,SO2,CaO,51部位1,0.8657460254
铅钡,SO2,CaO,51部位2,0.8181874707
铅钡,SO2,CaO,52,0.9104744047
铅钡,SO2,CaO,53未风化点,0.9673173547
铅钡,SO2,CaO,54,0.8785958704
铅钡,SO2,CaO,54严重风化点,1
铅钡,SO2,CaO,55,0.9533364003
铅钡,SO2,CaO,56,0.9501973117
铅钡,SO2,CaO,57,0.9463024023
铅钡,SO2,CaO,58,0.8686779001
铅钡,SO2,MgO,02,0.8603443013
铅钡,SO2,MgO,08,0.7772891243
铅钡,SO2,MgO,08严重风化点,0.3746496269
铅钡,SO2,MgO,11,0.911020331
铅钡,SO2,MgO,19,0.9249301871
铅钡,SO2,MgO,20,1
铅钡,SO2,MgO,23未风化点,0.911020331
铅钡,SO2,MgO,24,1
铅钡,SO2,MgO,25未风化点,1
铅钡,SO2,MgO,26,0.8212417077
铅钡,SO2,MgO,26严重风化点,0.3608373969
铅钡,SO2,MgO,28未风化点,0.8790715239
铅钡,SO2,MgO,29未风化点,0.829896071
铅钡,SO2,MgO,30部位1,0.8812027741
铅钡,SO2,MgO,30部位2,0.9344418309
铅钡,SO2,MgO,31,0.8909226955
铅钡,SO2,MgO,32,1
铅钡,SO2,MgO,33,0.8790715239
铅钡,SO2,MgO,34,1
铅钡,SO2,MgO,35,1
铅钡,SO2,MgO,36,1
铅钡,SO2,MgO,37,0.7110037984
铅钡,SO2,MgO,38,1
铅钡,SO2,MgO,39,1
铅钡,SO2,MgO,40,1
铅钡,SO2,MgO,41,0.7269822778
铅钡,SO2,MgO,42未风化点1,0.8696071004
铅钡,SO2,MgO,42未风化点2,0.8623856075
铅钡,SO2,MgO,43部位1,0.8909226955
铅钡,SO2,MgO,43部位2,0.8844190966
铅钡,SO2,MgO,44未风化点,1
铅钡,SO2,MgO,45,0.9076079933
铅钡,SO2,MgO,46,0.8131855408
铅钡,SO2,MgO,47,0.9225824551
铅钡,SO2,MgO,48,0.8251857576
铅钡,SO2,MgO,49,0.8317952877
铅钡,SO2,MgO,49未风化点,0.8583126361
铅钡,SO2,MgO,50,0.9392713927
铅钡,SO2,MgO,50未风化点,0.9308521273
铅钡,SO2,MgO,51部位1,0.8593272679
铅钡,SO2,MgO,51部位2,0.8337032171
铅钡,SO2,MgO,52,0.9296616805
铅钡,SO2,MgO,53未风化点,0.8644366234
铅钡,SO2,MgO,54,0.8502810309
铅钡,SO2,MgO,54严重风化点,0.867531505
铅钡,SO2,MgO,55,1
铅钡,SO2,MgO,56,1
铅钡,SO2,MgO,57,1
铅钡,SO2,MgO,58,0.9019772173
铅钡,SO2,Al2O3,02,0.878167465
铅钡,SO2,Al2O3,08,0.7973982878
铅钡,SO2,Al2O3,08严重风化点,0.3784602843
铅钡,SO2,Al2O3,11,0.9388522016
铅钡,SO2,Al2O3,19,0.9204399593
铅钡,SO2,Al2O3,20,0.8834268783
铅钡,SO2,Al2O3,23未风化点,0.9667616783
铅钡,SO2,Al2O3,24,0.962929953
铅钡,SO2,Al2O3,25未风化点,0.9560203224
铅钡,SO2,Al2O3,26,0.8328337152
铅钡,SO2,Al2O3,26严重风化点,0.36459609
铅钡,SO2,Al2O3,28未风化点,0.8978300226
铅钡,SO2,Al2O3,29未风化点,0.7422799544
铅钡,SO2,Al2O3,30部位1,0.9047134467
铅钡,SO2,Al2O3,30部位2,0.9145294829
铅钡,SO2,Al2O3,31,0.9299735213
铅钡,SO2,Al2O3,32,0.9459481396
铅钡,SO2,Al2O3,33,0.9461648429
铅钡,SO2,Al2O3,34,0.962256917
铅钡,SO2,Al2O3,35,0.966309305
铅钡,SO2,Al2O3,36,0.9627055031
铅钡,SO2,Al2O3,37,0.7459315912
铅钡,SO2,Al2O3,38,0.9414201915
铅钡,SO2,Al2O3,39,0.9880387846
铅钡,SO2,Al2O3,40,0.9892220143
铅钡,SO2,Al2O3,41,0.9253894736
铅钡,SO2,Al2O3,42未风化点1,0.9212611983
铅钡,SO2,Al2O3,42未风化点2,0.8794764387
铅钡,SO2,Al2O3,43部位1,0.9483373489
铅钡,SO2,Al2O3,43部位2,0.9237337316
铅钡,SO2,Al2O3,44未风化点,0.7649641872
铅钡,SO2,Al2O3,45,0.892012772
铅钡,SO2,Al2O3,46,0.8960768962
铅钡,SO2,Al2O3,47,0.9310216913
铅钡,SO2,Al2O3,48,0.7516003666
铅钡,SO2,Al2O3,49,0.8847515898
铅钡,SO2,Al2O3,49未风化点,0.8640217771
铅钡,SO2,Al2O3,50,0.9566846595
铅钡,SO2,Al2O3,50未风化点,0.9084945478
铅钡,SO2,Al2O3,51部位1,0.887222338
铅钡,SO2,Al2O3,51部位2,0.9427094616
铅钡,SO2,Al2O3,52,0.9726813096
铅钡,SO2,Al2O3,53未风化点,0.8720487061
铅钡,SO2,Al2O3,54,0.9086944288
铅钡,SO2,Al2O3,54严重风化点,0.918801866
铅钡,SO2,Al2O3,55,0.9660832771
铅钡,SO2,Al2O3,56,0.9571280641
铅钡,SO2,Al2O3,57,0.9498640487
铅钡,SO2,Al2O3,58,0.9214667371
铅钡,SO2,Fe2O3,02,0.7988441412
铅钡,SO2,Fe2O3,08,0.7772891243
铅钡,SO2,Fe2O3,08严重风化点,0.3746496269
铅钡,SO2,Fe2O3,11,1
铅钡,SO2,Fe2O3,19,0.8474168954
铅钡,SO2,Fe2O3,20,0.8302715025
铅钡,SO2,Fe2O3,23未风化点,1
铅钡,SO2,Fe2O3,24,1
铅钡,SO2,Fe2O3,25未风化点,0.8265552118
铅钡,SO2,Fe2O3,26,0.8212417077
铅钡,SO2,Fe2O3,26严重风化点,0.3608373969
铅钡,SO2,Fe2O3,28未风化点,0.9474127146
铅钡,SO2,Fe2O3,29未风化点,0.9011780721
铅钡,SO2,Fe2O3,30部位1,0.7769961283
铅钡,SO2,Fe2O3,30部位2,0.7294244422
铅钡,SO2,Fe2O3,31,0.6167514326
铅钡,SO2,Fe2O3,32,0.8807616195
铅钡,SO2,Fe2O3,33,1
铅钡,SO2,Fe2O3,34,0.9401773911
铅钡,SO2,Fe2O3,35,0.977502995
铅钡,SO2,Fe2O3,36,0.9584769415
铅钡,SO2,Fe2O3,37,0.7110037984
铅钡,SO2,Fe2O3,38,0.9622226691
铅钡,SO2,Fe2O3,39,1
铅钡,SO2,Fe2O3,40,0.9749226608
铅钡,SO2,Fe2O3,41,0.8049378279
铅钡,SO2,Fe2O3,42未风化点1,1
铅钡,SO2,Fe2O3,42未风化点2,1
铅钡,SO2,Fe2O3,43部位1,0.9067091056
铅钡,SO2,Fe2O3,43部位2,0.8416236227
铅钡,SO2,Fe2O3,44未风化点,0.905597474
铅钡,SO2,Fe2O3,45,1
铅钡,SO2,Fe2O3,46,1
铅钡,SO2,Fe2O3,47,1
铅钡,SO2,Fe2O3,48,0.8776222319
铅钡,SO2,Fe2O3,49,0.7294244422
铅钡,SO2,Fe2O3,49未风化点,0.8532904763
铅钡,SO2,Fe2O3,50,0.9572348378
铅钡,SO2,Fe2O3,50未风化点,1
铅钡,SO2,Fe2O3,51部位1,0.8612497545
铅钡,SO2,Fe2O3,51部位2,0.9461991038
铅钡,SO2,Fe2O3,52,0.9698026461
铅钡,SO2,Fe2O3,53未风化点,1
铅钡,SO2,Fe2O3,54,1
铅钡,SO2,Fe2O3,54严重风化点,1
铅钡,SO2,Fe2O3,55,1
铅钡,SO2,Fe2O3,56,1
铅钡,SO2,Fe2O3,57,1
铅钡,SO2,Fe2O3,58,0.8957141094
铅钡,SO2,CuO,02,0.9878656874
铅钡,SO2,CuO,08,0.8296797145
铅钡,SO2,CuO,08严重风化点,0.3966970508
铅钡,SO2,CuO,11,0.8110882543
铅钡,SO2,CuO,19,0.8577613787
铅钡,SO2,CuO,20,0.8157771963
铅钡,SO2,CuO,23未风化点,0.8762255436
铅钡,SO2,CuO,24,0.7144481356
铅钡,SO2,CuO,25未风化点,0.949746133
铅钡,SO2,CuO,26,0.7802152197
铅钡,SO2,CuO,26严重风化点,0.3844299642
铅钡,SO2,CuO,28未风化点,0.984648908
铅钡,SO2,CuO,29未风化点,0.9662205992
铅钡,SO2,CuO,30部位1,1
铅钡,SO2,CuO,30部位2,1
铅钡,SO2,CuO,31,0.9796360802
铅钡,SO2,CuO,32,0.9948300599
铅钡,SO2,CuO,33,0.9782777913
铅钡,SO2,CuO,34,0.9334122453
铅钡,SO2,CuO,35,0.9924977172
铅钡,SO2,CuO,36,0.96887422
铅钡,SO2,CuO,37,0.7909773522
铅钡,SO2,CuO,38,0.9666618594
铅钡,SO2,CuO,39,0.9600849865
铅钡,SO2,CuO,40,1
铅钡,SO2,CuO,41,0.9911035536
铅钡,SO2,CuO,42未风化点1,0.8879885184
铅钡,SO2,CuO,42未风化点2,0.8861297786
铅钡,SO2,CuO,43部位1,0.7982414354
铅钡,SO2,CuO,43部位2,0.9334122453
铅钡,SO2,CuO,44未风化点,0.9800896817
铅钡,SO2,CuO,45,0.975572482
铅钡,SO2,CuO,46,0.9648992322
铅钡,SO2,CuO,47,0.9702065039
铅钡,SO2,CuO,48,1
铅钡,SO2,CuO,49,0.9679880617
铅钡,SO2,CuO,49未风化点,0.9791828983
铅钡,SO2,CuO,50,0.9493201775
铅钡,SO2,CuO,50未风化点,0.9679880617
铅钡,SO2,CuO,51部位1,0.9392106492
铅钡,SO2,CuO,51部位2,0.9657797416
铅钡,SO2,CuO,52,0.9679880617
铅钡,SO2,CuO,53未风化点,0.9751230512
铅钡,SO2,CuO,54,0.9622673111
铅钡,SO2,CuO,54严重风化点,0.9404625494
铅钡,SO2,CuO,55,0.9609567274
铅钡,SO2,CuO,56,0.964020327
铅钡,SO2,CuO,57,0.9480446006
铅钡,SO2,CuO,58,0.8711766745
铅钡,SO2,PbO,02,0.8878693222
铅钡,SO2,PbO,08,0.8263395223
铅钡,SO2,PbO,08严重风化点,0.3871833158
铅钡,SO2,PbO,11,0.936675177
铅钡,SO2,PbO,19,0.8976525124
铅钡,SO2,PbO,20,0.9758352817
铅钡,SO2,PbO,23未风化点,0.9567431091
铅钡,SO2,PbO,24,0.9279957999
铅钡,SO2,PbO,25未风化点,0.9217098402
铅钡,SO2,PbO,26,0.8779332419
铅钡,SO2,PbO,26严重风化点,0.3715174805
铅钡,SO2,PbO,28未风化点,0.9563532964
铅钡,SO2,PbO,29未风化点,0.9682624488
铅钡,SO2,PbO,30部位1,0.9054435338
铅钡,SO2,PbO,30部位2,0.9086858782
铅钡,SO2,PbO,31,0.957792307
铅钡,SO2,PbO,32,0.9500150023
铅钡,SO2,PbO,33,0.9587458971
铅钡,SO2,PbO,34,0.8897203268
铅钡,SO2,PbO,35,0.944543455
铅钡,SO2,PbO,36,0.9002561588
铅钡,SO2,PbO,37,0.7349929351
铅钡,SO2,PbO,38,0.8839405916
铅钡,SO2,PbO,39,0.8602116545
铅钡,SO2,PbO,40,0.8424967622
铅钡,SO2,PbO,41,0.8948719365
铅钡,SO2,PbO,42未风化点1,0.9449474731
铅钡,SO2,PbO,42未风化点2,0.9491506508
铅钡,SO2,PbO,43部位1,0.8625429124
铅钡,SO2,PbO,43部位2,0.8935306142
铅钡,SO2,PbO,44未风化点,0.9650280123
铅钡,SO2,PbO,45,0.9591621591
铅钡,SO2,PbO,46,0.937002352
铅钡,SO2,PbO,47,0.9366518161
铅钡,SO2,PbO,48,0.9598485556
铅钡,SO2,PbO,49,0.9165809645
铅钡,SO2,PbO,49未风化点,0.9422447688
铅钡,SO2,PbO,50,0.8951278831
铅钡,SO2,PbO,50未风化点,0.9246372099
铅钡,SO2,PbO,51部位1,0.9032223806
铅钡,SO2,PbO,51部位2,0.879737253
铅钡,SO2,PbO,52,0.8878903131
铅钡,SO2,PbO,53未风化点,0.9649040423
铅钡,SO2,PbO,54,0.8713280629
铅钡,SO2,PbO,54严重风化点,0.8653053162
铅钡,SO2,PbO,55,0.9194082655
铅钡,SO2,PbO,56,0.9010337152
铅钡,SO2,PbO,57,0.8927871711
铅钡,SO2,PbO,58,0.9051598384
铅钡,SO2,BaO,02,1
铅钡,SO2,BaO,08,0.9783129138
铅钡,SO2,BaO,08严重风化点,0.4149430412
铅钡,SO2,BaO,11,0.8899407829
铅钡,SO2,BaO,19,0.956675503
铅钡,SO2,BaO,20,0.8337882328
铅钡,SO2,BaO,23未风化点,0.9087669284
铅钡,SO2,BaO,24,0.8183099254
铅钡,SO2,BaO,25未风化点,0.9467090726
铅钡,SO2,BaO,26,0.9475794479
铅钡,SO2,BaO,26严重风化点,0.404652643
铅钡,SO2,BaO,28未风化点,0.9669331439
铅钡,SO2,BaO,29未风化点,0.9831068035
铅钡,SO2,BaO,30部位1,0.9198764863
铅钡,SO2,BaO,30部位2,0.9194469276
铅钡,SO2,BaO,31,0.971864986
铅钡,SO2,BaO,32,0.9603305955
铅钡,SO2,BaO,33,0.970826726
铅钡,SO2,BaO,34,0.9219583578
铅钡,SO2,BaO,35,0.954125743
铅钡,SO2,BaO,36,0.9160248469
铅钡,SO2,BaO,37,0.7581865923
铅钡,SO2,BaO,38,0.9234718122
铅钡,SO2,BaO,39,0.9424043638
铅钡,SO2,BaO,40,0.9464057051
铅钡,SO2,BaO,41,0.9236884257
铅钡,SO2,BaO,42未风化点1,0.9185890126
铅钡,SO2,BaO,42未风化点2,0.9156698445
铅钡,SO2,BaO,43部位1,0.9418784128
铅钡,SO2,BaO,43部位2,0.973145897
铅钡,SO2,BaO,44未风化点,0.9576836995
铅钡,SO2,BaO,45,0.9151024127
铅钡,SO2,BaO,46,0.921526853
铅钡,SO2,BaO,47,0.9275320896
铅钡,SO2,BaO,48,0.9417282489
铅钡,SO2,BaO,49,0.9509001845
铅钡,SO2,BaO,49未风化点,0.9657474669
铅钡,SO2,BaO,50,0.8926979596
铅钡,SO2,BaO,50未风化点,0.9499825982
铅钡,SO2,BaO,51部位1,0.9296487976
铅钡,SO2,BaO,51部位2,1
铅钡,SO2,BaO,52,0.931848686
铅钡,SO2,BaO,53未风化点,0.929283159
铅钡,SO2,BaO,54,0.9437595102
铅钡,SO2,BaO,54严重风化点,1
铅钡,SO2,BaO,55,0.9369481572
铅钡,SO2,BaO,56,0.8843447906
铅钡,SO2,BaO,57,0.872265069
铅钡,SO2,BaO,58,0.93910811
铅钡,SO2,P2O5,02,0.9121768944
铅钡,SO2,P2O5,08,0.8405447864
铅钡,SO2,P2O5,08严重风化点,0.4056340188
铅钡,SO2,P2O5,11,0.7981054401
铅钡,SO2,P2O5,19,0.8076667339
铅钡,SO2,P2O5,20,0.8657479773
铅钡,SO2,P2O5,23未风化点,1
铅钡,SO2,P2O5,24,0.9962385708
铅钡,SO2,P2O5,25未风化点,0.9949020516
铅钡,SO2,P2O5,26,0.8824131641
铅钡,SO2,P2O5,26严重风化点,0.383370923
铅钡,SO2,P2O5,28未风化点,0.9727176581
铅钡,SO2,P2O5,29未风化点,0.9890637196
铅钡,SO2,P2O5,30部位1,1
铅钡,SO2,P2O5,30部位2,0.9633670082
铅钡,SO2,P2O5,31,0.958139421
铅钡,SO2,P2O5,32,0.9954362287
铅钡,SO2,P2O5,33,0.9965063056
铅钡,SO2,P2O5,34,0.9909139242
铅钡,SO2,P2O5,35,0.9887999686
铅钡,SO2,P2O5,36,0.9981157416
铅钡,SO2,P2O5,37,0.7314819085
铅钡,SO2,P2O5,38,0.9872204115
铅钡,SO2,P2O5,39,0.9696651885
铅钡,SO2,P2O5,40,0.954440031
铅钡,SO2,P2O5,41,0.8325097074
铅钡,SO2,P2O5,42未风化点1,0.9978471414
铅钡,SO2,P2O5,42未风化点2,1
铅钡,SO2,P2O5,43部位1,1
铅钡,SO2,P2O5,43部位2,0.742936745
铅钡,SO2,P2O5,44未风化点,1
铅钡,SO2,P2O5,45,1
铅钡,SO2,P2O5,46,0.994635178
铅钡,SO2,P2O5,47,0.9973103743
铅钡,SO2,P2O5,48,0.9711890248
铅钡,SO2,P2O5,49,0.7696134444
铅钡,SO2,P2O5,49未风化点,0.8956519086
铅钡,SO2,P2O5,50,0.853983985
铅钡,SO2,P2O5,50未风化点,0.853983985
铅钡,SO2,P2O5,51部位1,0.8207167138
铅钡,SO2,P2O5,51部位2,0.8090765853
铅钡,SO2,P2O5,52,0.8665572786
铅钡,SO2,P2O5,53未风化点,1
铅钡,SO2,P2O5,54,0.8973859922
铅钡,SO2,P2O5,54严重风化点,0.7240767615
铅钡,SO2,P2O5,55,0.9906491856
铅钡,SO2,P2O5,56,0.9358907938
铅钡,SO2,P2O5,57,1
铅钡,SO2,P2O5,58,0.8048617204
铅钡,SO2,SrO,02,0.9537545103
铅钡,SO2,SrO,08,0.8388565802
铅钡,SO2,SrO,08严重风化点,0.3946477861
铅钡,SO2,SrO,11,0.9137229234
铅钡,SO2,SrO,19,0.9537545103
铅钡,SO2,SrO,20,1
铅钡,SO2,SrO,23未风化点,0.922325687
铅钡,SO2,SrO,24,0.811536016
铅钡,SO2,SrO,25未风化点,0.951438734
铅钡,SO2,SrO,26,0.9067591351
铅钡,SO2,SrO,26严重风化点,0.3826860697
铅钡,SO2,SrO,28未风化点,0.9702860618
铅钡,SO2,SrO,29未风化点,0.9400265146
铅钡,SO2,SrO,30部位1,0.9180041512
铅钡,SO2,SrO,30部位2,0.8908721058
铅钡,SO2,SrO,31,0.9288848225
铅钡,SO2,SrO,32,1
铅钡,SO2,SrO,33,1
铅钡,SO2,SrO,34,0.9468407554
铅钡,SO2,SrO,35,1
铅钡,SO2,SrO,36,0.9468407554
铅钡,SO2,SrO,37,0.7533805017
铅钡,SO2,SrO,38,0.905279157
铅钡,SO2,SrO,39,0.8652978208
铅钡,SO2,SrO,40,0.8521259752
铅钡,SO2,SrO,41,0.8929021168
铅钡,SO2,SrO,42未风化点1,0.9180041512
铅钡,SO2,SrO,42未风化点2,1
铅钡,SO2,SrO,43部位1,0.8596032097
铅钡,SO2,SrO,43部位2,0.8929021168
铅钡,SO2,SrO,44未风化点,0.9377768448
铅钡,SO2,SrO,45,0.9445583913
铅钡,SO2,SrO,46,0.9011155266
铅钡,SO2,SrO,47,0.8217472085
铅钡,SO2,SrO,48,0.9400265146
铅钡,SO2,SrO,49,0.8949414004
铅钡,SO2,SrO,49未风化点,0.9288848225
铅钡,SO2,SrO,50,0.8558482613
铅钡,SO2,SrO,50未风化点,0.9445583913
铅钡,SO2,SrO,51部位1,0.9094814423
铅钡,SO2,SrO,51部位2,1
铅钡,SO2,SrO,52,0.8990480407
铅钡,SO2,SrO,53未风化点,0.935537917
铅钡,SO2,SrO,54,0.8166096923
铅钡,SO2,SrO,54严重风化点,0.7777120075
铅钡,SO2,SrO,55,1
铅钡,SO2,SrO,56,1
铅钡,SO2,SrO,57,1
铅钡,SO2,SrO,58,0.942287004
铅钡,SO2,SnO2,02,1
铅钡,SO2,SnO2,08,0.7772891243
铅钡,SO2,SnO2,08严重风化点,0.3746496269
铅钡,SO2,SnO2,11,1
铅钡,SO2,SnO2,19,1
铅钡,SO2,SnO2,20,1
铅钡,SO2,SnO2,23未风化点,1
铅钡,SO2,SnO2,24,1
铅钡,SO2,SnO2,25未风化点,1
铅钡,SO2,SnO2,26,0.8212417077
铅钡,SO2,SnO2,26严重风化点,0.3608373969
铅钡,SO2,SnO2,28未风化点,0.7401129944
铅钡,SO2,SnO2,29未风化点,1
铅钡,SO2,SnO2,30部位1,0.6208530806
铅钡,SO2,SnO2,30部位2,0.598173516
铅钡,SO2,SnO2,31,1
铅钡,SO2,SnO2,32,1
铅钡,SO2,SnO2,33,1
铅钡,SO2,SnO2,34,1
铅钡,SO2,SnO2,35,1
铅钡,SO2,SnO2,36,1
铅钡,SO2,SnO2,37,0.7110037984
铅钡,SO2,SnO2,38,1
铅钡,SO2,SnO2,39,1
铅钡,SO2,SnO2,40,1
铅钡,SO2,SnO2,41,1
铅钡,SO2,SnO2,42未风化点1,1
铅钡,SO2,SnO2,42未风化点2,1
铅钡,SO2,SnO2,43部位1,1
铅钡,SO2,SnO2,43部位2,1
铅钡,SO2,SnO2,44未风化点,1
铅钡,SO2,SnO2,45,1
铅钡,SO2,SnO2,46,1
铅钡,SO2,SnO2,47,1
铅钡,SO2,SnO2,48,0.3333333333
铅钡,SO2,SnO2,49,1
铅钡,SO2,SnO2,49未风化点,1
铅钡,SO2,SnO2,50,1
铅钡,SO2,SnO2,50未风化点,1
铅钡,SO2,SnO2,51部位1,0.5822222222
铅钡,SO2,SnO2,51部位2,1
铅钡,SO2,SnO2,52,1
铅钡,SO2,SnO2,53未风化点,1
铅钡,SO2,SnO2,54,1
铅钡,SO2,SnO2,54严重风化点,1
铅钡,SO2,SnO2,55,1
铅钡,SO2,SnO2,56,1
铅钡,SO2,SnO2,57,1
铅钡,SO2,SnO2,58,1
